source_path,suggested_target,handling,source_sha256,bytes,note
.gitignore,.gitignore,保留 main 并整合,1510c34a2fb7de5ef99241a51bfe4195d4f14a81fdab7927b1a0848fec8f0120,59,不覆盖 main 布局、规则和已有依赖；原版本保留于来源 Git 提交
README.md,README.md,保留 main 并整合,0fd78cd5d35037632b721cd1120ee977b5ecc1112bb4818d89eaacc7c9df7873,3074,不覆盖 main 布局、规则和已有依赖；原版本保留于来源 Git 提交
artifacts/q1/crossing/geometry.pdf,results/validation/import-c457828/artifacts/q1/crossing/geometry.pdf,复用 main,0c7456583719dc38dc4bb43402c0bd94c02d85bf4abf5c2de3468840c61f28c6,15966,
artifacts/q1/crossing/geometry.png,results/validation/import-c457828/artifacts/q1/crossing/geometry.png,复用 main,91c58d9ed82e80859ba669956c3e6acec005483553865cca9aca29da6a558d2c,118770,
artifacts/q1/crossing/input.json,results/validation/import-c457828/artifacts/q1/crossing/input.json,复用 main,182ef5b316704fc7e2c769f16c1f2ce127016527425ae7f1ef2dccb1e3e96532,330,
artifacts/q1/crossing/provenance.json,results/validation/import-c457828/artifacts/q1/crossing/provenance.json,复用 main,c29f3bd0ef2226b17698080b0e803b1658ba6ade99a7d83c4b2d67aa5c7e06a8,254,
artifacts/q1/crossing/result.json,results/validation/import-c457828/artifacts/q1/crossing/result.json,复用 main,a43146fd0b47ce83ca3f41433fe5c8d3b95a0beedfe84172db366bc0b9cbb77e,771,
artifacts/q1/triangle/geometry.pdf,results/validation/import-c457828/artifacts/q1/triangle/geometry.pdf,复用 main,6c9898cfe054b2027ff09313b287ae860ce6cdd9af4ee322d6e04c7d8aa4d1df,15739,
artifacts/q1/triangle/geometry.png,results/validation/import-c457828/artifacts/q1/triangle/geometry.png,复用 main,efe3bba50c8de8d612385cfaca568acf7172244a4365dab1c2954c3247714851,104682,
artifacts/q1/triangle/input.json,results/validation/import-c457828/artifacts/q1/triangle/input.json,复用 main,ad0db024bbf8a81d1ab9b1c2ea8dede8482b5a7b7914570038de01cebd72e53d,482,
artifacts/q1/triangle/provenance.json,results/validation/import-c457828/artifacts/q1/triangle/provenance.json,复用 main,404c639a910372d54c17fd1d1ecb12ebe66e6341fb036c6c6a487a1d2f25e122,254,
artifacts/q1/triangle/result.json,results/validation/import-c457828/artifacts/q1/triangle/result.json,复用 main,0714dab56d57e19aa9a454d219eafec8933142076f5651b1590db529cd8f92db,646,
artifacts/q2/example/input.json,results/validation/import-c457828/artifacts/q2/example/input.json,复用 main,6c4ced683c1c305dab5095eb463a3b264edf3e504c57ce9cd881b95f3425c1a1,170,
artifacts/q2/example/provenance.json,results/validation/import-c457828/artifacts/q2/example/provenance.json,复用 main,53650394d335125a306d3f842d2c7dd254d3d2dab674d135e43c258e92f7f471,199,
artifacts/q2/example/q2.pdf,results/validation/import-c457828/artifacts/q2/example/q2.pdf,复用 main,80c5f6a5ca942eb56917a4f8fb687748317e0c36e6bbf611299aab8d96d2b7f6,26483,
artifacts/q2/example/q2.png,results/validation/import-c457828/artifacts/q2/example/q2.png,复用 main,6d5f1c89af5b16c3977e65446e5b5f1c9203f5f152b8f54a550e9c247fc1dafd,154930,
artifacts/q2/example/result.json,results/validation/import-c457828/artifacts/q2/example/result.json,复用 main,83a5a3281ea5e507281943f9783e8770483466be804f475808f5298733d29013,79204,
artifacts/q3/coverage.json,results/validation/import-c457828/artifacts/q3/coverage.json,复用 main,fc17c563eecdf8f9037e6ded0e17eb9d2289038f0be44cc7eec37a733cc9f785,3574,
artifacts/q4/triangular_grid.json,results/validation/import-c457828/artifacts/q4/triangular_grid.json,复用 main,3e268baa5648ba96fd2a5d2848dbcef187323871ac83f1f1c5d6de8c4cdd5eb2,12449,
bsim/__init__.py,deployment/runtime_public_v2/bsim/__init__.py,保留冻结实现,967ff09517cb806a6b6c579c99105850862a9bf0884d1db1167e2fd81bab83c0,100,不覆盖 main 已有协议/路径适配；冻结运行时保全原字节
bsim/__main__.py,deployment/runtime_public_v2/bsim/__main__.py,保留冻结实现,708e2679407b0b6a825ad1a2debb95d25f19403cdf713d5c5db3eff04f997aa9,6809,不覆盖 main 已有协议/路径适配；冻结运行时保全原字节
bsim/client.py,deployment/runtime_public_v2/bsim/client.py,保留冻结实现,acb69eda926bddfc3ccfcb840899406abd5bb8257154d31f96d4c689db7cb558,4131,不覆盖 main 已有协议/路径适配；冻结运行时保全原字节
bsim/clocks.py,src/bsim/clocks.py,复用 main,d1760109982198d84774b81b5f2120b80fac004ea68458720279ba1dc1a17c17,583,
bsim/env.py,deployment/runtime_public_v2/bsim/env.py,保留冻结实现,291e1f3d23386b672f317d98ad94ac09b676369f0a3204357f821b56c55ba7d5,1046,不覆盖 main 已有协议/路径适配；冻结运行时保全原字节
bsim/evaluation.py,deployment/runtime_public_v2/bsim/evaluation.py,保留冻结实现,fc51c3bd83b01fb96d946007b3dbd24f11b6704bc638244fceeadec1ce27fb5c,5457,不覆盖 main 已有协议/路径适配；冻结运行时保全原字节
bsim/fast.py,src/bsim/fast.py,复用 main,024fbe85c2f80cffd53ed9c07a52c323657785a0f2b24f21f2dd1eced4550f88,1650,
bsim/http_server.py,src/bsim/http_server.py,复用 main,b5ae05ff747941780fc4d8a60d227356ee6d2489d80f7ee731e41af7cf352c10,4652,
bsim/noise.py,src/bsim/noise.py,复用 main,0b149c9b1b0470e6c3d37d3b73f42757076cad8440bf91cbcf9c0b112d0fcb88,3056,
bsim/profiles.py,src/bsim/profiles.py,复用 main,d00bfb79e124d1b4dced21f2b595eb5375d6287b6fbf6895443582be3cf49bff,457,
bsim/protocol.py,deployment/runtime_public_v2/bsim/protocol.py,保留冻结实现,10651bf3464554f1386fe4b7d95619cae8b5e890ced89cc807d2998d696c3c21,3267,不覆盖 main 已有协议/路径适配；冻结运行时保全原字节
bsim/reference.py,src/bsim/reference.py,复用 main,eca0ad350a6a22a9ccdd655ae1ed284cc98cec107fd1125aad5a488a8818b86f,3297,
bsim/research.py,src/bsim/research.py,复用 main,070cb72e35466b9807f573a29dfaed32204fb5a457db006ac9a3f82b9c99b60a,2752,
bsim/scenarios.py,src/bsim/scenarios.py,复用 main,42fe0fd36bfac2f914fc20400a5bb7b37a3e2345a922dc1df6566234180a4d5a,2978,
bsim/session.py,src/bsim/session.py,复用 main,c5a160a87da0e0c28b0b81cb88ddac55ae14496fe74210160996dccb4a54d547,6410,
bsim/strategy.py,src/bsim/strategy.py,复用 main,22340e37c64253379f297848f17cf41cbe9c551e30fe8dd1d93b52dd8706e071,636,
bsim/validation.py,src/bsim/validation.py,复用 main,e2054e298a38bf2e0bc6047740a932ef7336946a982b991adc3712bc4316c718,3700,
bsim/web/app.js,src/bsim/web/app.js,复用 main,9a2c299e9ea2cd72e750ef9e57142df31a2b0bbdff85dee8a899f5aa93ee2b3a,14032,
bsim/web/index.html,src/bsim/web/index.html,复用 main,8f6bb8fcc040cb4806094be9476b77eea7bac7c3d4e820dfe551130163282502,7626,
bsim/web/style.css,src/bsim/web/style.css,复用 main,8fcdb8f9d1af4c0a13639b1c884640451d234d2e39e5dd7650546af370fa99e8,12693,
bsim/web_dashboard.py,deployment/runtime_public_v2/bsim/web_dashboard.py,保留冻结实现,98079b40ab10cc323934fc0255ecfa6cb35f1f9994bf4c39d7e2b8c889b0c357,12005,不覆盖 main 已有协议/路径适配；冻结运行时保全原字节
configs/q3_legacy_deadline_4gpu.json,records/acceptance/experiment_result-8ef9ef8/source-configs/q3_legacy_deadline_4gpu.json,原样归档,19868553c7345959f41785ef0f6b5af167f69b23946161ba9de6a7a27e679470,751,旧绝对路径与截止时间保留；活动配置在 experiments/q3 或 q4 新建副本
configs/q4_legacy_deadline_4gpu.json,records/acceptance/experiment_result-8ef9ef8/source-configs/q4_legacy_deadline_4gpu.json,原样归档,c9d72f920ca5bc1b8c1ccbe4d2d6ae5c2be3835700f520c1997fb43da4e35bfa,746,旧绝对路径与截止时间保留；活动配置在 experiments/q3 或 q4 新建副本
configs/q4_legacy_deadline_smoke.json,records/acceptance/experiment_result-8ef9ef8/source-configs/q4_legacy_deadline_smoke.json,原样归档,c7901f17047bf97b67c2a6f0f74708f4dfd77da4ba1261156eef5a759ea346b7,746,旧绝对路径与截止时间保留；活动配置在 experiments/q3 或 q4 新建副本
deployment/README_WINDOWS.md,deployment/README_WINDOWS.md,原样归档,c6f8eb6ef24d39017f7e735e78b19abd1edcd1335caf1ea40527701904329bf1,5125,
deployment/inference_fixtures.json,deployment/inference_fixtures.json,原样归档,d93a21dd1d70b90ddecf8e193f6483167f218b394a092695d503002f47381345,98584,
deployment/requirements-windows.txt,deployment/requirements-windows.txt,原样归档,ec44dab8543490ee575c62df36a8d1601a7ad822ee6cbfbe72ba0cbf0e4afe67,121,
deployment/runtime_public_v2/bsim/__init__.py,deployment/runtime_public_v2/bsim/__init__.py,原样归档,967ff09517cb806a6b6c579c99105850862a9bf0884d1db1167e2fd81bab83c0,100,
deployment/runtime_public_v2/bsim/__main__.py,deployment/runtime_public_v2/bsim/__main__.py,原样归档,708e2679407b0b6a825ad1a2debb95d25f19403cdf713d5c5db3eff04f997aa9,6809,
deployment/runtime_public_v2/bsim/client.py,deployment/runtime_public_v2/bsim/client.py,原样归档,acb69eda926bddfc3ccfcb840899406abd5bb8257154d31f96d4c689db7cb558,4131,
deployment/runtime_public_v2/bsim/clocks.py,deployment/runtime_public_v2/bsim/clocks.py,原样归档,d1760109982198d84774b81b5f2120b80fac004ea68458720279ba1dc1a17c17,583,
deployment/runtime_public_v2/bsim/env.py,deployment/runtime_public_v2/bsim/env.py,原样归档,291e1f3d23386b672f317d98ad94ac09b676369f0a3204357f821b56c55ba7d5,1046,
deployment/runtime_public_v2/bsim/evaluation.py,deployment/runtime_public_v2/bsim/evaluation.py,原样归档,fc51c3bd83b01fb96d946007b3dbd24f11b6704bc638244fceeadec1ce27fb5c,5457,
deployment/runtime_public_v2/bsim/fast.py,deployment/runtime_public_v2/bsim/fast.py,原样归档,024fbe85c2f80cffd53ed9c07a52c323657785a0f2b24f21f2dd1eced4550f88,1650,
deployment/runtime_public_v2/bsim/http_server.py,deployment/runtime_public_v2/bsim/http_server.py,原样归档,b5ae05ff747941780fc4d8a60d227356ee6d2489d80f7ee731e41af7cf352c10,4652,
deployment/runtime_public_v2/bsim/noise.py,deployment/runtime_public_v2/bsim/noise.py,原样归档,0b149c9b1b0470e6c3d37d3b73f42757076cad8440bf91cbcf9c0b112d0fcb88,3056,
deployment/runtime_public_v2/bsim/profiles.py,deployment/runtime_public_v2/bsim/profiles.py,原样归档,d00bfb79e124d1b4dced21f2b595eb5375d6287b6fbf6895443582be3cf49bff,457,
deployment/runtime_public_v2/bsim/protocol.py,deployment/runtime_public_v2/bsim/protocol.py,原样归档,10651bf3464554f1386fe4b7d95619cae8b5e890ced89cc807d2998d696c3c21,3267,
deployment/runtime_public_v2/bsim/reference.py,deployment/runtime_public_v2/bsim/reference.py,原样归档,eca0ad350a6a22a9ccdd655ae1ed284cc98cec107fd1125aad5a488a8818b86f,3297,
deployment/runtime_public_v2/bsim/research.py,deployment/runtime_public_v2/bsim/research.py,原样归档,070cb72e35466b9807f573a29dfaed32204fb5a457db006ac9a3f82b9c99b60a,2752,
deployment/runtime_public_v2/bsim/scenarios.py,deployment/runtime_public_v2/bsim/scenarios.py,原样归档,42fe0fd36bfac2f914fc20400a5bb7b37a3e2345a922dc1df6566234180a4d5a,2978,
deployment/runtime_public_v2/bsim/session.py,deployment/runtime_public_v2/bsim/session.py,原样归档,c5a160a87da0e0c28b0b81cb88ddac55ae14496fe74210160996dccb4a54d547,6410,
deployment/runtime_public_v2/bsim/strategy.py,deployment/runtime_public_v2/bsim/strategy.py,原样归档,22340e37c64253379f297848f17cf41cbe9c551e30fe8dd1d93b52dd8706e071,636,
deployment/runtime_public_v2/bsim/validation.py,deployment/runtime_public_v2/bsim/validation.py,原样归档,e2054e298a38bf2e0bc6047740a932ef7336946a982b991adc3712bc4316c718,3700,
deployment/runtime_public_v2/bsim/web_dashboard.py,deployment/runtime_public_v2/bsim/web_dashboard.py,原样归档,98079b40ab10cc323934fc0255ecfa6cb35f1f9994bf4c39d7e2b8c889b0c357,12005,
deployment/runtime_public_v2/manifest.json,deployment/runtime_public_v2/manifest.json,原样归档,44a63835fd4bc8e4a4994a9ef018ef729f9ff274be990d444dce03a81b4808a6,4405,
deployment/runtime_public_v2/solution/__init__.py,deployment/runtime_public_v2/solution/__init__.py,原样归档,e3b0c44298fc1c149afbf4c8996fb92427ae41e4649b934ca495991b7852b855,0,
deployment/runtime_public_v2/solution/cli.py,deployment/runtime_public_v2/solution/cli.py,原样归档,ae5f77f48754022f7b0113c556cb25b7245a135b5765c1a46d145e8b42ef6c46,780,
deployment/runtime_public_v2/solution/control/__init__.py,deployment/runtime_public_v2/solution/control/__init__.py,原样归档,e3b0c44298fc1c149afbf4c8996fb92427ae41e4649b934ca495991b7852b855,0,
deployment/runtime_public_v2/solution/control/controller.py,deployment/runtime_public_v2/solution/control/controller.py,原样归档,5c9d14ed73713818d5fde77d99cf15b1d4af40f00547b6e11512428636126c95,11026,
deployment/runtime_public_v2/solution/coverage/__init__.py,deployment/runtime_public_v2/solution/coverage/__init__.py,原样归档,01f802a854c8dc3589ee6d65ea10db50dc49f29ab0a4e4190622dd0360c46c42,28,
deployment/runtime_public_v2/solution/coverage/certificates.py,deployment/runtime_public_v2/solution/coverage/certificates.py,原样归档,547051708528139de87c1b336c5b1d835f334561d17f5e74078c0ce12a76d3e1,3627,
deployment/runtime_public_v2/solution/evaluation/__init__.py,deployment/runtime_public_v2/solution/evaluation/__init__.py,原样归档,e3b0c44298fc1c149afbf4c8996fb92427ae41e4649b934ca495991b7852b855,0,
deployment/runtime_public_v2/solution/evaluation/artifacts.py,deployment/runtime_public_v2/solution/evaluation/artifacts.py,原样归档,0974634f63534fe647a2529df83be7c3a7bfac0401889ffc88759109ed33cc26,1924,
deployment/runtime_public_v2/solution/geometry/__init__.py,deployment/runtime_public_v2/solution/geometry/__init__.py,原样归档,e3b0c44298fc1c149afbf4c8996fb92427ae41e4649b934ca495991b7852b855,0,
deployment/runtime_public_v2/solution/geometry/core.py,deployment/runtime_public_v2/solution/geometry/core.py,原样归档,ba77a502eb2ada24151ad2057ffc2b6606ccab8c92641173211e227bc7286caf,12574,
deployment/runtime_public_v2/solution/planning/__init__.py,deployment/runtime_public_v2/solution/planning/__init__.py,原样归档,e3b0c44298fc1c149afbf4c8996fb92427ae41e4649b934ca495991b7852b855,0,
deployment/runtime_public_v2/solution/planning/q2.py,deployment/runtime_public_v2/solution/planning/q2.py,原样归档,800f21b916b73df6094f7b5157faf8111c283c512d84b23d67c6e57370596325,7975,
deployment/runtime_public_v2/solution/rl/__init__.py,deployment/runtime_public_v2/solution/rl/__init__.py,原样归档,4df2da4c47012dcbd440058597558f4c825acce706345f2d170920d431c16876,97,
deployment/runtime_public_v2/solution/rl/distributed.py,deployment/runtime_public_v2/solution/rl/distributed.py,原样归档,b98fae2f1941e21a939ea07cded2a6cbf8be99ea31af94e7658ac998acbf569c,4291,
deployment/runtime_public_v2/solution/rl/environment.py,deployment/runtime_public_v2/solution/rl/environment.py,原样归档,c50152b35f37f6c6f974713fccf0ccef6f954903e5dcb595381c32056bbf811e,5607,
deployment/runtime_public_v2/solution/rl/features.py,deployment/runtime_public_v2/solution/rl/features.py,原样归档,73238fa29d76cdb0fe9a1d89f4e0eeb23140e167b008f90895146deb19820013,2470,
deployment/runtime_public_v2/solution/rl/joint_updates.py,deployment/runtime_public_v2/solution/rl/joint_updates.py,原样归档,9dc23a824e671460c88bd2e1dc80b9ef8e7e4d4367a5d666836e55ab80a61365,6715,
deployment/runtime_public_v2/solution/rl/model.py,deployment/runtime_public_v2/solution/rl/model.py,原样归档,015a5b3c4c7995f8d6e365ed4ad9aa114b8927395a2911005f7ce94068e74312,1830,
deployment/runtime_public_v2/solution/rl/training.py,deployment/runtime_public_v2/solution/rl/training.py,原样归档,44351f2d43b51e1a79101ac49530a4c1c0318d5482613317c86e92213647d920,16104,
deployment/runtime_public_v2/solution/search/__init__.py,deployment/runtime_public_v2/solution/search/__init__.py,原样归档,b98f017ac999b5df85ce3ad52aa59d2f8ce1313b2d82d39b1a3fa2f15943059a,74,
deployment/runtime_public_v2/solution/search/belief.py,deployment/runtime_public_v2/solution/search/belief.py,原样归档,55769f26a6f55847d217d86987b60547e6f4bd225db4f1c380ecd7c00847cfa1,9071,
deployment/runtime_public_v2/solution/search/collection.py,deployment/runtime_public_v2/solution/search/collection.py,原样归档,78f732414bf99d1415287dcd18305f747e6f5a08624ca0ec144d479c777a7287,5314,
deployment/runtime_public_v2/solution/search/gpu/__init__.py,deployment/runtime_public_v2/solution/search/gpu/__init__.py,原样归档,76d343e4e154ecc4b3d5c1ffbfb3e6c352b8108de9fdfa12424d3e1f0df96182,80,
deployment/runtime_public_v2/solution/search/gpu/kernel.py,deployment/runtime_public_v2/solution/search/gpu/kernel.py,原样归档,90e95aed6c5b5ce26b12bc2d3e85a0d0201879c24c6d13bed348476deb845ec1,9330,
deployment/runtime_public_v2/solution/search/gpu/rollout.py,deployment/runtime_public_v2/solution/search/gpu/rollout.py,原样归档,8335e6a48d8b682fbff7ac70c8b1e860d8c23a6b75a83e8e48d6468e714ddaad,9015,
deployment/runtime_public_v2/solution/search/teacher.py,deployment/runtime_public_v2/solution/search/teacher.py,原样归档,5c054bc3a9774c01f7d77c65ede73178d02c4d6f347cee3f32c9f3d095f2dc01,7720,
dist/B-problem-paper-final.zip,deployment/bundles/B-problem-paper-final.zip,原样归档,f01d8c3221557949b2599110c5a65445100ed0e3c1d7dcd898754d6bdba31505,8037950,
dist/B-problem-paper-final/README_WINDOWS.md,deployment/bundles/B-problem-paper-final.zip::B-problem-paper-final/README_WINDOWS.md,已包含于 ZIP,c6f8eb6ef24d39017f7e735e78b19abd1edcd1335caf1ea40527701904329bf1,5125,52 个展开成员已逐字节核验，不重复铺开
dist/B-problem-paper-final/bundle_manifest.json,deployment/bundles/B-problem-paper-final.zip::B-problem-paper-final/bundle_manifest.json,已包含于 ZIP,ada83a9dd0ecccf0a305a551c4888659150f68a7d48ca822057c780e1356642b,6805,52 个展开成员已逐字节核验，不重复铺开
dist/B-problem-paper-final/deployment/inference_fixtures.json,deployment/bundles/B-problem-paper-final.zip::B-problem-paper-final/deployment/inference_fixtures.json,已包含于 ZIP,d93a21dd1d70b90ddecf8e193f6483167f218b394a092695d503002f47381345,98584,52 个展开成员已逐字节核验，不重复铺开
dist/B-problem-paper-final/deployment/runtime_public_v2/bsim/__init__.py,deployment/bundles/B-problem-paper-final.zip::B-problem-paper-final/deployment/runtime_public_v2/bsim/__init__.py,已包含于 ZIP,967ff09517cb806a6b6c579c99105850862a9bf0884d1db1167e2fd81bab83c0,100,52 个展开成员已逐字节核验，不重复铺开
dist/B-problem-paper-final/deployment/runtime_public_v2/bsim/__main__.py,deployment/bundles/B-problem-paper-final.zip::B-problem-paper-final/deployment/runtime_public_v2/bsim/__main__.py,已包含于 ZIP,708e2679407b0b6a825ad1a2debb95d25f19403cdf713d5c5db3eff04f997aa9,6809,52 个展开成员已逐字节核验，不重复铺开
dist/B-problem-paper-final/deployment/runtime_public_v2/bsim/client.py,deployment/bundles/B-problem-paper-final.zip::B-problem-paper-final/deployment/runtime_public_v2/bsim/client.py,已包含于 ZIP,acb69eda926bddfc3ccfcb840899406abd5bb8257154d31f96d4c689db7cb558,4131,52 个展开成员已逐字节核验，不重复铺开
dist/B-problem-paper-final/deployment/runtime_public_v2/bsim/clocks.py,deployment/bundles/B-problem-paper-final.zip::B-problem-paper-final/deployment/runtime_public_v2/bsim/clocks.py,已包含于 ZIP,d1760109982198d84774b81b5f2120b80fac004ea68458720279ba1dc1a17c17,583,52 个展开成员已逐字节核验，不重复铺开
dist/B-problem-paper-final/deployment/runtime_public_v2/bsim/env.py,deployment/bundles/B-problem-paper-final.zip::B-problem-paper-final/deployment/runtime_public_v2/bsim/env.py,已包含于 ZIP,291e1f3d23386b672f317d98ad94ac09b676369f0a3204357f821b56c55ba7d5,1046,52 个展开成员已逐字节核验，不重复铺开
dist/B-problem-paper-final/deployment/runtime_public_v2/bsim/evaluation.py,deployment/bundles/B-problem-paper-final.zip::B-problem-paper-final/deployment/runtime_public_v2/bsim/evaluation.py,已包含于 ZIP,fc51c3bd83b01fb96d946007b3dbd24f11b6704bc638244fceeadec1ce27fb5c,5457,52 个展开成员已逐字节核验，不重复铺开
dist/B-problem-paper-final/deployment/runtime_public_v2/bsim/fast.py,deployment/bundles/B-problem-paper-final.zip::B-problem-paper-final/deployment/runtime_public_v2/bsim/fast.py,已包含于 ZIP,024fbe85c2f80cffd53ed9c07a52c323657785a0f2b24f21f2dd1eced4550f88,1650,52 个展开成员已逐字节核验，不重复铺开
dist/B-problem-paper-final/deployment/runtime_public_v2/bsim/http_server.py,deployment/bundles/B-problem-paper-final.zip::B-problem-paper-final/deployment/runtime_public_v2/bsim/http_server.py,已包含于 ZIP,b5ae05ff747941780fc4d8a60d227356ee6d2489d80f7ee731e41af7cf352c10,4652,52 个展开成员已逐字节核验，不重复铺开
dist/B-problem-paper-final/deployment/runtime_public_v2/bsim/noise.py,deployment/bundles/B-problem-paper-final.zip::B-problem-paper-final/deployment/runtime_public_v2/bsim/noise.py,已包含于 ZIP,0b149c9b1b0470e6c3d37d3b73f42757076cad8440bf91cbcf9c0b112d0fcb88,3056,52 个展开成员已逐字节核验，不重复铺开
dist/B-problem-paper-final/deployment/runtime_public_v2/bsim/profiles.py,deployment/bundles/B-problem-paper-final.zip::B-problem-paper-final/deployment/runtime_public_v2/bsim/profiles.py,已包含于 ZIP,d00bfb79e124d1b4dced21f2b595eb5375d6287b6fbf6895443582be3cf49bff,457,52 个展开成员已逐字节核验，不重复铺开
dist/B-problem-paper-final/deployment/runtime_public_v2/bsim/protocol.py,deployment/bundles/B-problem-paper-final.zip::B-problem-paper-final/deployment/runtime_public_v2/bsim/protocol.py,已包含于 ZIP,10651bf3464554f1386fe4b7d95619cae8b5e890ced89cc807d2998d696c3c21,3267,52 个展开成员已逐字节核验，不重复铺开
dist/B-problem-paper-final/deployment/runtime_public_v2/bsim/reference.py,deployment/bundles/B-problem-paper-final.zip::B-problem-paper-final/deployment/runtime_public_v2/bsim/reference.py,已包含于 ZIP,eca0ad350a6a22a9ccdd655ae1ed284cc98cec107fd1125aad5a488a8818b86f,3297,52 个展开成员已逐字节核验，不重复铺开
dist/B-problem-paper-final/deployment/runtime_public_v2/bsim/research.py,deployment/bundles/B-problem-paper-final.zip::B-problem-paper-final/deployment/runtime_public_v2/bsim/research.py,已包含于 ZIP,070cb72e35466b9807f573a29dfaed32204fb5a457db006ac9a3f82b9c99b60a,2752,52 个展开成员已逐字节核验，不重复铺开
dist/B-problem-paper-final/deployment/runtime_public_v2/bsim/scenarios.py,deployment/bundles/B-problem-paper-final.zip::B-problem-paper-final/deployment/runtime_public_v2/bsim/scenarios.py,已包含于 ZIP,42fe0fd36bfac2f914fc20400a5bb7b37a3e2345a922dc1df6566234180a4d5a,2978,52 个展开成员已逐字节核验，不重复铺开
dist/B-problem-paper-final/deployment/runtime_public_v2/bsim/session.py,deployment/bundles/B-problem-paper-final.zip::B-problem-paper-final/deployment/runtime_public_v2/bsim/session.py,已包含于 ZIP,c5a160a87da0e0c28b0b81cb88ddac55ae14496fe74210160996dccb4a54d547,6410,52 个展开成员已逐字节核验，不重复铺开
dist/B-problem-paper-final/deployment/runtime_public_v2/bsim/strategy.py,deployment/bundles/B-problem-paper-final.zip::B-problem-paper-final/deployment/runtime_public_v2/bsim/strategy.py,已包含于 ZIP,22340e37c64253379f297848f17cf41cbe9c551e30fe8dd1d93b52dd8706e071,636,52 个展开成员已逐字节核验，不重复铺开
dist/B-problem-paper-final/deployment/runtime_public_v2/bsim/validation.py,deployment/bundles/B-problem-paper-final.zip::B-problem-paper-final/deployment/runtime_public_v2/bsim/validation.py,已包含于 ZIP,e2054e298a38bf2e0bc6047740a932ef7336946a982b991adc3712bc4316c718,3700,52 个展开成员已逐字节核验，不重复铺开
dist/B-problem-paper-final/deployment/runtime_public_v2/bsim/web_dashboard.py,deployment/bundles/B-problem-paper-final.zip::B-problem-paper-final/deployment/runtime_public_v2/bsim/web_dashboard.py,已包含于 ZIP,98079b40ab10cc323934fc0255ecfa6cb35f1f9994bf4c39d7e2b8c889b0c357,12005,52 个展开成员已逐字节核验，不重复铺开
dist/B-problem-paper-final/deployment/runtime_public_v2/manifest.json,deployment/bundles/B-problem-paper-final.zip::B-problem-paper-final/deployment/runtime_public_v2/manifest.json,已包含于 ZIP,44a63835fd4bc8e4a4994a9ef018ef729f9ff274be990d444dce03a81b4808a6,4405,52 个展开成员已逐字节核验，不重复铺开
dist/B-problem-paper-final/deployment/runtime_public_v2/solution/__init__.py,deployment/bundles/B-problem-paper-final.zip::B-problem-paper-final/deployment/runtime_public_v2/solution/__init__.py,已包含于 ZIP,e3b0c44298fc1c149afbf4c8996fb92427ae41e4649b934ca495991b7852b855,0,52 个展开成员已逐字节核验，不重复铺开
dist/B-problem-paper-final/deployment/runtime_public_v2/solution/cli.py,deployment/bundles/B-problem-paper-final.zip::B-problem-paper-final/deployment/runtime_public_v2/solution/cli.py,已包含于 ZIP,ae5f77f48754022f7b0113c556cb25b7245a135b5765c1a46d145e8b42ef6c46,780,52 个展开成员已逐字节核验，不重复铺开
dist/B-problem-paper-final/deployment/runtime_public_v2/solution/control/__init__.py,deployment/bundles/B-problem-paper-final.zip::B-problem-paper-final/deployment/runtime_public_v2/solution/control/__init__.py,已包含于 ZIP,e3b0c44298fc1c149afbf4c8996fb92427ae41e4649b934ca495991b7852b855,0,52 个展开成员已逐字节核验，不重复铺开
dist/B-problem-paper-final/deployment/runtime_public_v2/solution/control/controller.py,deployment/bundles/B-problem-paper-final.zip::B-problem-paper-final/deployment/runtime_public_v2/solution/control/controller.py,已包含于 ZIP,5c9d14ed73713818d5fde77d99cf15b1d4af40f00547b6e11512428636126c95,11026,52 个展开成员已逐字节核验，不重复铺开
dist/B-problem-paper-final/deployment/runtime_public_v2/solution/coverage/__init__.py,deployment/bundles/B-problem-paper-final.zip::B-problem-paper-final/deployment/runtime_public_v2/solution/coverage/__init__.py,已包含于 ZIP,01f802a854c8dc3589ee6d65ea10db50dc49f29ab0a4e4190622dd0360c46c42,28,52 个展开成员已逐字节核验，不重复铺开
dist/B-problem-paper-final/deployment/runtime_public_v2/solution/coverage/certificates.py,deployment/bundles/B-problem-paper-final.zip::B-problem-paper-final/deployment/runtime_public_v2/solution/coverage/certificates.py,已包含于 ZIP,547051708528139de87c1b336c5b1d835f334561d17f5e74078c0ce12a76d3e1,3627,52 个展开成员已逐字节核验，不重复铺开
dist/B-problem-paper-final/deployment/runtime_public_v2/solution/evaluation/__init__.py,deployment/bundles/B-problem-paper-final.zip::B-problem-paper-final/deployment/runtime_public_v2/solution/evaluation/__init__.py,已包含于 ZIP,e3b0c44298fc1c149afbf4c8996fb92427ae41e4649b934ca495991b7852b855,0,52 个展开成员已逐字节核验，不重复铺开
dist/B-problem-paper-final/deployment/runtime_public_v2/solution/evaluation/artifacts.py,deployment/bundles/B-problem-paper-final.zip::B-problem-paper-final/deployment/runtime_public_v2/solution/evaluation/artifacts.py,已包含于 ZIP,0974634f63534fe647a2529df83be7c3a7bfac0401889ffc88759109ed33cc26,1924,52 个展开成员已逐字节核验，不重复铺开
dist/B-problem-paper-final/deployment/runtime_public_v2/solution/geometry/__init__.py,deployment/bundles/B-problem-paper-final.zip::B-problem-paper-final/deployment/runtime_public_v2/solution/geometry/__init__.py,已包含于 ZIP,e3b0c44298fc1c149afbf4c8996fb92427ae41e4649b934ca495991b7852b855,0,52 个展开成员已逐字节核验，不重复铺开
dist/B-problem-paper-final/deployment/runtime_public_v2/solution/geometry/core.py,deployment/bundles/B-problem-paper-final.zip::B-problem-paper-final/deployment/runtime_public_v2/solution/geometry/core.py,已包含于 ZIP,ba77a502eb2ada24151ad2057ffc2b6606ccab8c92641173211e227bc7286caf,12574,52 个展开成员已逐字节核验，不重复铺开
dist/B-problem-paper-final/deployment/runtime_public_v2/solution/planning/__init__.py,deployment/bundles/B-problem-paper-final.zip::B-problem-paper-final/deployment/runtime_public_v2/solution/planning/__init__.py,已包含于 ZIP,e3b0c44298fc1c149afbf4c8996fb92427ae41e4649b934ca495991b7852b855,0,52 个展开成员已逐字节核验，不重复铺开
dist/B-problem-paper-final/deployment/runtime_public_v2/solution/planning/q2.py,deployment/bundles/B-problem-paper-final.zip::B-problem-paper-final/deployment/runtime_public_v2/solution/planning/q2.py,已包含于 ZIP,800f21b916b73df6094f7b5157faf8111c283c512d84b23d67c6e57370596325,7975,52 个展开成员已逐字节核验，不重复铺开
dist/B-problem-paper-final/deployment/runtime_public_v2/solution/rl/__init__.py,deployment/bundles/B-problem-paper-final.zip::B-problem-paper-final/deployment/runtime_public_v2/solution/rl/__init__.py,已包含于 ZIP,4df2da4c47012dcbd440058597558f4c825acce706345f2d170920d431c16876,97,52 个展开成员已逐字节核验，不重复铺开
dist/B-problem-paper-final/deployment/runtime_public_v2/solution/rl/distributed.py,deployment/bundles/B-problem-paper-final.zip::B-problem-paper-final/deployment/runtime_public_v2/solution/rl/distributed.py,已包含于 ZIP,b98fae2f1941e21a939ea07cded2a6cbf8be99ea31af94e7658ac998acbf569c,4291,52 个展开成员已逐字节核验，不重复铺开
dist/B-problem-paper-final/deployment/runtime_public_v2/solution/rl/environment.py,deployment/bundles/B-problem-paper-final.zip::B-problem-paper-final/deployment/runtime_public_v2/solution/rl/environment.py,已包含于 ZIP,c50152b35f37f6c6f974713fccf0ccef6f954903e5dcb595381c32056bbf811e,5607,52 个展开成员已逐字节核验，不重复铺开
dist/B-problem-paper-final/deployment/runtime_public_v2/solution/rl/features.py,deployment/bundles/B-problem-paper-final.zip::B-problem-paper-final/deployment/runtime_public_v2/solution/rl/features.py,已包含于 ZIP,73238fa29d76cdb0fe9a1d89f4e0eeb23140e167b008f90895146deb19820013,2470,52 个展开成员已逐字节核验，不重复铺开
dist/B-problem-paper-final/deployment/runtime_public_v2/solution/rl/joint_updates.py,deployment/bundles/B-problem-paper-final.zip::B-problem-paper-final/deployment/runtime_public_v2/solution/rl/joint_updates.py,已包含于 ZIP,9dc23a824e671460c88bd2e1dc80b9ef8e7e4d4367a5d666836e55ab80a61365,6715,52 个展开成员已逐字节核验，不重复铺开
dist/B-problem-paper-final/deployment/runtime_public_v2/solution/rl/model.py,deployment/bundles/B-problem-paper-final.zip::B-problem-paper-final/deployment/runtime_public_v2/solution/rl/model.py,已包含于 ZIP,015a5b3c4c7995f8d6e365ed4ad9aa114b8927395a2911005f7ce94068e74312,1830,52 个展开成员已逐字节核验，不重复铺开
dist/B-problem-paper-final/deployment/runtime_public_v2/solution/rl/training.py,deployment/bundles/B-problem-paper-final.zip::B-problem-paper-final/deployment/runtime_public_v2/solution/rl/training.py,已包含于 ZIP,44351f2d43b51e1a79101ac49530a4c1c0318d5482613317c86e92213647d920,16104,52 个展开成员已逐字节核验，不重复铺开
dist/B-problem-paper-final/deployment/runtime_public_v2/solution/search/__init__.py,deployment/bundles/B-problem-paper-final.zip::B-problem-paper-final/deployment/runtime_public_v2/solution/search/__init__.py,已包含于 ZIP,b98f017ac999b5df85ce3ad52aa59d2f8ce1313b2d82d39b1a3fa2f15943059a,74,52 个展开成员已逐字节核验，不重复铺开
dist/B-problem-paper-final/deployment/runtime_public_v2/solution/search/belief.py,deployment/bundles/B-problem-paper-final.zip::B-problem-paper-final/deployment/runtime_public_v2/solution/search/belief.py,已包含于 ZIP,55769f26a6f55847d217d86987b60547e6f4bd225db4f1c380ecd7c00847cfa1,9071,52 个展开成员已逐字节核验，不重复铺开
dist/B-problem-paper-final/deployment/runtime_public_v2/solution/search/collection.py,deployment/bundles/B-problem-paper-final.zip::B-problem-paper-final/deployment/runtime_public_v2/solution/search/collection.py,已包含于 ZIP,78f732414bf99d1415287dcd18305f747e6f5a08624ca0ec144d479c777a7287,5314,52 个展开成员已逐字节核验，不重复铺开
dist/B-problem-paper-final/deployment/runtime_public_v2/solution/search/gpu/__init__.py,deployment/bundles/B-problem-paper-final.zip::B-problem-paper-final/deployment/runtime_public_v2/solution/search/gpu/__init__.py,已包含于 ZIP,76d343e4e154ecc4b3d5c1ffbfb3e6c352b8108de9fdfa12424d3e1f0df96182,80,52 个展开成员已逐字节核验，不重复铺开
dist/B-problem-paper-final/deployment/runtime_public_v2/solution/search/gpu/kernel.py,deployment/bundles/B-problem-paper-final.zip::B-problem-paper-final/deployment/runtime_public_v2/solution/search/gpu/kernel.py,已包含于 ZIP,90e95aed6c5b5ce26b12bc2d3e85a0d0201879c24c6d13bed348476deb845ec1,9330,52 个展开成员已逐字节核验，不重复铺开
dist/B-problem-paper-final/deployment/runtime_public_v2/solution/search/gpu/rollout.py,deployment/bundles/B-problem-paper-final.zip::B-problem-paper-final/deployment/runtime_public_v2/solution/search/gpu/rollout.py,已包含于 ZIP,8335e6a48d8b682fbff7ac70c8b1e860d8c23a6b75a83e8e48d6468e714ddaad,9015,52 个展开成员已逐字节核验，不重复铺开
dist/B-problem-paper-final/deployment/runtime_public_v2/solution/search/teacher.py,deployment/bundles/B-problem-paper-final.zip::B-problem-paper-final/deployment/runtime_public_v2/solution/search/teacher.py,已包含于 ZIP,5c054bc3a9774c01f7d77c65ede73178d02c4d6f347cee3f32c9f3d095f2dc01,7720,52 个展开成员已逐字节核验，不重复铺开
dist/B-problem-paper-final/models/q3_best.pt,deployment/bundles/B-problem-paper-final.zip::B-problem-paper-final/models/q3_best.pt,已包含于 ZIP,51397bc8056798c9926ddadd9620faf7438dce29cf7b52616d82c0ed16e74679,4346293,52 个展开成员已逐字节核验，不重复铺开
dist/B-problem-paper-final/models/q4_best.pt,deployment/bundles/B-problem-paper-final.zip::B-problem-paper-final/models/q4_best.pt,已包含于 ZIP,c8812cedc2a755997dbd431873b3c4229d8411d827937225e34f1b8ac6949ffb,4398265,52 个展开成员已逐字节核验，不重复铺开
dist/B-problem-paper-final/requirements-windows.txt,deployment/bundles/B-problem-paper-final.zip::B-problem-paper-final/requirements-windows.txt,已包含于 ZIP,ec44dab8543490ee575c62df36a8d1601a7ad822ee6cbfbe72ba0cbf0e4afe67,121,52 个展开成员已逐字节核验，不重复铺开
dist/B-problem-paper-final/scripts/run_policy.py,deployment/bundles/B-problem-paper-final.zip::B-problem-paper-final/scripts/run_policy.py,已包含于 ZIP,d159358246490ae282984021f1ed0a4878dbfd8f84332b03e30b4162e975d4ac,11912,52 个展开成员已逐字节核验，不重复铺开
docs/REPRODUCING.md,docs/simulator/最终模型复现.md,整合复现说明,a57aa77f64986ec9e15509b8324207eb6d6d52bc636d7ca90e1071955be78651,3495,
experiments/q4_exact.py,experiments/q4/exact.py,迁移实验工具,2c014fe3f1995e8ed41aac6aa5699f89f2143e1dffe2e7e5ca6139be21b96f58,2357,同步调整导入与测试；不接入最终控制器
experiments/q4_planning.py,experiments/q4/planning.py,迁移实验工具,ea522526e456119a8837324278bb0d78f89dbfb5a1825981558840e583cc7c27,4014,同步调整导入与测试；不接入最终控制器
fixtures/q1_crossing.json,tests/fixtures/solution/q1_crossing.json,复用 main,182ef5b316704fc7e2c769f16c1f2ce127016527425ae7f1ef2dccb1e3e96532,330,
fixtures/q1_triangle.json,tests/fixtures/solution/q1_triangle.json,复用 main,ad0db024bbf8a81d1ab9b1c2ea8dede8482b5a7b7914570038de01cebd72e53d,482,
fixtures/q2_example.json,tests/fixtures/solution/q2_example.json,复用 main,6c4ced683c1c305dab5095eb463a3b264edf3e504c57ce9cd881b95f3425c1a1,170,
fixtures/q2_source.json,tests/fixtures/solution/q2_source.json,复用 main,c00719d5ed90ceda2920a7b5cdf14d0559fbcc50cb5e1d23d102ad1666218496,481,
fixtures/timing.json,tests/fixtures/simulator/timing.json,复用 main,3da8e5bd494e8ea002bbbd3bd0ed0e2944256f5ab0c010048f07115622f9d8da,715,
fixtures/timing.trace.json,tests/fixtures/simulator/timing.trace.json,复用 main,cbc8fc37a57fe548833954ecc0e7ab85b8659c35e437e8ceaff773aafcdddd40,1212,
fixtures/visual_mixed.json,tests/fixtures/simulator/visual_mixed.json,复用 main,70637e79c969ab787d2d9a23c1c03278f5f6cc3a20f11a543b302c3bd754aaf2,2222,
paper/EXPERIMENT_INDEX.md,handoff/shared/最终实验索引.md,整合说明或索引,481fdc18da303ebe6f15f38d9528c4ca6cf429276f8c0db7263845c3e48a67c5,15325,按实际模型身份及新目录更新；保留 main 的 LIT-Q2-01
paper/FIGURE_INDEX.md,handoff/figures/final-20260913/README.md,整合说明或索引,4b1efd22229cbc7ff61f98a1732ad445ec8acf4b55f5f82683c9fb3f2657b82d,19374,按实际模型身份及新目录更新；保留 main 的 LIT-Q2-01
paper/figures/final_paired_results.pdf,handoff/figures/final-20260913/final_paired_results.pdf,原样归档,b0983fd6d4123ad2ddce84e6bac4744174b319c897df01c05549af7089d13537,23976,
paper/figures/final_paired_results.png,handoff/figures/final-20260913/final_paired_results.png,原样归档,c3a2e7e5c127b303d28751b78b1c753c2f3f1588af1ca162f19c6442754cb804,218024,
paper/figures/validation_curves.pdf,handoff/figures/final-20260913/validation_curves.pdf,原样归档,1409eb2147d8666f1d84aeddefc9a7fcdab4e8c30636f652ce2bbb6c5e11889d,20779,
paper/figures/validation_curves.png,handoff/figures/final-20260913/validation_curves.png,原样归档,4fb1b70b723e84a60b2a123f176535469f8266d0a39a788e3d163d45aaff46c9,251951,
paper/history/legacy_entrypoints/evaluate_latest_pair.py,results/history/experiment_result-8ef9ef8/legacy_entrypoints/evaluate_latest_pair.py,原样归档,7d63567cddb9b38ad707ebe9865008c81df895718d432634ba4c0d0be3fb4e47,9287,
paper/history/legacy_entrypoints/evaluate_q3_joint.py,results/history/experiment_result-8ef9ef8/legacy_entrypoints/evaluate_q3_joint.py,原样归档,50c190b46733d8544f01739e92b44c6f86fd041b87c8671d8475dd17066d7998,4905,
paper/history/legacy_entrypoints/generate_q3_labels.py,results/history/experiment_result-8ef9ef8/legacy_entrypoints/generate_q3_labels.py,原样归档,d67c77ef47a2ff1737e6cd122d51c1e1c00e46cfdf3d52a5779a2097ec0f2364,3952,
paper/history/legacy_entrypoints/prepare_q3_joint.py,results/history/experiment_result-8ef9ef8/legacy_entrypoints/prepare_q3_joint.py,原样归档,ca33cb2785c1ab18e6c3fe73e6e3f64b24380ae74021795fb6f2cd08fef0acbe,4904,
paper/history/legacy_entrypoints/q3_gpu_search.py,results/history/experiment_result-8ef9ef8/legacy_entrypoints/q3_gpu_search.py,原样归档,7c7ee36956b9170c1d04f08b1b936243dd1172253210c2e82d655efe87a81c9c,12063,
paper/history/legacy_entrypoints/q3_search_preflight.py,results/history/experiment_result-8ef9ef8/legacy_entrypoints/q3_search_preflight.py,原样归档,22f233f1484b4452377ad6fc45a4883c4902991b462e83f21426cbdd76d7fcc1,2477,
paper/history/legacy_entrypoints/q4_preflight.py,results/history/experiment_result-8ef9ef8/legacy_entrypoints/q4_preflight.py,原样归档,d1d9907d5631233d70092a62305e6c251c8ca8b282d700bb3742cf206cacdc29,2986,
paper/history/legacy_entrypoints/smoke_training.py,results/history/experiment_result-8ef9ef8/legacy_entrypoints/smoke_training.py,原样归档,1800607e4cd83fb455e837bd3f27024385065d635a67b1e6a38fc5927fdb9def,5340,
paper/history/legacy_entrypoints/start_training.py,results/history/experiment_result-8ef9ef8/legacy_entrypoints/start_training.py,原样归档,f92703eee63e6eaed18341d82e67ab7a70a45a083688dc093390eeabbcb0b9ca,607,
paper/history/legacy_entrypoints/train_bc.py,results/history/experiment_result-8ef9ef8/legacy_entrypoints/train_bc.py,原样归档,566dc85866e790505e207be186b2a8782fcdd390eafdf599f8821df028606493,538,
paper/history/legacy_entrypoints/train_budget_ddp.py,results/history/experiment_result-8ef9ef8/legacy_entrypoints/train_budget_ddp.py,原样归档,b5e00baaf38bf75b4a5bd3f2bf1d91b79aaf5dce6832fea175d73fa955eb5ad6,8448,
paper/history/legacy_entrypoints/train_dagger.py,results/history/experiment_result-8ef9ef8/legacy_entrypoints/train_dagger.py,原样归档,58e18206a30acc2ebbca99cdee9472fbac3e32ef5dd89d4aafb110ef05108e54,546,
paper/history/legacy_entrypoints/train_ddp.py,results/history/experiment_result-8ef9ef8/legacy_entrypoints/train_ddp.py,原样归档,d5fe7cf956dc5ab0be59e5f16ec462da0d8ba388d28f811340ee80867002fd67,8170,
paper/history/legacy_entrypoints/train_ppo.py,results/history/experiment_result-8ef9ef8/legacy_entrypoints/train_ppo.py,原样归档,da44216f234baf00dd524722e8d844782b618f58240dd74de5a762dd68482700,540,
paper/history/legacy_entrypoints/train_q3_joint.py,results/history/experiment_result-8ef9ef8/legacy_entrypoints/train_q3_joint.py,原样归档,e0fde556485c6db06cdd557640b6120a2df90db56b34225376ff976ebab83601,10604,
paper/history/original_docs/benchmark_cpu.json,results/history/experiment_result-8ef9ef8/original_docs/benchmark_cpu.json,原样归档,a4a4951d8f07f48d9d0e2a33cf5647a973d014ec1d93dc2bb43f6abf7185b83b,642,
paper/history/original_docs/compatibility.md,results/history/experiment_result-8ef9ef8/original_docs/compatibility.md,原样归档,726acbf722f3a66ad0f699511c05e125d10250ca5089f32596d8f36188c61967,5517,
paper/history/original_docs/conformance_report.md,results/history/experiment_result-8ef9ef8/original_docs/conformance_report.md,原样归档,6a6f40de91b84bd80d1f0029f20977c9598417baa3b5f8a37c4ce0f4ee428b6e,8358,
paper/history/original_docs/ddp_training.md,results/history/experiment_result-8ef9ef8/original_docs/ddp_training.md,原样归档,c87af2d55e7ec8335c28429520525c47619c3056441e54b40b14cd3fa9ef6f01,2299,
paper/history/original_docs/extracted/B题.txt,results/history/experiment_result-8ef9ef8/original_docs/extracted/B题.txt,原样归档,56fc2af614977b5f3b30f2ee09dc7cf39b33d0c18cc9b41c6117f424aba8e849,12479,
paper/history/original_docs/extracted/page2.png,results/history/experiment_result-8ef9ef8/original_docs/extracted/page2.png,原样归档,d0d4aac5bcd8e6f2dc8b50fe4715ea1b3b7cf3e230ef1567bc224b454cc4d0ba,196610,
paper/history/original_docs/extracted/page3.png,results/history/experiment_result-8ef9ef8/original_docs/extracted/page3.png,原样归档,5f0ba1ef18236f9f21d6dbce3813e26b6ff4b3fa6318fe453815f180ec44be21,234779,
paper/history/original_docs/extracted/附件1.txt,results/history/experiment_result-8ef9ef8/original_docs/extracted/附件1.txt,原样归档,cbabb150dc49957987a5e4249a5e23f09b02aaaf90c5b98add58bcd5c28ff989,11235,
paper/history/original_docs/extracted/附件2.txt,results/history/experiment_result-8ef9ef8/original_docs/extracted/附件2.txt,原样归档,16e523cf48acc747763b285322a829362f24805136f3b1e9974d5e6513432ad7,27188,
paper/history/original_docs/kernel_comparison.json,results/history/experiment_result-8ef9ef8/original_docs/kernel_comparison.json,原样归档,43cfaed2a334c486bfbdfd6e040e7adb1edf0717bc3d2e78e618f4d33ec09ff8,239,
paper/history/original_docs/local_deployment.md,results/history/experiment_result-8ef9ef8/original_docs/local_deployment.md,原样归档,4faef87885ae447d82640991d2c0d4e802fb0d084afbc25b4d86d92a0d8f1397,1098,
paper/history/original_docs/official_gaps.md,results/history/experiment_result-8ef9ef8/original_docs/official_gaps.md,原样归档,e4724a981fa56a3dec729d644ff68051c6a9ea6d996d579653ee058c7ce35341,5086,
paper/history/original_docs/rules_matrix.md,results/history/experiment_result-8ef9ef8/original_docs/rules_matrix.md,原样归档,e8c53d3adcea3fbfd2c7e96a55aa1d7ce126bbbd6118290b36d3dca92c959198,9726,
paper/history/original_docs/source_audit.json,results/history/experiment_result-8ef9ef8/original_docs/source_audit.json,原样归档,e3bb5257c42019f80c8d75cc5c239d90ffb81126ccaed076701d5a3ddb6cbeac,1016,
paper/history/original_docs/test_results.txt,results/history/experiment_result-8ef9ef8/original_docs/test_results.txt,原样归档,0a8cfb40225076c01761fc4344585cef2aa4b53f4342ca67e3688fd440b2c55a,2233,
paper/history/original_docs/timing_replay.json,results/history/experiment_result-8ef9ef8/original_docs/timing_replay.json,原样归档,f32d37c76aee01c0f1e8771257ab9aa1c45258ed8bed1ef111c16d8c9ff7edbe,3105,
paper/history/original_docs/trace_audit.json,results/history/experiment_result-8ef9ef8/original_docs/trace_audit.json,原样归档,61c1593253b75de168ed3366fdbd340eccbb110bd776a2944fc8037db856474a,192,
paper/history/original_docs/web_dashboard_report.md,results/history/experiment_result-8ef9ef8/original_docs/web_dashboard_report.md,原样归档,a059ffe1d1574d27bb483c00cf332dca566a46e0344bf7788f4fddc2f6de8f19,3525,
paper/history/original_reports/Q34_STRUCTURAL_OPT_ABLATION.md,results/history/experiment_result-8ef9ef8/original_reports/Q34_STRUCTURAL_OPT_ABLATION.md,原样归档,77ef5033e15b84980489d540ee07bf493805b976fd02bcca1f00196d54c5fbdc,1202,
paper/history/original_reports/Q34_STRUCTURAL_OPT_BASELINE_AUDIT.md,results/history/experiment_result-8ef9ef8/original_reports/Q34_STRUCTURAL_OPT_BASELINE_AUDIT.md,原样归档,ce3afcee782bafb5f5b8872c04da848c2a8fd2ba3c83bbc71bb3d6a290cc7330,5755,
paper/history/original_reports/Q34_STRUCTURAL_OPT_FINAL.md,results/history/experiment_result-8ef9ef8/original_reports/Q34_STRUCTURAL_OPT_FINAL.md,原样归档,280d6149cc9c15262438c7efdd12a8c27acc8d10c2caefab198b6f93f2ed74e0,1880,
paper/history/original_reports/Q34_STRUCTURAL_OPT_IMPLEMENTATION.md,results/history/experiment_result-8ef9ef8/original_reports/Q34_STRUCTURAL_OPT_IMPLEMENTATION.md,原样归档,c4fd29e7254bdfd70d89e512d9bfcc7a50bf2c88ae58e25e6bab7aef396e6d54,2002,
paper/history/original_reports/Q34_STRUCTURAL_OPT_RUNBOOK.md,results/history/experiment_result-8ef9ef8/original_reports/Q34_STRUCTURAL_OPT_RUNBOOK.md,原样归档,a06240f54eaba4ff9b9b4e0bd905c19336cb0a7c7316692e2c80b1acaeec721e,1058,
paper/history/original_reports/Q34_WINDOWS_DEPLOYMENT_VERIFICATION.json,results/history/experiment_result-8ef9ef8/original_reports/Q34_WINDOWS_DEPLOYMENT_VERIFICATION.json,原样归档,7e15bb93db573239281ff483f387c8a94a3af2daec2c7a84a84a20f1373bcd46,2083,
paper/history/original_reports/Q3多卡单模型训练验收报告.MD,results/history/experiment_result-8ef9ef8/original_reports/Q3多卡单模型训练验收报告.MD,原样归档,7f5faa3a39d5f8e00c010c9e369c4914254f099ebdfd4b345c9f6b3b4f360339,4705,
paper/history/original_reports/Q3搜索教师与专家迭代实验报告.MD,results/history/experiment_result-8ef9ef8/original_reports/Q3搜索教师与专家迭代实验报告.MD,原样归档,f371218f23214a9defd903f1f6680f2d8e7083a91e12360b3a835457e0138ada,9476,
paper/history/original_reports/Q3模型部署与复现实验说明.MD,results/history/experiment_result-8ef9ef8/original_reports/Q3模型部署与复现实验说明.MD,原样归档,e469d50db06208a02e2782b65c24e6002585475eec44d3be5adf56a7556f08ba,2654,
paper/history/original_reports/Q4_BELIEF_ATTENTION_FINAL.md,results/history/experiment_result-8ef9ef8/original_reports/Q4_BELIEF_ATTENTION_FINAL.md,原样归档,fbda22c33a5edd96f043a7f1df2a98ed91b9278f0f1ec5333b74d5f30c1e4959,5183,
paper/history/original_reports/Q4_OPTIMIZATION_AUDIT_20260912.md,results/history/experiment_result-8ef9ef8/original_reports/Q4_OPTIMIZATION_AUDIT_20260912.md,原样归档,1318d4045b72cdbc1590501741f2b7607ec9d9943aa64ce22ac3e4b2903ee59a,2103,
paper/history/original_reports/Q4修复与四卡同步复验.MD,results/history/experiment_result-8ef9ef8/original_reports/Q4修复与四卡同步复验.MD,原样归档,2241cb8e4a2b971b0435988b3d3424b2ebf449d18c5f82b5982f1d6157661613,7794,
paper/history/original_reports/raw/all_tests.txt,results/history/experiment_result-8ef9ef8/original_reports/raw/all_tests.txt,原样归档,37f8491c8e5af3ec469636d12c7928acaf4efdea0a228dd910a0e768dc479927,560,
paper/history/original_reports/raw/all_tests_final.txt,results/history/experiment_result-8ef9ef8/original_reports/raw/all_tests_final.txt,原样归档,dbbc3b2867951f02beb320e458672ab0a9afab369092fa1ce3b17cf5b32962a1,560,
paper/history/original_reports/raw/cuda_torch_install.log,results/history/experiment_result-8ef9ef8/original_reports/raw/cuda_torch_install.log,原样归档,d2b918119cf23c4b087f522fbe8d252cf754f56d4c31bcc7d505b8c352bd693a,7458,
paper/history/original_reports/raw/dependency_install.log,results/history/experiment_result-8ef9ef8/original_reports/raw/dependency_install.log,原样归档,45fdd7d7e7849467120e8f4dac385ea6888f9213b6f85b35771e494125a7e53b,10036,
paper/history/original_reports/raw/q1_final_cli.json,results/history/experiment_result-8ef9ef8/original_reports/raw/q1_final_cli.json,原样归档,0714dab56d57e19aa9a454d219eafec8933142076f5651b1590db529cd8f92db,646,
paper/history/original_reports/raw/q1_tests.txt,results/history/experiment_result-8ef9ef8/original_reports/raw/q1_tests.txt,原样归档,65afe6c026339f272995e0272dc32678c250526c9ca7efb055e7a3e98691c0db,99,
paper/history/original_reports/raw/q2_cli.json,results/history/experiment_result-8ef9ef8/original_reports/raw/q2_cli.json,原样归档,cdb7bc9c6a20d9b23e6fd0366d5db09597c9ce99228b61fb9e3a3c91c9ebf55a,1973,
paper/history/original_reports/raw/q2_final_cli.json,results/history/experiment_result-8ef9ef8/original_reports/raw/q2_final_cli.json,原样归档,48bac0281756f4059dcb1a160795d585a42c0ef9d8be92cca40c86b5cebe5495,1973,
paper/history/original_reports/raw/q2_tests.txt,results/history/experiment_result-8ef9ef8/original_reports/raw/q2_tests.txt,原样归档,d59d800dfd0d8e71d19f7c318f9234f89adb28f91a155816441f85c0b9cde4f2,98,
paper/history/original_reports/raw/replay_final.json,results/history/experiment_result-8ef9ef8/original_reports/raw/replay_final.json,原样归档,f32d37c76aee01c0f1e8771257ab9aa1c45258ed8bed1ef111c16d8c9ff7edbe,3105,
paper/history/original_reports/raw/run_policy_status.json,results/history/experiment_result-8ef9ef8/original_reports/raw/run_policy_status.json,原样归档,4673b703ebb5d2a35c887c6b4154c4bd0fc692a235ec13434ca390643052652e,150,
paper/history/original_reports/raw/stage0_tests.txt,results/history/experiment_result-8ef9ef8/original_reports/raw/stage0_tests.txt,原样归档,7a31e66378c8cfe7c15128f94cc1506ce059a413da978d80115e1e55e5e976e5,99,
paper/history/original_reports/raw/torch_install.log,results/history/experiment_result-8ef9ef8/original_reports/raw/torch_install.log,原样归档,4ca0ce60637fdb1826b163cfe490421675dd67c44de2467052e844011a7f06f9,4688,
paper/history/original_reports/raw/train_bc_status.json,results/history/experiment_result-8ef9ef8/original_reports/raw/train_bc_status.json,原样归档,ce8e202e6185fcc68aaa8a0a08eac80e3aa7a35eeee9050ce9a277debe6a8a7a,143,
paper/history/original_reports/raw/validate_q3.json,results/history/experiment_result-8ef9ef8/original_reports/raw/validate_q3.json,原样归档,cf71654bd0b494f72fb1a28678ed2e8e687d66cb92796445863075be4a29e56d,3551,
paper/history/original_reports/raw/validate_q4.json,results/history/experiment_result-8ef9ef8/original_reports/raw/validate_q4.json,原样归档,6e9bf7f26dbb4ea3f4ff93ba81b4110b46b1fdc93802088f9b7199fbbc555471,167,
paper/history/original_reports/强化学习训练与评估报告.MD,results/history/experiment_result-8ef9ef8/original_reports/强化学习训练与评估报告.MD,原样归档,4945f1536b480bc7bd0b3e400f4b95e8b155a6df403c8b232346e81c080ef79a,3043,
paper/history/original_reports/总体验收与交付索引.MD,results/history/experiment_result-8ef9ef8/original_reports/总体验收与交付索引.MD,原样归档,1ffe98eefd5deb16b6e4d797b34281df1e9f16243649fd71c4a26f03b5e9aa2f,1076,
paper/history/original_reports/方案核对与实施差异.MD,results/history/experiment_result-8ef9ef8/original_reports/方案核对与实施差异.MD,原样归档,76c5cdf3bb029473498c91ff4c17957c967b38cddfb58c96f7a62be13cbbb517,2726,
paper/history/original_reports/最新模型与3000局测评索引.MD,results/history/experiment_result-8ef9ef8/original_reports/最新模型与3000局测评索引.MD,原样归档,a7240fdf089286c8fac60a0a839fb25349a5cfa36a0bd7c36c4e35145ad66f10,1688,
paper/history/original_reports/系统集成与部署报告.MD,results/history/experiment_result-8ef9ef8/original_reports/系统集成与部署报告.MD,原样归档,0a10ecf0208b6099096bcce6beaa16475400252c8c3bf8d6c72c188f6c44baa3,2142,
paper/history/original_reports/问题3_结果报告.MD,results/history/experiment_result-8ef9ef8/original_reports/问题3_结果报告.MD,原样归档,3fe57b6dec428b39301d52e04bfde6b8143fe2a88b028a1cf9928be7c56a4074,2834,
paper/history/original_reports/问题4_结果报告.MD,results/history/experiment_result-8ef9ef8/original_reports/问题4_结果报告.MD,原样归档,3177cf9f416439748b757a4ee9b374b3b62748bbb2c64098278c25be77e65e99,2662,
paper/history/runs/ddp_20260911/archive_manifest.json,results/history/experiment_result-8ef9ef8/runs/ddp_20260911/archive_manifest.json,原样归档,ac44817bbc640877558ae8598444d0a91a33623203e5748aa03552c3d3649f7f,2633,
paper/history/runs/ddp_20260911/data.tar.gz.part000,results/history/experiment_result-8ef9ef8/runs/ddp_20260911/data.tar.gz.part000,原样归档,12d0ffedee9d3863f7335638f96ac93176abffb3f059097cf609bf774f2deadf,120623,
paper/history/runs/ddp_20260911/readable/q3/config.json,results/history/experiment_result-8ef9ef8/runs/ddp_20260911/readable/q3/config.json,原样归档,5885c4124b65cb0d720cae144f26f0f4093f6179cfe660790822a4fc1f830b1d,342,
paper/history/runs/ddp_20260911/readable/q3_config.json,results/history/experiment_result-8ef9ef8/runs/ddp_20260911/readable/q3_config.json,原样归档,b06f135812fca62cf1f9477c91431b4d5a62ae1788b879e31667cf71b16c832d,320,
paper/history/runs/ddp_20260911/readable/q3_smoke/config.json,results/history/experiment_result-8ef9ef8/runs/ddp_20260911/readable/q3_smoke/config.json,原样归档,eefad72ca0ea22dad718f0654f9d839558043527d08222dcca5ec3cee0256840,346,
paper/history/runs/ddp_20260911/readable/q4/config.json,results/history/experiment_result-8ef9ef8/runs/ddp_20260911/readable/q4/config.json,原样归档,41f48c613bba509a181c6d8e8250df35475c17545068db65b6fbe4f9c9b8a1c5,342,
paper/history/runs/ddp_20260911/readable/q4_config.json,results/history/experiment_result-8ef9ef8/runs/ddp_20260911/readable/q4_config.json,原样归档,5991a5cda676165c3316e3b9629343aa51532115495f3545fcfe0d15eb70ef93,320,
paper/history/runs/large_20260911/archive_manifest.json,results/history/experiment_result-8ef9ef8/runs/large_20260911/archive_manifest.json,原样归档,405b31d8fbc07a51543bd49349504622c57f67daea443eef58e76f1dbcb1ab42,606806,
paper/history/runs/large_20260911/data.tar.gz.part000,results/history/experiment_result-8ef9ef8/runs/large_20260911/data.tar.gz.part000,原样归档,9145a439ffb8cc889f27406248e9280527c040414bc4f618461442e318b227fe,40482162,
paper/history/runs/large_20260911/readable/README.md,results/history/experiment_result-8ef9ef8/runs/large_20260911/readable/README.md,原样归档,b5914888134e410b7ae64482ef87bc7e8982b987b4e069d9384f90fd982cc09b,1686,
paper/history/runs/large_20260911/readable/q3_ext_gpu0/config.json,results/history/experiment_result-8ef9ef8/runs/large_20260911/readable/q3_ext_gpu0/config.json,原样归档,422beddc378317451ad59632d7e593e7bc8816f599f4e4e700ec89460382bb8a,513,
paper/history/runs/large_20260911/readable/q3_ext_gpu0/status.json,results/history/experiment_result-8ef9ef8/runs/large_20260911/readable/q3_ext_gpu0/status.json,原样归档,10b602b634b8ce8ded80d5611d8097ceb18ce0b93a0760c3c170897ee5cd94ef,252,
paper/history/runs/large_20260911/readable/q3_ext_gpu1/config.json,results/history/experiment_result-8ef9ef8/runs/large_20260911/readable/q3_ext_gpu1/config.json,原样归档,0dc96800c670477d439493033780241ff1ddfb04afa5ed619074525564fdc8a6,513,
paper/history/runs/large_20260911/readable/q3_ext_gpu1/status.json,results/history/experiment_result-8ef9ef8/runs/large_20260911/readable/q3_ext_gpu1/status.json,原样归档,3502027a07c78198595f1a2a89ed4ddef40c3065e92c4b2675432c736da524ed,249,
paper/history/runs/large_20260911/readable/q3_ext_gpu2/config.json,results/history/experiment_result-8ef9ef8/runs/large_20260911/readable/q3_ext_gpu2/config.json,原样归档,2f6d38d5b3a0ba85c99a232f2d9885ce143bf0fdadf94daf538a49c236c1ddd2,513,
paper/history/runs/large_20260911/readable/q3_ext_gpu2/status.json,results/history/experiment_result-8ef9ef8/runs/large_20260911/readable/q3_ext_gpu2/status.json,原样归档,c1055a308f1e567a5387123226f7577bb228e68e07f95dce547c3c498084ccd7,250,
paper/history/runs/large_20260911/readable/q3_ext_gpu3/config.json,results/history/experiment_result-8ef9ef8/runs/large_20260911/readable/q3_ext_gpu3/config.json,原样归档,dc4750fcc3c93f3e9a454493342fb7beb1ded3475be25c33e193c6fbf9be29c9,513,
paper/history/runs/large_20260911/readable/q3_ext_gpu3/status.json,results/history/experiment_result-8ef9ef8/runs/large_20260911/readable/q3_ext_gpu3/status.json,原样归档,a0f3de041faac5daeb96d604611b762fa9d6d4f578595cac72c2c8d755d27ca3,250,
paper/history/runs/large_20260911/readable/q3_gpu0/config.json,results/history/experiment_result-8ef9ef8/runs/large_20260911/readable/q3_gpu0/config.json,原样归档,5cfca4a3f085167ffecab6ba1ab083143cd42a60e891b394bdc13fc6454d63a7,455,
paper/history/runs/large_20260911/readable/q3_gpu0/status.json,results/history/experiment_result-8ef9ef8/runs/large_20260911/readable/q3_gpu0/status.json,原样归档,9b2d10717e2730f22fed4904fa1b350f2aa4c32fa382af1be34abdec94927734,247,
paper/history/runs/large_20260911/readable/q3_gpu1/config.json,results/history/experiment_result-8ef9ef8/runs/large_20260911/readable/q3_gpu1/config.json,原样归档,83fcb1664deb86220a5abf6d00c832dc5567562b4d1bcd8dff47b71bda803809,455,
paper/history/runs/large_20260911/readable/q3_gpu1/status.json,results/history/experiment_result-8ef9ef8/runs/large_20260911/readable/q3_gpu1/status.json,原样归档,57fd6a848f1a87da61869f63db6860f39a23878975dd0e7871b9be7bbf5c7549,247,
paper/history/runs/large_20260911/readable/q3_gpu2/config.json,results/history/experiment_result-8ef9ef8/runs/large_20260911/readable/q3_gpu2/config.json,原样归档,71e33ba3892f2a8092cacc1dd59a2e9cdc5b99d99a90e797c69947f611bd6b59,455,
paper/history/runs/large_20260911/readable/q3_gpu2/status.json,results/history/experiment_result-8ef9ef8/runs/large_20260911/readable/q3_gpu2/status.json,原样归档,f994d8e4e22c31baf10058fc789a9d5653b4acbae97820f78e295054926518fe,247,
paper/history/runs/large_20260911/readable/q3_gpu3/config.json,results/history/experiment_result-8ef9ef8/runs/large_20260911/readable/q3_gpu3/config.json,原样归档,1f45ef86fe65c18451cb994b3b7dd4b7ac33158683f834050072a8fd878d013c,455,
paper/history/runs/large_20260911/readable/q3_gpu3/status.json,results/history/experiment_result-8ef9ef8/runs/large_20260911/readable/q3_gpu3/status.json,原样归档,930db464f0670b93be842d0fb7c94258059cdbe08e6d426bdfa699e96d57fe83,246,
paper/history/runs/large_20260911/readable/q4_gpu4/config.json,results/history/experiment_result-8ef9ef8/runs/large_20260911/readable/q4_gpu4/config.json,原样归档,07f8938ba9f0d087d0a8d3664e57ae5d191c51fd42ce41a521611841f46f5a75,456,
paper/history/runs/large_20260911/readable/q4_gpu4/status.json,results/history/experiment_result-8ef9ef8/runs/large_20260911/readable/q4_gpu4/status.json,原样归档,5be0bb73595c6a4bc4f7db2acc50f80eecb78a6fbeaef8e9f62ca8a1303dc286,97952,
paper/history/runs/large_20260911/readable/q4_gpu4_retry/config.json,results/history/experiment_result-8ef9ef8/runs/large_20260911/readable/q4_gpu4_retry/config.json,原样归档,729136c583e3d9e88791defae59e9558183f77aa330e7b46b3e4a16f1a02d0ec,462,
paper/history/runs/large_20260911/readable/q4_gpu4_retry/status.json,results/history/experiment_result-8ef9ef8/runs/large_20260911/readable/q4_gpu4_retry/status.json,原样归档,61819a79241bc6ec9bab3ebda1145832577d3cc8e81ccebaa91ec0e369cb3fc5,253,
paper/history/runs/large_20260911/readable/q4_gpu5/config.json,results/history/experiment_result-8ef9ef8/runs/large_20260911/readable/q4_gpu5/config.json,原样归档,11a0299917652f6d6ac769960e530da94ac440e98f63043d13535ad6f71b7bbb,456,
paper/history/runs/large_20260911/readable/q4_gpu5/status.json,results/history/experiment_result-8ef9ef8/runs/large_20260911/readable/q4_gpu5/status.json,原样归档,b8291ff71c57293b5a17d22fdb945b2c3e3af1b37e7817a297d1ce8444282482,92537,
paper/history/runs/large_20260911/readable/q4_gpu5_retry/config.json,results/history/experiment_result-8ef9ef8/runs/large_20260911/readable/q4_gpu5_retry/config.json,原样归档,2cda949c6a0953b6959c7cdc31b569254073ac6f9fc5d7d3ed0651b7356725c3,462,
paper/history/runs/large_20260911/readable/q4_gpu5_retry/status.json,results/history/experiment_result-8ef9ef8/runs/large_20260911/readable/q4_gpu5_retry/status.json,原样归档,06606e96bc74c95da9dee8c50bf9532ff7bcc2d83e5acc67ad79ac5fda4c9c96,251,
paper/history/runs/large_20260911/readable/q4_gpu6/config.json,results/history/experiment_result-8ef9ef8/runs/large_20260911/readable/q4_gpu6/config.json,原样归档,111b78b9aa0fa731555943035475902c458daf2a58af3d647f09a9cb3e76c21c,456,
paper/history/runs/large_20260911/readable/q4_gpu6/status.json,results/history/experiment_result-8ef9ef8/runs/large_20260911/readable/q4_gpu6/status.json,原样归档,b0b1ddce789e03bbbb37fb3b3c45dd46d86303d473a479e312c7cb37014b0783,104295,
paper/history/runs/large_20260911/readable/q4_gpu6_retry/config.json,results/history/experiment_result-8ef9ef8/runs/large_20260911/readable/q4_gpu6_retry/config.json,原样归档,8252d0b7ba4cdba07a1563f1be061b97098e121ebe1b153974cd9c9da3470e33,462,
paper/history/runs/large_20260911/readable/q4_gpu6_retry/status.json,results/history/experiment_result-8ef9ef8/runs/large_20260911/readable/q4_gpu6_retry/status.json,原样归档,1ac7c760fa1d36f83452e6c930345bfe0694116c0f263944fbe568e460d2ea8f,253,
paper/history/runs/large_20260911/readable/q4_gpu7/config.json,results/history/experiment_result-8ef9ef8/runs/large_20260911/readable/q4_gpu7/config.json,原样归档,ee0476886a2524271e8feb3aa4c47736e7ad71406da327ede960b27937e1de82,456,
paper/history/runs/large_20260911/readable/q4_gpu7/status.json,results/history/experiment_result-8ef9ef8/runs/large_20260911/readable/q4_gpu7/status.json,原样归档,305dca4f4f9a1e325e25dd487a96d64aa3187e6b794aa9558c75b1b76683f4b4,103506,
paper/history/runs/large_20260911/readable/q4_gpu7_retry/config.json,results/history/experiment_result-8ef9ef8/runs/large_20260911/readable/q4_gpu7_retry/config.json,原样归档,bded8a2ceb8dd7c0d1eac4ac79680149cea51bb408b31624d2e39ff5119770d3,462,
paper/history/runs/large_20260911/readable/q4_gpu7_retry/status.json,results/history/experiment_result-8ef9ef8/runs/large_20260911/readable/q4_gpu7_retry/status.json,原样归档,25e6807790165c7b866ae936283cb19919b8dba1605666ff1804515e440621b2,254,
paper/history/runs/legacy_deadline_20260913/archive_manifest.json,results/history/experiment_result-8ef9ef8/runs/legacy_deadline_20260913/archive_manifest.json,原样归档,f37f4f87fef6a6506fc01af62979dffbce3916c0dea3b574b13814700551d754,980,
paper/history/runs/legacy_deadline_20260913/data.tar.gz.part000,results/history/experiment_result-8ef9ef8/runs/legacy_deadline_20260913/data.tar.gz.part000,原样归档,737ff791a738baebbc1f3905edd7c6bc77732ffbcf7eb10a776e1ad08a363fbb,7057,
paper/history/runs/legacy_deadline_20260913/readable/manifest.json,results/history/experiment_result-8ef9ef8/runs/legacy_deadline_20260913/readable/manifest.json,原样归档,190398ffe83a68d06b36d1b0d80d8e85b9713e162431ef06e14b7f86a222f629,1072,
paper/history/runs/q34_3000_test_20260912/archive_manifest.json,results/history/experiment_result-8ef9ef8/runs/q34_3000_test_20260912/archive_manifest.json,原样归档,d9a0069526ad2b7f5d5bc0cdf9e4fe030897702b96e8f60706bd45a4e43e0893,3536,
paper/history/runs/q34_3000_test_20260912/data.tar.gz.part000,results/history/experiment_result-8ef9ef8/runs/q34_3000_test_20260912/data.tar.gz.part000,原样归档,ff6fb1b1c70b1caa426705e4be335830a1a82d71ff1f94c1082a6efe6cb92866,2694036,
paper/history/runs/q34_3000_test_20260912/readable/manifest.json,results/history/experiment_result-8ef9ef8/runs/q34_3000_test_20260912/readable/manifest.json,原样归档,b83c83d98a9eaf3928ac6daf1da2a49e61a3e71e5f34a861fb1e525a7871d2ee,110160,
paper/history/runs/q34_3000_test_20260912/readable/per_source_distribution.pdf,results/history/experiment_result-8ef9ef8/runs/q34_3000_test_20260912/readable/per_source_distribution.pdf,原样归档,271042f84f5d2a94e8233bcabb86589043626c742a019b23bcc2d6d8f8698212,18627,
paper/history/runs/q34_3000_test_20260912/readable/per_source_distribution.png,results/history/experiment_result-8ef9ef8/runs/q34_3000_test_20260912/readable/per_source_distribution.png,原样归档,3ad9dcfdbe9511ffb02589a6e2a5c7be13df31e42a3d953485fcd3bb3898dccc,101357,
paper/history/runs/q34_3000_test_20260912/readable/report.md,results/history/experiment_result-8ef9ef8/runs/q34_3000_test_20260912/readable/report.md,原样归档,3087a79355b25f636f7896976fd773f482ce6f6850c13ed9b4cd3a57ba177453,3261,
paper/history/runs/q34_3000_test_20260912/readable/status.json,results/history/experiment_result-8ef9ef8/runs/q34_3000_test_20260912/readable/status.json,原样归档,1f5222e005409d2f563a460af0cbb0d3521123cbd2382441619a8f2b514820b8,99,
paper/history/runs/q34_3000_test_20260912/readable/summary.json,results/history/experiment_result-8ef9ef8/runs/q34_3000_test_20260912/readable/summary.json,原样归档,e4daae678c8d04e42056242bf11db6032f4b132c38b3d219047f9f70043898ca,3724,
paper/history/runs/q34_deadline_test3000_20260913/archive_manifest.json,results/history/experiment_result-8ef9ef8/runs/q34_deadline_test3000_20260913/archive_manifest.json,原样归档,3055db351eaebc5c50a18ca5a891c91effe1ac635e45ffe55e3718f20ec0928c,4055,
paper/history/runs/q34_deadline_test3000_20260913/data.tar.gz.part000,results/history/experiment_result-8ef9ef8/runs/q34_deadline_test3000_20260913/data.tar.gz.part000,原样归档,48dfc8e9f3f498dab70d5e14bcc2fcc3725c54cd4bc03f767ffe1737f05791e7,3425910,
paper/history/runs/q34_deadline_test3000_20260913/readable/manifest.json,results/history/experiment_result-8ef9ef8/runs/q34_deadline_test3000_20260913/readable/manifest.json,原样归档,67bc8168f79225766fe8aacb72d55e53b349a72fbf0126cbe0e85f5f6b6557c1,116371,
paper/history/runs/q34_deadline_test3000_20260913/readable/per_source_distribution.pdf,results/history/experiment_result-8ef9ef8/runs/q34_deadline_test3000_20260913/readable/per_source_distribution.pdf,原样归档,11a7673b4003a952ae57102fb449c5cdee67b530db0327dc8dcb8840db3060ef,19110,
paper/history/runs/q34_deadline_test3000_20260913/readable/per_source_distribution.png,results/history/experiment_result-8ef9ef8/runs/q34_deadline_test3000_20260913/readable/per_source_distribution.png,原样归档,9d1cc488094027f2f88635a0191a2b96718323d113c829fe4b105b745a8522a6,101667,
paper/history/runs/q34_deadline_test3000_20260913/readable/report.md,results/history/experiment_result-8ef9ef8/runs/q34_deadline_test3000_20260913/readable/report.md,原样归档,1ef5ea6f14a1c871334af8e6220009ba1fa8b47fcfae0a48af97f18ca5263e11,2677,
paper/history/runs/q34_deadline_test3000_20260913/readable/status.json,results/history/experiment_result-8ef9ef8/runs/q34_deadline_test3000_20260913/readable/status.json,原样归档,f7dedcc8bdd6f12ee0b1d0ff0238cd8198218c261183c895417b5df395d08066,99,
paper/history/runs/q34_deadline_test3000_20260913/readable/summary.json,results/history/experiment_result-8ef9ef8/runs/q34_deadline_test3000_20260913/readable/summary.json,原样归档,cf94eb0f2bced57141a7a8cbd801863c07337559aa0ef90476af12748ff7388b,4140,
paper/history/runs/q34_structural_20260912/archive_manifest.json,results/history/experiment_result-8ef9ef8/runs/q34_structural_20260912/archive_manifest.json,原样归档,2e502266a76c952c46ebf787154635474f0aaa238613d0c0125746096d07ff1a,72253,
paper/history/runs/q34_structural_20260912/data.tar.gz.part000,results/history/experiment_result-8ef9ef8/runs/q34_structural_20260912/data.tar.gz.part000,原样归档,6658af6a89f95493a343d908f027f915fd5a2c623a8de6adeb1375f94ca8a645,3025194,
paper/history/runs/q34_structural_20260912/readable/manifest.json,results/history/experiment_result-8ef9ef8/runs/q34_structural_20260912/readable/manifest.json,原样归档,06efcbabbc49033045abe5b6a8808a2403dc295f38b3a031d930b7cf12480eab,1340,
paper/history/runs/q34_structural_20260912/readable/q3/ddp_smoke/config.json,results/history/experiment_result-8ef9ef8/runs/q34_structural_20260912/readable/q3/ddp_smoke/config.json,原样归档,d429ad7c02daa098ecf20c8b145ff83496ac134e2a52a9c788535f36c59514b1,585,
paper/history/runs/q34_structural_20260912/readable/q3/ddp_smoke/seed_manifest.json,results/history/experiment_result-8ef9ef8/runs/q34_structural_20260912/readable/q3/ddp_smoke/seed_manifest.json,原样归档,6da3b4474cfc2199777ca2262cc5f525a1c0f5a6b09ec7704311c95c23193aa5,294,
paper/history/runs/q34_structural_20260912/readable/q3/ddp_smoke/status.json,results/history/experiment_result-8ef9ef8/runs/q34_structural_20260912/readable/q3/ddp_smoke/status.json,原样归档,78114a2d79e9925003d41cba9f11f3d2099a933396acfd157cc6cdfec67ae362,301,
paper/history/runs/q34_structural_20260912/readable/q3/ddp_structural_smoke/config.json,results/history/experiment_result-8ef9ef8/runs/q34_structural_20260912/readable/q3/ddp_structural_smoke/config.json,原样归档,0761c1fdb39c9b8d985229ee0428feeb3814338f3b693accb7704514861e7f79,587,
paper/history/runs/q34_structural_20260912/readable/q3/ddp_structural_smoke/seed_manifest.json,results/history/experiment_result-8ef9ef8/runs/q34_structural_20260912/readable/q3/ddp_structural_smoke/seed_manifest.json,原样归档,44204aadefba1853790b74448a8a1562e9912886ff6cb9da20becb555869e146,287,
paper/history/runs/q34_structural_20260912/readable/q3/ddp_structural_smoke/status.json,results/history/experiment_result-8ef9ef8/runs/q34_structural_20260912/readable/q3/ddp_structural_smoke/status.json,原样归档,2759b9e8425c2b8dc223aa6aec6279db66bb65d89b81c71bc36eaf4425d09726,121,
paper/history/runs/q34_structural_20260912/readable/q3/ddp_structural_smoke/test_selection.json,results/history/experiment_result-8ef9ef8/runs/q34_structural_20260912/readable/q3/ddp_structural_smoke/test_selection.json,原样归档,bb7ce760afe083d1b13cffa2e353c26a0e7df0db09f689a4669a81fe789369c4,116,
paper/history/runs/q34_structural_20260912/readable/q3/ddp_train/config.json,results/history/experiment_result-8ef9ef8/runs/q34_structural_20260912/readable/q3/ddp_train/config.json,原样归档,2331c1707e23739a80fbabb278d3fe49f5e6f504a6ec3eb44dfb386cba1c0798,577,
paper/history/runs/q34_structural_20260912/readable/q3/ddp_train/seed_manifest.json,results/history/experiment_result-8ef9ef8/runs/q34_structural_20260912/readable/q3/ddp_train/seed_manifest.json,原样归档,d7ab09e12f63cdd2f6717128e3eb8c96c3eaaf7dfe72e37dc441c059d3cfb5a3,287,
paper/history/runs/q34_structural_20260912/readable/q3/ddp_train/status.json,results/history/experiment_result-8ef9ef8/runs/q34_structural_20260912/readable/q3/ddp_train/status.json,原样归档,e146b7025728101ad212776e4d17c4afeb1f2908ee1a0b8214312948974c7a5d,298,
paper/history/runs/q34_structural_20260912/readable/q3/ddp_train_v2/config.json,results/history/experiment_result-8ef9ef8/runs/q34_structural_20260912/readable/q3/ddp_train_v2/config.json,原样归档,aa495ae51aec6a70c1525c29c87a1c6de738169990091dec27cb0f7e59115eb3,580,
paper/history/runs/q34_structural_20260912/readable/q3/ddp_train_v2/seed_manifest.json,results/history/experiment_result-8ef9ef8/runs/q34_structural_20260912/readable/q3/ddp_train_v2/seed_manifest.json,原样归档,82a65569395dd26358d2148e2e32665fdcee3bd1ecf19c2c072136ed4928974d,287,
paper/history/runs/q34_structural_20260912/readable/q3/ddp_train_v2/status.json,results/history/experiment_result-8ef9ef8/runs/q34_structural_20260912/readable/q3/ddp_train_v2/status.json,原样归档,8841da936410d5313bdcd9355f93f390b4abda9aea95598f87794cdb2f6a24b3,121,
paper/history/runs/q34_structural_20260912/readable/q3/ddp_train_v2/test_selection.json,results/history/experiment_result-8ef9ef8/runs/q34_structural_20260912/readable/q3/ddp_train_v2/test_selection.json,原样归档,368bce7d4842c5612285e856ca24fe87e504ef2c43003c6cb9b6cddb72296458,108,
paper/history/runs/q34_structural_20260912/readable/q4/continue_8card_30min/config.json,results/history/experiment_result-8ef9ef8/runs/q34_structural_20260912/readable/q4/continue_8card_30min/config.json,原样归档,4ea78f225aa07b0b5832e7d1b52660c2f64fb62fef724ddb97ef5a8a5e2010bd,596,
paper/history/runs/q34_structural_20260912/readable/q4/continue_8card_30min/seed_manifest.json,results/history/experiment_result-8ef9ef8/runs/q34_structural_20260912/readable/q4/continue_8card_30min/seed_manifest.json,原样归档,9ed5b7018767417fe85a11497d3b81b40af5abb908ba20a0dd3419b4638c01d0,172,
paper/history/runs/q34_structural_20260912/readable/q4/continue_8card_30min/status.json,results/history/experiment_result-8ef9ef8/runs/q34_structural_20260912/readable/q4/continue_8card_30min/status.json,原样归档,c88f362ab34eea09d0bc28aa3523acd65f3a9ac4e566738f7fe30b6077f650bd,229,
paper/history/runs/q34_structural_20260912/readable/q4/continue_8card_30min/test_selection.json,results/history/experiment_result-8ef9ef8/runs/q34_structural_20260912/readable/q4/continue_8card_30min/test_selection.json,原样归档,91ae287d5ed5f8862ec22dce04310eb19cb1ddc73af1573651c521a9a1085f2e,201,
paper/history/runs/q34_structural_20260912/readable/q4/continue_budget_smoke/config.json,results/history/experiment_result-8ef9ef8/runs/q34_structural_20260912/readable/q4/continue_budget_smoke/config.json,原样归档,663c63d675e298b1dc96f6d741793e0e8551f2e25914c74445e89d8fb0ae736d,591,
paper/history/runs/q34_structural_20260912/readable/q4/continue_budget_smoke/seed_manifest.json,results/history/experiment_result-8ef9ef8/runs/q34_structural_20260912/readable/q4/continue_budget_smoke/seed_manifest.json,原样归档,1059c1564b3ed4d985b7bac872579d3530918918947b7a899a0b4a7210825cab,172,
paper/history/runs/q34_structural_20260912/readable/q4/continue_budget_smoke/status.json,results/history/experiment_result-8ef9ef8/runs/q34_structural_20260912/readable/q4/continue_budget_smoke/status.json,原样归档,5032c5d7a10bb1d546ab6cead86f24930cc30979fbed9ffc9bb9d43308b47f31,228,
paper/history/runs/q34_structural_20260912/readable/q4/continue_budget_smoke/test_selection.json,results/history/experiment_result-8ef9ef8/runs/q34_structural_20260912/readable/q4/continue_budget_smoke/test_selection.json,原样归档,dd9a33338c67e05e7c482cc3e3dba937d1c9448766a0f7da24d90b84012e4ba0,202,
paper/history/runs/q34_structural_20260912/readable/q4/ddp_structural_smoke/config.json,results/history/experiment_result-8ef9ef8/runs/q34_structural_20260912/readable/q4/ddp_structural_smoke/config.json,原样归档,8c1a73b0439033e0f851af2d1cdc67cd33f8ea49c62caec8f245cc5b2a41bc03,587,
paper/history/runs/q34_structural_20260912/readable/q4/ddp_structural_smoke/seed_manifest.json,results/history/experiment_result-8ef9ef8/runs/q34_structural_20260912/readable/q4/ddp_structural_smoke/seed_manifest.json,原样归档,28a8a218740690a225ec1ef78e6564065365888a57ee05b1d4184bc01d0ec223,287,
paper/history/runs/q34_structural_20260912/readable/q4/ddp_structural_smoke/status.json,results/history/experiment_result-8ef9ef8/runs/q34_structural_20260912/readable/q4/ddp_structural_smoke/status.json,原样归档,ddf4c82e98f61c6576dd37b8568b5b04871876a7da139ee0cf5cfc3443c788ee,108,
paper/history/runs/q34_structural_20260912/readable/q4/ddp_structural_smoke_v2/config.json,results/history/experiment_result-8ef9ef8/runs/q34_structural_20260912/readable/q4/ddp_structural_smoke_v2/config.json,原样归档,1b9b2afeecef15a11df9e42e4b96d816130ae6deecb12e0027a568e16f89bdae,591,
paper/history/runs/q34_structural_20260912/readable/q4/ddp_structural_smoke_v2/seed_manifest.json,results/history/experiment_result-8ef9ef8/runs/q34_structural_20260912/readable/q4/ddp_structural_smoke_v2/seed_manifest.json,原样归档,28a8a218740690a225ec1ef78e6564065365888a57ee05b1d4184bc01d0ec223,287,
paper/history/runs/q34_structural_20260912/readable/q4/ddp_structural_smoke_v2/status.json,results/history/experiment_result-8ef9ef8/runs/q34_structural_20260912/readable/q4/ddp_structural_smoke_v2/status.json,原样归档,0c7d66b6a601db89a8dd87c586c06d1fa14eeafe94b38012d1cd15c4d926b7f7,299,
paper/history/runs/q34_structural_20260912/readable/q4/ddp_train/config.json,results/history/experiment_result-8ef9ef8/runs/q34_structural_20260912/readable/q4/ddp_train/config.json,原样归档,6d0706f5379d1cf307b9532aac05b84777c7f093febbb6238cdf34a0fdfd73f3,577,
paper/history/runs/q34_structural_20260912/readable/q4/ddp_train/seed_manifest.json,results/history/experiment_result-8ef9ef8/runs/q34_structural_20260912/readable/q4/ddp_train/seed_manifest.json,原样归档,034f69d281b7795422bd278c25cc23b3d68be3b6164b08b8901785c741b2650e,287,
paper/history/runs/q34_structural_20260912/readable/q4/ddp_train/status.json,results/history/experiment_result-8ef9ef8/runs/q34_structural_20260912/readable/q4/ddp_train/status.json,原样归档,9957275adfc67c629538ee9cf7a7a2ed76223f8cfc90052eb326d367bb470c2e,107,
paper/history/runs/q34_structural_20260912/readable/q4/ddp_train_v2/config.json,results/history/experiment_result-8ef9ef8/runs/q34_structural_20260912/readable/q4/ddp_train_v2/config.json,原样归档,926843a12aceb0fbdad91f802b74261f92d821c9b7fcb64304a00341a1bc8fef,580,
paper/history/runs/q34_structural_20260912/readable/q4/ddp_train_v2/seed_manifest.json,results/history/experiment_result-8ef9ef8/runs/q34_structural_20260912/readable/q4/ddp_train_v2/seed_manifest.json,原样归档,720ace54d1bcda6bbda7538ddcb474ac18f09c1734a1c7ecffc645887f1bb9e4,287,
paper/history/runs/q34_structural_20260912/readable/q4/ddp_train_v2/status.json,results/history/experiment_result-8ef9ef8/runs/q34_structural_20260912/readable/q4/ddp_train_v2/status.json,原样归档,bf4c62777360389d42d19e08f0118a21eb007cce19d349f5754e2fa6c5a6c232,300,
paper/history/runs/q34_structural_20260912/readable/q4/ddp_train_v3/config.json,results/history/experiment_result-8ef9ef8/runs/q34_structural_20260912/readable/q4/ddp_train_v3/config.json,原样归档,01f4f4af1fc8873dd6e711c90a0145ff9d6aefe28ebae40e92f99e8337855424,580,
paper/history/runs/q34_structural_20260912/readable/q4/ddp_train_v3/seed_manifest.json,results/history/experiment_result-8ef9ef8/runs/q34_structural_20260912/readable/q4/ddp_train_v3/seed_manifest.json,原样归档,720ace54d1bcda6bbda7538ddcb474ac18f09c1734a1c7ecffc645887f1bb9e4,287,
paper/history/runs/q34_structural_20260912/readable/q4/ddp_train_v3/status.json,results/history/experiment_result-8ef9ef8/runs/q34_structural_20260912/readable/q4/ddp_train_v3/status.json,原样归档,aaee525a084c16b1fcaedde1b477c14fbdeffaaa7f38dd657c8e22609254c832,108,
paper/history/runs/q34_structural_20260912/readable/q4/optimized_smoke/config.json,results/history/experiment_result-8ef9ef8/runs/q34_structural_20260912/readable/q4/optimized_smoke/config.json,原样归档,e9de367be0d5aeaf43af6fe9d6b8d328b985f1a773913ac42cb713116059181f,584,
paper/history/runs/q34_structural_20260912/readable/q4/optimized_smoke/seed_manifest.json,results/history/experiment_result-8ef9ef8/runs/q34_structural_20260912/readable/q4/optimized_smoke/seed_manifest.json,原样归档,00804e5088f7c3da78ce9920cbbdf28b2d7a5673a92e44702b491da9d8c06901,287,
paper/history/runs/q34_structural_20260912/readable/q4/optimized_smoke/status.json,results/history/experiment_result-8ef9ef8/runs/q34_structural_20260912/readable/q4/optimized_smoke/status.json,原样归档,f2310872f214596cbb8d239d6b17bad349a5acce4e1fd2e87cf6ba45d69a21cf,298,
paper/history/runs/q34_structural_20260912/readable/q4/structural_8card_30min/config.json,results/history/experiment_result-8ef9ef8/runs/q34_structural_20260912/readable/q4/structural_8card_30min/config.json,原样归档,1e503fde67854e9228eee0e39d64b9a75bb75717472f586528866ea095f6fc68,605,
paper/history/runs/q34_structural_20260912/readable/q4/structural_8card_30min/seed_manifest.json,results/history/experiment_result-8ef9ef8/runs/q34_structural_20260912/readable/q4/structural_8card_30min/seed_manifest.json,原样归档,193849378688ddc30961fd5d2ab28c3933e24b2812a6236c005a0c6c25a6dbb3,295,
paper/history/runs/q34_structural_20260912/readable/q4/structural_8card_30min/status.json,results/history/experiment_result-8ef9ef8/runs/q34_structural_20260912/readable/q4/structural_8card_30min/status.json,原样归档,bf1315b31b9b0baf681d73316f0ac4300bd57e4d68c97faf7b445b64b727b95c,302,
paper/history/runs/q34_structural_20260912/readable/q4/structural_8card_long/config.json,results/history/experiment_result-8ef9ef8/runs/q34_structural_20260912/readable/q4/structural_8card_long/config.json,原样归档,6c4bb75c55de994b1432d27b6e21f1d03b1648b7f7c2ecb05009ac17c7e9ddee,598,
paper/history/runs/q34_structural_20260912/readable/q4/structural_8card_long/seed_manifest.json,results/history/experiment_result-8ef9ef8/runs/q34_structural_20260912/readable/q4/structural_8card_long/seed_manifest.json,原样归档,717869bf9b30cc66b4be58b12a6ca2dd4b6512097c75d5dcac297ac3abac5512,289,
paper/history/runs/q34_structural_20260912/readable/q4/structural_8card_long/status.json,results/history/experiment_result-8ef9ef8/runs/q34_structural_20260912/readable/q4/structural_8card_long/status.json,原样归档,716f1dc9816b0dd4f0993da3202e1f42ce2b768b0b8d6486ee49306779989a30,115,
paper/history/runs/q34_structural_20260912/readable/q4/structural_8card_restart/config.json,results/history/experiment_result-8ef9ef8/runs/q34_structural_20260912/readable/q4/structural_8card_restart/config.json,原样归档,d4b89d35ee36542598f78792539e93637f3110768bdfc296849151f8b0f90cbb,601,
paper/history/runs/q34_structural_20260912/readable/q4/structural_8card_restart/seed_manifest.json,results/history/experiment_result-8ef9ef8/runs/q34_structural_20260912/readable/q4/structural_8card_restart/seed_manifest.json,原样归档,6b2162ccab13a7fc5b66d0c5a30e89c88dd7dca3d2cb5ddfe8488ed01df36182,289,
paper/history/runs/q34_structural_20260912/readable/q4/structural_8card_restart/status.json,results/history/experiment_result-8ef9ef8/runs/q34_structural_20260912/readable/q4/structural_8card_restart/status.json,原样归档,231ff1fe89952f2ac37c98e8718e8d895d50e5e84f2d7509fcf1901d44d1e738,121,
paper/history/runs/q34_structural_20260912/readable/q4/structural_8card_restart/test_selection.json,results/history/experiment_result-8ef9ef8/runs/q34_structural_20260912/readable/q4/structural_8card_restart/test_selection.json,原样归档,d02dfafabd5d998a116799b05afc65b1cadaeda2b78baab372f2669fcf0be55a,118,
paper/history/runs/q34_structural_20260912/readable/q4/structural_train_short/config.json,results/history/experiment_result-8ef9ef8/runs/q34_structural_20260912/readable/q4/structural_train_short/config.json,原样归档,abfd8b6392c5423513a492be291e7c36d0b31748d7e825ec3128f95d205d1260,590,
paper/history/runs/q34_structural_20260912/readable/q4/structural_train_short/seed_manifest.json,results/history/experiment_result-8ef9ef8/runs/q34_structural_20260912/readable/q4/structural_train_short/seed_manifest.json,原样归档,ffa087e82dc94f85804ead4dd34d42ca9118b24f95b01d87017eb12e44f64591,288,
paper/history/runs/q34_structural_20260912/readable/q4/structural_train_short/status.json,results/history/experiment_result-8ef9ef8/runs/q34_structural_20260912/readable/q4/structural_train_short/status.json,原样归档,3d8057d207d6a9bf7cb0f3ab2c516ffad3e17b734fe263b8ef71add3210cb508,301,
paper/history/runs/q3_3000_test_20260911/archive_manifest.json,results/history/experiment_result-8ef9ef8/runs/q3_3000_test_20260911/archive_manifest.json,原样归档,e3ad33b8596324778ffc8fb52129aa2d3227cf9996eacd0249cdf190bc9da75b,1134,
paper/history/runs/q3_3000_test_20260911/data.tar.gz.part000,results/history/experiment_result-8ef9ef8/runs/q3_3000_test_20260911/data.tar.gz.part000,原样归档,bc60480625a2f8baa2465a4d5cc32c772e0002b9ccf1f9d340502b0473c0e763,164976,
paper/history/runs/q3_3000_test_20260911/readable/README.md,results/history/experiment_result-8ef9ef8/runs/q3_3000_test_20260911/readable/README.md,原样归档,3f17ce826170a707120c097ba16e4803eea697075a189ce4201f5985b82efa03,998,
paper/history/runs/q3_3000_test_20260911/readable/per_source_time_distribution.png,results/history/experiment_result-8ef9ef8/runs/q3_3000_test_20260911/readable/per_source_time_distribution.png,原样归档,8e50728730ba82a2eaaf23f9bee786f182fa4595bbfbb38c31ac8a4d8ab53258,66102,
paper/history/runs/q3_3000_test_20260911/readable/summary.json,results/history/experiment_result-8ef9ef8/runs/q3_3000_test_20260911/readable/summary.json,原样归档,e715c300d0ccac3bcf504c8d015b4a2a3a8448469bdfd6329da6abe6df71f00f,871,
paper/history/runs/q3_best_finetune_20260913/archive_manifest.json,results/history/experiment_result-8ef9ef8/runs/q3_best_finetune_20260913/archive_manifest.json,原样归档,0ee76cd32d9117f1e40839caaee7f89522ddb2dfcbcb37f18d14ecfd4a54522c,770,
paper/history/runs/q3_best_finetune_20260913/data.tar.gz.part000,results/history/experiment_result-8ef9ef8/runs/q3_best_finetune_20260913/data.tar.gz.part000,原样归档,09d67296e404e2e060cb57a0257bfbe91af9b6601d0406d5d462cf4743afb212,3137,
paper/history/runs/q3_current_best_eval_20260912/archive_manifest.json,results/history/experiment_result-8ef9ef8/runs/q3_current_best_eval_20260912/archive_manifest.json,原样归档,a113ec0f91a92f63a380f73cd96c48b017d7dad2ecd6930370c7d92e94db6bcb,2055,
paper/history/runs/q3_current_best_eval_20260912/data.tar.gz.part000,results/history/experiment_result-8ef9ef8/runs/q3_current_best_eval_20260912/data.tar.gz.part000,原样归档,677f123ba5d0d342334560c462ac01651018353e5bfeb6db1b2b6100ecdf0565,329566,
paper/history/runs/q3_current_best_eval_20260912/readable/comparison_summary.json,results/history/experiment_result-8ef9ef8/runs/q3_current_best_eval_20260912/readable/comparison_summary.json,原样归档,372b38968a0e587597b1b644e09e418ffba2db6718eb79328cdaa4731e8e1748,1030,
paper/history/runs/q3_current_best_eval_20260912/readable/current_best_eval/per_source_time_distribution.png,results/history/experiment_result-8ef9ef8/runs/q3_current_best_eval_20260912/readable/current_best_eval/per_source_time_distribution.png,原样归档,2f875c0c6ae11e23b93abaf650cfcf1a0ce7a24ba6f96260848f25c5f2f74419,66020,
paper/history/runs/q3_current_best_eval_20260912/readable/current_best_eval/summary.json,results/history/experiment_result-8ef9ef8/runs/q3_current_best_eval_20260912/readable/current_best_eval/summary.json,原样归档,8401cc7b075adae06b47a14d9ecdb1bb17832c28539670229529bac3f9917acf,889,
paper/history/runs/q3_current_best_eval_20260912/readable/previous_candidate_eval/per_source_time_distribution.png,results/history/experiment_result-8ef9ef8/runs/q3_current_best_eval_20260912/readable/previous_candidate_eval/per_source_time_distribution.png,原样归档,aef5a598a17eb92016e7e0d0a95033ff921d1887ca2d9e79a5ac8a36ce9a2195,65879,
paper/history/runs/q3_current_best_eval_20260912/readable/previous_candidate_eval/summary.json,results/history/experiment_result-8ef9ef8/runs/q3_current_best_eval_20260912/readable/previous_candidate_eval/summary.json,原样归档,3820142dbbf862c7b0c29c87026a178fdeb5dc2b2651dd51f543ddf2a0892b0b,881,
paper/history/runs/q3_current_best_eval_20260912/readable/report.md,results/history/experiment_result-8ef9ef8/runs/q3_current_best_eval_20260912/readable/report.md,原样归档,d027532e5be00d0f798bbe40482dae3cef1a425ac1884fc661701d040faa46c7,1311,
paper/history/runs/q3_final_best_counts_20260912/archive_manifest.json,results/history/experiment_result-8ef9ef8/runs/q3_final_best_counts_20260912/archive_manifest.json,原样归档,39a60de7ab5e8163954f98ebd75985d1890adf7bac3ba93d910f046c753fd2a8,15102,
paper/history/runs/q3_final_best_counts_20260912/data.tar.gz.part000,results/history/experiment_result-8ef9ef8/runs/q3_final_best_counts_20260912/data.tar.gz.part000,原样归档,645e94a22af421b19931a4ba8f8d688421993806cdd2eb09c848da9b8746dc05,1979311,
paper/history/runs/q3_final_best_counts_20260912/readable/evaluation/N10_distribution.pdf,results/history/experiment_result-8ef9ef8/runs/q3_final_best_counts_20260912/readable/evaluation/N10_distribution.pdf,原样归档,b52fdd0b9083b0ce7383dc47d8c2747ce576a097ba3be20ce97bda1a1fdcf4a2,19885,
paper/history/runs/q3_final_best_counts_20260912/readable/evaluation/N10_distribution.png,results/history/experiment_result-8ef9ef8/runs/q3_final_best_counts_20260912/readable/evaluation/N10_distribution.png,原样归档,b14a75b7c9b26b77bad55b833e62d6b7b537dcdbee35d2e96eff583141764239,56989,
paper/history/runs/q3_final_best_counts_20260912/readable/evaluation/N11_distribution.pdf,results/history/experiment_result-8ef9ef8/runs/q3_final_best_counts_20260912/readable/evaluation/N11_distribution.pdf,原样归档,630554568186c368e73c1c8d69e466e0160ef6ab6644d5c95b7e3bdb6ae64900,19901,
paper/history/runs/q3_final_best_counts_20260912/readable/evaluation/N11_distribution.png,results/history/experiment_result-8ef9ef8/runs/q3_final_best_counts_20260912/readable/evaluation/N11_distribution.png,原样归档,5cb6f29ac75442be0ad60faf96548dc9e8add2d6c2d3f2d95e2dbb0bea8aa702,57138,
paper/history/runs/q3_final_best_counts_20260912/readable/evaluation/N12_distribution.pdf,results/history/experiment_result-8ef9ef8/runs/q3_final_best_counts_20260912/readable/evaluation/N12_distribution.pdf,原样归档,6da1280becf4a3474887ed01bdd44f930d72a6f455200d5bf1415ad54ab4b679,19636,
paper/history/runs/q3_final_best_counts_20260912/readable/evaluation/N12_distribution.png,results/history/experiment_result-8ef9ef8/runs/q3_final_best_counts_20260912/readable/evaluation/N12_distribution.png,原样归档,2e5ae071f7e6a073ef57a82c11ea702e0a59058ceb19220f251ef04e33cc710e,57549,
paper/history/runs/q3_final_best_counts_20260912/readable/evaluation/N13_distribution.pdf,results/history/experiment_result-8ef9ef8/runs/q3_final_best_counts_20260912/readable/evaluation/N13_distribution.pdf,原样归档,9f8fac5f4477042e669e5aa95860ff2d72fedf718aef3ee10f3b2d4902e2eca6,20057,
paper/history/runs/q3_final_best_counts_20260912/readable/evaluation/N13_distribution.png,results/history/experiment_result-8ef9ef8/runs/q3_final_best_counts_20260912/readable/evaluation/N13_distribution.png,原样归档,9f94c8ad7a9778c60fba87188e3c89a2c66761012b230418e2c4720f1798c278,57325,
paper/history/runs/q3_final_best_counts_20260912/readable/evaluation/N14_distribution.pdf,results/history/experiment_result-8ef9ef8/runs/q3_final_best_counts_20260912/readable/evaluation/N14_distribution.pdf,原样归档,dd279286202233be86779204ab7c02c5e5ce7452d9112718bdbe1dfb9655e5f4,19620,
paper/history/runs/q3_final_best_counts_20260912/readable/evaluation/N14_distribution.png,results/history/experiment_result-8ef9ef8/runs/q3_final_best_counts_20260912/readable/evaluation/N14_distribution.png,原样归档,9f4984a494e1267c8ffa846f05a3aba423200b8538448dd82beccb6f837234a8,56940,
paper/history/runs/q3_final_best_counts_20260912/readable/evaluation/N15_16_distribution.pdf,results/history/experiment_result-8ef9ef8/runs/q3_final_best_counts_20260912/readable/evaluation/N15_16_distribution.pdf,原样归档,2037e767f9bb2e97315a72484c6ea3f6ec28cab466b7074a033c764ef2006c3e,21281,
paper/history/runs/q3_final_best_counts_20260912/readable/evaluation/N15_16_distribution.png,results/history/experiment_result-8ef9ef8/runs/q3_final_best_counts_20260912/readable/evaluation/N15_16_distribution.png,原样归档,d05b3772e474c9d23025e8e9f9dd3267b8839cf7caa5b448e09997325e65c548,100126,
paper/history/runs/q3_final_best_counts_20260912/readable/evaluation/manifest.json,results/history/experiment_result-8ef9ef8/runs/q3_final_best_counts_20260912/readable/evaluation/manifest.json,原样归档,14a4b2fe94d773bea2996add2de07a4b2880f5b93c22237cb21e5314a3a6f3db,124201,
paper/history/runs/q3_final_best_counts_20260912/readable/evaluation/report.md,results/history/experiment_result-8ef9ef8/runs/q3_final_best_counts_20260912/readable/evaluation/report.md,原样归档,541645b9863ef1f52da2dfe2f9b0f3033dc7b6850e8233ea9f4608c47007ac68,1481,
paper/history/runs/q3_final_best_counts_20260912/readable/evaluation/status.json,results/history/experiment_result-8ef9ef8/runs/q3_final_best_counts_20260912/readable/evaluation/status.json,原样归档,9c576cd07968c9c67e36fc7f6dfcda8c2ad57a91683f0b030e2ec1a1e3d08ee6,97,
paper/history/runs/q3_final_best_counts_20260912/readable/evaluation/summary.json,results/history/experiment_result-8ef9ef8/runs/q3_final_best_counts_20260912/readable/evaluation/summary.json,原样归档,44dda2c67742b669c073ca32f249bd6e55edebbcda43a11d6b521f5c6472cc32,5094,
paper/history/runs/q3_final_best_counts_20260912/readable/preflight.md,results/history/experiment_result-8ef9ef8/runs/q3_final_best_counts_20260912/readable/preflight.md,原样归档,354c2c11126c84e8a7c75921d5a210a172bb68ac369bcee55aa4c28c2cc8797a,1512,
paper/history/runs/q3_gpu8_extended_20260912/archive_manifest.json,results/history/experiment_result-8ef9ef8/runs/q3_gpu8_extended_20260912/archive_manifest.json,原样归档,e16185915c2ccf4e28204b8052e423bdc34a4679e63294b5c3d3c054c8f7c0b8,571581,
paper/history/runs/q3_gpu8_extended_20260912/data.tar.gz.part000,results/history/experiment_result-8ef9ef8/runs/q3_gpu8_extended_20260912/data.tar.gz.part000,原样归档,551096575a2bd51075ad0a9a8e743f6c4b5004f0eefbeaed7f1eda10694350d4,41943040,
paper/history/runs/q3_gpu8_extended_20260912/data.tar.gz.part001,results/history/experiment_result-8ef9ef8/runs/q3_gpu8_extended_20260912/data.tar.gz.part001,原样归档,fe4afa1a1e798a6b10620544d333e264b6007eca98f07911c13758e6552d926e,41943040,
paper/history/runs/q3_gpu8_extended_20260912/data.tar.gz.part002,results/history/experiment_result-8ef9ef8/runs/q3_gpu8_extended_20260912/data.tar.gz.part002,原样归档,01b91dea5d3dcb8c723f9d3407970ba060e9d23b5bd4e33333bea38b68d4d361,41943040,
paper/history/runs/q3_gpu8_extended_20260912/data.tar.gz.part003,results/history/experiment_result-8ef9ef8/runs/q3_gpu8_extended_20260912/data.tar.gz.part003,原样归档,e993b480a5f787afce0e0a83a9c3773ffec92859bd93358195d075e12bae4e52,41943040,
paper/history/runs/q3_gpu8_extended_20260912/data.tar.gz.part004,results/history/experiment_result-8ef9ef8/runs/q3_gpu8_extended_20260912/data.tar.gz.part004,原样归档,1f4402a758acb3456525b6fa09e088e6fd87ccb8ee737bc547debd0fb8f227df,4937290,
paper/history/runs/q3_gpu8_extended_20260912/readable/baseline_validation/manifest.json,results/history/experiment_result-8ef9ef8/runs/q3_gpu8_extended_20260912/readable/baseline_validation/manifest.json,原样归档,7f8b5cbd99d90b842a155c4ebbe1449707599d71b021b7e9c1f122fb6f5c61aa,14916,
paper/history/runs/q3_gpu8_extended_20260912/readable/baseline_validation/summary.json,results/history/experiment_result-8ef9ef8/runs/q3_gpu8_extended_20260912/readable/baseline_validation/summary.json,原样归档,79a0acf0d41f4c43faf2cc873de94715742e81f698e26558ea19878323f9f2d6,1459,
paper/history/runs/q3_gpu8_extended_20260912/readable/final_evaluation/per_source_distribution.pdf,results/history/experiment_result-8ef9ef8/runs/q3_gpu8_extended_20260912/readable/final_evaluation/per_source_distribution.pdf,原样归档,9911428f842d5694d897c510d989a9fadc7cfbb98a72e56986dfe9413c91ab3d,17005,
paper/history/runs/q3_gpu8_extended_20260912/readable/final_evaluation/per_source_distribution.png,results/history/experiment_result-8ef9ef8/runs/q3_gpu8_extended_20260912/readable/final_evaluation/per_source_distribution.png,原样归档,34cf7ce056b3b318cf16f4584c626bc0e20c367ff6d685622a76bda72f66294c,58241,
paper/history/runs/q3_gpu8_extended_20260912/readable/final_evaluation/report.md,results/history/experiment_result-8ef9ef8/runs/q3_gpu8_extended_20260912/readable/final_evaluation/report.md,原样归档,74d64edb0bbddaaabf86407727e1aa1eab6c73c0d9af68556943051fcaf1188f,1086,
paper/history/runs/q3_gpu8_extended_20260912/readable/final_evaluation/summary.json,results/history/experiment_result-8ef9ef8/runs/q3_gpu8_extended_20260912/readable/final_evaluation/summary.json,原样归档,3b9ce0c570f855d6dd8e58029ab6b7b4b7b79a700bd93d0577e2491a4604a562,923,
paper/history/runs/q3_gpu8_extended_20260912/readable/labels/collection_manifest.json,results/history/experiment_result-8ef9ef8/runs/q3_gpu8_extended_20260912/readable/labels/collection_manifest.json,原样归档,49b963a17874d4127556766703b8a93644d7dd8dfb5ac3c9e360d6951ffb57c5,11233,
paper/history/runs/q3_gpu8_extended_20260912/readable/labels/collection_summary.json,results/history/experiment_result-8ef9ef8/runs/q3_gpu8_extended_20260912/readable/labels/collection_summary.json,原样归档,542c6fc97eeee89864ff0318a0ae069ef896278d27376dde3296198c07c1b7c7,96,
paper/history/runs/q3_gpu8_extended_20260912/readable/labels/labels_summary.json,results/history/experiment_result-8ef9ef8/runs/q3_gpu8_extended_20260912/readable/labels/labels_summary.json,原样归档,9b881920aaa447e576ec1949b07c4cf0a50906a223167fdf303e5bf841344bb0,393,
paper/history/runs/q3_gpu8_extended_20260912/readable/pipeline_status.json,results/history/experiment_result-8ef9ef8/runs/q3_gpu8_extended_20260912/readable/pipeline_status.json,原样归档,2a1b5fe0332095e3e61c144911b108147ff64cc0281e1d3b502fea055910f3ba,324,
paper/history/runs/q3_gpu8_extended_20260912/readable/ppo/config.json,results/history/experiment_result-8ef9ef8/runs/q3_gpu8_extended_20260912/readable/ppo/config.json,原样归档,9ccae1ee8ef635357d992c0d2d86a0eb34ff9ba8f482c92ea6ce3eca233fcc67,822,
paper/history/runs/q3_gpu8_extended_20260912/readable/ppo/seed_manifest.json,results/history/experiment_result-8ef9ef8/runs/q3_gpu8_extended_20260912/readable/ppo/seed_manifest.json,原样归档,cacd40577c4afb007c819208d217db0cd9e55497998a58283acd9f64df20edac,169,
paper/history/runs/q3_gpu8_extended_20260912/readable/ppo/status.json,results/history/experiment_result-8ef9ef8/runs/q3_gpu8_extended_20260912/readable/ppo/status.json,原样归档,cecead69321ca526f9afd3ce3ac3d28f17621e967fa4ef6e7b067abdb2b95eff,265,
paper/history/runs/q3_gpu8_extended_20260912/readable/ppo_config.json,results/history/experiment_result-8ef9ef8/runs/q3_gpu8_extended_20260912/readable/ppo_config.json,原样归档,9ccae1ee8ef635357d992c0d2d86a0eb34ff9ba8f482c92ea6ce3eca233fcc67,822,
paper/history/runs/q3_gpu8_extended_20260912/readable/ppo_initial_selection.json,results/history/experiment_result-8ef9ef8/runs/q3_gpu8_extended_20260912/readable/ppo_initial_selection.json,原样归档,e8995e457d12bf3a443141814fd298724b161afa21a2f91ba3245bc6459f2c6b,292,
paper/history/runs/q3_gpu8_extended_20260912/readable/run_manifest.json,results/history/experiment_result-8ef9ef8/runs/q3_gpu8_extended_20260912/readable/run_manifest.json,原样归档,b1244d01668db18a4fef2e0e33905f73d3dd1a19c7fd59b23a7f4b9bc15c5c65,478,
paper/history/runs/q3_gpu8_extended_20260912/readable/search/manifest.json,results/history/experiment_result-8ef9ef8/runs/q3_gpu8_extended_20260912/readable/search/manifest.json,原样归档,12e66dfed9121c2bf09f7493478b7daa95541a255b1dab8ff15c2fb3e6e2ff9a,7219,
paper/history/runs/q3_gpu8_extended_20260912/readable/search/summary.json,results/history/experiment_result-8ef9ef8/runs/q3_gpu8_extended_20260912/readable/search/summary.json,原样归档,8b0a958d1f384cd8a08ea1eba0048559effafbceb9e50d1abfe81335b5e5cbd4,172131,
paper/history/runs/q3_gpu8_extended_20260912/readable/sft_config.json,results/history/experiment_result-8ef9ef8/runs/q3_gpu8_extended_20260912/readable/sft_config.json,原样归档,57f1d1ed3670856769557a5fb40b849277ab4b7180e8fc934280b527fcc56c25,373,
paper/history/runs/q3_gpu8_extended_20260912/readable/sft_gpu/status.json,results/history/experiment_result-8ef9ef8/runs/q3_gpu8_extended_20260912/readable/sft_gpu/status.json,原样归档,3b316fecc5d0c2a95297e74c5843434d0e39628b1b0c51f11b767419b4f73224,146,
paper/history/runs/q3_gpu8_extended_source_20260912/archive_manifest.json,results/history/experiment_result-8ef9ef8/runs/q3_gpu8_extended_source_20260912/archive_manifest.json,原样归档,cea1bedba424bb4407bbf7d80b0c99ede6dc80916d00261ebfa1f1f98f7b6296,15886,
paper/history/runs/q3_gpu8_extended_source_20260912/data.tar.gz.part000,results/history/experiment_result-8ef9ef8/runs/q3_gpu8_extended_source_20260912/data.tar.gz.part000,原样归档,076afffd3f4a2fe85e895e76b066ccb0c4dcf48ac49253c801d422f1e233916b,107817,
paper/history/runs/q3_gpu8_extended_source_20260912/readable/rules/build_manifest.json,results/history/experiment_result-8ef9ef8/runs/q3_gpu8_extended_source_20260912/readable/rules/build_manifest.json,原样归档,4a65aafc2a92eea01cdd342e3fb5775a176444761035df8f5de39d50f093ff48,4428,
paper/history/runs/q3_gpu8_extended_source_20260912/readable/rules/source_manifest.json,results/history/experiment_result-8ef9ef8/runs/q3_gpu8_extended_source_20260912/readable/rules/source_manifest.json,原样归档,cf7afa50a5ce1abdbfc3dca5a335b0c2aff9df4ebbae9d79cfb7581be66ce493,639,
paper/history/runs/q3_gpu8_extended_source_20260912/readable/source_manifest.json,results/history/experiment_result-8ef9ef8/runs/q3_gpu8_extended_source_20260912/readable/source_manifest.json,原样归档,c86d37bbd79b348811d7cfd870bbb7871c18aebdadf69454d5e5e9216acd7412,6819,
paper/history/runs/q3_gpu8_smoke_20260912/archive_manifest.json,results/history/experiment_result-8ef9ef8/runs/q3_gpu8_smoke_20260912/archive_manifest.json,原样归档,83172de15521bc6d9b93cb2ac7a78651d898b96f08083fe3c7f552a5c082ccef,30512,
paper/history/runs/q3_gpu8_smoke_20260912/data.tar.gz.part000,results/history/experiment_result-8ef9ef8/runs/q3_gpu8_smoke_20260912/data.tar.gz.part000,原样归档,7bf0b52c63428460d65b4a99a60f2e2aed8580083d334070e03c19374d5878c6,8927213,
paper/history/runs/q3_gpu8_smoke_20260912/readable/baseline_validation/manifest.json,results/history/experiment_result-8ef9ef8/runs/q3_gpu8_smoke_20260912/readable/baseline_validation/manifest.json,原样归档,b3e904cf7df8561a94dccde6f8b92d1840a5a070542818e80d8d843686862fd9,7713,
paper/history/runs/q3_gpu8_smoke_20260912/readable/baseline_validation/summary.json,results/history/experiment_result-8ef9ef8/runs/q3_gpu8_smoke_20260912/readable/baseline_validation/summary.json,原样归档,8fd7e0efe82aa9288f5ce77dee174d37b13e8c9dea35debcac962f247e6e0f14,1428,
paper/history/runs/q3_gpu8_smoke_20260912/readable/final_evaluation/per_source_distribution.pdf,results/history/experiment_result-8ef9ef8/runs/q3_gpu8_smoke_20260912/readable/final_evaluation/per_source_distribution.pdf,原样归档,8ffdfdde9a017434a85e3850afdef1188ef7857dc36285c04ea2ff77469563ce,16154,
paper/history/runs/q3_gpu8_smoke_20260912/readable/final_evaluation/per_source_distribution.png,results/history/experiment_result-8ef9ef8/runs/q3_gpu8_smoke_20260912/readable/final_evaluation/per_source_distribution.png,原样归档,2b449229c5491f4639a5a69fa1ff7bb073bacb42c771c30fff2d21cb8f8eefef,47332,
paper/history/runs/q3_gpu8_smoke_20260912/readable/final_evaluation/report.md,results/history/experiment_result-8ef9ef8/runs/q3_gpu8_smoke_20260912/readable/final_evaluation/report.md,原样归档,3b2f135013607baa360605a9c7c8faf9312ce05a7121aa1f188f51d71abaec90,1068,
paper/history/runs/q3_gpu8_smoke_20260912/readable/final_evaluation/summary.json,results/history/experiment_result-8ef9ef8/runs/q3_gpu8_smoke_20260912/readable/final_evaluation/summary.json,原样归档,34302c6f8e96cd8885fe188ed03aea642adc13f645cf02f232c98ad30cf5ff93,895,
paper/history/runs/q3_gpu8_smoke_20260912/readable/labels/collection_manifest.json,results/history/experiment_result-8ef9ef8/runs/q3_gpu8_smoke_20260912/readable/labels/collection_manifest.json,原样归档,9ce7406215a214eea193d05ca5923eefb5c1a68325ec99dcb236aaeffd80eed3,7633,
paper/history/runs/q3_gpu8_smoke_20260912/readable/labels/collection_summary.json,results/history/experiment_result-8ef9ef8/runs/q3_gpu8_smoke_20260912/readable/labels/collection_summary.json,原样归档,86b95eae682e89f945909f44de762c5f8cf2cc9cde294a94231fa755af2a4112,93,
paper/history/runs/q3_gpu8_smoke_20260912/readable/labels/labels_summary.json,results/history/experiment_result-8ef9ef8/runs/q3_gpu8_smoke_20260912/readable/labels/labels_summary.json,原样归档,97732336706153eee4fa61cdce1eee8c796d9205d4cf29662883779787124c15,342,
paper/history/runs/q3_gpu8_smoke_20260912/readable/pipeline_status.json,results/history/experiment_result-8ef9ef8/runs/q3_gpu8_smoke_20260912/readable/pipeline_status.json,原样归档,00468c013aabeb26b0565f823e2f86db5a922647d02aba9c080e26742bdc60bc,318,
paper/history/runs/q3_gpu8_smoke_20260912/readable/ppo/config.json,results/history/experiment_result-8ef9ef8/runs/q3_gpu8_smoke_20260912/readable/ppo/config.json,原样归档,3eb7e03f5fc819d67600a4f307101542a01bb4b53f4d56d8c76bb62d920b58ea,801,
paper/history/runs/q3_gpu8_smoke_20260912/readable/ppo/seed_manifest.json,results/history/experiment_result-8ef9ef8/runs/q3_gpu8_smoke_20260912/readable/ppo/seed_manifest.json,原样归档,47da488684ead6eca91b55bf5a8bb015382ea42988b1ecf19c49741524893c95,161,
paper/history/runs/q3_gpu8_smoke_20260912/readable/ppo/status.json,results/history/experiment_result-8ef9ef8/runs/q3_gpu8_smoke_20260912/readable/ppo/status.json,原样归档,3c54ce1e171d6419ab68f147adeebacf994bd0bf4ddf96759fffe91e4650026e,261,
paper/history/runs/q3_gpu8_smoke_20260912/readable/ppo_config.json,results/history/experiment_result-8ef9ef8/runs/q3_gpu8_smoke_20260912/readable/ppo_config.json,原样归档,3eb7e03f5fc819d67600a4f307101542a01bb4b53f4d56d8c76bb62d920b58ea,801,
paper/history/runs/q3_gpu8_smoke_20260912/readable/ppo_initial_selection.json,results/history/experiment_result-8ef9ef8/runs/q3_gpu8_smoke_20260912/readable/ppo_initial_selection.json,原样归档,066edfab1668842524e3b531e2a17d05e1491b94f9a21cf56e7d720f8d7fd3db,274,
paper/history/runs/q3_gpu8_smoke_20260912/readable/run_manifest.json,results/history/experiment_result-8ef9ef8/runs/q3_gpu8_smoke_20260912/readable/run_manifest.json,原样归档,8a4ae7926454153d1ba42010d7016dc08b7fa8e6930c337c4b2c1c18d7cb7364,439,
paper/history/runs/q3_gpu8_smoke_20260912/readable/search/manifest.json,results/history/experiment_result-8ef9ef8/runs/q3_gpu8_smoke_20260912/readable/search/manifest.json,原样归档,ce772f0efa551085f96fdb72b88c7709ef3138c5d8c9d89fe940502e3728d788,7219,
paper/history/runs/q3_gpu8_smoke_20260912/readable/search/summary.json,results/history/experiment_result-8ef9ef8/runs/q3_gpu8_smoke_20260912/readable/search/summary.json,原样归档,a1730eaa947c01f261fe2177b73618a90294af2825d3c9fd57571ed0caccde54,9400,
paper/history/runs/q3_gpu8_smoke_20260912/readable/search_reference/manifest.json,results/history/experiment_result-8ef9ef8/runs/q3_gpu8_smoke_20260912/readable/search_reference/manifest.json,原样归档,4e8a936d3d2798060d72212d89d38a4481180540c40631f9e6a4676a201944a0,7222,
paper/history/runs/q3_gpu8_smoke_20260912/readable/search_reference/summary.json,results/history/experiment_result-8ef9ef8/runs/q3_gpu8_smoke_20260912/readable/search_reference/summary.json,原样归档,ecac5ea7d75326a45d4dc31b5dac24322316c8a573164f19ea4b475e81b734e9,3982,
paper/history/runs/q3_gpu8_smoke_20260912/readable/sft_config.json,results/history/experiment_result-8ef9ef8/runs/q3_gpu8_smoke_20260912/readable/sft_config.json,原样归档,8cb57e73a7a213d1b7988e429dba85f28f13634775d07471075a6e5ab392309a,366,
paper/history/runs/q3_gpu8_smoke_20260912/readable/sft_gpu/status.json,results/history/experiment_result-8ef9ef8/runs/q3_gpu8_smoke_20260912/readable/sft_gpu/status.json,原样归档,604672624b4c45c3493847f682c03580465d1d85c774ff88398f4f1bedb62ee5,142,
paper/history/runs/q3_gpu_20260912/archive_manifest.json,results/history/experiment_result-8ef9ef8/runs/q3_gpu_20260912/archive_manifest.json,原样归档,81ad475eb96a44a676d4231f85db35bc72896dac2d6599601522ab99cc66f801,13389,
paper/history/runs/q3_gpu_20260912/data.tar.gz.part000,results/history/experiment_result-8ef9ef8/runs/q3_gpu_20260912/data.tar.gz.part000,原样归档,bbfdd9fb041b930f23babb7079d567466d8e743b817bbea71402b83f0a20d773,4371151,
paper/history/runs/q3_gpu_20260912/readable/reference/manifest.json,results/history/experiment_result-8ef9ef8/runs/q3_gpu_20260912/readable/reference/manifest.json,原样归档,6435d663dbe2f45ffcdf83f7f39bd74c133b8751efc86bec975f2baae413edb5,6798,
paper/history/runs/q3_gpu_20260912/readable/reference/summary.json,results/history/experiment_result-8ef9ef8/runs/q3_gpu_20260912/readable/reference/summary.json,原样归档,bf765b088b7c625680d2cd372703edb08b9cf00f6f9ab42ae44d228c32ff9cda,3453,
paper/history/runs/q3_gpu_20260912/readable/tensor1/manifest.json,results/history/experiment_result-8ef9ef8/runs/q3_gpu_20260912/readable/tensor1/manifest.json,原样归档,9c585a221e7ec99c860b7ddf5557c0d0929e80c9bf7c0a080033b99655cb32cd,6795,
paper/history/runs/q3_gpu_20260912/readable/tensor1_v2/manifest.json,results/history/experiment_result-8ef9ef8/runs/q3_gpu_20260912/readable/tensor1_v2/manifest.json,原样归档,3f068f4d97e3f155fa07471eb7129e826fb015411666721480705df2146c84e7,6900,
paper/history/runs/q3_gpu_20260912/readable/tensor1_v2/summary.json,results/history/experiment_result-8ef9ef8/runs/q3_gpu_20260912/readable/tensor1_v2/summary.json,原样归档,0bef68f39ec71cf35d4659ec43bdde0a1b903d4f7c9f9076e501e9713f484240,2771,
paper/history/runs/q3_gpu_20260912/readable/tensor4/manifest.json,results/history/experiment_result-8ef9ef8/runs/q3_gpu_20260912/readable/tensor4/manifest.json,原样归档,3f068f4d97e3f155fa07471eb7129e826fb015411666721480705df2146c84e7,6900,
paper/history/runs/q3_gpu_20260912/readable/tensor4/summary.json,results/history/experiment_result-8ef9ef8/runs/q3_gpu_20260912/readable/tensor4/summary.json,原样归档,9937178a24e055e19a39a6e3f44980bf5bfaa45dda1f1838692d256527612cc5,3521,
paper/history/runs/q3_joint_20260912/archive_manifest.json,results/history/experiment_result-8ef9ef8/runs/q3_joint_20260912/archive_manifest.json,原样归档,2177eb1ffb0248b35e5a17c19158f951183521fe542c6a733e4cf91122286969,406246,
paper/history/runs/q3_joint_20260912/data.tar.gz.part000,results/history/experiment_result-8ef9ef8/runs/q3_joint_20260912/data.tar.gz.part000,原样归档,9fa5414b0330917b5fb7045a45d6d6ea167a086e961006a25bb174132b957ec1,41943040,
paper/history/runs/q3_joint_20260912/data.tar.gz.part001,results/history/experiment_result-8ef9ef8/runs/q3_joint_20260912/data.tar.gz.part001,原样归档,7165f9dd7b963207e3bfdbe7ab94f02798c33b0f435ad97658b2dca73dda7c0e,25520683,
paper/history/runs/q3_joint_20260912/readable/baseline_validation/manifest.json,results/history/experiment_result-8ef9ef8/runs/q3_joint_20260912/readable/baseline_validation/manifest.json,原样归档,754da2f68b41412c841875e94c8e8a0809bc995594a78e18601ea4bc825cd0c4,8102,
paper/history/runs/q3_joint_20260912/readable/baseline_validation/summary.json,results/history/experiment_result-8ef9ef8/runs/q3_joint_20260912/readable/baseline_validation/summary.json,原样归档,a2e2738179e2204d27fdf033ae71d18adfd05c270390bddcfd7e5eb8583bcf9f,2208,
paper/history/runs/q3_joint_20260912/readable/config.json,results/history/experiment_result-8ef9ef8/runs/q3_joint_20260912/readable/config.json,原样归档,0780fc008041fda04aeeae8ebb745eefe3fc78b0d6dd1b169985903375cfcdce,974,
paper/history/runs/q3_joint_20260912/readable/dagger_round2/status.json,results/history/experiment_result-8ef9ef8/runs/q3_joint_20260912/readable/dagger_round2/status.json,原样归档,cf66a630fd22a2cc18638b363eb490bc23ec5780aaf09c83d73b316df7d4ef2e,150,
paper/history/runs/q3_joint_20260912/readable/ddp_acceptance_summary.json,results/history/experiment_result-8ef9ef8/runs/q3_joint_20260912/readable/ddp_acceptance_summary.json,原样归档,9ee19f15e03646f4d613229f4d69533c5cadb934f2574fe5335577960d14878d,736,
paper/history/runs/q3_joint_20260912/readable/final_test/manifest.json,results/history/experiment_result-8ef9ef8/runs/q3_joint_20260912/readable/final_test/manifest.json,原样归档,5a6f40497f3c4cefa2ecfeff10a14700e75381e58a8747ef8ff5473cfb40138c,14370,
paper/history/runs/q3_joint_20260912/readable/final_test/summary.json,results/history/experiment_result-8ef9ef8/runs/q3_joint_20260912/readable/final_test/summary.json,原样归档,3a01c6790079c6f39bf45d44e13e923faf441fb37e042819e3ac2e7a391d3719,3079,
paper/history/runs/q3_joint_20260912/readable/frozen_selection.json,results/history/experiment_result-8ef9ef8/runs/q3_joint_20260912/readable/frozen_selection.json,原样归档,85000d859c1ef0eb116a7940962739fc18c994af70a6d3a015eeb5ff493ce018,4654,
paper/history/runs/q3_joint_20260912/readable/http_final_candidate/summary.json,results/history/experiment_result-8ef9ef8/runs/q3_joint_20260912/readable/http_final_candidate/summary.json,原样归档,30beec459ae0f1f3546572035ceb96453af11b32d44a83a3b1d9cd61715ced4e,702,
paper/history/runs/q3_joint_20260912/readable/http_smoke/summary.json,results/history/experiment_result-8ef9ef8/runs/q3_joint_20260912/readable/http_smoke/summary.json,原样归档,d012f300f4377f9bc0cddd58bdf28ce60cad6a7ebb53b54e6eee158d6196e5cd,712,
paper/history/runs/q3_joint_20260912/readable/labels_round1/manifest.json,results/history/experiment_result-8ef9ef8/runs/q3_joint_20260912/readable/labels_round1/manifest.json,原样归档,e365d8f0fd5cf01d5e4505d1ced96456e6bf60ff48f146ff0777116ad81e9212,14036,
paper/history/runs/q3_joint_20260912/readable/labels_round1/summary.json,results/history/experiment_result-8ef9ef8/runs/q3_joint_20260912/readable/labels_round1/summary.json,原样归档,48898b53410b364ceedaaa04baddc0a65b4d78f3498e720a46ea3febc48c70a0,629,
paper/history/runs/q3_joint_20260912/readable/labels_round2/manifest.json,results/history/experiment_result-8ef9ef8/runs/q3_joint_20260912/readable/labels_round2/manifest.json,原样归档,d83a4378802620f781e02618a6bd84b8289f9e86450bb3da711a32aec9265464,14144,
paper/history/runs/q3_joint_20260912/readable/labels_round2/summary.json,results/history/experiment_result-8ef9ef8/runs/q3_joint_20260912/readable/labels_round2/summary.json,原样归档,939edbe1006b105dd05a5cf9719ba98de3a0f6a34159d72e2c248689e89a29f6,629,
paper/history/runs/q3_joint_20260912/readable/ppo/status.json,results/history/experiment_result-8ef9ef8/runs/q3_joint_20260912/readable/ppo/status.json,原样归档,29b5a8ced47f189dc48fce71666db361e14e126c024fbefea82b39cef93f6060,140,
paper/history/runs/q3_joint_20260912/readable/ppo_start_selection.json,results/history/experiment_result-8ef9ef8/runs/q3_joint_20260912/readable/ppo_start_selection.json,原样归档,c46de9fb62940c261d9c4db02bbe5b006bff14b3a0034df3d5a2febb698f8d0f,2885,
paper/history/runs/q3_joint_20260912/readable/preflight_v2/summary.json,results/history/experiment_result-8ef9ef8/runs/q3_joint_20260912/readable/preflight_v2/summary.json,原样归档,e808bf2af343653fbe0a36359596a8029177b6c0b6699d0a16422ed116d3c7ff,370,
paper/history/runs/q3_joint_20260912/readable/sft_round1/status.json,results/history/experiment_result-8ef9ef8/runs/q3_joint_20260912/readable/sft_round1/status.json,原样归档,1a4b9b95403fda1ab3f9286d36982ccc7025b14145ada6d5fcb6fe0c419b7765,147,
paper/history/runs/q3_joint_20260912/readable/smoke/sft_smoke/status.json,results/history/experiment_result-8ef9ef8/runs/q3_joint_20260912/readable/smoke/sft_smoke/status.json,原样归档,c75950be1850f2d1b11f5677a222b61e3ab6480fe022871d636c64ae8870124c,439,
paper/history/runs/q3_joint_20260912/readable/smoke_config.json,results/history/experiment_result-8ef9ef8/runs/q3_joint_20260912/readable/smoke_config.json,原样归档,41383332e9e11dca5781994f8df9d0925cdfe8064c5fd20dd7e589ee724c56e2,984,
paper/history/runs/q3_joint_20260912/readable/smoke_ppo_config.json,results/history/experiment_result-8ef9ef8/runs/q3_joint_20260912/readable/smoke_ppo_config.json,原样归档,852bdcd909cad016045481a875f0fd7eb7b67b139a84003969aa689ba345a451,987,
paper/history/runs/q3_joint_20260912/readable/smoke_v2/ppo_smoke/status.json,results/history/experiment_result-8ef9ef8/runs/q3_joint_20260912/readable/smoke_v2/ppo_smoke/status.json,原样归档,9f48dea81820b15ccde0369f3fde424e1758a7862498944f3ff46815ce3350dc,151,
paper/history/runs/q3_joint_20260912/readable/smoke_v2/sft_smoke/status.json,results/history/experiment_result-8ef9ef8/runs/q3_joint_20260912/readable/smoke_v2/sft_smoke/status.json,原样归档,486b33ac0042d42f7268590fe37ecf1dc8edc175dd088f8c71e8dcfedbb30bf4,150,
paper/history/runs/q3_joint_20260912/readable/smoke_v2_config.json,results/history/experiment_result-8ef9ef8/runs/q3_joint_20260912/readable/smoke_v2_config.json,原样归档,0c326dc0539193b1c8f8c21246655df14008edd77144b013a04d9a94493e1654,987,
paper/history/runs/q3_joint_20260912/readable/teacher_validation128/manifest.json,results/history/experiment_result-8ef9ef8/runs/q3_joint_20260912/readable/teacher_validation128/manifest.json,原样归档,1425d4e9a7916291977beaba5bd04bc086bf724dbd3629734ccf6b86305dfecc,9782,
paper/history/runs/q3_joint_20260912/readable/teacher_validation128/summary.json,results/history/experiment_result-8ef9ef8/runs/q3_joint_20260912/readable/teacher_validation128/summary.json,原样归档,e38ae43f0de7382f7231faab2bf8ad2e0d2fafc41e5fac49e6dd97c539131421,2224,
paper/history/runs/q3_joint_20260912/readable/test_distribution.pdf,results/history/experiment_result-8ef9ef8/runs/q3_joint_20260912/readable/test_distribution.pdf,原样归档,0047b78a40667388844b2ef69a647bd7b12f7a291edd4c64a15e669b930aae1d,18292,
paper/history/runs/q3_joint_20260912/readable/test_distribution.png,results/history/experiment_result-8ef9ef8/runs/q3_joint_20260912/readable/test_distribution.png,原样归档,b2ba297d5b14e81d6028b57764840ad9cd2496bad405fc9018599ffa8fd61698,80634,
paper/history/runs/q3_joint_20260912/readable/validation_curve.png,results/history/experiment_result-8ef9ef8/runs/q3_joint_20260912/readable/validation_curve.png,原样归档,99a12513cad93fdfa25b578506c5726a6c10842b7c733cac71d1f36874f2a295,83351,
paper/history/runs/q3_layout_extremes_20260913/archive_manifest.json,results/history/experiment_result-8ef9ef8/runs/q3_layout_extremes_20260913/archive_manifest.json,原样归档,4b0c8f5a78839ffc8c43d0f0bce84c55fc02ef2f01dcad1ffa7856eb18a78b95,1145,
paper/history/runs/q3_layout_extremes_20260913/data.tar.gz.part000,results/history/experiment_result-8ef9ef8/runs/q3_layout_extremes_20260913/data.tar.gz.part000,原样归档,6691c1040871a2aa3192adcb9e0456b9cba71c56c696b64e735dc5315cd7897d,348810,
paper/history/runs/q3_layout_extremes_20260913/readable/manifest.json,results/history/experiment_result-8ef9ef8/runs/q3_layout_extremes_20260913/readable/manifest.json,原样归档,365a44475f8ac5a438943a02802d6ed54fc88bdd7b90343d293387ff95db472c,985,
paper/history/runs/q3_layout_extremes_20260913/readable/status.json,results/history/experiment_result-8ef9ef8/runs/q3_layout_extremes_20260913/readable/status.json,原样归档,a08722f7c8dab7ee96008f1a5a587c84f4d77b6d40fa936a742eefa6df844d86,66,
paper/history/runs/q3_layout_extremes_20260913_v2/archive_manifest.json,results/history/experiment_result-8ef9ef8/runs/q3_layout_extremes_20260913_v2/archive_manifest.json,原样归档,3022b51d1e819932c38632de6c31b1177c7e4fef1d76a72ac59673b6ed109eec,7240,
paper/history/runs/q3_layout_extremes_20260913_v2/data.tar.gz.part000,results/history/experiment_result-8ef9ef8/runs/q3_layout_extremes_20260913_v2/data.tar.gz.part000,原样归档,71de3964ee840a24db3686cb9dd97fd7e46f32bc21db2d1ea1b7d35e33cc59b9,1241969,
paper/history/runs/q3_layout_extremes_20260913_v2/readable/layouts.pdf,results/history/experiment_result-8ef9ef8/runs/q3_layout_extremes_20260913_v2/readable/layouts.pdf,原样归档,de82148071aef126f78797c27317fabcf2f008ca2d7e6b58728ba29c84a73432,71150,
paper/history/runs/q3_layout_extremes_20260913_v2/readable/layouts.png,results/history/experiment_result-8ef9ef8/runs/q3_layout_extremes_20260913_v2/readable/layouts.png,原样归档,ea3b19591ca025db30c2efb5180401b8bb5b427a2840797f09dfb58cc057a6b6,579190,
paper/history/runs/q3_layout_extremes_20260913_v2/readable/manifest.json,results/history/experiment_result-8ef9ef8/runs/q3_layout_extremes_20260913_v2/readable/manifest.json,原样归档,42093e9c40137d511d8e344583b107d447a38b547b2198d7adedf1797158879e,985,
paper/history/runs/q3_layout_extremes_20260913_v2/readable/report.md,results/history/experiment_result-8ef9ef8/runs/q3_layout_extremes_20260913_v2/readable/report.md,原样归档,064271ae95f9d8614b7b348da2d1cdd3c4824d217a1402f7b23c9464d6af5246,5639,
paper/history/runs/q3_layout_extremes_20260913_v2/readable/status.json,results/history/experiment_result-8ef9ef8/runs/q3_layout_extremes_20260913_v2/readable/status.json,原样归档,0b91e3b071bd5f97c07c28a3eff29eefd45e03505116126ceafcc080ba62e73b,56,
paper/history/runs/q3_layout_extremes_20260913_v2/readable/summary.json,results/history/experiment_result-8ef9ef8/runs/q3_layout_extremes_20260913_v2/readable/summary.json,原样归档,3dcb1f0615e754b933740e0ec7bbdf24a227c892327d4a0049371ccf0fb3f224,13714,
paper/history/runs/q3_layout_extremes_20260913_v2/readable/time_extremes.pdf,results/history/experiment_result-8ef9ef8/runs/q3_layout_extremes_20260913_v2/readable/time_extremes.pdf,原样归档,fa0f2e37a471a5d07374c25f53cfce67126e0fbc7115ee53093480f83ced73a1,31409,
paper/history/runs/q3_layout_extremes_20260913_v2/readable/time_extremes.png,results/history/experiment_result-8ef9ef8/runs/q3_layout_extremes_20260913_v2/readable/time_extremes.png,原样归档,1c2de83b0c8a1eb21c6a0a529c2a32f896501754b9055b5a8e1671b454b39a1a,131813,
paper/history/runs/q3_legacy_deadline_20260913/archive_manifest.json,results/history/experiment_result-8ef9ef8/runs/q3_legacy_deadline_20260913/archive_manifest.json,原样归档,ca758ad093697c5f95a4d11d01eb527a335ececd0d2c104a3f88eac4e61e6611,1267920,
paper/history/runs/q3_legacy_deadline_20260913/data.tar.gz.part000,results/history/experiment_result-8ef9ef8/runs/q3_legacy_deadline_20260913/data.tar.gz.part000,原样归档,13eae1d69c3647e4b332def90eade4b71c3ccfb7dc9a9ac6315126bba8c696d5,41943040,
paper/history/runs/q3_legacy_deadline_20260913/data.tar.gz.part001,results/history/experiment_result-8ef9ef8/runs/q3_legacy_deadline_20260913/data.tar.gz.part001,原样归档,7cba72d7466de08f586d8b9488039c70ab3b648dee6e273f370fe00a08f256b6,41943040,
paper/history/runs/q3_legacy_deadline_20260913/data.tar.gz.part002,results/history/experiment_result-8ef9ef8/runs/q3_legacy_deadline_20260913/data.tar.gz.part002,原样归档,796cc8ad36e4f3dc8596cc38d969461f8df684e9bd8f1fdb044246414cb9ae27,1933123,
paper/history/runs/q3_legacy_deadline_20260913/readable/config.json,results/history/experiment_result-8ef9ef8/runs/q3_legacy_deadline_20260913/readable/config.json,原样归档,19868553c7345959f41785ef0f6b5af167f69b23946161ba9de6a7a27e679470,751,
paper/history/runs/q3_legacy_deadline_20260913/readable/seed_manifest.json,results/history/experiment_result-8ef9ef8/runs/q3_legacy_deadline_20260913/readable/seed_manifest.json,原样归档,8225bb712fec00127ff79701a9b9d1f45e86822790310f33cac7909aa2e8305c,172,
paper/history/runs/q3_legacy_deadline_20260913/readable/status.json,results/history/experiment_result-8ef9ef8/runs/q3_legacy_deadline_20260913/readable/status.json,原样归档,aaac89376f53a7ffd34435f339b05bab4b1e59ed527bdb2c96be1ba80e383a58,267,
paper/history/runs/q3_ppo_20260911/archive_manifest.json,results/history/experiment_result-8ef9ef8/runs/q3_ppo_20260911/archive_manifest.json,原样归档,d9d251b1b33002fead712d57fa268d96bb8378a912d0dcff4cce7e22b844f6df,13679,
paper/history/runs/q3_ppo_20260911/data.tar.gz.part000,results/history/experiment_result-8ef9ef8/runs/q3_ppo_20260911/data.tar.gz.part000,原样归档,14a3a4541801824f2b6d22cf43481a3d767405b703ae4adbf09df47d533e5e49,234690,
paper/history/runs/q3_ppo_20260911/readable/config.json,results/history/experiment_result-8ef9ef8/runs/q3_ppo_20260911/readable/config.json,原样归档,8c70b8362bef3bf708f41f9530791354eb117516a340bb0ca90dbf0863d6a151,489,
paper/history/runs/q3_ppo_20260911/readable/status.json,results/history/experiment_result-8ef9ef8/runs/q3_ppo_20260911/readable/status.json,原样归档,ce97b3818d3b7ded21b8c0111636e6eadeb574d3f44f39eea33050d302ff569e,239,
paper/history/runs/q4_3000_test_20260911/archive_manifest.json,results/history/experiment_result-8ef9ef8/runs/q4_3000_test_20260911/archive_manifest.json,原样归档,7b00bb5279967777ef745993664000d2002b845ba3a85590d3f6327b57b5d823,1134,
paper/history/runs/q4_3000_test_20260911/data.tar.gz.part000,results/history/experiment_result-8ef9ef8/runs/q4_3000_test_20260911/data.tar.gz.part000,原样归档,1f173c506752582b5b6ec567671c30244208b9406b3129568049540ebe06a82b,162208,
paper/history/runs/q4_3000_test_20260911/readable/README.md,results/history/experiment_result-8ef9ef8/runs/q4_3000_test_20260911/readable/README.md,原样归档,1054b8a104ce8985edd00dedfb59d983e8987d884b5fb6895213e2cbe715e3af,862,
paper/history/runs/q4_3000_test_20260911/readable/per_source_time_distribution.png,results/history/experiment_result-8ef9ef8/runs/q4_3000_test_20260911/readable/per_source_time_distribution.png,原样归档,3594663ec188e70cb23c8bb2ef95e06ec48888e1e1048c47019037b4b947f43f,62006,
paper/history/runs/q4_3000_test_20260911/readable/summary.json,results/history/experiment_result-8ef9ef8/runs/q4_3000_test_20260911/readable/summary.json,原样归档,2c84c514d15cdfda3a5e216544e1ba723100c460136d662a8ce3898174fc8b75,871,
paper/history/runs/q4_absence_tail_analysis_20260913/archive_manifest.json,results/history/experiment_result-8ef9ef8/runs/q4_absence_tail_analysis_20260913/archive_manifest.json,原样归档,933319c91458003e9576ce86a548925ddf747a576c5a20360ab0a5e8c1325b18,1946,
paper/history/runs/q4_absence_tail_analysis_20260913/data.tar.gz.part000,results/history/experiment_result-8ef9ef8/runs/q4_absence_tail_analysis_20260913/data.tar.gz.part000,原样归档,0f4d8c52ff92b273b397bc2895ed93eb1e358504138c840e74f7287ad16949b1,689646,
paper/history/runs/q4_absence_tail_analysis_20260913/readable/manifest.json,results/history/experiment_result-8ef9ef8/runs/q4_absence_tail_analysis_20260913/readable/manifest.json,原样归档,3c9c4b84e735c8f180a8dd4e98df77c434c7aa5f526ec66ab62973e472647b26,582,
paper/history/runs/q4_absence_tail_analysis_20260913/readable/official_log_summary.json,results/history/experiment_result-8ef9ef8/runs/q4_absence_tail_analysis_20260913/readable/official_log_summary.json,原样归档,8bb7ccd5bc53235671e107dd8c6040bea114cc4163633080b09aedf52d7f30a1,840,
paper/history/runs/q4_absence_tail_analysis_20260913/readable/summary.json,results/history/experiment_result-8ef9ef8/runs/q4_absence_tail_analysis_20260913/readable/summary.json,原样归档,5ae334a8f00c89b11217a0dd4d3108551a09ef68c8b1da27729244a793c01489,48421,
paper/history/runs/q4_absence_tail_analysis_20260913/readable/tail_analysis.pdf,results/history/experiment_result-8ef9ef8/runs/q4_absence_tail_analysis_20260913/readable/tail_analysis.pdf,原样归档,2c47e722296df3d8e74dd7cbb199f89123c432cc2cc47a8e307dd9ee6b591693,19534,
paper/history/runs/q4_absence_tail_analysis_20260913/readable/tail_analysis.png,results/history/experiment_result-8ef9ef8/runs/q4_absence_tail_analysis_20260913/readable/tail_analysis.png,原样归档,5e3bfd7a037d69bec8c427ff4ee3db69a7c52bc9f9d9aeb4c968ab861e9560f8,102702,
paper/history/runs/q4_absence_tail_analysis_20260913_v2/archive_manifest.json,results/history/experiment_result-8ef9ef8/runs/q4_absence_tail_analysis_20260913_v2/archive_manifest.json,原样归档,f60f5ec5df431da5364247b1da044a6041e1974f687c08be8940c7f2cc082644,2358,
paper/history/runs/q4_absence_tail_analysis_20260913_v2/data.tar.gz.part000,results/history/experiment_result-8ef9ef8/runs/q4_absence_tail_analysis_20260913_v2/data.tar.gz.part000,原样归档,3e13c258e09c1a26750849f907f0b9ddf64d12fb82413273ab3329d24529375b,738806,
paper/history/runs/q4_absence_tail_analysis_20260913_v2/readable/manifest.json,results/history/experiment_result-8ef9ef8/runs/q4_absence_tail_analysis_20260913_v2/readable/manifest.json,原样归档,3c9c4b84e735c8f180a8dd4e98df77c434c7aa5f526ec66ab62973e472647b26,582,
paper/history/runs/q4_absence_tail_analysis_20260913_v2/readable/official_log_summary.json,results/history/experiment_result-8ef9ef8/runs/q4_absence_tail_analysis_20260913_v2/readable/official_log_summary.json,原样归档,05335b083a94230805ede3f5c64cc8ce4436e5b6779f69ed15ad6dd538a9a995,953,
paper/history/runs/q4_absence_tail_analysis_20260913_v2/readable/report.md,results/history/experiment_result-8ef9ef8/runs/q4_absence_tail_analysis_20260913_v2/readable/report.md,原样归档,ba9f66a1f0f2eb339829b90f3c8718c899b278343c44af7289703ed18500d355,8580,
paper/history/runs/q4_absence_tail_analysis_20260913_v2/readable/summary.json,results/history/experiment_result-8ef9ef8/runs/q4_absence_tail_analysis_20260913_v2/readable/summary.json,原样归档,09dc745976943a0a9f7adf6d901b1bc89e4deff6b5241e0cc1534da727bf8599,55541,
paper/history/runs/q4_absence_tail_analysis_20260913_v2/readable/tail_analysis.pdf,results/history/experiment_result-8ef9ef8/runs/q4_absence_tail_analysis_20260913_v2/readable/tail_analysis.pdf,原样归档,da64ab2ae454a07d1869a215cc5677b865b4f857b3ec7b6530528b5caaed816b,19534,
paper/history/runs/q4_absence_tail_analysis_20260913_v2/readable/tail_analysis.png,results/history/experiment_result-8ef9ef8/runs/q4_absence_tail_analysis_20260913_v2/readable/tail_analysis.png,原样归档,5e3bfd7a037d69bec8c427ff4ee3db69a7c52bc9f9d9aeb4c968ab861e9560f8,102702,
paper/history/runs/q4_baseline_8gpu_1h_20260913/archive_manifest.json,results/history/experiment_result-8ef9ef8/runs/q4_baseline_8gpu_1h_20260913/archive_manifest.json,原样归档,36e912110d9bdcfae2be139c69bec04a0540095d0fcbe7d279409f1d14c28031,154137,
paper/history/runs/q4_baseline_8gpu_1h_20260913/data.tar.gz.part000,results/history/experiment_result-8ef9ef8/runs/q4_baseline_8gpu_1h_20260913/data.tar.gz.part000,原样归档,7ecb0670e289986bc84ab648a50ffa87a4957a585bc2d46c90be2292a00ed933,20390381,
paper/history/runs/q4_baseline_8gpu_1h_20260913/readable/evaluation/comparison.pdf,results/history/experiment_result-8ef9ef8/runs/q4_baseline_8gpu_1h_20260913/readable/evaluation/comparison.pdf,原样归档,138888f9d149708b57ecf6149dc1f2f58d70fc7165f16c739f6c347b22ee91fd,21503,
paper/history/runs/q4_baseline_8gpu_1h_20260913/readable/evaluation/comparison.png,results/history/experiment_result-8ef9ef8/runs/q4_baseline_8gpu_1h_20260913/readable/evaluation/comparison.png,原样归档,76a15835bf1d30b9d246e42bbed69624aa146317a6da0e7e2a9f670579f682e2,88409,
paper/history/runs/q4_baseline_8gpu_1h_20260913/readable/evaluation/manifest.json,results/history/experiment_result-8ef9ef8/runs/q4_baseline_8gpu_1h_20260913/readable/evaluation/manifest.json,原样归档,80f0de8e6626e9d686abaaac25817c137611907cb5d0eb458b81e0c10e220f51,10304,
paper/history/runs/q4_baseline_8gpu_1h_20260913/readable/evaluation/report.md,results/history/experiment_result-8ef9ef8/runs/q4_baseline_8gpu_1h_20260913/readable/evaluation/report.md,原样归档,a8bc16b7f68359eae0c088e256686ddf95eb32f042714e4bb58c3f2b6ca397a3,3273,
paper/history/runs/q4_baseline_8gpu_1h_20260913/readable/evaluation/summary.json,results/history/experiment_result-8ef9ef8/runs/q4_baseline_8gpu_1h_20260913/readable/evaluation/summary.json,原样归档,3986f25ec99cfdd563f62b8d0448bb7e89e5ddf740be93d9e99a3ec765fa06ed,15675,
paper/history/runs/q4_baseline_8gpu_1h_20260913/readable/launch_manifest.json,results/history/experiment_result-8ef9ef8/runs/q4_baseline_8gpu_1h_20260913/readable/launch_manifest.json,原样归档,1caa738998720969396006aa520467bc728fb34fac1796d1073acf4c2e6f00e6,609,
paper/history/runs/q4_baseline_8gpu_1h_20260913/readable/smoke.config.json,results/history/experiment_result-8ef9ef8/runs/q4_baseline_8gpu_1h_20260913/readable/smoke.config.json,原样归档,8073660080dcc5a19e36992cdf7a6e44133832fa01881141a9e71305588744c0,896,
paper/history/runs/q4_baseline_8gpu_1h_20260913/readable/smoke/config.json,results/history/experiment_result-8ef9ef8/runs/q4_baseline_8gpu_1h_20260913/readable/smoke/config.json,原样归档,8073660080dcc5a19e36992cdf7a6e44133832fa01881141a9e71305588744c0,896,
paper/history/runs/q4_baseline_8gpu_1h_20260913/readable/smoke/seed_manifest.json,results/history/experiment_result-8ef9ef8/runs/q4_baseline_8gpu_1h_20260913/readable/smoke/seed_manifest.json,原样归档,f2a43d7d54f919dfab944b7159021cea6f29101e65758660af7df261fb12111e,169,
paper/history/runs/q4_baseline_8gpu_1h_20260913/readable/smoke/status.json,results/history/experiment_result-8ef9ef8/runs/q4_baseline_8gpu_1h_20260913/readable/smoke/status.json,原样归档,67182d0cae78e7d3d9cfeb9e30d1c460e42a614b7f4693af2d617de6caa5c540,109,
paper/history/runs/q4_baseline_8gpu_1h_20260913/readable/smoke_resume.config.json,results/history/experiment_result-8ef9ef8/runs/q4_baseline_8gpu_1h_20260913/readable/smoke_resume.config.json,原样归档,8073660080dcc5a19e36992cdf7a6e44133832fa01881141a9e71305588744c0,896,
paper/history/runs/q4_baseline_8gpu_1h_20260913/readable/source/manifest.json,results/history/experiment_result-8ef9ef8/runs/q4_baseline_8gpu_1h_20260913/readable/source/manifest.json,原样归档,44a63835fd4bc8e4a4994a9ef018ef729f9ff274be990d444dce03a81b4808a6,4405,
paper/history/runs/q4_baseline_8gpu_1h_20260913/readable/train.config.json,results/history/experiment_result-8ef9ef8/runs/q4_baseline_8gpu_1h_20260913/readable/train.config.json,原样归档,942eb8d0c028754ccd1305f6bb6e18857e6d83b3e052a2e50e865e39a2012263,900,
paper/history/runs/q4_baseline_8gpu_1h_20260913/readable/train/config.json,results/history/experiment_result-8ef9ef8/runs/q4_baseline_8gpu_1h_20260913/readable/train/config.json,原样归档,942eb8d0c028754ccd1305f6bb6e18857e6d83b3e052a2e50e865e39a2012263,900,
paper/history/runs/q4_baseline_8gpu_1h_20260913/readable/train/seed_manifest.json,results/history/experiment_result-8ef9ef8/runs/q4_baseline_8gpu_1h_20260913/readable/train/seed_manifest.json,原样归档,767383554f493b3fb7d2d62b75595cd0f044feedb897674dafba9886c3adc5fd,172,
paper/history/runs/q4_baseline_8gpu_1h_20260913/readable/train/status.json,results/history/experiment_result-8ef9ef8/runs/q4_baseline_8gpu_1h_20260913/readable/train/status.json,原样归档,3c0e79984f8bf81bb4410023be0f3c7cd4c296a851c8c0efae7452ac92227e34,270,
paper/history/runs/q4_belief_attention_20260912/archive_manifest.json,results/history/experiment_result-8ef9ef8/runs/q4_belief_attention_20260912/archive_manifest.json,原样归档,aab70b4189c3ae1063c2abaa5251506e01c8b1b690b97dd307c0517e75b1fccc,11744,
paper/history/runs/q4_belief_attention_20260912/data.tar.gz.part000,results/history/experiment_result-8ef9ef8/runs/q4_belief_attention_20260912/data.tar.gz.part000,原样归档,3dc15cc0db99354f93d56b0dc7e7b3a7d04f89165c9271e0fd7d865446921cbc,401167,
paper/history/runs/q4_belief_attention_20260912/readable/medium2_8gpu/config.json,results/history/experiment_result-8ef9ef8/runs/q4_belief_attention_20260912/readable/medium2_8gpu/config.json,原样归档,e0a06cae398c5290ed2694986b44500f7fdeb1803e86e66b78f67bf03f5c0621,914,
paper/history/runs/q4_belief_attention_20260912/readable/medium2_8gpu/seed_manifest.json,results/history/experiment_result-8ef9ef8/runs/q4_belief_attention_20260912/readable/medium2_8gpu/seed_manifest.json,原样归档,8382d99cc31257293fa2713db6d711b0ee289fd20ed57458d9368f4dad67ae1b,296,
paper/history/runs/q4_belief_attention_20260912/readable/medium2_8gpu/status.json,results/history/experiment_result-8ef9ef8/runs/q4_belief_attention_20260912/readable/medium2_8gpu/status.json,原样归档,002a4f4e818d7a03d2c6f521ae1d825edb10bd85270cb472d04c75fa92fcbd2a,116,
paper/history/runs/q4_belief_attention_20260912/readable/medium3_8gpu/config.json,results/history/experiment_result-8ef9ef8/runs/q4_belief_attention_20260912/readable/medium3_8gpu/config.json,原样归档,68ee041b4abe095e7341607298717f6f04b3fab33afd98459b7fdddd6a461a50,911,
paper/history/runs/q4_belief_attention_20260912/readable/medium3_8gpu/seed_manifest.json,results/history/experiment_result-8ef9ef8/runs/q4_belief_attention_20260912/readable/medium3_8gpu/seed_manifest.json,原样归档,49203049797f736e348db91ce8d4e5913d8a32514007413ec50980874073ef76,296,
paper/history/runs/q4_belief_attention_20260912/readable/medium3_8gpu/status.json,results/history/experiment_result-8ef9ef8/runs/q4_belief_attention_20260912/readable/medium3_8gpu/status.json,原样归档,279b58564781b49bd7213adf156dfb29f36d559ec66b89cc09903c971a241d46,120,
paper/history/runs/q4_belief_attention_20260912/readable/medium3_8gpu/test_selection.json,results/history/experiment_result-8ef9ef8/runs/q4_belief_attention_20260912/readable/medium3_8gpu/test_selection.json,原样归档,13042584b4f396b152cb9a8ad56853f99a80013827812dbcf5911c7a43eb5c7e,110,
paper/history/runs/q4_belief_attention_20260912/readable/medium_8gpu/config.json,results/history/experiment_result-8ef9ef8/runs/q4_belief_attention_20260912/readable/medium_8gpu/config.json,原样归档,6717f0c2b23f17f82c7ac32bbc4bcf22e6643e679f079a5edbc1a6c64afb4084,914,
paper/history/runs/q4_belief_attention_20260912/readable/medium_8gpu/seed_manifest.json,results/history/experiment_result-8ef9ef8/runs/q4_belief_attention_20260912/readable/medium_8gpu/seed_manifest.json,原样归档,c61689c426eae199c96d27d8951ba6e0b689a4fa2a3e3018a1c764f6e47c9574,296,
paper/history/runs/q4_belief_attention_20260912/readable/medium_8gpu/status.json,results/history/experiment_result-8ef9ef8/runs/q4_belief_attention_20260912/readable/medium_8gpu/status.json,原样归档,57c2c5f87fd46059d9bfb0b39e862827683553a3e1b8716d6fb7aa4f0974a853,116,
paper/history/runs/q4_belief_attention_20260912/readable/smoke2_8gpu/config.json,results/history/experiment_result-8ef9ef8/runs/q4_belief_attention_20260912/readable/smoke2_8gpu/config.json,原样归档,537ac750f7ea3d63063596c40078b5da5c55d5c989e9a9381d38067954aaae2b,830,
paper/history/runs/q4_belief_attention_20260912/readable/smoke2_8gpu/seed_manifest.json,results/history/experiment_result-8ef9ef8/runs/q4_belief_attention_20260912/readable/smoke2_8gpu/seed_manifest.json,原样归档,6f049f8faa4e929db9770b753a146f9e0d71985c8da30c0fc02c1d911f9cd396,292,
paper/history/runs/q4_belief_attention_20260912/readable/smoke2_8gpu/status.json,results/history/experiment_result-8ef9ef8/runs/q4_belief_attention_20260912/readable/smoke2_8gpu/status.json,原样归档,a19731c0ffccf9520f3f65f7683e4dbb9a1b35bc3a5050e68f873cdab64070fb,763,
paper/history/runs/q4_belief_attention_20260912/readable/smoke3_8gpu/config.json,results/history/experiment_result-8ef9ef8/runs/q4_belief_attention_20260912/readable/smoke3_8gpu/config.json,原样归档,d6b6b300e6097b61e53db47c26f603aff28143b689f546b576470eed0c5d1977,828,
paper/history/runs/q4_belief_attention_20260912/readable/smoke3_8gpu/seed_manifest.json,results/history/experiment_result-8ef9ef8/runs/q4_belief_attention_20260912/readable/smoke3_8gpu/seed_manifest.json,原样归档,1c7d8dc8cf5709a882ff06ff6014e597f1fa86a61785ffa7a8cc063f34e5cded,290,
paper/history/runs/q4_belief_attention_20260912/readable/smoke3_8gpu/status.json,results/history/experiment_result-8ef9ef8/runs/q4_belief_attention_20260912/readable/smoke3_8gpu/status.json,原样归档,8f6f11755e65d44bb1903f5161b489b77775958beb585f3f3ad5bea2eb4050fb,120,
paper/history/runs/q4_belief_attention_20260912/readable/smoke3_8gpu/test_selection.json,results/history/experiment_result-8ef9ef8/runs/q4_belief_attention_20260912/readable/smoke3_8gpu/test_selection.json,原样归档,6d56da0ba40e6332f48f84712684837f6179066ccb7b8ff0cf62658f0d2af644,109,
paper/history/runs/q4_belief_attention_20260912/readable/smoke_8gpu/config.json,results/history/experiment_result-8ef9ef8/runs/q4_belief_attention_20260912/readable/smoke_8gpu/config.json,原样归档,00ed6a392b58a4df5a3c3d1b93eae122a3fb097709090f4e102994c08abf9465,824,
paper/history/runs/q4_belief_attention_20260912/readable/smoke_8gpu/seed_manifest.json,results/history/experiment_result-8ef9ef8/runs/q4_belief_attention_20260912/readable/smoke_8gpu/seed_manifest.json,原样归档,45071f0a73269ca1673205ba7f97ebcc772d6af20554f64e05ca99e7fe6dc7b3,288,
paper/history/runs/q4_belief_attention_20260912/readable/smoke_8gpu/status.json,results/history/experiment_result-8ef9ef8/runs/q4_belief_attention_20260912/readable/smoke_8gpu/status.json,原样归档,fb597ad41478ffbc21f1a70caf3e7173ac52bdef63457253e0a4cfd2edf92777,405,
paper/history/runs/q4_budget_20260912/archive_manifest.json,results/history/experiment_result-8ef9ef8/runs/q4_budget_20260912/archive_manifest.json,原样归档,44f493c00424e5fb0cce19f99a918ba2be912b01d5ad99ab14504a916a26539f,735719,
paper/history/runs/q4_budget_20260912/data.tar.gz.part000,results/history/experiment_result-8ef9ef8/runs/q4_budget_20260912/data.tar.gz.part000,原样归档,df2b90a9e052c8e6f9ccb9ec7b9bb11bb3be042987730cf96ef645e4d54aef35,41943040,
paper/history/runs/q4_budget_20260912/data.tar.gz.part001,results/history/experiment_result-8ef9ef8/runs/q4_budget_20260912/data.tar.gz.part001,原样归档,d4a59171073263f15144ab5bc6d414f0b53442c6b4ffa9479f7fb2ca37ce51d4,9851248,
paper/history/runs/q4_budget_20260912/readable/smoke/config.json,results/history/experiment_result-8ef9ef8/runs/q4_budget_20260912/readable/smoke/config.json,原样归档,a50ae154c30a24cca3e73d14bbd2eb812a2acab671b6da8de94be3b2a3c6e76a,537,
paper/history/runs/q4_budget_20260912/readable/smoke/seed_manifest.json,results/history/experiment_result-8ef9ef8/runs/q4_budget_20260912/readable/smoke/seed_manifest.json,原样归档,c7ec0d263d38d1b4ba39c4ea55b46d8a9e56b6293b601a2ada933ff0d3e87a71,162,
paper/history/runs/q4_budget_20260912/readable/smoke/status.json,results/history/experiment_result-8ef9ef8/runs/q4_budget_20260912/readable/smoke/status.json,原样归档,2cb5c22823d7458a622717de4cb9c742fabc453a9b9bf826bae2f5b49ffa77bc,224,
paper/history/runs/q4_budget_20260912/readable/smoke_config.json,results/history/experiment_result-8ef9ef8/runs/q4_budget_20260912/readable/smoke_config.json,原样归档,a50ae154c30a24cca3e73d14bbd2eb812a2acab671b6da8de94be3b2a3c6e76a,537,
paper/history/runs/q4_budget_20260912/readable/train/config.json,results/history/experiment_result-8ef9ef8/runs/q4_budget_20260912/readable/train/config.json,原样归档,69be4a6967696dcfbc9a8f9478ee95fc6fa6f50b05e6b6a599668418f72b0e01,591,
paper/history/runs/q4_budget_20260912/readable/train/seed_manifest.json,results/history/experiment_result-8ef9ef8/runs/q4_budget_20260912/readable/train/seed_manifest.json,原样归档,e90a13c3b3badad89313e00a18b1cf99b7d0c900de7291ca368b364668bd68e7,169,
paper/history/runs/q4_budget_20260912/readable/train/status.json,results/history/experiment_result-8ef9ef8/runs/q4_budget_20260912/readable/train/status.json,原样归档,be39726e9a8701bb38094f241e0a6a5cc6944d99147eacae92913a541708ae15,261,
paper/history/runs/q4_budget_20260912/readable/train_config.json,results/history/experiment_result-8ef9ef8/runs/q4_budget_20260912/readable/train_config.json,原样归档,69be4a6967696dcfbc9a8f9478ee95fc6fa6f50b05e6b6a599668418f72b0e01,591,
paper/history/runs/q4_certificate_search_20260912/archive_manifest.json,results/history/experiment_result-8ef9ef8/runs/q4_certificate_search_20260912/archive_manifest.json,原样归档,6a64aff025a49d681ab56c2058b60897aaacab6793748fce55e8c1f55dab7e59,4244,
paper/history/runs/q4_certificate_search_20260912/data.tar.gz.part000,results/history/experiment_result-8ef9ef8/runs/q4_certificate_search_20260912/data.tar.gz.part000,原样归档,314d5f36e763080e4409e9385f295ffb4027bb670df16762ecfa6ebb3bd88a59,42356,
paper/history/runs/q4_certificate_search_20260912/readable/k30/proof.json,results/history/experiment_result-8ef9ef8/runs/q4_certificate_search_20260912/readable/k30/proof.json,原样归档,3c4a811835df4cb46c703affabc60edf8eff5a5e991146d14884047543e072fb,675550,
paper/history/runs/q4_closed_loop_20260913/archive_manifest.json,results/history/experiment_result-8ef9ef8/runs/q4_closed_loop_20260913/archive_manifest.json,原样归档,aef0c618a40ca12ca282aea44c1d8cac0e530978e4bc4d203ccdc31a20dc443b,12782,
paper/history/runs/q4_closed_loop_20260913/data.tar.gz.part000,results/history/experiment_result-8ef9ef8/runs/q4_closed_loop_20260913/data.tar.gz.part000,原样归档,a7004d82db2eecbcafc34004d2cd81a1515f1cde2a40d4188f58cceab8aef9b8,21550420,
paper/history/runs/q4_closed_loop_20260913/readable/smoke/config.json,results/history/experiment_result-8ef9ef8/runs/q4_closed_loop_20260913/readable/smoke/config.json,原样归档,556fef24a12f03217e1c30b04544c2266906ee9ff063d390dda39dc35f980224,872,
paper/history/runs/q4_closed_loop_20260913/readable/smoke/seed_manifest.json,results/history/experiment_result-8ef9ef8/runs/q4_closed_loop_20260913/readable/smoke/seed_manifest.json,原样归档,cabc54fb26fe7ffc086badd80e426ae238de8fe8118edabdfe2d9b8f54667656,290,
paper/history/runs/q4_closed_loop_20260913/readable/smoke/status.json,results/history/experiment_result-8ef9ef8/runs/q4_closed_loop_20260913/readable/smoke/status.json,原样归档,4c5c41fde72d749f8a0f9a0866ab1271309f8b13b1f4c794c091075a6dc126c9,2071,
paper/history/runs/q4_closed_loop_20260913/readable/smoke2/config.json,results/history/experiment_result-8ef9ef8/runs/q4_closed_loop_20260913/readable/smoke2/config.json,原样归档,b309961fb74e584ba3762d68b64fc0c30169bb8b7a80ae15c55b610d7a439461,874,
paper/history/runs/q4_closed_loop_20260913/readable/smoke2/seed_manifest.json,results/history/experiment_result-8ef9ef8/runs/q4_closed_loop_20260913/readable/smoke2/seed_manifest.json,原样归档,cabc54fb26fe7ffc086badd80e426ae238de8fe8118edabdfe2d9b8f54667656,290,
paper/history/runs/q4_closed_loop_20260913/readable/smoke2/status.json,results/history/experiment_result-8ef9ef8/runs/q4_closed_loop_20260913/readable/smoke2/status.json,原样归档,16e8df3c8dc6fc9b5ed846af9298b2f3ed53eb929f822379f3ec5e194741c205,2074,
paper/history/runs/q4_closed_loop_20260913/readable/smoke3/config.json,results/history/experiment_result-8ef9ef8/runs/q4_closed_loop_20260913/readable/smoke3/config.json,原样归档,b7b40c17b2f3c66df4f6a6f29f70401a62b5383e7032450ca4ecefe4a2474145,904,
paper/history/runs/q4_closed_loop_20260913/readable/smoke3/seed_manifest.json,results/history/experiment_result-8ef9ef8/runs/q4_closed_loop_20260913/readable/smoke3/seed_manifest.json,原样归档,cabc54fb26fe7ffc086badd80e426ae238de8fe8118edabdfe2d9b8f54667656,290,
paper/history/runs/q4_closed_loop_20260913/readable/smoke3/status.json,results/history/experiment_result-8ef9ef8/runs/q4_closed_loop_20260913/readable/smoke3/status.json,原样归档,a86693deb32a8e3d239932b4caf6b0a8725dc89811e8470704ab4131bb03cd3c,370,
paper/history/runs/q4_continue_paired_3000_20260912/archive_manifest.json,results/history/experiment_result-8ef9ef8/runs/q4_continue_paired_3000_20260912/archive_manifest.json,原样归档,91c8daa45d90433ada2493a3d884d45d0283b00269ef2532397ac772d362c2db,2298,
paper/history/runs/q4_continue_paired_3000_20260912/data.tar.gz.part000,results/history/experiment_result-8ef9ef8/runs/q4_continue_paired_3000_20260912/data.tar.gz.part000,原样归档,6a16f1fbb93681e6e2890d783f8871bacefae2ff47b3fc87cb05e5761a89e801,2511722,
paper/history/runs/q4_continue_paired_3000_20260912/readable/manifest.json,results/history/experiment_result-8ef9ef8/runs/q4_continue_paired_3000_20260912/readable/manifest.json,原样归档,af916681bfd85c361a10c8298011fd9867cc7833c534f6e1cdb39f64022580f3,5679,
paper/history/runs/q4_continue_paired_3000_20260912/readable/paired_distribution.pdf,results/history/experiment_result-8ef9ef8/runs/q4_continue_paired_3000_20260912/readable/paired_distribution.pdf,原样归档,832bf9419bbdfaef56a0ba13cbdf6e43a49034b29e068f95ac9ed80e46c2ae75,23540,
paper/history/runs/q4_continue_paired_3000_20260912/readable/paired_distribution.png,results/history/experiment_result-8ef9ef8/runs/q4_continue_paired_3000_20260912/readable/paired_distribution.png,原样归档,3417f305268adc35fbe68a1bed78aa343708b89d46b6ed26d50c9472e80d6e83,93795,
paper/history/runs/q4_continue_paired_3000_20260912/readable/report.md,results/history/experiment_result-8ef9ef8/runs/q4_continue_paired_3000_20260912/readable/report.md,原样归档,986622dc260e48b53d6a667db06262a2bbfa4d80ef0161fe10b6c851d15eebb2,3298,
paper/history/runs/q4_continue_paired_3000_20260912/readable/status.json,results/history/experiment_result-8ef9ef8/runs/q4_continue_paired_3000_20260912/readable/status.json,原样归档,964b152afd1b4c43b1847e4769397627dcee9498be083769ee933bbcce3bd21c,78,
paper/history/runs/q4_continue_paired_3000_20260912/readable/summary.json,results/history/experiment_result-8ef9ef8/runs/q4_continue_paired_3000_20260912/readable/summary.json,原样归档,3c2c3c3ad298ba76aa1404fc237ced8a5d42c55bfaa75165472fdf06003b7139,46363,
paper/history/runs/q4_continue_paired_smoke_20260912/archive_manifest.json,results/history/experiment_result-8ef9ef8/runs/q4_continue_paired_smoke_20260912/archive_manifest.json,原样归档,6bf8117d09628cbfccd116e4a65db69a49f0aa4e400acd78d394c9dbf02c584c,2115,
paper/history/runs/q4_continue_paired_smoke_20260912/data.tar.gz.part000,results/history/experiment_result-8ef9ef8/runs/q4_continue_paired_smoke_20260912/data.tar.gz.part000,原样归档,95527d7445357c0347aa229cc8c7d2f6172cea06d07cd278fa3228fc4f150c1a,114067,
paper/history/runs/q4_continue_paired_smoke_20260912/readable/manifest.json,results/history/experiment_result-8ef9ef8/runs/q4_continue_paired_smoke_20260912/readable/manifest.json,原样归档,d33ad544a692cc8845a627d8350136c4b51dd425efc909d0aae77159e30290e3,5675,
paper/history/runs/q4_continue_paired_smoke_20260912/readable/paired_distribution.pdf,results/history/experiment_result-8ef9ef8/runs/q4_continue_paired_smoke_20260912/readable/paired_distribution.pdf,原样归档,d30d9c79df3a6cf1088be2ec0bcd7ea5575e437df5dc21fb4096dc81a2e8e146,23207,
paper/history/runs/q4_continue_paired_smoke_20260912/readable/paired_distribution.png,results/history/experiment_result-8ef9ef8/runs/q4_continue_paired_smoke_20260912/readable/paired_distribution.png,原样归档,2b1adca102442b637f7617ae3fc2184116ecba1d2808c7e09d46a3438d82a6b8,95556,
paper/history/runs/q4_continue_paired_smoke_20260912/readable/report.md,results/history/experiment_result-8ef9ef8/runs/q4_continue_paired_smoke_20260912/readable/report.md,原样归档,f5ab87c06c8084789801ab609f6ece81bedc478fd75db801b7e3109eda631645,1755,
paper/history/runs/q4_continue_paired_smoke_20260912/readable/status.json,results/history/experiment_result-8ef9ef8/runs/q4_continue_paired_smoke_20260912/readable/status.json,原样归档,912d9898db759a10323bb5c99bf70ca615ab5cc885002d84c4a635cfabe3184c,75,
paper/history/runs/q4_continue_paired_smoke_20260912/readable/summary.json,results/history/experiment_result-8ef9ef8/runs/q4_continue_paired_smoke_20260912/readable/summary.json,原样归档,38f36f58a59195b207d9add6a2264b0b7144175f16d6b30a5455403f8b5e886d,36058,
paper/history/runs/q4_empty_arena_20260913/archive_manifest.json,results/history/experiment_result-8ef9ef8/runs/q4_empty_arena_20260913/archive_manifest.json,原样归档,c52edb503a75c8ae8df757512dd6557c61b509f8994807721e6b95d365ca5ab9,1298,
paper/history/runs/q4_empty_arena_20260913/data.tar.gz.part000,results/history/experiment_result-8ef9ef8/runs/q4_empty_arena_20260913/data.tar.gz.part000,原样归档,7e2d7d911516026ce9e5d5164b97cc70f898be08c4e2fc26a349bf30568bfa30,14841,
paper/history/runs/q4_empty_arena_20260913/readable/report.md,results/history/experiment_result-8ef9ef8/runs/q4_empty_arena_20260913/readable/report.md,原样归档,6f2308dae1b1d7d64662f1a5cd96762e1881b4c4c157848ff587fef113f6fd7a,1479,
paper/history/runs/q4_empty_arena_20260913/readable/summary.json,results/history/experiment_result-8ef9ef8/runs/q4_empty_arena_20260913/readable/summary.json,原样归档,dc1667115d16605e230d1854ee1f863dc73e916cc5f3c8a719304d6c1e99f207,7377,
paper/history/runs/q4_layout_extremes_20260913/archive_manifest.json,results/history/experiment_result-8ef9ef8/runs/q4_layout_extremes_20260913/archive_manifest.json,原样归档,a27ad4ea500fbb2ea4b8cc2d83629dcdfe205ddc7a000cf7ff7a3a1965f03fff,7140,
paper/history/runs/q4_layout_extremes_20260913/data.tar.gz.part000,results/history/experiment_result-8ef9ef8/runs/q4_layout_extremes_20260913/data.tar.gz.part000,原样归档,bf6fbdc751d7605a40d999da593c3d04428578a443c8da7389fd0f5bc057f6b2,1682876,
paper/history/runs/q4_layout_extremes_20260913/readable/layouts.pdf,results/history/experiment_result-8ef9ef8/runs/q4_layout_extremes_20260913/readable/layouts.pdf,原样归档,2a565032c90df9e40194fcb963aee8e8a158b1e5e3ffe90e6b6c7f9ea86d8233,95962,
paper/history/runs/q4_layout_extremes_20260913/readable/layouts.png,results/history/experiment_result-8ef9ef8/runs/q4_layout_extremes_20260913/readable/layouts.png,原样归档,75ad6f36ceddb45e0b7573a675bc2a3121bcf501b1086736d79b1ff2f2a56671,808332,
paper/history/runs/q4_layout_extremes_20260913/readable/manifest.json,results/history/experiment_result-8ef9ef8/runs/q4_layout_extremes_20260913/readable/manifest.json,原样归档,7f983cb3368d2c7c5ebe1bce47e3bb7c1211a178b0da6ec74af5e96f6acf1cb2,997,
paper/history/runs/q4_layout_extremes_20260913/readable/report.md,results/history/experiment_result-8ef9ef8/runs/q4_layout_extremes_20260913/readable/report.md,原样归档,077c47f6567f351676133807c669f93972f832df3537a79307a13c6d0fb857b2,5734,
paper/history/runs/q4_layout_extremes_20260913/readable/status.json,results/history/experiment_result-8ef9ef8/runs/q4_layout_extremes_20260913/readable/status.json,原样归档,0b91e3b071bd5f97c07c28a3eff29eefd45e03505116126ceafcc080ba62e73b,56,
paper/history/runs/q4_layout_extremes_20260913/readable/summary.json,results/history/experiment_result-8ef9ef8/runs/q4_layout_extremes_20260913/readable/summary.json,原样归档,ff0f44d3384c11d9e68e3105a3a8c01afb0b6efa6f26e40f65fc0ea6859332b6,13797,
paper/history/runs/q4_layout_extremes_20260913/readable/time_extremes.pdf,results/history/experiment_result-8ef9ef8/runs/q4_layout_extremes_20260913/readable/time_extremes.pdf,原样归档,b1c2067433763a7f4a6af127df15be05586f613d3542167cf72b580ad8f07ce6,31961,
paper/history/runs/q4_layout_extremes_20260913/readable/time_extremes.png,results/history/experiment_result-8ef9ef8/runs/q4_layout_extremes_20260913/readable/time_extremes.png,原样归档,0a54f4660fc08d6e0c9b0d3f81e0a38f26e6c3b02816e1583137449f01c6b0be,149580,
paper/history/runs/q4_legacy_deadline_20260913/archive_manifest.json,results/history/experiment_result-8ef9ef8/runs/q4_legacy_deadline_20260913/archive_manifest.json,原样归档,459930f036712c146e82128ee3de5eec6db619bbb623a00ed32b625200b48713,813737,
paper/history/runs/q4_legacy_deadline_20260913/data.tar.gz.part000,results/history/experiment_result-8ef9ef8/runs/q4_legacy_deadline_20260913/data.tar.gz.part000,原样归档,0d0f1cefb2d3510d0d724d999a45705750460a6ea68e3a10100440d4474d559b,41943040,
paper/history/runs/q4_legacy_deadline_20260913/data.tar.gz.part001,results/history/experiment_result-8ef9ef8/runs/q4_legacy_deadline_20260913/data.tar.gz.part001,原样归档,f847e4efc01a4fb71d427928b990f3806901e647e9365aed84e477e6ca1e8df2,14499209,
paper/history/runs/q4_legacy_deadline_20260913/readable/config.json,results/history/experiment_result-8ef9ef8/runs/q4_legacy_deadline_20260913/readable/config.json,原样归档,c9d72f920ca5bc1b8c1ccbe4d2d6ae5c2be3835700f520c1997fb43da4e35bfa,746,
paper/history/runs/q4_legacy_deadline_20260913/readable/seed_manifest.json,results/history/experiment_result-8ef9ef8/runs/q4_legacy_deadline_20260913/readable/seed_manifest.json,原样归档,6ec5f9c6ac979f0b188105539607d39add61fcb496abb88ba39f63750e84ed1c,172,
paper/history/runs/q4_legacy_deadline_20260913/readable/status.json,results/history/experiment_result-8ef9ef8/runs/q4_legacy_deadline_20260913/readable/status.json,原样归档,2965775defd802163a85cecc50fb4cd49282ddb055a73820d6154fc23ac061e9,268,
paper/history/runs/q4_legacy_deadline_smoke_20260913/archive_manifest.json,results/history/experiment_result-8ef9ef8/runs/q4_legacy_deadline_smoke_20260913/archive_manifest.json,原样归档,b34748f2fa0c7a89374fde0e6483a601781b4c9bd7e6e5335ff19089f4817280,2325,
paper/history/runs/q4_legacy_deadline_smoke_20260913/data.tar.gz.part000,results/history/experiment_result-8ef9ef8/runs/q4_legacy_deadline_smoke_20260913/data.tar.gz.part000,原样归档,00bd306b20e8f20ed8212f8870816552be1d620e779abc8a2145cb7d0b3a1e42,26394,
paper/history/runs/q4_legacy_deadline_smoke_20260913/readable/config.json,results/history/experiment_result-8ef9ef8/runs/q4_legacy_deadline_smoke_20260913/readable/config.json,原样归档,c7901f17047bf97b67c2a6f0f74708f4dfd77da4ba1261156eef5a759ea346b7,746,
paper/history/runs/q4_legacy_deadline_smoke_20260913/readable/seed_manifest.json,results/history/experiment_result-8ef9ef8/runs/q4_legacy_deadline_smoke_20260913/readable/seed_manifest.json,原样归档,8dc29a73b3a8155d941a515a542d738b124eb127cef591711b1d9d37d53fda0c,166,
paper/history/runs/q4_legacy_deadline_smoke_20260913/readable/status.json,results/history/experiment_result-8ef9ef8/runs/q4_legacy_deadline_smoke_20260913/readable/status.json,原样归档,0b16a1e7f872588e19fdbe968fa4e1256ba121f4b760ad80a576178e9cf98e05,270,
paper/history/runs/q4_old_new_paired_20260912_v2/archive_manifest.json,results/history/experiment_result-8ef9ef8/runs/q4_old_new_paired_20260912_v2/archive_manifest.json,原样归档,e033d013b95d0c8d084a6c620703478989deb129c4160886eafe7c55832fac12,785,
paper/history/runs/q4_old_new_paired_20260912_v2/data.tar.gz.part000,results/history/experiment_result-8ef9ef8/runs/q4_old_new_paired_20260912_v2/data.tar.gz.part000,原样归档,51d57114551a4c67c555d4a8444860ca167dd07e1fb53570e8df1f7f84f4d167,487683,
paper/history/runs/q4_old_new_paired_20260912_v2/readable/summary.json,results/history/experiment_result-8ef9ef8/runs/q4_old_new_paired_20260912_v2/readable/summary.json,原样归档,9df414f2fed2e329e33cfcf438a66d559e502c7fc109a887dd313309315a2c97,353,
paper/history/runs/q4_optimization_20260912/archive_manifest.json,results/history/experiment_result-8ef9ef8/runs/q4_optimization_20260912/archive_manifest.json,原样归档,75acde1f92fd77b3f164eec4bdf19d8ddca3ec6c02ebdbe82d379cc0cc390413,6449,
paper/history/runs/q4_optimization_20260912/data.tar.gz.part000,results/history/experiment_result-8ef9ef8/runs/q4_optimization_20260912/data.tar.gz.part000,原样归档,bd7459cc93831411f3205dfcda5c34f5f4c514420485d0bea410288932716a54,29494,
paper/history/runs/q4_optimization_20260912/readable/audit.md,results/history/experiment_result-8ef9ef8/runs/q4_optimization_20260912/readable/audit.md,原样归档,a013a4614f0f29767e427594bd1acf9c9347d3ab988056072906eb9dcd8bbc76,2095,
paper/history/runs/q4_optimization_20260912/readable/gpu_smoke/config.json,results/history/experiment_result-8ef9ef8/runs/q4_optimization_20260912/readable/gpu_smoke/config.json,原样归档,ec67fee958dd58b52a0c0ebf162bd8deb42f40c4e6d5ad135203d884a356e2cc,654,
paper/history/runs/q4_optimization_20260912/readable/gpu_smoke/seed_manifest.json,results/history/experiment_result-8ef9ef8/runs/q4_optimization_20260912/readable/gpu_smoke/seed_manifest.json,原样归档,4a437d9752de25271c1e635a60d4df35276fbaf1c70e7386a7214b6d2daa450b,172,
paper/history/runs/q4_optimization_20260912/readable/gpu_smoke/status.json,results/history/experiment_result-8ef9ef8/runs/q4_optimization_20260912/readable/gpu_smoke/status.json,原样归档,a44a389b159d5b2e63c96a10dd7b6313fb1f9a4228d0bfdadb9a1c91f73fbb5e,141,
paper/history/runs/q4_optimization_20260912/readable/gpu_smoke2/config.json,results/history/experiment_result-8ef9ef8/runs/q4_optimization_20260912/readable/gpu_smoke2/config.json,原样归档,66bf362adc92bb2dd73f88bed03004f4324501ca65c5b21b27a5a5e57454c12b,679,
paper/history/runs/q4_optimization_20260912/readable/gpu_smoke2/seed_manifest.json,results/history/experiment_result-8ef9ef8/runs/q4_optimization_20260912/readable/gpu_smoke2/seed_manifest.json,原样归档,9ebd8b038a8e2b5a4c7da63a8b941d1052e9176bebce5f3c552d8f78e98ed4de,172,
paper/history/runs/q4_optimization_20260912/readable/gpu_smoke2/status.json,results/history/experiment_result-8ef9ef8/runs/q4_optimization_20260912/readable/gpu_smoke2/status.json,原样归档,dbd8976a367b29096e6d72b10107708e8e8c6280e78dc7d5412ec3fa27e0e4d2,140,
paper/history/runs/q4_optimization_20260912/readable/gpu_smoke3/config.json,results/history/experiment_result-8ef9ef8/runs/q4_optimization_20260912/readable/gpu_smoke3/config.json,原样归档,1b217f559169400167446bef7f5ea89ccce0196d338c1ce138d343ba3b07d356,698,
paper/history/runs/q4_optimization_20260912/readable/gpu_smoke3/seed_manifest.json,results/history/experiment_result-8ef9ef8/runs/q4_optimization_20260912/readable/gpu_smoke3/seed_manifest.json,原样归档,9ebd8b038a8e2b5a4c7da63a8b941d1052e9176bebce5f3c552d8f78e98ed4de,172,
paper/history/runs/q4_optimization_20260912/readable/gpu_smoke3/status.json,results/history/experiment_result-8ef9ef8/runs/q4_optimization_20260912/readable/gpu_smoke3/status.json,原样归档,d08000e3df0e81b89ed581c7dc1fd934dd1bbfe29a5a17a97e12067140d7699f,213,
paper/history/runs/q4_optimization_20260912/readable/gpu_smoke3/test_selection.json,results/history/experiment_result-8ef9ef8/runs/q4_optimization_20260912/readable/gpu_smoke3/test_selection.json,原样归档,3e01e6537ecfcaead9baab82386d814645c57141e7657d56f143aecb8e3ecb35,165,
paper/history/runs/q4_optimization_20260912/readable/layout31_proof.json,results/history/experiment_result-8ef9ef8/runs/q4_optimization_20260912/readable/layout31_proof.json,原样归档,7d83d0ad068b852281897368c35d34f2bae6142b8ca8208e62d8786e3b29e32a,352736,
paper/history/runs/q4_optimization_20260912/readable/status.json,results/history/experiment_result-8ef9ef8/runs/q4_optimization_20260912/readable/status.json,原样归档,874d4a7bce3dcfe2ea6b8c2678e22512c0342101c1eb65c5edf1e47c283f2725,2066,
paper/history/runs/q4_planning_ablation_20260913/archive_manifest.json,results/history/experiment_result-8ef9ef8/runs/q4_planning_ablation_20260913/archive_manifest.json,原样归档,a1d76dedcd446330a49a1de34d6d4fa655b9860795173a5b8160b23e74d6164d,5765,
paper/history/runs/q4_planning_ablation_20260913/data.tar.gz.part000,results/history/experiment_result-8ef9ef8/runs/q4_planning_ablation_20260913/data.tar.gz.part000,原样归档,71ca50e5f98212934519a7de1e7d85c5ff41035a430579937c44273c00c43978,6411798,
paper/history/runs/q4_planning_ablation_20260913/readable/smoke/manifest.json,results/history/experiment_result-8ef9ef8/runs/q4_planning_ablation_20260913/readable/smoke/manifest.json,原样归档,a22d07532f4fe1eb4a72ec0d8efa06275d24f9c9a02701b39232aa38bfe89377,5789,
paper/history/runs/q4_planning_ablation_20260913/readable/smoke/status.json,results/history/experiment_result-8ef9ef8/runs/q4_planning_ablation_20260913/readable/smoke/status.json,原样归档,928d5cecae394c4df245ca5496114ad21a42fc9536a7c555c389d83e88c2b09e,130,
paper/history/runs/q4_planning_ablation_20260913/readable/test3000/comparison.pdf,results/history/experiment_result-8ef9ef8/runs/q4_planning_ablation_20260913/readable/test3000/comparison.pdf,原样归档,27a5b6d2a4e91ad7d8982f2391cf1f9b48015615febdd46faf9d7dc8a078b222,44024,
paper/history/runs/q4_planning_ablation_20260913/readable/test3000/comparison.png,results/history/experiment_result-8ef9ef8/runs/q4_planning_ablation_20260913/readable/test3000/comparison.png,原样归档,607f4852e48307b7556edbc1363eaaf1c5f5ef344021e3c78f961faec085b335,270775,
paper/history/runs/q4_planning_ablation_20260913/readable/test3000/last_clear_comparison/last_clear_lines.pdf,results/history/experiment_result-8ef9ef8/runs/q4_planning_ablation_20260913/readable/test3000/last_clear_comparison/last_clear_lines.pdf,原样归档,c9c6d7e119cd236450975a07d1e34a3784c8fb5e52688aaa56eb5a68b91472dd,100469,
paper/history/runs/q4_planning_ablation_20260913/readable/test3000/last_clear_comparison/last_clear_lines.png,results/history/experiment_result-8ef9ef8/runs/q4_planning_ablation_20260913/readable/test3000/last_clear_comparison/last_clear_lines.png,原样归档,184938504e6e2c1cc3b852619f796e9299dbc90fb70c3e41cae46ef4f0dca16e,1751131,
paper/history/runs/q4_planning_ablation_20260913/readable/test3000/last_clear_comparison/report.md,results/history/experiment_result-8ef9ef8/runs/q4_planning_ablation_20260913/readable/test3000/last_clear_comparison/report.md,原样归档,65e3e7a65e217eb69ea09a8e78ad8b16b91474394b23055007be9142c694fa9a,1005,
paper/history/runs/q4_planning_ablation_20260913/readable/test3000/last_clear_comparison/summary.json,results/history/experiment_result-8ef9ef8/runs/q4_planning_ablation_20260913/readable/test3000/last_clear_comparison/summary.json,原样归档,7d8642f8f96467c2b36de56177cf619cee36ce34d5d362b85288d9de2e1f379a,865,
paper/history/runs/q4_planning_ablation_20260913/readable/test3000/manifest.json,results/history/experiment_result-8ef9ef8/runs/q4_planning_ablation_20260913/readable/test3000/manifest.json,原样归档,2be5bd5f1d9bfd8f529fff74c9e67af1d625b4eb186c7687163eaea3ddbfe94c,5792,
paper/history/runs/q4_planning_ablation_20260913/readable/test3000/report.md,results/history/experiment_result-8ef9ef8/runs/q4_planning_ablation_20260913/readable/test3000/report.md,原样归档,1bd9538a8ade95df0a37398c94c3bb8a675f28ed73b2f13e8fb0167827d76815,8224,
paper/history/runs/q4_planning_ablation_20260913/readable/test3000/status.json,results/history/experiment_result-8ef9ef8/runs/q4_planning_ablation_20260913/readable/test3000/status.json,原样归档,affaf27bca168a2f2b27f8266c6b901e999c91d0915836a2a5e0a462e0188f2d,132,
paper/history/runs/q4_planning_ablation_20260913/readable/test3000/summary.json,results/history/experiment_result-8ef9ef8/runs/q4_planning_ablation_20260913/readable/test3000/summary.json,原样归档,36a9a67d74350a1b4d141895224a42939f1bf74d22c0435eb2ddee9f80880358,50680,
paper/history/runs/q4_ppo_20260911/archive_manifest.json,results/history/experiment_result-8ef9ef8/runs/q4_ppo_20260911/archive_manifest.json,原样归档,59a80cd490092b145ca978efb0dc18d3a67c1deda3371205a1ad9ea09f21c10a,13679,
paper/history/runs/q4_ppo_20260911/data.tar.gz.part000,results/history/experiment_result-8ef9ef8/runs/q4_ppo_20260911/data.tar.gz.part000,原样归档,946d34217a938abdc846701439552f7bdf625c480d1a67bb5c58085cd64694e1,241525,
paper/history/runs/q4_ppo_20260911/readable/config.json,results/history/experiment_result-8ef9ef8/runs/q4_ppo_20260911/readable/config.json,原样归档,eb3c67097096191360f1fd686d8a5231ee9cc10b9e1ce86c06441015bfc9ab50,489,
paper/history/runs/q4_ppo_20260911/readable/status.json,results/history/experiment_result-8ef9ef8/runs/q4_ppo_20260911/readable/status.json,原样归档,fd9053c292e6962577fe374787652f7b9d65d0c9293a71e4392a2ada969370ff,238,
paper/history/runs/q4_repaired_20260912/archive_manifest.json,results/history/experiment_result-8ef9ef8/runs/q4_repaired_20260912/archive_manifest.json,原样归档,45249d4622268cf36c17c3c5428086122d9d41075066870b1f2d1fbf576b08a7,27837,
paper/history/runs/q4_repaired_20260912/data.tar.gz.part000,results/history/experiment_result-8ef9ef8/runs/q4_repaired_20260912/data.tar.gz.part000,原样归档,32b8919cdbb10edce02dc0fcc9d4e7abeed80de6a9d086a3fb53f23c14cdd21d,2645148,
paper/history/runs/q4_repaired_20260912/readable/evaluation_summary.json,results/history/experiment_result-8ef9ef8/runs/q4_repaired_20260912/readable/evaluation_summary.json,原样归档,35004c79713f729d57d580bc5daf00f547fbdc52a65fd5372aaf3ce5cc7079cf,5558,
paper/history/runs/q4_repaired_20260912/readable/per_source_distribution.pdf,results/history/experiment_result-8ef9ef8/runs/q4_repaired_20260912/readable/per_source_distribution.pdf,原样归档,fcbbb6bf4b4e06ef092631f3244d2b9da0d7e1b7e47cc1ddb6ee1fb894adf31e,28086,
paper/history/runs/q4_repaired_20260912/readable/per_source_distribution.png,results/history/experiment_result-8ef9ef8/runs/q4_repaired_20260912/readable/per_source_distribution.png,原样归档,733264fd95d17ba4fbef865d28fbefc0b4b04fea21fa611424410d57f12565bc,112555,
paper/history/runs/q4_repaired_20260912/readable/preflight/summary.json,results/history/experiment_result-8ef9ef8/runs/q4_repaired_20260912/readable/preflight/summary.json,原样归档,5a8fe0087e3388760d6e8b274f4505b8392f00bdd85aaeca30501db329e49976,9314,
paper/history/runs/q4_repaired_20260912/readable/smoke/config.json,results/history/experiment_result-8ef9ef8/runs/q4_repaired_20260912/readable/smoke/config.json,原样归档,324faa290268af6c8c74698bd3bb7301d859385831d9a6e8004696166f8a092d,572,
paper/history/runs/q4_repaired_20260912/readable/smoke/seed_manifest.json,results/history/experiment_result-8ef9ef8/runs/q4_repaired_20260912/readable/smoke/seed_manifest.json,原样归档,9122f852787779c65f18725d902b2bef7ebde9b7c621009e56360b63ed3c8c88,287,
paper/history/runs/q4_repaired_20260912/readable/smoke/status.json,results/history/experiment_result-8ef9ef8/runs/q4_repaired_20260912/readable/smoke/status.json,原样归档,cc872e9b57b7d409da26c3bf2d0ba25965466692c9396f77c892c899e31bc5db,121,
paper/history/runs/q4_repaired_20260912/readable/smoke/test_selection.json,results/history/experiment_result-8ef9ef8/runs/q4_repaired_20260912/readable/smoke/test_selection.json,原样归档,a010d705b6ca6a1066fd9e36cff150e96c40cda0ea05a97ffb6bc761fdca9df4,95,
paper/history/runs/q4_repaired_20260912/readable/smoke_config.json,results/history/experiment_result-8ef9ef8/runs/q4_repaired_20260912/readable/smoke_config.json,原样归档,ff11e7c24ba86b4c99b150e33841459c6817ca69237e2805c53400ecfc8084d5,444,
paper/history/runs/q4_repaired_20260912/readable/train/config.json,results/history/experiment_result-8ef9ef8/runs/q4_repaired_20260912/readable/train/config.json,原样归档,7ecd980bf66e1affd1143f1f894b5faa0a08e3c9c788d873fb1267904083e736,581,
paper/history/runs/q4_repaired_20260912/readable/train/seed_manifest.json,results/history/experiment_result-8ef9ef8/runs/q4_repaired_20260912/readable/train/seed_manifest.json,原样归档,3448c381d7d5b757aa4269d256b73623c494a6fcf4ddaf158d36ae3d2bf81884,295,
paper/history/runs/q4_repaired_20260912/readable/train/status.json,results/history/experiment_result-8ef9ef8/runs/q4_repaired_20260912/readable/train/status.json,原样归档,35d518d726a35f6ca3fca0fb6fe66c2dc51adb656cc935b2743afa1fcd0097b2,121,
paper/history/runs/q4_repaired_20260912/readable/train/test_selection.json,results/history/experiment_result-8ef9ef8/runs/q4_repaired_20260912/readable/train/test_selection.json,原样归档,680331f2c0f2ec93b6e8355eb7b7bb4e27511c3f99ed5fe7ee86f881c87ae2e4,93,
paper/history/runs/q4_repaired_20260912/readable/train_config.json,results/history/experiment_result-8ef9ef8/runs/q4_repaired_20260912/readable/train_config.json,原样归档,1314dddde71886a6947d52d43fe4f750e55ed6e1588595c6b4373e88afd81819,453,
paper/history/runs/q4_repaired_20260912/readable/training_curve.png,results/history/experiment_result-8ef9ef8/runs/q4_repaired_20260912/readable/training_curve.png,原样归档,79db7d540530e50966d23199a58acb53bc8c6ef4ce4c08eb04ba619d9619cf23,101648,
paper/history/runs/smoke_20260911/archive_manifest.json,results/history/experiment_result-8ef9ef8/runs/smoke_20260911/archive_manifest.json,原样归档,ad792449ac520c99cfc66db732a9fbc789d200be2ef9a46b85aba1a1546624c9,1432,
paper/history/runs/smoke_20260911/data.tar.gz.part000,results/history/experiment_result-8ef9ef8/runs/smoke_20260911/data.tar.gz.part000,原样归档,9e28e1a95ea735140b5a28d53b768fc4531ebb8ce7f7e71ca92390e0e439f615,10354,
paper/history/workspace/bsim/archive_manifest.json,results/history/experiment_result-8ef9ef8/workspace/bsim/archive_manifest.json,原样归档,e982895d319c48a71e0d2299f762909081b19c8afc32092011cbe68eaf10e0ca,3589,
paper/history/workspace/bsim/data.tar.gz.part000,results/history/experiment_result-8ef9ef8/workspace/bsim/data.tar.gz.part000,原样归档,bd061fdd3b51fb3af1fd9a02c8d1a77823a15a79bd0ff29e9721a8be7dfee8ec,32161,
paper/history/workspace/configs/archive_manifest.json,results/history/experiment_result-8ef9ef8/workspace/configs/archive_manifest.json,原样归档,322a96dee6675b0684eeb7f3e2fa45c9a5aacc5ef0f261541bdb5c3c6e377772,5428,
paper/history/workspace/configs/data.tar.gz.part000,results/history/experiment_result-8ef9ef8/workspace/configs/data.tar.gz.part000,原样归档,c37e34ac1ff9023cc678e967b9fd827497d4a0cb42e2558de9b2751c28a3774a,4146,
paper/history/workspace/docs/archive_manifest.json,results/history/experiment_result-8ef9ef8/workspace/docs/archive_manifest.json,原样归档,1c97486b23db82b57d7b39460264ae7010ee2acc6f9463ec66bfc4b693ab1ee3,3273,
paper/history/workspace/docs/data.tar.gz.part000,results/history/experiment_result-8ef9ef8/workspace/docs/data.tar.gz.part000,原样归档,f7314cd50fc5f152590734e58401a8ece381137f4e5bf5f62ff49f1314828834,451473,
paper/history/workspace/experiments/archive_manifest.json,results/history/experiment_result-8ef9ef8/workspace/experiments/archive_manifest.json,原样归档,cd33ca094571b68d5f555b79577d094e406d17c9dbd50f068428e6b3b133b3d5,578,
paper/history/workspace/experiments/data.tar.gz.part000,results/history/experiment_result-8ef9ef8/workspace/experiments/data.tar.gz.part000,原样归档,2b6b867e968c92bfdc6350aea42a4f8c57f313bee9d541474833ef7f93e4aa20,1791,
paper/history/workspace/external_logs/archive_manifest.json,results/history/experiment_result-8ef9ef8/workspace/external_logs/archive_manifest.json,原样归档,1c754f9a8bae81f9347561477f1d7eeb6434a2bc0804d55440a3574c348048c3,2062,
paper/history/workspace/external_logs/data.tar.gz.part000,results/history/experiment_result-8ef9ef8/workspace/external_logs/data.tar.gz.part000,原样归档,aa653b2de7c5afd8b5ab1c055c4168683957a324e5e5b682584a431c00924e2d,7975,
paper/history/workspace/logs/archive_manifest.json,results/history/experiment_result-8ef9ef8/workspace/logs/archive_manifest.json,原样归档,9e30b3d225d6c441138dc170b805a5b01932d683b854bd7f6f66172dd70a14ce,586,
paper/history/workspace/logs/data.tar.gz.part000,results/history/experiment_result-8ef9ef8/workspace/logs/data.tar.gz.part000,原样归档,72e3988b61b9b95e7dc9deb4cc61761a46ed5da4a51754cfa9d5768ee40a15d0,613,
paper/history/workspace/reports/archive_manifest.json,results/history/experiment_result-8ef9ef8/workspace/reports/archive_manifest.json,原样归档,0b046a51ba51df37ad6158af031437ba8ab4d57a133d81465df74a952e5107f8,7045,
paper/history/workspace/reports/data.tar.gz.part000,results/history/experiment_result-8ef9ef8/workspace/reports/data.tar.gz.part000,原样归档,bbdb3f497f173a61ad247b80e5b5e4af56a1ae97ffeaf04dbee038471c964cb4,44002,
paper/history/workspace/run_logs/archive_manifest.json,results/history/experiment_result-8ef9ef8/workspace/run_logs/archive_manifest.json,原样归档,d90dc13bf203711f02e6619e262fad30a2d142b9587941d80527519cb3dcb848,3599,
paper/history/workspace/run_logs/data.tar.gz.part000,results/history/experiment_result-8ef9ef8/workspace/run_logs/data.tar.gz.part000,原样归档,4b8351869609ff87aedfaea91b3d59917ba45a6395ba3f873972968b92f11f39,72067,
paper/history/workspace/scripts/archive_manifest.json,results/history/experiment_result-8ef9ef8/workspace/scripts/archive_manifest.json,原样归档,a9b9de5ac247da005458997847256a09ffb4e0a8f288dc8d3b0ba8fffe5912c8,9368,
paper/history/workspace/scripts/data.tar.gz.part000,results/history/experiment_result-8ef9ef8/workspace/scripts/data.tar.gz.part000,原样归档,5a5b3cfbee94c5e49547411796bcc3e3985a435492735dd5d2a39b830f3c1f05,103788,
paper/history/workspace/solution/archive_manifest.json,results/history/experiment_result-8ef9ef8/workspace/solution/archive_manifest.json,原样归档,4f9f5558446b040018d9d4b4901da585e547659d232fd68d5a0e444f7d49b5d9,5908,
paper/history/workspace/solution/data.tar.gz.part000,results/history/experiment_result-8ef9ef8/workspace/solution/data.tar.gz.part000,原样归档,2a35f55077e3510934ef9b590e93421d1f433f545d6bd97284a2267d9ddacd26,53901,
paper/history/workspace/tests/archive_manifest.json,results/history/experiment_result-8ef9ef8/workspace/tests/archive_manifest.json,原样归档,457e74bea8f0bba76b985d74682d6989381e98259562a1a77488e2de78d259e1,4389,
paper/history/workspace/tests/data.tar.gz.part000,results/history/experiment_result-8ef9ef8/workspace/tests/data.tar.gz.part000,原样归档,098408938ac7f7e2e2a0b49728a760e26618d311206b4e6204a543687239e8b2,23990,
paper/model_registry.json,records/inventory/models-final-20260913.json,整合说明或索引,96a5e0faf96c80935094e2c9d64f14511761351b6c24dce3c78e3b599b736674,29845,按实际模型身份及新目录更新；保留 main 的 LIT-Q2-01
paper/official_logs/logQ4.jsonl,results/official/q4-20260913/logQ4.jsonl,原样归档,ae0acc005455bcc21b400f0898b635bc94cb4b6abe95e7470684757ba357e028,133416,客户端单例；类型未标明，保留原文件名
paper/protocols/B3.MD,records/protocols/experiment_result-8ef9ef8/B3.MD,原样归档,76cbc89410f013b979005c1a827549f3cf603d7700ea6e76bf413c360f1b45e2,7455,
paper/protocols/Q3_Q4优化方案codex执行提示词.MD,records/protocols/experiment_result-8ef9ef8/Q3_Q4优化方案codex执行提示词.MD,原样归档,bbea50630b1188c9a870a6a3fac896cb5aee355f57e69b9de34eacb12882416b,35394,
paper/protocols/Q3gpu搜索加速提示词.MD,records/protocols/experiment_result-8ef9ef8/Q3gpu搜索加速提示词.MD,原样归档,5cb1cf672efe888ba8dbfc8beb1f71f5a284dace85b3da6b9833a42dbec65f3d,18036,
paper/protocols/Q3微调方案提示词.MD,records/protocols/experiment_result-8ef9ef8/Q3微调方案提示词.MD,原样归档,af360cfbd8d5fe4ac361e4af987d430fa3fe8a31c32ad8d1ef64a37cd2e443f8,46578,
paper/protocols/Q4-2优化.MD,records/protocols/experiment_result-8ef9ef8/Q4-2优化.MD,原样归档,529727ce245353c83bf353895b4db8c5c41225d8dd2cb587d3cfc4f51d58a5db,13908,
paper/protocols/Q4优化方案.MD,records/protocols/experiment_result-8ef9ef8/Q4优化方案.MD,原样归档,467fbfa48bd8cacca195a356d760181421e948374840f50aa07879c84faf6c5d,53582,
paper/protocols/官方模拟器构建提示词.MD,records/protocols/experiment_result-8ef9ef8/官方模拟器构建提示词.MD,原样归档,f56d68f2fd8af28bf152eb17c37a0db5e599b705e5aaafaab75b2c9ed400fcb2,29847,
paper/protocols/方案二.MD,records/protocols/experiment_result-8ef9ef8/方案二.MD,原样归档,5974cb0a7d020624f6af2d372512ad763ca9c906f7590e39d413fe141eb093af,40906,
paper/protocols/方案二执行提示词.MD,records/protocols/experiment_result-8ef9ef8/方案二执行提示词.MD,原样归档,cd233d66f7febabf92dc6c0f8d6904566b76f40c3f99055b4fde7b5b08bf00a4,38611,
paper/provenance/archive_index.json,records/acceptance/experiment_result-8ef9ef8/source-provenance/archive_index.json,原样归档,8d19abe817f9593cb3bacf45480c1edcba19b84a83eb78685c5886e0e2f8dfa2,5705,
paper/provenance/cache_only_model_inventory.json,records/acceptance/experiment_result-8ef9ef8/source-provenance/cache_only_model_inventory.json,原样归档,71da5d86fe3891529595fabe7740d435aeefdb7fce5aac2f2d2942fca5313e8d,24653,
paper/provenance/checks/README.md,records/acceptance/experiment_result-8ef9ef8/source-provenance/checks/README.md,原样归档,509ff449988d0b1d9944220f2d3ee2c4d75b3a17a44c329c0c5b6959aa78afe1,595,
paper/provenance/checks/archive_extractor.json,records/acceptance/experiment_result-8ef9ef8/source-provenance/checks/archive_extractor.json,原样归档,e40cea0a8039ed4b3c332f7661aac23d926bd9f6939027188076f08037bc6e00,37,
paper/provenance/checks/exact_certificate.json,records/acceptance/experiment_result-8ef9ef8/source-provenance/checks/exact_certificate.json,原样归档,3990f0d59591e48a8c953fe9f62d28413d8e39090932657960e802a725638f44,331,
paper/provenance/checks/final_pair_smoke.json,records/acceptance/experiment_result-8ef9ef8/source-provenance/checks/final_pair_smoke.json,原样归档,a816f96561434c6b3c1aa42727da774b5b5fc02412a54ec796534a1a1ad14f30,4290,
paper/provenance/checks/pytest_final.txt,records/acceptance/experiment_result-8ef9ef8/source-provenance/checks/pytest_final.txt,原样归档,3a456e9804b12d359ba319db450f9eba8eb0036e303f77c5859c2151d1f42ac2,266,
paper/provenance/figure_inventory.json,records/acceptance/experiment_result-8ef9ef8/source-provenance/figure_inventory.json,原样归档,230f51d5eb72a4e6739e5f46ce890308c2ef5fe00ade125af92df741f901540a,23840,
paper/provenance/original_inventory.json,records/acceptance/experiment_result-8ef9ef8/source-provenance/original_inventory.json,原样归档,af1471c913f35690e3012f0ef0b4fea2c3bbfd01170cf7ac329f232c13fa98b5,4713479,
paper/provenance/release_verification.json,records/acceptance/experiment_result-8ef9ef8/source-provenance/release_verification.json,原样归档,8ed0514001529c323b640958a7cf64fed1d96f7257c421e52917ffafa9483d00,661,
paper/provenance/reorganization.json,records/acceptance/experiment_result-8ef9ef8/source-provenance/reorganization.json,原样归档,fadf313fb98da557ffb1bd648c0f7a959bf863c35875475e5353d17d444891c7,589,
paper/provenance/table_inputs.json,records/acceptance/experiment_result-8ef9ef8/source-provenance/table_inputs.json,原样归档,a5b51a8789ffea4888f94899f8a3590231c663e069211d22e92af7c813ad3e07,648,
paper/tables/claim_evidence.csv,handoff/tables/final-20260913/claim_evidence.csv,生成交付副本,d11b71998acfa0e91d9f218f84e0add392fb5722f1a89845a4a864cee28088e5,833,数值复核；只在新副本更新来源路径，原版由来源提交保留
paper/tables/final_by_source_count.csv,handoff/tables/final-20260913/final_by_source_count.csv,生成交付副本,597b8569d0dabb5ae0cebdb83820d22c51f504bbbab3d0a224eb1ba458b8efa4,3962,数值复核；只在新副本更新来源路径，原版由来源提交保留
paper/tables/final_main_results.csv,handoff/tables/final-20260913/final_main_results.csv,生成交付副本,f8602be1807cad93fbafc4793f0f76355592063bdba81f77630083f42215b568,915,数值复核；只在新副本更新来源路径，原版由来源提交保留
paper/tables/official_log_timing.json,handoff/tables/final-20260913/official_log_timing.json,生成交付副本,64880a7257e24f4fd5d3ef077ecc4910d0cc78ad198ad1922c66dce5bc3a6fde,534,数值复核；只在新副本更新来源路径，原版由来源提交保留
paper/tables/paired_effects.csv,handoff/tables/final-20260913/paired_effects.csv,生成交付副本,74a4c8c63a7984023f9f6a11c82e3e0993aae0774a865121d7a40ed54881eef9,799,数值复核；只在新副本更新来源路径，原版由来源提交保留
paper/tables/q3_layout_extremes.csv,handoff/tables/final-20260913/q3_layout_extremes.csv,生成交付副本,94f784860831ea8a61dabea53f0d07b0285910ecdde7e569c60a2ca37df794cb,2549,数值复核；只在新副本更新来源路径，原版由来源提交保留
paper/tables/q4_layout_extremes.csv,handoff/tables/final-20260913/q4_layout_extremes.csv,生成交付副本,1d2be1a6a6b509f5cb6a09b0b45e9bd39a83c6c9dbfd308860212a178dce1a65,2584,数值复核；只在新副本更新来源路径，原版由来源提交保留
paper/tables/q4_parent_AC_paired_last_clear_3000.csv,handoff/tables/final-20260913/q4_parent_AC_paired_last_clear_3000.csv,生成交付副本,efd6130ea2a530b649b80be1b3b327c820fc0bbe094f11a07281fae3c9b66e9e,171151,数值复核；只在新副本更新来源路径，原版由来源提交保留
paper/tables/q4_parent_absence_tail.csv,handoff/tables/final-20260913/q4_parent_absence_tail.csv,生成交付副本,da3fc8fe8eb13c0f34f862881c3bf69b2f62138545d9b8177adf28b2c10d6642,593,数值复核；只在新副本更新来源路径，原版由来源提交保留
paper/tables/q4_parent_planning_ablation.csv,handoff/tables/final-20260913/q4_parent_planning_ablation.csv,生成交付副本,da7d72f8b2feb7e9a49a6860b06c2188ca63a0783a05e7618051a92317e157d6,793,数值复核；只在新副本更新来源路径，原版由来源提交保留
paper/tables/training_data_accounting.csv,handoff/tables/final-20260913/training_data_accounting.csv,生成交付副本,0a2415fd723133ef7075996a01b824c5d15f217c98c6e6653ef047d0c6aa2086,597,数值复核；只在新副本更新来源路径，原版由来源提交保留
paper/tables/validation_curves.csv,handoff/tables/final-20260913/validation_curves.csv,生成交付副本,6c304c5d57f3e7b4a79294d76a3f12ca54341c00a967f9e3d65a255da4895271,19132,数值复核；只在新副本更新来源路径，原版由来源提交保留
paper/论文写作指导说明书.md,handoff/shared/最终方案与实验说明.md,整合说明或索引,ca3277ad789e5aa704efdc9c5cc479d11dada9a35063712bf595dac0e57661ff,20297,按实际模型身份及新目录更新；保留 main 的 LIT-Q2-01
problem/B题.pdf,problem/B题.pdf,复用 main 原题,81c992a9bee5376308c4768b58719b177f17d6ee1f9861577a851924c5a838ca,514825,
problem/附件/附件1.docx,problem/附件/附件1.docx,复用 main 原题,20a27603ea81efa8f11658b3fa5b859a69aa3ff88fb3664d2abb80d740b47553,33675,
problem/附件/附件2.docx,problem/附件/附件2.docx,复用 main 原题,c882513d5b7e0ec50f3068570ea55fdc1b5c4a5fa2d6e9e54e79b33cf0858cb2,57179,
pyproject.toml,pyproject.toml,保留 main 并整合,7a5277cd3eaa003b003788067319b68d29f09f509122ac575cb4ccb16bfcab1c,525,不覆盖 main 布局、规则和已有依赖；原版本保留于来源 Git 提交
reports/Q34_LEGACY_DEADLINE_20260913.md,results/final-20260913/reports/Q34_LEGACY_DEADLINE_20260913.md,原样归档,e735f84f20be612bfd35e6491211ceb80572f5cf489e5968399f12ef98044ac4,2230,
reports/Q4_BASELINE_8GPU_1H_20260913.md,results/final-20260913/reports/Q4_BASELINE_8GPU_1H_20260913.md,原样归档,f3e2edabde0308f6c7e6edfc4f74886ae8369fa76e01363053f0f251eac9bc60,1935,
reports/问题1_结果报告.MD,results/validation/import-c457828/reports/问题1_结果报告.MD,复用 main 原报告,0991886a62eacc08f56e11e51efe3e6394e92dafd103296731c78fd2be3fdee0,5267,
reports/问题2_结果报告.MD,results/validation/import-c457828/reports/问题2_结果报告.MD,复用 main 原报告,4e0a71d8176efae69e3e7dbce05f092c788f193833e23e18343525c15bdcf0f0,2370,
requirements-paper.txt,records/acceptance/experiment_result-8ef9ef8/source-environment/requirements-paper.txt,原样归档,1bcb235723ed6535b658fb17983658405211b7a00067ad0bdd45fb9136745509,182,服务器冻结依赖原件；不强制改变本机环境
rules/build_manifest.json,results/validation/import-b192804/rules/build_manifest.json,复用 main,4a65aafc2a92eea01cdd342e3fb5775a176444761035df8f5de39d50f093ff48,4428,
rules/source_manifest.json,results/validation/import-b192804/rules/source_manifest.json,复用 main,cf7afa50a5ce1abdbfc3dca5a335b0c2aff9df4ebbae9d79cfb7581be66ce493,639,
runs/q34_deadline_test3000_20260913/manifest.json,results/final-20260913/q34_deadline_test3000_20260913/manifest.json,原样归档,67bc8168f79225766fe8aacb72d55e53b349a72fbf0126cbe0e85f5f6b6557c1,116371,
runs/q34_deadline_test3000_20260913/paired_by_N.json,results/final-20260913/q34_deadline_test3000_20260913/paired_by_N.json,原样归档,b231c65df16ad7d37cb4520077f58d1031a609712b8009a7137ddf9d786e4be9,1714,
runs/q34_deadline_test3000_20260913/per_source_distribution.pdf,results/final-20260913/q34_deadline_test3000_20260913/per_source_distribution.pdf,原样归档,11a7673b4003a952ae57102fb449c5cdee67b530db0327dc8dcb8840db3060ef,19110,
runs/q34_deadline_test3000_20260913/per_source_distribution.png,results/final-20260913/q34_deadline_test3000_20260913/per_source_distribution.png,原样归档,9d1cc488094027f2f88635a0191a2b96718323d113c829fe4b105b745a8522a6,101667,
runs/q34_deadline_test3000_20260913/q3_baseline_samples.json,results/final-20260913/q34_deadline_test3000_20260913/q3_baseline_samples.json,原样归档,2d7043401654270917c772802eb85d43de1b9b92713a7c3e5e609c25ad83fd8c,2794002,
runs/q34_deadline_test3000_20260913/q3_baseline_strata.json,results/final-20260913/q34_deadline_test3000_20260913/q3_baseline_strata.json,原样归档,b0cfa379987f0f4438cbee2a42171848639c5207099b7c3190806f2a7e9cf3a3,10715,
runs/q34_deadline_test3000_20260913/q3_candidate_samples.json,results/final-20260913/q34_deadline_test3000_20260913/q3_candidate_samples.json,原样归档,3e69273808252978fbe0fa432cb6579d0a73830647f13f3e9c2af79efefba8e2,2793927,
runs/q34_deadline_test3000_20260913/q3_candidate_strata.json,results/final-20260913/q34_deadline_test3000_20260913/q3_candidate_strata.json,原样归档,1c49e544c3d295e52b21519833fbd2b34383e967cdcd5cb189390a2b2bb94beb,10668,
runs/q34_deadline_test3000_20260913/q4_baseline_samples.json,results/final-20260913/q34_deadline_test3000_20260913/q4_baseline_samples.json,原样归档,0dfb448dd6a5ec6e2a7659f8383b2586bea1ea70f373f67f6daf92269c46c96e,2794627,
runs/q34_deadline_test3000_20260913/q4_baseline_strata.json,results/final-20260913/q34_deadline_test3000_20260913/q4_baseline_strata.json,原样归档,c058e67f062113616f309c0fe40881af5c36d544e5e6f53d8d1ba949552c9aa9,10695,
runs/q34_deadline_test3000_20260913/q4_best_samples.json,results/final-20260913/q34_deadline_test3000_20260913/q4_best_samples.json,原样归档,3029838822251c7ad69f92583024e9580242fed07eb8b368bfa7ed24c3e0a9bf,2794102,
runs/q34_deadline_test3000_20260913/q4_best_strata.json,results/final-20260913/q34_deadline_test3000_20260913/q4_best_strata.json,原样归档,5376a5f2f47993e4fcd16c42d2efb57dcfa708d853848c0de253cc61ef2547d5,10701,
runs/q34_deadline_test3000_20260913/report.md,results/final-20260913/q34_deadline_test3000_20260913/report.md,原样归档,1ef5ea6f14a1c871334af8e6220009ba1fa8b47fcfae0a48af97f18ca5263e11,2677,
runs/q34_deadline_test3000_20260913/runtime_verification.json,results/final-20260913/q34_deadline_test3000_20260913/runtime_verification.json,原样归档,a82bdf553d7ee0c129abac08cfcba5b0fef7b766bb33768110313fd80ba5dc60,411,
runs/q34_deadline_test3000_20260913/samples.csv,results/final-20260913/q34_deadline_test3000_20260913/samples.csv,原样归档,b06c315e9a8de0327cdea21261a044439f5b24b9cf33becb5d0a74aa477a4a00,801251,
runs/q34_deadline_test3000_20260913/samples.jsonl,results/final-20260913/q34_deadline_test3000_20260913/samples.jsonl,原样归档,eeec2f905578b08be829d539d874d4937340508cb865f8b06ae1475e655997de,10231650,
runs/q34_deadline_test3000_20260913/status.json,results/final-20260913/q34_deadline_test3000_20260913/status.json,原样归档,f7dedcc8bdd6f12ee0b1d0ff0238cd8198218c261183c895417b5df395d08066,99,
runs/q34_deadline_test3000_20260913/summary.json,results/final-20260913/q34_deadline_test3000_20260913/summary.json,原样归档,cf94eb0f2bced57141a7a8cbd801863c07337559aa0ef90476af12748ff7388b,4140,
runs/q34_deadline_test3000_20260913/verification.json,results/final-20260913/q34_deadline_test3000_20260913/verification.json,原样归档,f331a0107c3978f5312f511b5228523fa62f61966e70374e2ac6b395ec5e1052,188,
runs/q3_final_best_counts_20260912/evaluation/N10_distribution.pdf,results/final-20260913/q3_final_best_counts_20260912/evaluation/N10_distribution.pdf,原样归档,b52fdd0b9083b0ce7383dc47d8c2747ce576a097ba3be20ce97bda1a1fdcf4a2,19885,
runs/q3_final_best_counts_20260912/evaluation/N10_distribution.png,results/final-20260913/q3_final_best_counts_20260912/evaluation/N10_distribution.png,原样归档,b14a75b7c9b26b77bad55b833e62d6b7b537dcdbee35d2e96eff583141764239,56989,
runs/q3_final_best_counts_20260912/evaluation/N10_samples.json,results/final-20260913/q3_final_best_counts_20260912/evaluation/N10_samples.json,原样归档,29c1345db5e5ff20761b9981d010ca9da2dac295cc7a0f059702bc03e1167ae5,834158,
runs/q3_final_best_counts_20260912/evaluation/N11_distribution.pdf,results/final-20260913/q3_final_best_counts_20260912/evaluation/N11_distribution.pdf,原样归档,630554568186c368e73c1c8d69e466e0160ef6ab6644d5c95b7e3bdb6ae64900,19901,
runs/q3_final_best_counts_20260912/evaluation/N11_distribution.png,results/final-20260913/q3_final_best_counts_20260912/evaluation/N11_distribution.png,原样归档,5cb6f29ac75442be0ad60faf96548dc9e8add2d6c2d3f2d95e2dbb0bea8aa702,57138,
runs/q3_final_best_counts_20260912/evaluation/N11_samples.json,results/final-20260913/q3_final_best_counts_20260912/evaluation/N11_samples.json,原样归档,533b3aaab85ca67ddceb0a94186166e92a6cde79ea0199ecbb457ad60a79ecb9,838753,
runs/q3_final_best_counts_20260912/evaluation/N12_distribution.pdf,results/final-20260913/q3_final_best_counts_20260912/evaluation/N12_distribution.pdf,原样归档,6da1280becf4a3474887ed01bdd44f930d72a6f455200d5bf1415ad54ab4b679,19636,
runs/q3_final_best_counts_20260912/evaluation/N12_distribution.png,results/final-20260913/q3_final_best_counts_20260912/evaluation/N12_distribution.png,原样归档,2e5ae071f7e6a073ef57a82c11ea702e0a59058ceb19220f251ef04e33cc710e,57549,
runs/q3_final_best_counts_20260912/evaluation/N12_samples.json,results/final-20260913/q3_final_best_counts_20260912/evaluation/N12_samples.json,原样归档,aa60d31eeeaca99f1f7ba4f4bd952681da13e69010f7b3a5873242ca158c20ba,837811,
runs/q3_final_best_counts_20260912/evaluation/N13_distribution.pdf,results/final-20260913/q3_final_best_counts_20260912/evaluation/N13_distribution.pdf,原样归档,9f8fac5f4477042e669e5aa95860ff2d72fedf718aef3ee10f3b2d4902e2eca6,20057,
runs/q3_final_best_counts_20260912/evaluation/N13_distribution.png,results/final-20260913/q3_final_best_counts_20260912/evaluation/N13_distribution.png,原样归档,9f94c8ad7a9778c60fba87188e3c89a2c66761012b230418e2c4720f1798c278,57325,
runs/q3_final_best_counts_20260912/evaluation/N13_samples.json,results/final-20260913/q3_final_best_counts_20260912/evaluation/N13_samples.json,原样归档,eece3c9b5fb1aca68c580d615327b1ec95ea638c9106e83190d7a85763c01178,839077,
runs/q3_final_best_counts_20260912/evaluation/N14_distribution.pdf,results/final-20260913/q3_final_best_counts_20260912/evaluation/N14_distribution.pdf,原样归档,dd279286202233be86779204ab7c02c5e5ce7452d9112718bdbe1dfb9655e5f4,19620,
runs/q3_final_best_counts_20260912/evaluation/N14_distribution.png,results/final-20260913/q3_final_best_counts_20260912/evaluation/N14_distribution.png,原样归档,9f4984a494e1267c8ffa846f05a3aba423200b8538448dd82beccb6f837234a8,56940,
runs/q3_final_best_counts_20260912/evaluation/N14_samples.json,results/final-20260913/q3_final_best_counts_20260912/evaluation/N14_samples.json,原样归档,27a7d423a0b8225fd85a0d7e1dfa5dbf7323811331c823cea2b615f752b1b962,838895,
runs/q3_final_best_counts_20260912/evaluation/N15_16_distribution.pdf,results/final-20260913/q3_final_best_counts_20260912/evaluation/N15_16_distribution.pdf,原样归档,2037e767f9bb2e97315a72484c6ea3f6ec28cab466b7074a033c764ef2006c3e,21281,
runs/q3_final_best_counts_20260912/evaluation/N15_16_distribution.png,results/final-20260913/q3_final_best_counts_20260912/evaluation/N15_16_distribution.png,原样归档,d05b3772e474c9d23025e8e9f9dd3267b8839cf7caa5b448e09997325e65c548,100126,
runs/q3_final_best_counts_20260912/evaluation/N15_samples.json,results/final-20260913/q3_final_best_counts_20260912/evaluation/N15_samples.json,原样归档,ed36b5864b9f5d9b81b93ae0246143456075f44667ecab97501e286bfa8dbd41,838157,
runs/q3_final_best_counts_20260912/evaluation/N16_samples.json,results/final-20260913/q3_final_best_counts_20260912/evaluation/N16_samples.json,原样归档,01e7da6c21c288cc37546347f9dae0c80f2fc34d56c256b0a8c90ad21d7ecc14,834618,
runs/q3_final_best_counts_20260912/evaluation/averages.csv,results/final-20260913/q3_final_best_counts_20260912/evaluation/averages.csv,原样归档,3cf94127a05127cd8d9a18f88de9874d1ff3d7a175e2da38cf3481d68d1241f0,515,
runs/q3_final_best_counts_20260912/evaluation/manifest.json,results/final-20260913/q3_final_best_counts_20260912/evaluation/manifest.json,原样归档,14a4b2fe94d773bea2996add2de07a4b2880f5b93c22237cb21e5314a3a6f3db,124201,
runs/q3_final_best_counts_20260912/evaluation/report.md,results/final-20260913/q3_final_best_counts_20260912/evaluation/report.md,原样归档,541645b9863ef1f52da2dfe2f9b0f3033dc7b6850e8233ea9f4608c47007ac68,1481,
runs/q3_final_best_counts_20260912/evaluation/samples.csv,results/final-20260913/q3_final_best_counts_20260912/evaluation/samples.csv,原样归档,feeb7b47d37328c2f0db11dd4a44f84696420257be11a1e80c549c80ef3971b0,511218,
runs/q3_final_best_counts_20260912/evaluation/samples.jsonl,results/final-20260913/q3_final_best_counts_20260912/evaluation/samples.jsonl,原样归档,bb2111fee7deca0e9d93cc4c83d91ea8ef7027136584f322e5bc0c4d635e09a6,5175455,
runs/q3_final_best_counts_20260912/evaluation/status.json,results/final-20260913/q3_final_best_counts_20260912/evaluation/status.json,原样归档,9c576cd07968c9c67e36fc7f6dfcda8c2ad57a91683f0b030e2ec1a1e3d08ee6,97,
runs/q3_final_best_counts_20260912/evaluation/summary.json,results/final-20260913/q3_final_best_counts_20260912/evaluation/summary.json,原样归档,44dda2c67742b669c073ca32f249bd6e55edebbcda43a11d6b521f5c6472cc32,5094,
runs/q3_final_best_counts_20260912/preflight.md,results/final-20260913/q3_final_best_counts_20260912/preflight.md,原样归档,354c2c11126c84e8a7c75921d5a210a172bb68ac369bcee55aa4c28c2cc8797a,1512,
runs/q3_final_best_counts_20260912/source/bsim/__init__.py,results/final-20260913/q3_final_best_counts_20260912/source/bsim/__init__.py,原样归档,967ff09517cb806a6b6c579c99105850862a9bf0884d1db1167e2fd81bab83c0,100,
runs/q3_final_best_counts_20260912/source/bsim/__main__.py,results/final-20260913/q3_final_best_counts_20260912/source/bsim/__main__.py,原样归档,708e2679407b0b6a825ad1a2debb95d25f19403cdf713d5c5db3eff04f997aa9,6809,
runs/q3_final_best_counts_20260912/source/bsim/client.py,results/final-20260913/q3_final_best_counts_20260912/source/bsim/client.py,原样归档,acb69eda926bddfc3ccfcb840899406abd5bb8257154d31f96d4c689db7cb558,4131,
runs/q3_final_best_counts_20260912/source/bsim/clocks.py,results/final-20260913/q3_final_best_counts_20260912/source/bsim/clocks.py,原样归档,d1760109982198d84774b81b5f2120b80fac004ea68458720279ba1dc1a17c17,583,
runs/q3_final_best_counts_20260912/source/bsim/env.py,results/final-20260913/q3_final_best_counts_20260912/source/bsim/env.py,原样归档,291e1f3d23386b672f317d98ad94ac09b676369f0a3204357f821b56c55ba7d5,1046,
runs/q3_final_best_counts_20260912/source/bsim/evaluation.py,results/final-20260913/q3_final_best_counts_20260912/source/bsim/evaluation.py,原样归档,fc51c3bd83b01fb96d946007b3dbd24f11b6704bc638244fceeadec1ce27fb5c,5457,
runs/q3_final_best_counts_20260912/source/bsim/fast.py,results/final-20260913/q3_final_best_counts_20260912/source/bsim/fast.py,原样归档,024fbe85c2f80cffd53ed9c07a52c323657785a0f2b24f21f2dd1eced4550f88,1650,
runs/q3_final_best_counts_20260912/source/bsim/http_server.py,results/final-20260913/q3_final_best_counts_20260912/source/bsim/http_server.py,原样归档,b5ae05ff747941780fc4d8a60d227356ee6d2489d80f7ee731e41af7cf352c10,4652,
runs/q3_final_best_counts_20260912/source/bsim/noise.py,results/final-20260913/q3_final_best_counts_20260912/source/bsim/noise.py,原样归档,0b149c9b1b0470e6c3d37d3b73f42757076cad8440bf91cbcf9c0b112d0fcb88,3056,
runs/q3_final_best_counts_20260912/source/bsim/profiles.py,results/final-20260913/q3_final_best_counts_20260912/source/bsim/profiles.py,原样归档,d00bfb79e124d1b4dced21f2b595eb5375d6287b6fbf6895443582be3cf49bff,457,
runs/q3_final_best_counts_20260912/source/bsim/protocol.py,results/final-20260913/q3_final_best_counts_20260912/source/bsim/protocol.py,原样归档,10651bf3464554f1386fe4b7d95619cae8b5e890ced89cc807d2998d696c3c21,3267,
runs/q3_final_best_counts_20260912/source/bsim/reference.py,results/final-20260913/q3_final_best_counts_20260912/source/bsim/reference.py,原样归档,eca0ad350a6a22a9ccdd655ae1ed284cc98cec107fd1125aad5a488a8818b86f,3297,
runs/q3_final_best_counts_20260912/source/bsim/research.py,results/final-20260913/q3_final_best_counts_20260912/source/bsim/research.py,原样归档,070cb72e35466b9807f573a29dfaed32204fb5a457db006ac9a3f82b9c99b60a,2752,
runs/q3_final_best_counts_20260912/source/bsim/scenarios.py,results/final-20260913/q3_final_best_counts_20260912/source/bsim/scenarios.py,原样归档,42fe0fd36bfac2f914fc20400a5bb7b37a3e2345a922dc1df6566234180a4d5a,2978,
runs/q3_final_best_counts_20260912/source/bsim/session.py,results/final-20260913/q3_final_best_counts_20260912/source/bsim/session.py,原样归档,c5a160a87da0e0c28b0b81cb88ddac55ae14496fe74210160996dccb4a54d547,6410,
runs/q3_final_best_counts_20260912/source/bsim/strategy.py,results/final-20260913/q3_final_best_counts_20260912/source/bsim/strategy.py,原样归档,22340e37c64253379f297848f17cf41cbe9c551e30fe8dd1d93b52dd8706e071,636,
runs/q3_final_best_counts_20260912/source/bsim/validation.py,results/final-20260913/q3_final_best_counts_20260912/source/bsim/validation.py,原样归档,e2054e298a38bf2e0bc6047740a932ef7336946a982b991adc3712bc4316c718,3700,
runs/q3_final_best_counts_20260912/source/bsim/web/app.js,results/final-20260913/q3_final_best_counts_20260912/source/bsim/web/app.js,原样归档,9a2c299e9ea2cd72e750ef9e57142df31a2b0bbdff85dee8a899f5aa93ee2b3a,14032,
runs/q3_final_best_counts_20260912/source/bsim/web/index.html,results/final-20260913/q3_final_best_counts_20260912/source/bsim/web/index.html,原样归档,8f6bb8fcc040cb4806094be9476b77eea7bac7c3d4e820dfe551130163282502,7626,
runs/q3_final_best_counts_20260912/source/bsim/web/style.css,results/final-20260913/q3_final_best_counts_20260912/source/bsim/web/style.css,原样归档,8fcdb8f9d1af4c0a13639b1c884640451d234d2e39e5dd7650546af370fa99e8,12693,
runs/q3_final_best_counts_20260912/source/bsim/web_dashboard.py,results/final-20260913/q3_final_best_counts_20260912/source/bsim/web_dashboard.py,原样归档,98079b40ab10cc323934fc0255ecfa6cb35f1f9994bf4c39d7e2b8c889b0c357,12005,
runs/q3_final_best_counts_20260912/source/solution/__init__.py,results/final-20260913/q3_final_best_counts_20260912/source/solution/__init__.py,原样归档,e3b0c44298fc1c149afbf4c8996fb92427ae41e4649b934ca495991b7852b855,0,
runs/q3_final_best_counts_20260912/source/solution/cli.py,results/final-20260913/q3_final_best_counts_20260912/source/solution/cli.py,原样归档,ae5f77f48754022f7b0113c556cb25b7245a135b5765c1a46d145e8b42ef6c46,780,
runs/q3_final_best_counts_20260912/source/solution/control/__init__.py,results/final-20260913/q3_final_best_counts_20260912/source/solution/control/__init__.py,原样归档,e3b0c44298fc1c149afbf4c8996fb92427ae41e4649b934ca495991b7852b855,0,
runs/q3_final_best_counts_20260912/source/solution/control/controller.py,results/final-20260913/q3_final_best_counts_20260912/source/solution/control/controller.py,原样归档,5c9d14ed73713818d5fde77d99cf15b1d4af40f00547b6e11512428636126c95,11026,
runs/q3_final_best_counts_20260912/source/solution/coverage/__init__.py,results/final-20260913/q3_final_best_counts_20260912/source/solution/coverage/__init__.py,原样归档,01f802a854c8dc3589ee6d65ea10db50dc49f29ab0a4e4190622dd0360c46c42,28,
runs/q3_final_best_counts_20260912/source/solution/coverage/certificates.py,results/final-20260913/q3_final_best_counts_20260912/source/solution/coverage/certificates.py,原样归档,547051708528139de87c1b336c5b1d835f334561d17f5e74078c0ce12a76d3e1,3627,
runs/q3_final_best_counts_20260912/source/solution/evaluation/__init__.py,results/final-20260913/q3_final_best_counts_20260912/source/solution/evaluation/__init__.py,原样归档,e3b0c44298fc1c149afbf4c8996fb92427ae41e4649b934ca495991b7852b855,0,
runs/q3_final_best_counts_20260912/source/solution/evaluation/artifacts.py,results/final-20260913/q3_final_best_counts_20260912/source/solution/evaluation/artifacts.py,原样归档,0974634f63534fe647a2529df83be7c3a7bfac0401889ffc88759109ed33cc26,1924,
runs/q3_final_best_counts_20260912/source/solution/geometry/__init__.py,results/final-20260913/q3_final_best_counts_20260912/source/solution/geometry/__init__.py,原样归档,e3b0c44298fc1c149afbf4c8996fb92427ae41e4649b934ca495991b7852b855,0,
runs/q3_final_best_counts_20260912/source/solution/geometry/core.py,results/final-20260913/q3_final_best_counts_20260912/source/solution/geometry/core.py,原样归档,ba77a502eb2ada24151ad2057ffc2b6606ccab8c92641173211e227bc7286caf,12574,
runs/q3_final_best_counts_20260912/source/solution/planning/__init__.py,results/final-20260913/q3_final_best_counts_20260912/source/solution/planning/__init__.py,原样归档,e3b0c44298fc1c149afbf4c8996fb92427ae41e4649b934ca495991b7852b855,0,
runs/q3_final_best_counts_20260912/source/solution/planning/q2.py,results/final-20260913/q3_final_best_counts_20260912/source/solution/planning/q2.py,原样归档,800f21b916b73df6094f7b5157faf8111c283c512d84b23d67c6e57370596325,7975,
runs/q3_final_best_counts_20260912/source/solution/rl/__init__.py,results/final-20260913/q3_final_best_counts_20260912/source/solution/rl/__init__.py,原样归档,4df2da4c47012dcbd440058597558f4c825acce706345f2d170920d431c16876,97,
runs/q3_final_best_counts_20260912/source/solution/rl/distributed.py,results/final-20260913/q3_final_best_counts_20260912/source/solution/rl/distributed.py,原样归档,b98fae2f1941e21a939ea07cded2a6cbf8be99ea31af94e7658ac998acbf569c,4291,
runs/q3_final_best_counts_20260912/source/solution/rl/environment.py,results/final-20260913/q3_final_best_counts_20260912/source/solution/rl/environment.py,原样归档,c50152b35f37f6c6f974713fccf0ccef6f954903e5dcb595381c32056bbf811e,5607,
runs/q3_final_best_counts_20260912/source/solution/rl/features.py,results/final-20260913/q3_final_best_counts_20260912/source/solution/rl/features.py,原样归档,73238fa29d76cdb0fe9a1d89f4e0eeb23140e167b008f90895146deb19820013,2470,
runs/q3_final_best_counts_20260912/source/solution/rl/joint_updates.py,results/final-20260913/q3_final_best_counts_20260912/source/solution/rl/joint_updates.py,原样归档,9dc23a824e671460c88bd2e1dc80b9ef8e7e4d4367a5d666836e55ab80a61365,6715,
runs/q3_final_best_counts_20260912/source/solution/rl/model.py,results/final-20260913/q3_final_best_counts_20260912/source/solution/rl/model.py,原样归档,015a5b3c4c7995f8d6e365ed4ad9aa114b8927395a2911005f7ce94068e74312,1830,
runs/q3_final_best_counts_20260912/source/solution/rl/training.py,results/final-20260913/q3_final_best_counts_20260912/source/solution/rl/training.py,原样归档,44351f2d43b51e1a79101ac49530a4c1c0318d5482613317c86e92213647d920,16104,
runs/q3_final_best_counts_20260912/source/solution/search/__init__.py,results/final-20260913/q3_final_best_counts_20260912/source/solution/search/__init__.py,原样归档,b98f017ac999b5df85ce3ad52aa59d2f8ce1313b2d82d39b1a3fa2f15943059a,74,
runs/q3_final_best_counts_20260912/source/solution/search/belief.py,results/final-20260913/q3_final_best_counts_20260912/source/solution/search/belief.py,原样归档,55769f26a6f55847d217d86987b60547e6f4bd225db4f1c380ecd7c00847cfa1,9071,
runs/q3_final_best_counts_20260912/source/solution/search/collection.py,results/final-20260913/q3_final_best_counts_20260912/source/solution/search/collection.py,原样归档,78f732414bf99d1415287dcd18305f747e6f5a08624ca0ec144d479c777a7287,5314,
runs/q3_final_best_counts_20260912/source/solution/search/gpu/__init__.py,results/final-20260913/q3_final_best_counts_20260912/source/solution/search/gpu/__init__.py,原样归档,76d343e4e154ecc4b3d5c1ffbfb3e6c352b8108de9fdfa12424d3e1f0df96182,80,
runs/q3_final_best_counts_20260912/source/solution/search/gpu/kernel.py,results/final-20260913/q3_final_best_counts_20260912/source/solution/search/gpu/kernel.py,原样归档,90e95aed6c5b5ce26b12bc2d3e85a0d0201879c24c6d13bed348476deb845ec1,9330,
runs/q3_final_best_counts_20260912/source/solution/search/gpu/rollout.py,results/final-20260913/q3_final_best_counts_20260912/source/solution/search/gpu/rollout.py,原样归档,8335e6a48d8b682fbff7ac70c8b1e860d8c23a6b75a83e8e48d6468e714ddaad,9015,
runs/q3_final_best_counts_20260912/source/solution/search/teacher.py,results/final-20260913/q3_final_best_counts_20260912/source/solution/search/teacher.py,原样归档,5c054bc3a9774c01f7d77c65ede73178d02c4d6f347cee3f32c9f3d095f2dc01,7720,
runs/q3_gpu8_extended_20260912/final_evaluation/per_source_distribution.pdf,results/final-20260913/q3_gpu8_extended_20260912/final_evaluation/per_source_distribution.pdf,原样归档,9911428f842d5694d897c510d989a9fadc7cfbb98a72e56986dfe9413c91ab3d,17005,
runs/q3_gpu8_extended_20260912/final_evaluation/per_source_distribution.png,results/final-20260913/q3_gpu8_extended_20260912/final_evaluation/per_source_distribution.png,原样归档,34cf7ce056b3b318cf16f4584c626bc0e20c367ff6d685622a76bda72f66294c,58241,
runs/q3_gpu8_extended_20260912/final_evaluation/report.md,results/final-20260913/q3_gpu8_extended_20260912/final_evaluation/report.md,原样归档,74d64edb0bbddaaabf86407727e1aa1eab6c73c0d9af68556943051fcaf1188f,1086,
runs/q3_gpu8_extended_20260912/final_evaluation/samples.csv,results/final-20260913/q3_gpu8_extended_20260912/final_evaluation/samples.csv,原样归档,a16efe7428f9683aac67c2af118659a6dc92a1db90c39e68fa394844f7703ee3,377259,
runs/q3_gpu8_extended_20260912/final_evaluation/summary.json,results/final-20260913/q3_gpu8_extended_20260912/final_evaluation/summary.json,原样归档,3b9ce0c570f855d6dd8e58029ab6b7b4b7b79a700bd93d0577e2491a4604a562,923,
runs/q3_gpu8_extended_20260912/ppo/best.pt,results/final-20260913/q3_gpu8_extended_20260912/ppo/best.pt,原样归档,8cc3a1621334640e6010d8d8fc2cc91a7d47a879573bd54b55fa45a990a56e71,4400249,
runs/q3_layout_extremes_20260913_v2/N10/best_fixture.json,results/final-20260913/q3_layout_extremes_20260913_v2/N10/best_fixture.json,原样归档,b16e2c038e990d215199c7c39d31b444b82d2b799aeb492235ae23a22683c458,2256,
runs/q3_layout_extremes_20260913_v2/N10/best_trace.json,results/final-20260913/q3_layout_extremes_20260913_v2/N10/best_trace.json,原样归档,4473d78c5af78b00c4b79768e7d5afdb02c6445e8daf2a1f868a3fbf79e1183e,31805,
runs/q3_layout_extremes_20260913_v2/N10/worst_fixture.json,results/final-20260913/q3_layout_extremes_20260913_v2/N10/worst_fixture.json,原样归档,28411d3b938ceff88ddca8927d78bed9f33ccaa009dd7ae4f027debec698a572,2258,
runs/q3_layout_extremes_20260913_v2/N10/worst_trace.json,results/final-20260913/q3_layout_extremes_20260913_v2/N10/worst_trace.json,原样归档,36d7980c86970be3d869dbd42026822c71af00c2f76ca91dc3feafdf15b2a95c,56016,
runs/q3_layout_extremes_20260913_v2/N11/best_fixture.json,results/final-20260913/q3_layout_extremes_20260913_v2/N11/best_fixture.json,原样归档,a40306329201539f8490802c74bf46dedab3ffd84824765dec199c18e76d3714,2431,
runs/q3_layout_extremes_20260913_v2/N11/best_trace.json,results/final-20260913/q3_layout_extremes_20260913_v2/N11/best_trace.json,原样归档,eb5ba624eb13f316458f9af854b4672d2a44bb4dc6ff19637233d253f773f319,30017,
runs/q3_layout_extremes_20260913_v2/N11/worst_fixture.json,results/final-20260913/q3_layout_extremes_20260913_v2/N11/worst_fixture.json,原样归档,eeb75f036e9a093c86f9405ae060f1fb51752fce1ebe54b0e1f0de97b4ddad0a,2436,
runs/q3_layout_extremes_20260913_v2/N11/worst_trace.json,results/final-20260913/q3_layout_extremes_20260913_v2/N11/worst_trace.json,原样归档,cc4f3f3232be65f13a48ec811ebc6fb5df5878a20c43562da82e64f7ae98fb61,54131,
runs/q3_layout_extremes_20260913_v2/N12/best_fixture.json,results/final-20260913/q3_layout_extremes_20260913_v2/N12/best_fixture.json,原样归档,6577f7b0c8185b9d0339b14c3f97bcb9d569f29bf169b29a84bcc3917bbbfba8,2616,
runs/q3_layout_extremes_20260913_v2/N12/best_trace.json,results/final-20260913/q3_layout_extremes_20260913_v2/N12/best_trace.json,原样归档,e8d6650073a132d5657bdc2d97d09bf98ee77ddd7bcad14abe5637bb1e968292,28216,
runs/q3_layout_extremes_20260913_v2/N12/worst_fixture.json,results/final-20260913/q3_layout_extremes_20260913_v2/N12/worst_fixture.json,原样归档,907dbe07b3db2678eb4d18e9267396ba0a187e3fd0ad205ad032b605b3866ad6,2611,
runs/q3_layout_extremes_20260913_v2/N12/worst_trace.json,results/final-20260913/q3_layout_extremes_20260913_v2/N12/worst_trace.json,原样归档,158cb129923ad9e9d485f712514a9877b80179a2f93ec324f536cddb300a7950,55812,
runs/q3_layout_extremes_20260913_v2/N13/best_fixture.json,results/final-20260913/q3_layout_extremes_20260913_v2/N13/best_fixture.json,原样归档,19590d25bc9093683de255bf7c48f5722f717d49923371ac53c28dd83b92a2b7,2794,
runs/q3_layout_extremes_20260913_v2/N13/best_trace.json,results/final-20260913/q3_layout_extremes_20260913_v2/N13/best_trace.json,原样归档,92292d8e7a1b4d27158c1f001d468e9e90829b1924b231c52db6d9e612de5281,26418,
runs/q3_layout_extremes_20260913_v2/N13/worst_fixture.json,results/final-20260913/q3_layout_extremes_20260913_v2/N13/worst_fixture.json,原样归档,4c3bb0d1fd90fa04c5015b73d94d5678be9a416c421825308937f213c68c227d,2793,
runs/q3_layout_extremes_20260913_v2/N13/worst_trace.json,results/final-20260913/q3_layout_extremes_20260913_v2/N13/worst_trace.json,原样归档,bd237da5b5a62bb0cf4cd921fe30baced4626da6720c3f5e5a29a4cddc63597c,56210,
runs/q3_layout_extremes_20260913_v2/N14/best_fixture.json,results/final-20260913/q3_layout_extremes_20260913_v2/N14/best_fixture.json,原样归档,32dcc2726d5624a947a90af6fd105705ff7dadc188d9fba7af356225040a5e17,2980,
runs/q3_layout_extremes_20260913_v2/N14/best_trace.json,results/final-20260913/q3_layout_extremes_20260913_v2/N14/best_trace.json,原样归档,b3fc737fc184b635669044d192a5290fc10762f0b29968b4be69a9bd93de11c3,24623,
runs/q3_layout_extremes_20260913_v2/N14/worst_fixture.json,results/final-20260913/q3_layout_extremes_20260913_v2/N14/worst_fixture.json,原样归档,53f8577f374a16b289f3c8a250330c24f487ca4c9dff9fdfdabd59c97d9a680d,2973,
runs/q3_layout_extremes_20260913_v2/N14/worst_trace.json,results/final-20260913/q3_layout_extremes_20260913_v2/N14/worst_trace.json,原样归档,eb6085911d04c2bef868dc554b8cc5191884c683b0e8264a90ebeeba763c29db,58899,
runs/q3_layout_extremes_20260913_v2/N15/best_fixture.json,results/final-20260913/q3_layout_extremes_20260913_v2/N15/best_fixture.json,原样归档,295fdc99a74966ce411a625b27c2f38d05da13c5dfde3441155156dde879a414,3159,
runs/q3_layout_extremes_20260913_v2/N15/best_trace.json,results/final-20260913/q3_layout_extremes_20260913_v2/N15/best_trace.json,原样归档,eea622ef5f562733ad661f248efec379d3386d05bbb73f572c3108b75d19d2f5,22828,
runs/q3_layout_extremes_20260913_v2/N15/worst_fixture.json,results/final-20260913/q3_layout_extremes_20260913_v2/N15/worst_fixture.json,原样归档,5ec71160a24685e059b00fd5036981fe3e69f9e01048f2ae3ab00ae623588ce4,3159,
runs/q3_layout_extremes_20260913_v2/N15/worst_trace.json,results/final-20260913/q3_layout_extremes_20260913_v2/N15/worst_trace.json,原样归档,7170b11a753f4c1b8da3a75772aec8f1ce63c682701284b7aa8baac31326061f,58566,
runs/q3_layout_extremes_20260913_v2/extremes.csv,results/final-20260913/q3_layout_extremes_20260913_v2/extremes.csv,原样归档,3923193aa3a5c2c5e6edc3cb75dce35a3fd7555b147baa0ff0150fa62172b606,1838,
runs/q3_layout_extremes_20260913_v2/failures.json,results/final-20260913/q3_layout_extremes_20260913_v2/failures.json,原样归档,4f53cda18c2baa0c0354bb5f9a3ecbe5ed12ab4d8e11ba873c2f11161202b945,2,
runs/q3_layout_extremes_20260913_v2/layouts.pdf,results/final-20260913/q3_layout_extremes_20260913_v2/layouts.pdf,原样归档,de82148071aef126f78797c27317fabcf2f008ca2d7e6b58728ba29c84a73432,71150,
runs/q3_layout_extremes_20260913_v2/layouts.png,results/final-20260913/q3_layout_extremes_20260913_v2/layouts.png,原样归档,ea3b19591ca025db30c2efb5180401b8bb5b427a2840797f09dfb58cc057a6b6,579190,
runs/q3_layout_extremes_20260913_v2/manifest.json,results/final-20260913/q3_layout_extremes_20260913_v2/manifest.json,原样归档,42093e9c40137d511d8e344583b107d447a38b547b2198d7adedf1797158879e,985,
runs/q3_layout_extremes_20260913_v2/report.md,results/final-20260913/q3_layout_extremes_20260913_v2/report.md,原样归档,064271ae95f9d8614b7b348da2d1cdd3c4824d217a1402f7b23c9464d6af5246,5639,
runs/q3_layout_extremes_20260913_v2/samples.jsonl,results/final-20260913/q3_layout_extremes_20260913_v2/samples.jsonl,原样归档,8f78065ad088da7eed4c9609574c663174d0fa9a9a808d001b198e7daa171b03,3020988,
runs/q3_layout_extremes_20260913_v2/search_source.py,results/final-20260913/q3_layout_extremes_20260913_v2/search_source.py,原样归档,370f245fdb56f7d69c2da17f7db819a22ccc23345846d3c1e1524f5658934e28,11489,
runs/q3_layout_extremes_20260913_v2/status.json,results/final-20260913/q3_layout_extremes_20260913_v2/status.json,原样归档,0b91e3b071bd5f97c07c28a3eff29eefd45e03505116126ceafcc080ba62e73b,56,
runs/q3_layout_extremes_20260913_v2/summary.json,results/final-20260913/q3_layout_extremes_20260913_v2/summary.json,原样归档,3dcb1f0615e754b933740e0ec7bbdf24a227c892327d4a0049371ccf0fb3f224,13714,
runs/q3_layout_extremes_20260913_v2/time_extremes.pdf,results/final-20260913/q3_layout_extremes_20260913_v2/time_extremes.pdf,原样归档,fa0f2e37a471a5d07374c25f53cfce67126e0fbc7115ee53093480f83ced73a1,31409,
runs/q3_layout_extremes_20260913_v2/time_extremes.png,results/final-20260913/q3_layout_extremes_20260913_v2/time_extremes.png,原样归档,1c2de83b0c8a1eb21c6a0a529c2a32f896501754b9055b5a8e1671b454b39a1a,131813,
runs/q3_legacy_deadline_20260913/baseline_validation.json,results/final-20260913/q3_legacy_deadline_20260913/baseline_validation.json,原样归档,41eeee313cd88aee9a9e2cd6a706a01bd0c344f981e92598dc0313077cdac7ac,230979,
runs/q3_legacy_deadline_20260913/best.pt,results/final-20260913/q3_legacy_deadline_20260913/best.pt,原样归档,51397bc8056798c9926ddadd9620faf7438dce29cf7b52616d82c0ed16e74679,4346293,
runs/q3_legacy_deadline_20260913/config.json,results/final-20260913/q3_legacy_deadline_20260913/config.json,原样归档,19868553c7345959f41785ef0f6b5af167f69b23946161ba9de6a7a27e679470,751,
runs/q3_legacy_deadline_20260913/console.log,results/final-20260913/q3_legacy_deadline_20260913/console.log,原样归档,6c6d8d5aaf0718209e29c65f70d37ef0e3b1bc8225eab3aa89cf1ce484ba8718,3769286,
runs/q3_legacy_deadline_20260913/metrics.jsonl,results/final-20260913/q3_legacy_deadline_20260913/metrics.jsonl,原样归档,6c6d8d5aaf0718209e29c65f70d37ef0e3b1bc8225eab3aa89cf1ce484ba8718,3769286,
runs/q3_legacy_deadline_20260913/provenance.json,results/final-20260913/q3_legacy_deadline_20260913/provenance.json,原样归档,242adcf17d1ae86bf3f0c3b4be6925895dce68aa2a25ccd39b1c6463b0a98a56,6714,
runs/q3_legacy_deadline_20260913/seed_manifest.json,results/final-20260913/q3_legacy_deadline_20260913/seed_manifest.json,原样归档,8225bb712fec00127ff79701a9b9d1f45e86822790310f33cac7909aa2e8305c,172,
runs/q3_legacy_deadline_20260913/status.json,results/final-20260913/q3_legacy_deadline_20260913/status.json,原样归档,aaac89376f53a7ffd34435f339b05bab4b1e59ed527bdb2c96be1ba80e383a58,267,
runs/q3_legacy_deadline_20260913/supervisor.json,results/final-20260913/q3_legacy_deadline_20260913/supervisor.json,原样归档,13219568243f3e72401f4971719167759efe5aa53572c6d1c11607e854aa46d9,355,
runs/q3_legacy_deadline_20260913/supervisor_exit.json,results/final-20260913/q3_legacy_deadline_20260913/supervisor_exit.json,原样归档,130d8be8daac49a9f40cf8e0860eb295a62757d012af1658f92541bce8efed50,60,
runs/q3_legacy_deadline_20260913/validation_000040.json,results/final-20260913/q3_legacy_deadline_20260913/validation_000040.json,原样归档,f205aa6dc2f55516305b8a898650c9ca22044966f4e7ec10ecc76398a5e27f26,115543,
runs/q3_legacy_deadline_20260913/validation_000080.json,results/final-20260913/q3_legacy_deadline_20260913/validation_000080.json,原样归档,2fa6b8a92029c45f064c568633af85a3fa03b4bde8ae682a91cc2994a8551c48,115540,
runs/q3_legacy_deadline_20260913/validation_000120.json,results/final-20260913/q3_legacy_deadline_20260913/validation_000120.json,原样归档,6426bab9e9e571bb1ba35e21eafa4b652855c5773c900545ce587f7c8ca05ba7,115544,
runs/q3_legacy_deadline_20260913/validation_000160.json,results/final-20260913/q3_legacy_deadline_20260913/validation_000160.json,原样归档,50ea2e63e7320c6f966ec7c7cc8242a99c908cc171d17f79550137076602fc4f,115564,
runs/q3_legacy_deadline_20260913/validation_000200.json,results/final-20260913/q3_legacy_deadline_20260913/validation_000200.json,原样归档,f1632d7950709186c4c07b8554601f7d6aef42a8d11b9ae985698247d5153c87,115533,
runs/q3_legacy_deadline_20260913/validation_000240.json,results/final-20260913/q3_legacy_deadline_20260913/validation_000240.json,原样归档,dbdf2461475ef84eb8a59fb1308621b92c5cb6804de5bb448cd56a3bca75959d,115520,
runs/q3_legacy_deadline_20260913/validation_000280.json,results/final-20260913/q3_legacy_deadline_20260913/validation_000280.json,原样归档,b845092a9121895286450f88965ad59da033d5036541fbda100b93c3c57c913d,115524,
runs/q3_legacy_deadline_20260913/validation_000320.json,results/final-20260913/q3_legacy_deadline_20260913/validation_000320.json,原样归档,f1eb98d0180107cfac755cd654a2d0a4c934dc16f60cffa58ecb1bc9b2c9758c,115551,
runs/q3_legacy_deadline_20260913/validation_000360.json,results/final-20260913/q3_legacy_deadline_20260913/validation_000360.json,原样归档,1966dee32b5cc9fa03ba1b7f7e955c3d8092a1d3d44a1845905b4a3e000ca996,115553,
runs/q3_legacy_deadline_20260913/validation_000400.json,results/final-20260913/q3_legacy_deadline_20260913/validation_000400.json,原样归档,fa04396546f43c3a5bc2eaa1b0394d9d9c15b5438f81bc18036d1c953274ec1b,115566,
runs/q3_legacy_deadline_20260913/validation_000440.json,results/final-20260913/q3_legacy_deadline_20260913/validation_000440.json,原样归档,196d5638b53624d02512a477ee3854c4d3c1ae020fb39ee09cee136de3350eda,115521,
runs/q3_legacy_deadline_20260913/validation_000480.json,results/final-20260913/q3_legacy_deadline_20260913/validation_000480.json,原样归档,48f9dbaecb9f19a0b2681d299d979ad914980484f8ee3c3c5f4602e962666312,115520,
runs/q3_legacy_deadline_20260913/validation_000520.json,results/final-20260913/q3_legacy_deadline_20260913/validation_000520.json,原样归档,5149a986b50341e2cafab0aa560331e632058261f7923dfc940e09af22b5d899,115551,
runs/q3_legacy_deadline_20260913/validation_000560.json,results/final-20260913/q3_legacy_deadline_20260913/validation_000560.json,原样归档,43c7f4f7f1704dae82ec2687f577a6ec06ef2afcf09dd1ca52cca36f61fdaffb,115518,
runs/q3_legacy_deadline_20260913/validation_000600.json,results/final-20260913/q3_legacy_deadline_20260913/validation_000600.json,原样归档,e21a46475ab9f347a27c3ffab12d6a7d89b3411d9e4536b379036ab9627030d1,115548,
runs/q3_legacy_deadline_20260913/validation_000640.json,results/final-20260913/q3_legacy_deadline_20260913/validation_000640.json,原样归档,6ae360943594b1dbf692f8df8b8929e8acbec560fc77f898034f6cb2ae90aa99,115553,
runs/q3_legacy_deadline_20260913/validation_000680.json,results/final-20260913/q3_legacy_deadline_20260913/validation_000680.json,原样归档,54176c9485919c995a9f6a26be6f5a41a995014e8b2594576e87c6841c484492,115531,
runs/q3_legacy_deadline_20260913/validation_000720.json,results/final-20260913/q3_legacy_deadline_20260913/validation_000720.json,原样归档,3bdc90779dc62396311d27a93e88e5518d999fd58cb799df4ad265883b4c4f0f,115557,
runs/q3_legacy_deadline_20260913/validation_000760.json,results/final-20260913/q3_legacy_deadline_20260913/validation_000760.json,原样归档,e0e5ce678c054e6bd132aa8a4aa850b47bdf7b375f708169937b929415f5514e,115526,
runs/q3_legacy_deadline_20260913/validation_000800.json,results/final-20260913/q3_legacy_deadline_20260913/validation_000800.json,原样归档,9ece5b8815e945cbda9d2e42a5772327a43c48ec7b29232d085789f98921c0ed,115546,
runs/q3_legacy_deadline_20260913/validation_000840.json,results/final-20260913/q3_legacy_deadline_20260913/validation_000840.json,原样归档,d6ce1d9a3e1eb3f0269fae2f1866e534ddb2fc3952bbb5fee8bfaed130aa11b5,115522,
runs/q3_legacy_deadline_20260913/validation_000880.json,results/final-20260913/q3_legacy_deadline_20260913/validation_000880.json,原样归档,552162a5ccd4579271bec92e1d8b3d538f64354f3435f4efcd763d04ab6b947f,115557,
runs/q3_legacy_deadline_20260913/validation_000920.json,results/final-20260913/q3_legacy_deadline_20260913/validation_000920.json,原样归档,13cdfdcfb2e8359c22c1d7e8dfa94fcc319961805372855fcf7cd7bbbcbbfeee,115528,
runs/q3_legacy_deadline_20260913/validation_000960.json,results/final-20260913/q3_legacy_deadline_20260913/validation_000960.json,原样归档,7e2337c419d1cad0511edd99b3c2fbca0223ac6b317ecb92b49b28c1b53db4dc,115526,
runs/q3_legacy_deadline_20260913/validation_001000.json,results/final-20260913/q3_legacy_deadline_20260913/validation_001000.json,原样归档,453072f58c17ee7ddf5a61200ff009032b426facda6d6d17323c8e3946536c49,115533,
runs/q3_legacy_deadline_20260913/validation_001040.json,results/final-20260913/q3_legacy_deadline_20260913/validation_001040.json,原样归档,81b46f7d76b37b4cefb740a152f3b00e042b8d93f5a72da36cb0fb04c79dccfd,115547,
runs/q3_legacy_deadline_20260913/validation_001080.json,results/final-20260913/q3_legacy_deadline_20260913/validation_001080.json,原样归档,0601e23ab65c9fbf6deb5b263e9a5d4a9675b626e531d938982f5a151af9a249,115538,
runs/q3_legacy_deadline_20260913/validation_001120.json,results/final-20260913/q3_legacy_deadline_20260913/validation_001120.json,原样归档,7d83e2c583852bda4b3fd87fe19af5640944b2bfd18517445953247ae90f9da8,115557,
runs/q3_legacy_deadline_20260913/validation_001160.json,results/final-20260913/q3_legacy_deadline_20260913/validation_001160.json,原样归档,ea8782be4579588934d64b6d7c37ed91afa5961aeedc41ba32f7b9cd913b7351,115564,
runs/q3_legacy_deadline_20260913/validation_001200.json,results/final-20260913/q3_legacy_deadline_20260913/validation_001200.json,原样归档,cbdbcc9806b594495177c384ca470c16f178fe6a87e825b73fdda20acd1bcfaa,115582,
runs/q3_legacy_deadline_20260913/validation_001240.json,results/final-20260913/q3_legacy_deadline_20260913/validation_001240.json,原样归档,1f6a6d002671f2ee05e3beb9e8cb11c47c93c21764aa64a64f092623c6d06d8e,115554,
runs/q3_legacy_deadline_20260913/validation_001280.json,results/final-20260913/q3_legacy_deadline_20260913/validation_001280.json,原样归档,36a70073d13f24b334756d524e0bb31551639912a1daefdd61a1f007e0e3e0f3,115553,
runs/q3_legacy_deadline_20260913/validation_001320.json,results/final-20260913/q3_legacy_deadline_20260913/validation_001320.json,原样归档,ec7176a77425a2667fc5954b090c26052ad5dc84b76f2a535feebdfa11b3f067,115569,
runs/q3_legacy_deadline_20260913/validation_001360.json,results/final-20260913/q3_legacy_deadline_20260913/validation_001360.json,原样归档,020febc74af5d85521d11461f2d4984f9b9e43ca208a8e3614f5254bb76adeef,115558,
runs/q3_legacy_deadline_20260913/validation_001400.json,results/final-20260913/q3_legacy_deadline_20260913/validation_001400.json,原样归档,00c65dd9046dcf20298e01179dafd1af1fdbd4c4bf97815aea3e692e4e4b82fc,115560,
runs/q3_legacy_deadline_20260913/validation_001440.json,results/final-20260913/q3_legacy_deadline_20260913/validation_001440.json,原样归档,3639ad61c39258e5dbee2dcb9f0d83f5cd842f82257ad4093fec53b5ee26015c,115554,
runs/q3_legacy_deadline_20260913/validation_001480.json,results/final-20260913/q3_legacy_deadline_20260913/validation_001480.json,原样归档,0dba0703a8a66134b12406742948bf650cd727ccd204967871bbe80d293c7638,115584,
runs/q3_legacy_deadline_20260913/validation_001520.json,results/final-20260913/q3_legacy_deadline_20260913/validation_001520.json,原样归档,442c50c654355245227c6c3098cd42b918d5515f7f11f27a90fd245cfa11fb4e,115580,
runs/q3_legacy_deadline_20260913/validation_001560.json,results/final-20260913/q3_legacy_deadline_20260913/validation_001560.json,原样归档,ee84706037c75d3d5de06bc53e466ed37ca693b67f2268b4dec1f6b718082b8a,115549,
runs/q3_legacy_deadline_20260913/validation_001600.json,results/final-20260913/q3_legacy_deadline_20260913/validation_001600.json,原样归档,c8e453e05e6107d7141269765cc8602808a59dd3dfbf0d4bccce4a670c429b24,115589,
runs/q3_legacy_deadline_20260913/validation_001640.json,results/final-20260913/q3_legacy_deadline_20260913/validation_001640.json,原样归档,5a9fdcc9665a074869f98f6f340c2b789d7366321fecdbdbf9d5af315660b7d2,115528,
runs/q3_legacy_deadline_20260913/validation_001680.json,results/final-20260913/q3_legacy_deadline_20260913/validation_001680.json,原样归档,19303d3d5c883bf2e47eb56f6ef1fe3ab39c1e3bc1963a080f9444370c387f75,115528,
runs/q3_legacy_deadline_20260913/validation_001720.json,results/final-20260913/q3_legacy_deadline_20260913/validation_001720.json,原样归档,1d9615bdad722517ac4ab0d509fec1d518516bf6881ed912bbb416a3a556b0cc,115548,
runs/q3_legacy_deadline_20260913/validation_001760.json,results/final-20260913/q3_legacy_deadline_20260913/validation_001760.json,原样归档,b1ab2f04a172ec2e1cb87e4e93663b32e83eef5c949403f2c16e2ee4c2e7e490,115560,
runs/q3_legacy_deadline_20260913/validation_001800.json,results/final-20260913/q3_legacy_deadline_20260913/validation_001800.json,原样归档,cbe34bbc0d53ea8952a15a4be5f4e36068780267721b0ff3ee775d170d8fad19,115494,
runs/q3_legacy_deadline_20260913/validation_001840.json,results/final-20260913/q3_legacy_deadline_20260913/validation_001840.json,原样归档,6d16cd8f601618ca9490bb80be2517b8bb439d4212f5131350d9313c95e74944,115537,
runs/q3_legacy_deadline_20260913/validation_001880.json,results/final-20260913/q3_legacy_deadline_20260913/validation_001880.json,原样归档,55c77a3b83d1f559fce31eb67b5f3208d51b6c717a7f77c6116c281d4cb47c4b,115537,
runs/q3_legacy_deadline_20260913/validation_001920.json,results/final-20260913/q3_legacy_deadline_20260913/validation_001920.json,原样归档,7c692efbcc0c32ee6226e4549b663db30ffdb5e592eba3a895612a3d071842ff,115536,
runs/q3_legacy_deadline_20260913/validation_001960.json,results/final-20260913/q3_legacy_deadline_20260913/validation_001960.json,原样归档,8ebb08cd749cc25d05f3938ffc4011b3fd983dfb9589ca6ad64c6c616d49321a,115519,
runs/q3_legacy_deadline_20260913/validation_002000.json,results/final-20260913/q3_legacy_deadline_20260913/validation_002000.json,原样归档,73255a9aa241ed45780fba55420922ee6f60ffe0d50f54b4a49fdac3c87a3a06,115503,
runs/q3_legacy_deadline_20260913/validation_002040.json,results/final-20260913/q3_legacy_deadline_20260913/validation_002040.json,原样归档,c938112df16c69c799e1b0c81e69f8b3942a78f2525a65e4b328330d9fca84ca,115527,
runs/q3_legacy_deadline_20260913/validation_002080.json,results/final-20260913/q3_legacy_deadline_20260913/validation_002080.json,原样归档,75a9708cafa9d168ec896d75846763f1bf2b57ffacd11aa5240336219e941813,115536,
runs/q3_legacy_deadline_20260913/validation_002120.json,results/final-20260913/q3_legacy_deadline_20260913/validation_002120.json,原样归档,b5eeba05e4631ce6b5fd5bdb65af7395d93e33a40c22b41560ebbe2e75e3ef2a,115519,
runs/q3_legacy_deadline_20260913/validation_002160.json,results/final-20260913/q3_legacy_deadline_20260913/validation_002160.json,原样归档,2c1303f78077a3af8c9216c303ffb452d97badcc0b3481e87950cf1b2a8fc8f2,115495,
runs/q3_legacy_deadline_20260913/validation_002200.json,results/final-20260913/q3_legacy_deadline_20260913/validation_002200.json,原样归档,b6f9c2613652d57bc8c967789630c66e4979d71b1ec069ae28380e5b554d3fbe,115510,
runs/q3_legacy_deadline_20260913/validation_002240.json,results/final-20260913/q3_legacy_deadline_20260913/validation_002240.json,原样归档,81f386b47d344004d63caafe6637f0eb8905c808dfb2ba3df0842bfc39638901,115544,
runs/q3_legacy_deadline_20260913/validation_002280.json,results/final-20260913/q3_legacy_deadline_20260913/validation_002280.json,原样归档,98cfe32354d738e10fabc0388ed2a3297e10d06758eee0620084bae85130c6fd,115512,
runs/q3_legacy_deadline_20260913/validation_002320.json,results/final-20260913/q3_legacy_deadline_20260913/validation_002320.json,原样归档,104f01ce194f5727628c218adb249f7afa8a9c3523daf7195c9526ee6ead0857,115540,
runs/q3_legacy_deadline_20260913/validation_002360.json,results/final-20260913/q3_legacy_deadline_20260913/validation_002360.json,原样归档,49cc58a675fd2e397199c3c5861acf2cefca4b885528cfd1384d3ed99c0deecc,115523,
runs/q3_legacy_deadline_20260913/validation_002400.json,results/final-20260913/q3_legacy_deadline_20260913/validation_002400.json,原样归档,fcb48dd9e7d9b047c7f2f12ae3b709a001310010b8bca11a65438ebb13f73a8b,115545,
runs/q3_legacy_deadline_20260913/validation_002440.json,results/final-20260913/q3_legacy_deadline_20260913/validation_002440.json,原样归档,1b9a87d358c87fe1c264fc7589f1679bab67cb4722829cd6cad732930a2c7a7a,115519,
runs/q3_legacy_deadline_20260913/validation_002480.json,results/final-20260913/q3_legacy_deadline_20260913/validation_002480.json,原样归档,634f0ade728f10a9a91318536a2933f26aa52f88dda1cbbb470914f8faf20945,115521,
runs/q3_legacy_deadline_20260913/validation_002520.json,results/final-20260913/q3_legacy_deadline_20260913/validation_002520.json,原样归档,79bb733ed4ad60549eb91721def6294193770d7cb0b410bb431dfd3610dae407,115553,
runs/q3_legacy_deadline_20260913/validation_002560.json,results/final-20260913/q3_legacy_deadline_20260913/validation_002560.json,原样归档,2b2335e3bcf51b28fa016448a695cef6b16bca429f97761ab38d6f22ea782adb,115527,
runs/q3_legacy_deadline_20260913/validation_002600.json,results/final-20260913/q3_legacy_deadline_20260913/validation_002600.json,原样归档,1b79f828c6c1b69642fda24937cf3dec4b3e4a7c5276b0cd73ef89f7d174f2b1,115536,
runs/q3_legacy_deadline_20260913/validation_002640.json,results/final-20260913/q3_legacy_deadline_20260913/validation_002640.json,原样归档,685ca2c675701d3109530a63d21143c762217d9f3efb4cf00b9e20158b4c7ac1,115548,
runs/q3_legacy_deadline_20260913/validation_002680.json,results/final-20260913/q3_legacy_deadline_20260913/validation_002680.json,原样归档,cfb238557aed4fd08cc86f88d69bbafdf4763294910f039b27b05e2cd1b172b8,115560,
runs/q3_legacy_deadline_20260913/validation_002720.json,results/final-20260913/q3_legacy_deadline_20260913/validation_002720.json,原样归档,2e1aec7d54064b33c4b4c787ed23ac8e91f42ce455f6216caf2f40dcaf08c99f,115573,
runs/q3_legacy_deadline_20260913/validation_002760.json,results/final-20260913/q3_legacy_deadline_20260913/validation_002760.json,原样归档,f8ba8d7f5380b578d111678a9617267c52eb482d5bb218b0c6a891c2c5dc2df8,115545,
runs/q3_legacy_deadline_20260913/validation_002800.json,results/final-20260913/q3_legacy_deadline_20260913/validation_002800.json,原样归档,f82c81e16db489387f9a27e4139ddbcb2cb013c2a2d5a4349411e11602eab1da,115527,
runs/q3_legacy_deadline_20260913/validation_002840.json,results/final-20260913/q3_legacy_deadline_20260913/validation_002840.json,原样归档,d9ae851cd4979335226261722c17f429e25be3ccd40b4e4dc21007b22d530bb0,115547,
runs/q3_legacy_deadline_20260913/validation_002880.json,results/final-20260913/q3_legacy_deadline_20260913/validation_002880.json,原样归档,921246d7d5d09c76a6b9d4f7dc43e99ca9324a873053ab2414fc8d1959074cbc,115582,
runs/q3_legacy_deadline_20260913/validation_002920.json,results/final-20260913/q3_legacy_deadline_20260913/validation_002920.json,原样归档,9c7fa1ff637bc6c8b95f7f805558a10a03754d8d19a0f3c1af7ec47db683024e,115573,
runs/q3_legacy_deadline_20260913/validation_002960.json,results/final-20260913/q3_legacy_deadline_20260913/validation_002960.json,原样归档,7ae0c311e5e30d96690d3ca9dca161e1dcd31c3bf657936f6e3d5d5eafa092e9,115566,
runs/q3_legacy_deadline_20260913/validation_003000.json,results/final-20260913/q3_legacy_deadline_20260913/validation_003000.json,原样归档,0665ee5365ae1c94abd0d45115154e5cd025beab2620a567277a11df872bb3af,115528,
runs/q3_legacy_deadline_20260913/validation_003040.json,results/final-20260913/q3_legacy_deadline_20260913/validation_003040.json,原样归档,2752de75bed685de88db21bbee02600adc0aaba2110d09d1c01de431078d5954,115552,
runs/q3_legacy_deadline_20260913/validation_003080.json,results/final-20260913/q3_legacy_deadline_20260913/validation_003080.json,原样归档,dd56585df062acaf985f53f4f7fc157ad4a5868a14011ac2965f4b5ed4fd0bd7,115546,
runs/q3_legacy_deadline_20260913/validation_003120.json,results/final-20260913/q3_legacy_deadline_20260913/validation_003120.json,原样归档,159ea2c1b51ff6113ee2a594aa058b242f88caabc5a04fd861db6f39055d352b,115552,
runs/q3_legacy_deadline_20260913/validation_003160.json,results/final-20260913/q3_legacy_deadline_20260913/validation_003160.json,原样归档,a7502907574858b08d49715ee94d14f40b403318eb8d7ffa685c3764d1ba9348,115541,
runs/q3_legacy_deadline_20260913/validation_003200.json,results/final-20260913/q3_legacy_deadline_20260913/validation_003200.json,原样归档,1ccfbd4aa63cef3194e048e5ae377967178ca6c73b6622781cad2e43a243b9fc,115544,
runs/q3_legacy_deadline_20260913/validation_003240.json,results/final-20260913/q3_legacy_deadline_20260913/validation_003240.json,原样归档,d0b545b8f9ae05f60f833cc3f067dd5b89b897195240e9e74add4195e47bb239,115495,
runs/q3_legacy_deadline_20260913/validation_003280.json,results/final-20260913/q3_legacy_deadline_20260913/validation_003280.json,原样归档,956823c8dd4093d84c52c076feb0ca5def0c58605698a82b8480f447a33a2c73,115519,
runs/q3_legacy_deadline_20260913/validation_003320.json,results/final-20260913/q3_legacy_deadline_20260913/validation_003320.json,原样归档,1f68f016409e2be673fa6dbdb78363597f80daf0b3372fe832e9b8abd16f3bc4,115565,
runs/q3_legacy_deadline_20260913/validation_003360.json,results/final-20260913/q3_legacy_deadline_20260913/validation_003360.json,原样归档,a4e2ef3f2490986733fbfe7af1a47d6533ba1aad1c7f493a110b7d66226b93d7,115536,
runs/q3_legacy_deadline_20260913/validation_003400.json,results/final-20260913/q3_legacy_deadline_20260913/validation_003400.json,原样归档,9d8cfbd377fff3a829558c251032dec19b73a27660d7526209402403d0293edb,115556,
runs/q3_legacy_deadline_20260913/validation_003440.json,results/final-20260913/q3_legacy_deadline_20260913/validation_003440.json,原样归档,2b74eb133d45ed859c4b9691c0ce7adbb2f8b507d35f7effbb8311c1ebef8dbb,115544,
runs/q3_legacy_deadline_20260913/validation_003480.json,results/final-20260913/q3_legacy_deadline_20260913/validation_003480.json,原样归档,d900f875387fbc28e0b64030ce6ae8ead892efe791cd628e00248708ad356149,115550,
runs/q3_legacy_deadline_20260913/validation_003520.json,results/final-20260913/q3_legacy_deadline_20260913/validation_003520.json,原样归档,0ac7bfbcf5930644ccd1c1a54202ee50e1f72f27aa0af57c633d17f38af50f14,115541,
runs/q3_legacy_deadline_20260913/validation_003560.json,results/final-20260913/q3_legacy_deadline_20260913/validation_003560.json,原样归档,b017061215f3bf7bc397327026f7aeb9cdc2abb7bb7bee429bafec4b52a9f052,115564,
runs/q3_legacy_deadline_20260913/validation_003600.json,results/final-20260913/q3_legacy_deadline_20260913/validation_003600.json,原样归档,da8f109cb2a54c53cc638ca06b83881e216693bc775b7c5b570b52d5df344552,115549,
runs/q3_legacy_deadline_20260913/validation_003640.json,results/final-20260913/q3_legacy_deadline_20260913/validation_003640.json,原样归档,8b42c5a0a19a14f68328baafcf08a30d89ca30ef89f5f5cff878d18a781a862e,115539,
runs/q3_legacy_deadline_20260913/validation_003680.json,results/final-20260913/q3_legacy_deadline_20260913/validation_003680.json,原样归档,29547bb4e730ecaf928cbfc08a44621ce17fd8927c514f1a6b6035acfd4e8b43,115584,
runs/q3_legacy_deadline_20260913/validation_003720.json,results/final-20260913/q3_legacy_deadline_20260913/validation_003720.json,原样归档,f164362a668f84f0c44ca538719d9ad06b6cf36ab47789f61de5342a6bf7b471,115541,
runs/q3_legacy_deadline_20260913/validation_003760.json,results/final-20260913/q3_legacy_deadline_20260913/validation_003760.json,原样归档,7a9a1bc0758f1b065aea22fea4b11426ebdf219808065bc9f99cb54fa58eb386,115550,
runs/q3_legacy_deadline_20260913/validation_003800.json,results/final-20260913/q3_legacy_deadline_20260913/validation_003800.json,原样归档,6961da76fd6beb298d89811522ae1f7457ee6d0b2bca6f85ef805f12faea8c14,115556,
runs/q3_legacy_deadline_20260913/validation_003840.json,results/final-20260913/q3_legacy_deadline_20260913/validation_003840.json,原样归档,c99bb17f0935ceec24164bab8d96b6733384fc3ccd05de82b78d9efe06afe3e4,115555,
runs/q3_legacy_deadline_20260913/validation_003880.json,results/final-20260913/q3_legacy_deadline_20260913/validation_003880.json,原样归档,a2bc9ba6ff658d952e999662119cf8ef645999857438e517e55707e4d1d9e203,115555,
runs/q3_legacy_deadline_20260913/validation_003920.json,results/final-20260913/q3_legacy_deadline_20260913/validation_003920.json,原样归档,da38a7e2f853bb968e55ea2177d140b178e5f335638505685f61f12aed3bd4c6,115514,
runs/q3_legacy_deadline_20260913/validation_003960.json,results/final-20260913/q3_legacy_deadline_20260913/validation_003960.json,原样归档,e9e4a356873eccc3803371478dce55c1fb6c7eee0db910b9a1097c4f368808b9,115548,
runs/q3_legacy_deadline_20260913/validation_004000.json,results/final-20260913/q3_legacy_deadline_20260913/validation_004000.json,原样归档,ef4ea833d1ac13e81b6204f98c792a298b2bd1977e9b6e3386beb90d81c72abf,115524,
runs/q3_legacy_deadline_20260913/validation_004040.json,results/final-20260913/q3_legacy_deadline_20260913/validation_004040.json,原样归档,5f3db4f46bf90bdfc05aabaac881d7f5c14df55a2b5b6103cb214366ad6ce0ba,115544,
runs/q3_legacy_deadline_20260913/validation_004080.json,results/final-20260913/q3_legacy_deadline_20260913/validation_004080.json,原样归档,219d8bce5bb93ee963cae434a0431d8c8a2c8bbbd57b984dfad9b5a9844ae92b,115582,
runs/q3_legacy_deadline_20260913/validation_004120.json,results/final-20260913/q3_legacy_deadline_20260913/validation_004120.json,原样归档,222ddb70ecd663fe4f844e5757844fc00412dd7f0a6b8af6ff46a7e27724792a,115518,
runs/q3_legacy_deadline_20260913/validation_004160.json,results/final-20260913/q3_legacy_deadline_20260913/validation_004160.json,原样归档,6b8c0910bc36207c0cdf1f17c585cabc40f7a1b4a72cb6249d6b5c90cc70a493,115517,
runs/q3_legacy_deadline_20260913/validation_004200.json,results/final-20260913/q3_legacy_deadline_20260913/validation_004200.json,原样归档,1cd6ca2aa77d6ac4dc84aa51589b806e42cc29fcd3c44385482d17a9b6855e68,115566,
runs/q3_legacy_deadline_20260913/validation_004240.json,results/final-20260913/q3_legacy_deadline_20260913/validation_004240.json,原样归档,5f47df5a673bd4a00b6497aadd59667da79319e908444cc5aeaf20f019e6a0b8,115574,
runs/q3_legacy_deadline_20260913/validation_004280.json,results/final-20260913/q3_legacy_deadline_20260913/validation_004280.json,原样归档,7c64ec619206f532ac0ae01b20f89c6f55558fba5b60a03a8bdbd01c14154ff8,115573,
runs/q3_legacy_deadline_20260913/validation_004320.json,results/final-20260913/q3_legacy_deadline_20260913/validation_004320.json,原样归档,fbf5b432d340bd62cef423571b235b87028290a17c30a82df4a3c6f217a2fd4e,115573,
runs/q3_legacy_deadline_20260913/validation_004360.json,results/final-20260913/q3_legacy_deadline_20260913/validation_004360.json,原样归档,58187ffcc3592fc2a821092503a086ea43a6a64f0367a69906a82735d7b98fe3,115531,
runs/q3_legacy_deadline_20260913/validation_004400.json,results/final-20260913/q3_legacy_deadline_20260913/validation_004400.json,原样归档,c9cf34157674abd68270176b96fd1083eef18805e3eda600e09ac0b4fedb37fa,115550,
runs/q3_legacy_deadline_20260913/validation_004440.json,results/final-20260913/q3_legacy_deadline_20260913/validation_004440.json,原样归档,4303f6e947e527fdaac59f8318b85f8349f8de314067975369ea34613594cc0c,115569,
runs/q3_legacy_deadline_20260913/validation_004480.json,results/final-20260913/q3_legacy_deadline_20260913/validation_004480.json,原样归档,4850abeda705a14c7e9e1966663fea40796d33c76174ce3654c6958f2fafc1e8,115554,
runs/q3_legacy_deadline_20260913/validation_004520.json,results/final-20260913/q3_legacy_deadline_20260913/validation_004520.json,原样归档,93c25b065bda174b31a178ee7d177e23ddf1777dcbd6573bd5174dbecb813599,115532,
runs/q3_legacy_deadline_20260913/validation_004560.json,results/final-20260913/q3_legacy_deadline_20260913/validation_004560.json,原样归档,55ece78ab98e8d796cc3cd0eb282099e088231fea7b8fac5d834f4df527c460d,115554,
runs/q3_legacy_deadline_20260913/validation_004600.json,results/final-20260913/q3_legacy_deadline_20260913/validation_004600.json,原样归档,051f1b802066c59f15bd807298917087e52be994bfec82051568942db280928f,115564,
runs/q3_legacy_deadline_20260913/validation_004640.json,results/final-20260913/q3_legacy_deadline_20260913/validation_004640.json,原样归档,ff3d6e52767a26b05f329fb2bc9ba6e15466bd4742026b477cdf5ff6540455ba,115567,
runs/q3_legacy_deadline_20260913/validation_004680.json,results/final-20260913/q3_legacy_deadline_20260913/validation_004680.json,原样归档,838154490a349c6f32eebd01a4d769efe84e07e1a6becdb6e10535dcd6f01334,115552,
runs/q3_legacy_deadline_20260913/validation_004720.json,results/final-20260913/q3_legacy_deadline_20260913/validation_004720.json,原样归档,8e0b4670a73652882bd2c9a273d1558b9f8716a5ee942ced7040e8635b611e12,115567,
runs/q3_legacy_deadline_20260913/validation_004760.json,results/final-20260913/q3_legacy_deadline_20260913/validation_004760.json,原样归档,2d61c1cd5adda87fc99128a1896835da7667c7e6954562ba6d2b8e68788dd491,115573,
runs/q3_legacy_deadline_20260913/validation_004800.json,results/final-20260913/q3_legacy_deadline_20260913/validation_004800.json,原样归档,1357b6992dd88f80dae59274482bb5ba5e607e2bdf7abef237d094a9ca2036b8,115556,
runs/q3_legacy_deadline_20260913/validation_004840.json,results/final-20260913/q3_legacy_deadline_20260913/validation_004840.json,原样归档,928d54c3456c9b58ab851194ad3fdfad91aa32bd094c3a7038d549ed7e64defb,115539,
runs/q3_legacy_deadline_20260913/validation_004880.json,results/final-20260913/q3_legacy_deadline_20260913/validation_004880.json,原样归档,963627601c4b958f9b27117336bea54b7f3943a891139445a23c887795861e30,115560,
runs/q3_legacy_deadline_20260913/validation_004920.json,results/final-20260913/q3_legacy_deadline_20260913/validation_004920.json,原样归档,36681902c313d0e03d6d0c723ea9780ec6280618908c81c4465ad4419f4d6f58,115525,
runs/q3_legacy_deadline_20260913/validation_004960.json,results/final-20260913/q3_legacy_deadline_20260913/validation_004960.json,原样归档,ea823939b1ff223af269d9e5505ff28a7de75d6a26c794d4610834585abab576,115552,
runs/q3_legacy_deadline_20260913/validation_005000.json,results/final-20260913/q3_legacy_deadline_20260913/validation_005000.json,原样归档,63c72cfe1cc049ae2e78d8476828587f916a2b12eac62b79e4cc887c450026f6,115541,
runs/q3_legacy_deadline_20260913/validation_005040.json,results/final-20260913/q3_legacy_deadline_20260913/validation_005040.json,原样归档,b3f491b2e2180f07f9c7d197f197cec68c08358cdaee840df447351c685e400e,115534,
runs/q3_legacy_deadline_20260913/validation_005080.json,results/final-20260913/q3_legacy_deadline_20260913/validation_005080.json,原样归档,59dcaa80cbc745534be64ec2c96d4b699276d51e07adbc204ea3e1cc9b2333fd,115528,
runs/q3_legacy_deadline_20260913/validation_005120.json,results/final-20260913/q3_legacy_deadline_20260913/validation_005120.json,原样归档,41c43cc4ca8a092dd12c0c12c70684b81a1a5ac0334c92dbdce0911824b15b48,115552,
runs/q3_legacy_deadline_20260913/validation_005160.json,results/final-20260913/q3_legacy_deadline_20260913/validation_005160.json,原样归档,897fc115c1469ff5176049aac37af384847ee01b8f6230fa0c678c350ed5086f,115532,
runs/q3_legacy_deadline_20260913/validation_005200.json,results/final-20260913/q3_legacy_deadline_20260913/validation_005200.json,原样归档,80abdc6083123005fef2b62923986f3331f886aac6eaedc5bf175ec9967eef84,115528,
runs/q3_legacy_deadline_20260913/validation_005240.json,results/final-20260913/q3_legacy_deadline_20260913/validation_005240.json,原样归档,d0fd7c594e0763d2a17d012414da319f3b2c6fd9c871137a8ac1d9d28e44d7c6,115535,
runs/q3_legacy_deadline_20260913/validation_005280.json,results/final-20260913/q3_legacy_deadline_20260913/validation_005280.json,原样归档,006916294a275f78cd1e722a61fc93afea29fd47d2bd96afff94a681eb706706,115536,
runs/q3_legacy_deadline_20260913/validation_005320.json,results/final-20260913/q3_legacy_deadline_20260913/validation_005320.json,原样归档,382a351f3d70c40724cd8819f4ee40cc99bd893125fa6600292b658b342e8924,115575,
runs/q3_legacy_deadline_20260913/validation_005360.json,results/final-20260913/q3_legacy_deadline_20260913/validation_005360.json,原样归档,cb540e3c53f4affc4664fe8209111846915ad63c92396f4aee566eaec6dbcf36,115525,
runs/q3_legacy_deadline_20260913/validation_005400.json,results/final-20260913/q3_legacy_deadline_20260913/validation_005400.json,原样归档,82158ec8a0e9bbee20ed38e1accc8ce90cc257b3bb7812055806da1efaeddea9,115537,
runs/q3_legacy_deadline_20260913/validation_005440.json,results/final-20260913/q3_legacy_deadline_20260913/validation_005440.json,原样归档,4753f93524a66484085577c46b78f21b31663b1eb7ac1eb965631e5ed2684355,115534,
runs/q3_legacy_deadline_20260913/validation_005480.json,results/final-20260913/q3_legacy_deadline_20260913/validation_005480.json,原样归档,f0238ecaf98f2aafaad1e24d39af4990e46634813e2970dbd2b856da096128f6,115542,
runs/q3_legacy_deadline_20260913/validation_005520.json,results/final-20260913/q3_legacy_deadline_20260913/validation_005520.json,原样归档,41aab134b6199be3f380745f3bb0e96b368d1b3e61f8aecda524671c08327788,115541,
runs/q3_legacy_deadline_20260913/validation_005560.json,results/final-20260913/q3_legacy_deadline_20260913/validation_005560.json,原样归档,cfb20e202be50c42618b16059da7e56d8f6e921f5cd1e30fd4e3876b21f25b96,115553,
runs/q3_legacy_deadline_20260913/validation_005600.json,results/final-20260913/q3_legacy_deadline_20260913/validation_005600.json,原样归档,df542bd2dd7de004e25ebd5c6ed5542408c37818565343a7e25a9412405c911a,115491,
runs/q3_legacy_deadline_20260913/validation_005640.json,results/final-20260913/q3_legacy_deadline_20260913/validation_005640.json,原样归档,c0e84aa8a4aea6cab8ae24b3f25cb1cf0616073712062657051d8fb627fd7e3a,115499,
runs/q3_legacy_deadline_20260913/validation_005680.json,results/final-20260913/q3_legacy_deadline_20260913/validation_005680.json,原样归档,8ddae528b1cb2f3101c67095f7556b90596063fd388f70a0f1e4939a62f5ee04,115505,
runs/q3_legacy_deadline_20260913/validation_005720.json,results/final-20260913/q3_legacy_deadline_20260913/validation_005720.json,原样归档,bba6daadeb20c66f58e7df092fe67150b70c2cf41b9c11efe45081ad6b31e0e5,115521,
runs/q3_legacy_deadline_20260913/validation_005760.json,results/final-20260913/q3_legacy_deadline_20260913/validation_005760.json,原样归档,94742ee86fa0116e7f83abc6e350c3bbcd63138a61fc61b155304e6b4fff5aca,115534,
runs/q3_legacy_deadline_20260913/validation_005800.json,results/final-20260913/q3_legacy_deadline_20260913/validation_005800.json,原样归档,b9f2d8a80cdc67b72e5905c2b7e68a0223150cc1e4a692f3f5dfe23a746f80b1,115541,
runs/q3_legacy_deadline_20260913/validation_005840.json,results/final-20260913/q3_legacy_deadline_20260913/validation_005840.json,原样归档,afea3c649a54c927161d9af9b4b4d523a4cbd6cd3f399310731c41fca17f49bb,115506,
runs/q3_legacy_deadline_20260913/validation_005880.json,results/final-20260913/q3_legacy_deadline_20260913/validation_005880.json,原样归档,81f4ac25293d7b2fe2032c1be4926aad34b86cb0d1b30cf6043b6e1d3bfb984b,115518,
runs/q3_legacy_deadline_20260913/validation_005920.json,results/final-20260913/q3_legacy_deadline_20260913/validation_005920.json,原样归档,155b274f27bcf356c720f155a12798957269d44392bc5827265e285121ddc9e2,115487,
runs/q3_legacy_deadline_20260913/validation_005960.json,results/final-20260913/q3_legacy_deadline_20260913/validation_005960.json,原样归档,c8021a04f80e1099a956da728c477f6778c059b7fbeec83ee05fe17c74824ab2,115501,
runs/q3_legacy_deadline_20260913/validation_006000.json,results/final-20260913/q3_legacy_deadline_20260913/validation_006000.json,原样归档,9a304ba5de7d87e4b918696909b7f450bdebc1e7cf9c2bd32e5e5a9903a55fcc,115498,
runs/q3_legacy_deadline_20260913/validation_006040.json,results/final-20260913/q3_legacy_deadline_20260913/validation_006040.json,原样归档,77344df7fd63e9536e49c53fa70973d99b81306ab733da5e95a8473747182495,115526,
runs/q3_legacy_deadline_20260913/validation_006080.json,results/final-20260913/q3_legacy_deadline_20260913/validation_006080.json,原样归档,97fd9b7d348f900b0bc826a41d189cc0489e8bb5b29953e5fc25299ce05e77fa,115572,
runs/q3_legacy_deadline_20260913/validation_006120.json,results/final-20260913/q3_legacy_deadline_20260913/validation_006120.json,原样归档,a8d159c2547624476644499b292fc1be321e0e5249f5f19c03e5f972b975dfec,115517,
runs/q3_legacy_deadline_20260913/validation_006160.json,results/final-20260913/q3_legacy_deadline_20260913/validation_006160.json,原样归档,f4cd22983d32e068efda8b6cf0388fd2009d7af2f07c396eed5c4e4f1c628072,115461,
runs/q3_legacy_deadline_20260913/validation_006200.json,results/final-20260913/q3_legacy_deadline_20260913/validation_006200.json,原样归档,6d32a113e970c65201e2b7b782dbb31ad0ce446ccff2c7c927149392c1eec018,115481,
runs/q3_legacy_deadline_20260913/validation_006240.json,results/final-20260913/q3_legacy_deadline_20260913/validation_006240.json,原样归档,8b82e5ef1c95e3c93271d4247624b0932e21af2036fbf4d4701371bebb51f42e,115494,
runs/q3_legacy_deadline_20260913/validation_006280.json,results/final-20260913/q3_legacy_deadline_20260913/validation_006280.json,原样归档,7bc8adfc15e7e1071bf5672b26aa9bb0cc9d84bfee516a3ec3c47b9259ecf91c,115523,
runs/q3_legacy_deadline_20260913/validation_006320.json,results/final-20260913/q3_legacy_deadline_20260913/validation_006320.json,原样归档,1e5569fa7e69f3e88b70fd1809f4d0834d917ae0de8b1ed8d3689689c3917b95,115492,
runs/q3_legacy_deadline_20260913/validation_006360.json,results/final-20260913/q3_legacy_deadline_20260913/validation_006360.json,原样归档,2bed0afe7daf6bc8616fcaa29bd04d59f81fea7001cf29b895a31e21ffb9b390,115501,
runs/q3_legacy_deadline_20260913/validation_006400.json,results/final-20260913/q3_legacy_deadline_20260913/validation_006400.json,原样归档,dd5173579589be4ed887278df93b7c3eb99e2c3708f4a355f9d2085b5f566c09,115487,
runs/q3_legacy_deadline_20260913/validation_006440.json,results/final-20260913/q3_legacy_deadline_20260913/validation_006440.json,原样归档,63213b07c20909b31dd3373d1c1ed9df58890caef19cfb1579d0ad765b20e837,115523,
runs/q4_absence_tail_analysis_20260913_v2/additional_statistics.json,results/final-20260913/q4_absence_tail_analysis_20260913_v2/additional_statistics.json,原样归档,e4405e1790390bacfe7782458bf38b86f4549f2bead0d1c7683eb7762052da9e,289,
runs/q4_absence_tail_analysis_20260913_v2/manifest.json,results/final-20260913/q4_absence_tail_analysis_20260913_v2/manifest.json,原样归档,3c9c4b84e735c8f180a8dd4e98df77c434c7aa5f526ec66ab62973e472647b26,582,
runs/q4_absence_tail_analysis_20260913_v2/official_events.json,results/final-20260913/q4_absence_tail_analysis_20260913_v2/official_events.json,原样归档,5512ea5775755048d419be1cf411eec5742f0512d2dd5e48ba867400727f8363,75807,
runs/q4_absence_tail_analysis_20260913_v2/official_log_summary.json,results/final-20260913/q4_absence_tail_analysis_20260913_v2/official_log_summary.json,原样归档,05335b083a94230805ede3f5c64cc8ce4436e5b6779f69ed15ad6dd538a9a995,953,
runs/q4_absence_tail_analysis_20260913_v2/replay.jsonl,results/final-20260913/q4_absence_tail_analysis_20260913_v2/replay.jsonl,原样归档,dcee8c03ebc8f889fd88c4f2008bc569bccddbdeaf0e7b45feee653642100060,3171532,
runs/q4_absence_tail_analysis_20260913_v2/report.md,results/final-20260913/q4_absence_tail_analysis_20260913_v2/report.md,原样归档,ba9f66a1f0f2eb339829b90f3c8718c899b278343c44af7289703ed18500d355,8580,
runs/q4_absence_tail_analysis_20260913_v2/samples.csv,results/final-20260913/q4_absence_tail_analysis_20260913_v2/samples.csv,原样归档,90b2dc318e4e898d44890c52962af85d1430ddacd53b43dc913367f8619682eb,754173,
runs/q4_absence_tail_analysis_20260913_v2/summary.json,results/final-20260913/q4_absence_tail_analysis_20260913_v2/summary.json,原样归档,09dc745976943a0a9f7adf6d901b1bc89e4deff6b5241e0cc1534da727bf8599,55541,
runs/q4_absence_tail_analysis_20260913_v2/tail_analysis.pdf,results/final-20260913/q4_absence_tail_analysis_20260913_v2/tail_analysis.pdf,原样归档,da64ab2ae454a07d1869a215cc5677b865b4f857b3ec7b6530528b5caaed816b,19534,
runs/q4_absence_tail_analysis_20260913_v2/tail_analysis.png,results/final-20260913/q4_absence_tail_analysis_20260913_v2/tail_analysis.png,原样归档,5e3bfd7a037d69bec8c427ff4ee3db69a7c52bc9f9d9aeb4c968ab861e9560f8,102702,
runs/q4_baseline_8gpu_1h_20260913/evaluation/comparison.pdf,results/final-20260913/q4_baseline_8gpu_1h_20260913/evaluation/comparison.pdf,原样归档,138888f9d149708b57ecf6149dc1f2f58d70fc7165f16c739f6c347b22ee91fd,21503,
runs/q4_baseline_8gpu_1h_20260913/evaluation/comparison.png,results/final-20260913/q4_baseline_8gpu_1h_20260913/evaluation/comparison.png,原样归档,76a15835bf1d30b9d246e42bbed69624aa146317a6da0e7e2a9f670579f682e2,88409,
runs/q4_baseline_8gpu_1h_20260913/evaluation/manifest.json,results/final-20260913/q4_baseline_8gpu_1h_20260913/evaluation/manifest.json,原样归档,80f0de8e6626e9d686abaaac25817c137611907cb5d0eb458b81e0c10e220f51,10304,
runs/q4_baseline_8gpu_1h_20260913/evaluation/paired_samples.csv,results/final-20260913/q4_baseline_8gpu_1h_20260913/evaluation/paired_samples.csv,原样归档,1e57c908428d3fdc5b4ce5e6166c65340a2403719ecda591f46cead9ffe1811b,267393,
runs/q4_baseline_8gpu_1h_20260913/evaluation/report.md,results/final-20260913/q4_baseline_8gpu_1h_20260913/evaluation/report.md,原样归档,a8bc16b7f68359eae0c088e256686ddf95eb32f042714e4bb58c3f2b6ca397a3,3273,
runs/q4_baseline_8gpu_1h_20260913/evaluation/summary.json,results/final-20260913/q4_baseline_8gpu_1h_20260913/evaluation/summary.json,原样归档,3986f25ec99cfdd563f62b8d0448bb7e89e5ddf740be93d9e99a3ec765fa06ed,15675,
runs/q4_baseline_8gpu_1h_20260913/launch_manifest.json,results/final-20260913/q4_baseline_8gpu_1h_20260913/launch_manifest.json,原样归档,1caa738998720969396006aa520467bc728fb34fac1796d1073acf4c2e6f00e6,609,
runs/q4_baseline_8gpu_1h_20260913/parent/best.pt,results/final-20260913/q4_baseline_8gpu_1h_20260913/parent/best.pt,原样归档,e8a525f78d176d9073372394b324bd585f4445fbf9cd1515141c483f38d5bd90,4346165,
runs/q4_baseline_8gpu_1h_20260913/smoke.config.json,results/final-20260913/q4_baseline_8gpu_1h_20260913/smoke.config.json,原样归档,8073660080dcc5a19e36992cdf7a6e44133832fa01881141a9e71305588744c0,896,
runs/q4_baseline_8gpu_1h_20260913/smoke.console.log,results/final-20260913/q4_baseline_8gpu_1h_20260913/smoke.console.log,原样归档,9108bc30079d85d2180959a19524b11a8505848d6711e6508aab72b4949e72f3,7574,
runs/q4_baseline_8gpu_1h_20260913/smoke/baseline_validation.json,results/final-20260913/q4_baseline_8gpu_1h_20260913/smoke/baseline_validation.json,原样归档,6abe4c6e28a8d81c539fc6542446cde005a806c41d16054c6674a35173499373,115653,
runs/q4_baseline_8gpu_1h_20260913/smoke/config.json,results/final-20260913/q4_baseline_8gpu_1h_20260913/smoke/config.json,原样归档,8073660080dcc5a19e36992cdf7a6e44133832fa01881141a9e71305588744c0,896,
runs/q4_baseline_8gpu_1h_20260913/smoke/metrics.jsonl,results/final-20260913/q4_baseline_8gpu_1h_20260913/smoke/metrics.jsonl,原样归档,39382c8790c772002afd7e73b903de4a0d556eec11e5d053c2477a1f94ad6e9a,10642,
runs/q4_baseline_8gpu_1h_20260913/smoke/provenance.json,results/final-20260913/q4_baseline_8gpu_1h_20260913/smoke/provenance.json,原样归档,4e81d5596e423c255d108c1022fe0b2321849e6a7f9aff745e6d94406031121c,4573,
runs/q4_baseline_8gpu_1h_20260913/smoke/seed_manifest.json,results/final-20260913/q4_baseline_8gpu_1h_20260913/smoke/seed_manifest.json,原样归档,f2a43d7d54f919dfab944b7159021cea6f29101e65758660af7df261fb12111e,169,
runs/q4_baseline_8gpu_1h_20260913/smoke/status.json,results/final-20260913/q4_baseline_8gpu_1h_20260913/smoke/status.json,原样归档,67182d0cae78e7d3d9cfeb9e30d1c460e42a614b7f4693af2d617de6caa5c540,109,
runs/q4_baseline_8gpu_1h_20260913/smoke/validation_000002.json,results/final-20260913/q4_baseline_8gpu_1h_20260913/smoke/validation_000002.json,原样归档,f4cd6ce1ef1993c1803076670669b76269b3d1a3359fb8cce61b29a30b13d034,57832,
runs/q4_baseline_8gpu_1h_20260913/smoke/validation_000004.json,results/final-20260913/q4_baseline_8gpu_1h_20260913/smoke/validation_000004.json,原样归档,c5a0b15fc401b60bbcf4ed1152ed8a7038d7f955f4ec7b7194298170ae3b6a03,57838,
runs/q4_baseline_8gpu_1h_20260913/smoke_gate.json,results/final-20260913/q4_baseline_8gpu_1h_20260913/smoke_gate.json,原样归档,cf2fb4ed1dc5095e0fdb2d771b9361bc6ec9011fdb5e9ab30126e2dad9fb5a92,169,
runs/q4_baseline_8gpu_1h_20260913/smoke_resume.config.json,results/final-20260913/q4_baseline_8gpu_1h_20260913/smoke_resume.config.json,原样归档,8073660080dcc5a19e36992cdf7a6e44133832fa01881141a9e71305588744c0,896,
runs/q4_baseline_8gpu_1h_20260913/smoke_resume.console.log,results/final-20260913/q4_baseline_8gpu_1h_20260913/smoke_resume.console.log,原样归档,9a787edcc1ab3d4f21ec9cd93349e48044b87f5224601f297fe6aede6c0419ff,3068,
runs/q4_baseline_8gpu_1h_20260913/source/bsim/__init__.py,results/final-20260913/q4_baseline_8gpu_1h_20260913/source/bsim/__init__.py,原样归档,967ff09517cb806a6b6c579c99105850862a9bf0884d1db1167e2fd81bab83c0,100,
runs/q4_baseline_8gpu_1h_20260913/source/bsim/__main__.py,results/final-20260913/q4_baseline_8gpu_1h_20260913/source/bsim/__main__.py,原样归档,708e2679407b0b6a825ad1a2debb95d25f19403cdf713d5c5db3eff04f997aa9,6809,
runs/q4_baseline_8gpu_1h_20260913/source/bsim/client.py,results/final-20260913/q4_baseline_8gpu_1h_20260913/source/bsim/client.py,原样归档,acb69eda926bddfc3ccfcb840899406abd5bb8257154d31f96d4c689db7cb558,4131,
runs/q4_baseline_8gpu_1h_20260913/source/bsim/clocks.py,results/final-20260913/q4_baseline_8gpu_1h_20260913/source/bsim/clocks.py,原样归档,d1760109982198d84774b81b5f2120b80fac004ea68458720279ba1dc1a17c17,583,
runs/q4_baseline_8gpu_1h_20260913/source/bsim/env.py,results/final-20260913/q4_baseline_8gpu_1h_20260913/source/bsim/env.py,原样归档,291e1f3d23386b672f317d98ad94ac09b676369f0a3204357f821b56c55ba7d5,1046,
runs/q4_baseline_8gpu_1h_20260913/source/bsim/evaluation.py,results/final-20260913/q4_baseline_8gpu_1h_20260913/source/bsim/evaluation.py,原样归档,fc51c3bd83b01fb96d946007b3dbd24f11b6704bc638244fceeadec1ce27fb5c,5457,
runs/q4_baseline_8gpu_1h_20260913/source/bsim/fast.py,results/final-20260913/q4_baseline_8gpu_1h_20260913/source/bsim/fast.py,原样归档,024fbe85c2f80cffd53ed9c07a52c323657785a0f2b24f21f2dd1eced4550f88,1650,
runs/q4_baseline_8gpu_1h_20260913/source/bsim/http_server.py,results/final-20260913/q4_baseline_8gpu_1h_20260913/source/bsim/http_server.py,原样归档,b5ae05ff747941780fc4d8a60d227356ee6d2489d80f7ee731e41af7cf352c10,4652,
runs/q4_baseline_8gpu_1h_20260913/source/bsim/noise.py,results/final-20260913/q4_baseline_8gpu_1h_20260913/source/bsim/noise.py,原样归档,0b149c9b1b0470e6c3d37d3b73f42757076cad8440bf91cbcf9c0b112d0fcb88,3056,
runs/q4_baseline_8gpu_1h_20260913/source/bsim/profiles.py,results/final-20260913/q4_baseline_8gpu_1h_20260913/source/bsim/profiles.py,原样归档,d00bfb79e124d1b4dced21f2b595eb5375d6287b6fbf6895443582be3cf49bff,457,
runs/q4_baseline_8gpu_1h_20260913/source/bsim/protocol.py,results/final-20260913/q4_baseline_8gpu_1h_20260913/source/bsim/protocol.py,原样归档,10651bf3464554f1386fe4b7d95619cae8b5e890ced89cc807d2998d696c3c21,3267,
runs/q4_baseline_8gpu_1h_20260913/source/bsim/reference.py,results/final-20260913/q4_baseline_8gpu_1h_20260913/source/bsim/reference.py,原样归档,eca0ad350a6a22a9ccdd655ae1ed284cc98cec107fd1125aad5a488a8818b86f,3297,
runs/q4_baseline_8gpu_1h_20260913/source/bsim/research.py,results/final-20260913/q4_baseline_8gpu_1h_20260913/source/bsim/research.py,原样归档,070cb72e35466b9807f573a29dfaed32204fb5a457db006ac9a3f82b9c99b60a,2752,
runs/q4_baseline_8gpu_1h_20260913/source/bsim/scenarios.py,results/final-20260913/q4_baseline_8gpu_1h_20260913/source/bsim/scenarios.py,原样归档,42fe0fd36bfac2f914fc20400a5bb7b37a3e2345a922dc1df6566234180a4d5a,2978,
runs/q4_baseline_8gpu_1h_20260913/source/bsim/session.py,results/final-20260913/q4_baseline_8gpu_1h_20260913/source/bsim/session.py,原样归档,c5a160a87da0e0c28b0b81cb88ddac55ae14496fe74210160996dccb4a54d547,6410,
runs/q4_baseline_8gpu_1h_20260913/source/bsim/strategy.py,results/final-20260913/q4_baseline_8gpu_1h_20260913/source/bsim/strategy.py,原样归档,22340e37c64253379f297848f17cf41cbe9c551e30fe8dd1d93b52dd8706e071,636,
runs/q4_baseline_8gpu_1h_20260913/source/bsim/validation.py,results/final-20260913/q4_baseline_8gpu_1h_20260913/source/bsim/validation.py,原样归档,e2054e298a38bf2e0bc6047740a932ef7336946a982b991adc3712bc4316c718,3700,
runs/q4_baseline_8gpu_1h_20260913/source/bsim/web_dashboard.py,results/final-20260913/q4_baseline_8gpu_1h_20260913/source/bsim/web_dashboard.py,原样归档,98079b40ab10cc323934fc0255ecfa6cb35f1f9994bf4c39d7e2b8c889b0c357,12005,
runs/q4_baseline_8gpu_1h_20260913/source/manifest.json,results/final-20260913/q4_baseline_8gpu_1h_20260913/source/manifest.json,原样归档,44a63835fd4bc8e4a4994a9ef018ef729f9ff274be990d444dce03a81b4808a6,4405,
runs/q4_baseline_8gpu_1h_20260913/source/scripts/train.py,results/final-20260913/q4_baseline_8gpu_1h_20260913/source/scripts/train.py,原样归档,500546f1b40abd1d71021c0ec48d5e48e8f7f4cb8ef1acc646d6a890082a43cc,11201,
runs/q4_baseline_8gpu_1h_20260913/source/solution/__init__.py,results/final-20260913/q4_baseline_8gpu_1h_20260913/source/solution/__init__.py,原样归档,e3b0c44298fc1c149afbf4c8996fb92427ae41e4649b934ca495991b7852b855,0,
runs/q4_baseline_8gpu_1h_20260913/source/solution/cli.py,results/final-20260913/q4_baseline_8gpu_1h_20260913/source/solution/cli.py,原样归档,ae5f77f48754022f7b0113c556cb25b7245a135b5765c1a46d145e8b42ef6c46,780,
runs/q4_baseline_8gpu_1h_20260913/source/solution/control/__init__.py,results/final-20260913/q4_baseline_8gpu_1h_20260913/source/solution/control/__init__.py,原样归档,e3b0c44298fc1c149afbf4c8996fb92427ae41e4649b934ca495991b7852b855,0,
runs/q4_baseline_8gpu_1h_20260913/source/solution/control/controller.py,results/final-20260913/q4_baseline_8gpu_1h_20260913/source/solution/control/controller.py,原样归档,5c9d14ed73713818d5fde77d99cf15b1d4af40f00547b6e11512428636126c95,11026,
runs/q4_baseline_8gpu_1h_20260913/source/solution/coverage/__init__.py,results/final-20260913/q4_baseline_8gpu_1h_20260913/source/solution/coverage/__init__.py,原样归档,01f802a854c8dc3589ee6d65ea10db50dc49f29ab0a4e4190622dd0360c46c42,28,
runs/q4_baseline_8gpu_1h_20260913/source/solution/coverage/certificates.py,results/final-20260913/q4_baseline_8gpu_1h_20260913/source/solution/coverage/certificates.py,原样归档,547051708528139de87c1b336c5b1d835f334561d17f5e74078c0ce12a76d3e1,3627,
runs/q4_baseline_8gpu_1h_20260913/source/solution/evaluation/__init__.py,results/final-20260913/q4_baseline_8gpu_1h_20260913/source/solution/evaluation/__init__.py,原样归档,e3b0c44298fc1c149afbf4c8996fb92427ae41e4649b934ca495991b7852b855,0,
runs/q4_baseline_8gpu_1h_20260913/source/solution/evaluation/artifacts.py,results/final-20260913/q4_baseline_8gpu_1h_20260913/source/solution/evaluation/artifacts.py,原样归档,0974634f63534fe647a2529df83be7c3a7bfac0401889ffc88759109ed33cc26,1924,
runs/q4_baseline_8gpu_1h_20260913/source/solution/geometry/__init__.py,results/final-20260913/q4_baseline_8gpu_1h_20260913/source/solution/geometry/__init__.py,原样归档,e3b0c44298fc1c149afbf4c8996fb92427ae41e4649b934ca495991b7852b855,0,
runs/q4_baseline_8gpu_1h_20260913/source/solution/geometry/core.py,results/final-20260913/q4_baseline_8gpu_1h_20260913/source/solution/geometry/core.py,原样归档,ba77a502eb2ada24151ad2057ffc2b6606ccab8c92641173211e227bc7286caf,12574,
runs/q4_baseline_8gpu_1h_20260913/source/solution/planning/__init__.py,results/final-20260913/q4_baseline_8gpu_1h_20260913/source/solution/planning/__init__.py,原样归档,e3b0c44298fc1c149afbf4c8996fb92427ae41e4649b934ca495991b7852b855,0,
runs/q4_baseline_8gpu_1h_20260913/source/solution/planning/q2.py,results/final-20260913/q4_baseline_8gpu_1h_20260913/source/solution/planning/q2.py,原样归档,800f21b916b73df6094f7b5157faf8111c283c512d84b23d67c6e57370596325,7975,
runs/q4_baseline_8gpu_1h_20260913/source/solution/rl/__init__.py,results/final-20260913/q4_baseline_8gpu_1h_20260913/source/solution/rl/__init__.py,原样归档,4df2da4c47012dcbd440058597558f4c825acce706345f2d170920d431c16876,97,
runs/q4_baseline_8gpu_1h_20260913/source/solution/rl/distributed.py,results/final-20260913/q4_baseline_8gpu_1h_20260913/source/solution/rl/distributed.py,原样归档,b98fae2f1941e21a939ea07cded2a6cbf8be99ea31af94e7658ac998acbf569c,4291,
runs/q4_baseline_8gpu_1h_20260913/source/solution/rl/environment.py,results/final-20260913/q4_baseline_8gpu_1h_20260913/source/solution/rl/environment.py,原样归档,c50152b35f37f6c6f974713fccf0ccef6f954903e5dcb595381c32056bbf811e,5607,
runs/q4_baseline_8gpu_1h_20260913/source/solution/rl/features.py,results/final-20260913/q4_baseline_8gpu_1h_20260913/source/solution/rl/features.py,原样归档,73238fa29d76cdb0fe9a1d89f4e0eeb23140e167b008f90895146deb19820013,2470,
runs/q4_baseline_8gpu_1h_20260913/source/solution/rl/joint_updates.py,results/final-20260913/q4_baseline_8gpu_1h_20260913/source/solution/rl/joint_updates.py,原样归档,9dc23a824e671460c88bd2e1dc80b9ef8e7e4d4367a5d666836e55ab80a61365,6715,
runs/q4_baseline_8gpu_1h_20260913/source/solution/rl/model.py,results/final-20260913/q4_baseline_8gpu_1h_20260913/source/solution/rl/model.py,原样归档,015a5b3c4c7995f8d6e365ed4ad9aa114b8927395a2911005f7ce94068e74312,1830,
runs/q4_baseline_8gpu_1h_20260913/source/solution/rl/training.py,results/final-20260913/q4_baseline_8gpu_1h_20260913/source/solution/rl/training.py,原样归档,44351f2d43b51e1a79101ac49530a4c1c0318d5482613317c86e92213647d920,16104,
runs/q4_baseline_8gpu_1h_20260913/source/solution/search/__init__.py,results/final-20260913/q4_baseline_8gpu_1h_20260913/source/solution/search/__init__.py,原样归档,b98f017ac999b5df85ce3ad52aa59d2f8ce1313b2d82d39b1a3fa2f15943059a,74,
runs/q4_baseline_8gpu_1h_20260913/source/solution/search/belief.py,results/final-20260913/q4_baseline_8gpu_1h_20260913/source/solution/search/belief.py,原样归档,55769f26a6f55847d217d86987b60547e6f4bd225db4f1c380ecd7c00847cfa1,9071,
runs/q4_baseline_8gpu_1h_20260913/source/solution/search/collection.py,results/final-20260913/q4_baseline_8gpu_1h_20260913/source/solution/search/collection.py,原样归档,78f732414bf99d1415287dcd18305f747e6f5a08624ca0ec144d479c777a7287,5314,
runs/q4_baseline_8gpu_1h_20260913/source/solution/search/gpu/__init__.py,results/final-20260913/q4_baseline_8gpu_1h_20260913/source/solution/search/gpu/__init__.py,原样归档,76d343e4e154ecc4b3d5c1ffbfb3e6c352b8108de9fdfa12424d3e1f0df96182,80,
runs/q4_baseline_8gpu_1h_20260913/source/solution/search/gpu/kernel.py,results/final-20260913/q4_baseline_8gpu_1h_20260913/source/solution/search/gpu/kernel.py,原样归档,90e95aed6c5b5ce26b12bc2d3e85a0d0201879c24c6d13bed348476deb845ec1,9330,
runs/q4_baseline_8gpu_1h_20260913/source/solution/search/gpu/rollout.py,results/final-20260913/q4_baseline_8gpu_1h_20260913/source/solution/search/gpu/rollout.py,原样归档,8335e6a48d8b682fbff7ac70c8b1e860d8c23a6b75a83e8e48d6468e714ddaad,9015,
runs/q4_baseline_8gpu_1h_20260913/source/solution/search/teacher.py,results/final-20260913/q4_baseline_8gpu_1h_20260913/source/solution/search/teacher.py,原样归档,5c054bc3a9774c01f7d77c65ede73178d02c4d6f347cee3f32c9f3d095f2dc01,7720,
runs/q4_baseline_8gpu_1h_20260913/supervisor.json,results/final-20260913/q4_baseline_8gpu_1h_20260913/supervisor.json,原样归档,f92e748db8eda1dd5099d78f69e7442d0e503a15c42e3e7ca01410501fad5571,253,
runs/q4_baseline_8gpu_1h_20260913/train.config.json,results/final-20260913/q4_baseline_8gpu_1h_20260913/train.config.json,原样归档,942eb8d0c028754ccd1305f6bb6e18857e6d83b3e052a2e50e865e39a2012263,900,
runs/q4_baseline_8gpu_1h_20260913/train.console.log,results/final-20260913/q4_baseline_8gpu_1h_20260913/train.console.log,原样归档,2c3e855615462035cef3c72fe6237c167dff469fd2d039b207f4be9e90ed9265,1545894,
runs/q4_baseline_8gpu_1h_20260913/train/baseline_validation.json,results/final-20260913/q4_baseline_8gpu_1h_20260913/train/baseline_validation.json,原样归档,c08d67b716173f02a6129a7d6f7c80830daad16c7fa6c9978f28dcb1277a29ce,924635,
runs/q4_baseline_8gpu_1h_20260913/train/best.pt,results/final-20260913/q4_baseline_8gpu_1h_20260913/train/best.pt,原样归档,c8812cedc2a755997dbd431873b3c4229d8411d827937225e34f1b8ac6949ffb,4398265,
runs/q4_baseline_8gpu_1h_20260913/train/config.json,results/final-20260913/q4_baseline_8gpu_1h_20260913/train/config.json,原样归档,942eb8d0c028754ccd1305f6bb6e18857e6d83b3e052a2e50e865e39a2012263,900,
runs/q4_baseline_8gpu_1h_20260913/train/final_test.json,results/final-20260913/q4_baseline_8gpu_1h_20260913/train/final_test.json,原样归档,958ba42af418f9d163ba4813ef6685d7fbd770a36479a63734364c44ef014165,5413515,
runs/q4_baseline_8gpu_1h_20260913/train/metrics.jsonl,results/final-20260913/q4_baseline_8gpu_1h_20260913/train/metrics.jsonl,原样归档,2c3e855615462035cef3c72fe6237c167dff469fd2d039b207f4be9e90ed9265,1545894,
runs/q4_baseline_8gpu_1h_20260913/train/provenance.json,results/final-20260913/q4_baseline_8gpu_1h_20260913/train/provenance.json,原样归档,4e81d5596e423c255d108c1022fe0b2321849e6a7f9aff745e6d94406031121c,4573,
runs/q4_baseline_8gpu_1h_20260913/train/seed_manifest.json,results/final-20260913/q4_baseline_8gpu_1h_20260913/train/seed_manifest.json,原样归档,767383554f493b3fb7d2d62b75595cd0f044feedb897674dafba9886c3adc5fd,172,
runs/q4_baseline_8gpu_1h_20260913/train/status.json,results/final-20260913/q4_baseline_8gpu_1h_20260913/train/status.json,原样归档,3c0e79984f8bf81bb4410023be0f3c7cd4c296a851c8c0efae7452ac92227e34,270,
runs/q4_baseline_8gpu_1h_20260913/train/validation_000040.json,results/final-20260913/q4_baseline_8gpu_1h_20260913/train/validation_000040.json,原样归档,2a182514b67b5b323e5812d565e8d4f45913bb30367784252be75b8310abf8bf,461914,
runs/q4_baseline_8gpu_1h_20260913/train/validation_000080.json,results/final-20260913/q4_baseline_8gpu_1h_20260913/train/validation_000080.json,原样归档,8268041d709fd746c4234c9978ca6a353f5676fe32b426fc6214903b8b43088f,461865,
runs/q4_baseline_8gpu_1h_20260913/train/validation_000120.json,results/final-20260913/q4_baseline_8gpu_1h_20260913/train/validation_000120.json,原样归档,67e5f55e99f6becbebe75812bad85e8f5cc8b28f803201de83f0d0440eb24138,461883,
runs/q4_baseline_8gpu_1h_20260913/train/validation_000160.json,results/final-20260913/q4_baseline_8gpu_1h_20260913/train/validation_000160.json,原样归档,83b3e6b389df0e7f514bbd88eefaba440b9c74c6bed9da4d25c6612214c5da18,461827,
runs/q4_baseline_8gpu_1h_20260913/train/validation_000200.json,results/final-20260913/q4_baseline_8gpu_1h_20260913/train/validation_000200.json,原样归档,3cd01d2b405719cda491c572869fad4fccd89592ccd61f2ac76c82a7972dbf02,461981,
runs/q4_baseline_8gpu_1h_20260913/train/validation_000240.json,results/final-20260913/q4_baseline_8gpu_1h_20260913/train/validation_000240.json,原样归档,1aa6afad510674b7dd58be7b5c94b620b772eb05a6285b8876587c2e4eb08227,462145,
runs/q4_baseline_8gpu_1h_20260913/train/validation_000280.json,results/final-20260913/q4_baseline_8gpu_1h_20260913/train/validation_000280.json,原样归档,0ff50039705bf2b6cafe38c89b44475b173978c956eed6f2315c0275d059de45,461836,
runs/q4_baseline_8gpu_1h_20260913/train/validation_000320.json,results/final-20260913/q4_baseline_8gpu_1h_20260913/train/validation_000320.json,原样归档,9813cd2849bc3b7422f001092bd0c4a9d80c138e25eadaeb3dcbb40d9647ce24,461929,
runs/q4_baseline_8gpu_1h_20260913/train/validation_000360.json,results/final-20260913/q4_baseline_8gpu_1h_20260913/train/validation_000360.json,原样归档,5e1b0115194daa4d8e7624e7e6cc3363c733294bac51ed803fac1276104fa7df,461859,
runs/q4_baseline_8gpu_1h_20260913/train/validation_000400.json,results/final-20260913/q4_baseline_8gpu_1h_20260913/train/validation_000400.json,原样归档,793a02005a62cec5674a2d8ec761c9a9cc1a1414896dccbee7855ac0c0d82275,461912,
runs/q4_baseline_8gpu_1h_20260913/train/validation_000440.json,results/final-20260913/q4_baseline_8gpu_1h_20260913/train/validation_000440.json,原样归档,746339dbd99d3a021e1d65203cf3acff51df63d83c8877de6720d5d7a460533b,461846,
runs/q4_baseline_8gpu_1h_20260913/train/validation_000480.json,results/final-20260913/q4_baseline_8gpu_1h_20260913/train/validation_000480.json,原样归档,c0e51c0729e8c6be78d07c28375dcfc6dd4a3648827c5cc1783542aff03b731d,461826,
runs/q4_baseline_8gpu_1h_20260913/train/validation_000520.json,results/final-20260913/q4_baseline_8gpu_1h_20260913/train/validation_000520.json,原样归档,7dacaf743fad9c5f59de0fb89d2df17b8d0babc6c1b4fadbf33474e27a7f293c,461861,
runs/q4_baseline_8gpu_1h_20260913/train/validation_000560.json,results/final-20260913/q4_baseline_8gpu_1h_20260913/train/validation_000560.json,原样归档,482c59ceff18e24aa01a511d0e6daa2f8639717b2085d10055a784e2815a9bac,461836,
runs/q4_baseline_8gpu_1h_20260913/train/validation_000600.json,results/final-20260913/q4_baseline_8gpu_1h_20260913/train/validation_000600.json,原样归档,bad1b983a2003154bdf360779a73cd0b1eecf10b5aca7d030ef3eeb173fd69d0,461853,
runs/q4_baseline_8gpu_1h_20260913/train/validation_000640.json,results/final-20260913/q4_baseline_8gpu_1h_20260913/train/validation_000640.json,原样归档,e6207d3a09ba9bc3727070973cf4b81f1d6613befe8659cbd2f9d790fe20e39e,461883,
runs/q4_baseline_8gpu_1h_20260913/train/validation_000680.json,results/final-20260913/q4_baseline_8gpu_1h_20260913/train/validation_000680.json,原样归档,6f8d5a096ac1df4056f2888aa0b5f9119b172e203a43bb37baf778146e041dc5,461910,
runs/q4_baseline_8gpu_1h_20260913/train/validation_000682.json,results/final-20260913/q4_baseline_8gpu_1h_20260913/train/validation_000682.json,原样归档,95507a3c12c6df065ca4a4e34a1329828500a02087033d649b0b8bb748bee5df,462015,
runs/q4_baseline_8gpu_1h_20260913/training_schedule.json,results/final-20260913/q4_baseline_8gpu_1h_20260913/training_schedule.json,原样归档,b353e85446f847e062de90d2f62665e9c1b62d429244844dff5b6ea424b6b896,264,
runs/q4_budget_20260912/train/best.pt,results/final-20260913/q4_budget_20260912/train/best.pt,原样归档,2329eb4d12088ebccfdc459939aeb8d5ee67f9696b4b41b1385c3c158d4c0e4a,4292445,
runs/q4_certificate_search_20260912/k23/best_layout.json,results/final-20260913/q4_certificate_search_20260912/k23/best_layout.json,原样归档,f8d2fb8ebf380d3b8b791374b1b832f60f1dd6fca85952c15be90b86fe94f512,3363,
runs/q4_certificate_search_20260912/k23/checkpoint.json,results/final-20260913/q4_certificate_search_20260912/k23/checkpoint.json,原样归档,25fd99346e4a2390bd34ecd9a73b1e070dc86567bcb32bf2de1b36a30e99eea1,3341,
runs/q4_certificate_search_20260912/k24/best_layout.json,results/final-20260913/q4_certificate_search_20260912/k24/best_layout.json,原样归档,53f24423108d525008a7bcbed8adfc8ceff2efc9d9f9ea0dc7a085a2f537bf91,3473,
runs/q4_certificate_search_20260912/k24/checkpoint.json,results/final-20260913/q4_certificate_search_20260912/k24/checkpoint.json,原样归档,324f8eee64eb1a73e4bad328c3261d5e87abc347a8f683940efe3462a20c6128,3451,
runs/q4_certificate_search_20260912/k25/best_layout.json,results/final-20260913/q4_certificate_search_20260912/k25/best_layout.json,原样归档,8f2fb13ebffc47a097c74eb1b354998c0c1e843d92313bddcd82210c1914b0c4,3571,
runs/q4_certificate_search_20260912/k25/checkpoint.json,results/final-20260913/q4_certificate_search_20260912/k25/checkpoint.json,原样归档,62a61c05827f0874662d77e2fa93b1326c962c5252c67acb004ca03639e7a79a,3549,
runs/q4_certificate_search_20260912/k26/best_layout.json,results/final-20260913/q4_certificate_search_20260912/k26/best_layout.json,原样归档,a555f979dbcec8eb3ec23517cee5ebb698695994689383f596feb361b7339839,3685,
runs/q4_certificate_search_20260912/k26/checkpoint.json,results/final-20260913/q4_certificate_search_20260912/k26/checkpoint.json,原样归档,e1caac54f5801a274fe3dc23db9b20a0a2755dd25b101a930852737d64ed56c8,3663,
runs/q4_certificate_search_20260912/k27/best_layout.json,results/final-20260913/q4_certificate_search_20260912/k27/best_layout.json,原样归档,0408509d724e6f79ee8ed761e608ad4b57182aa517698987f72e70d9becb3bee,3784,
runs/q4_certificate_search_20260912/k27/checkpoint.json,results/final-20260913/q4_certificate_search_20260912/k27/checkpoint.json,原样归档,e3cc8d38705f25b1e49b11ea103144a86226ab421ad0b1962f13a593afbc7dbf,3762,
runs/q4_certificate_search_20260912/k28/best_layout.json,results/final-20260913/q4_certificate_search_20260912/k28/best_layout.json,原样归档,874903bad2015e6e531deca289e7265b8f1f72a9334e46b303496405694a4680,3886,
runs/q4_certificate_search_20260912/k28/checkpoint.json,results/final-20260913/q4_certificate_search_20260912/k28/checkpoint.json,原样归档,3f217ea0b3086efe0f93fbe0c7c236a0a59e36bb845bf64ac462a45a9fc4bfd9,3864,
runs/q4_certificate_search_20260912/k29/best_layout.json,results/final-20260913/q4_certificate_search_20260912/k29/best_layout.json,原样归档,3791969c21a55cb482cf815f2ff8cd08e8f24fecc7f50a8fd3090ea3f70f1323,3995,
runs/q4_certificate_search_20260912/k29/checkpoint.json,results/final-20260913/q4_certificate_search_20260912/k29/checkpoint.json,原样归档,c39cb9a275df3b1cb33497f3797059e17c64f56c21c4b40d1bf69e91047cc2ae,3973,
runs/q4_certificate_search_20260912/k30/best_layout.json,results/final-20260913/q4_certificate_search_20260912/k30/best_layout.json,原样归档,cf6a0552d88e7ac29478854decab0cd256ac24fa2cf8e68ca9b16400984c942b,4029,
runs/q4_certificate_search_20260912/k30/checkpoint.json,results/final-20260913/q4_certificate_search_20260912/k30/checkpoint.json,原样归档,77b0fc3d7abcef15571197d88c6277f6eadee8d2e9714fbfee7255330449d58c,4007,
runs/q4_certificate_search_20260912/k30/falsify_5m_seed901.json,results/final-20260913/q4_certificate_search_20260912/k30/falsify_5m_seed901.json,原样归档,9d426de7fce854db631cbc308b42b882e2c0cb983ecf9e4ec41d3b34f2585724,1041,
runs/q4_certificate_search_20260912/k30/proof.json,results/final-20260913/q4_certificate_search_20260912/k30/proof.json,原样归档,3c4a811835df4cb46c703affabc60edf8eff5a5e991146d14884047543e072fb,675550,
runs/q4_certificate_search_20260912/k30_smoke/best_layout.json,results/final-20260913/q4_certificate_search_20260912/k30_smoke/best_layout.json,原样归档,7ba8b765ea8f83aa185395a4c0f3244eda5ed8d2620b247030850ecf36641940,3649,
runs/q4_certificate_search_20260912/k30_smoke/checkpoint.json,results/final-20260913/q4_certificate_search_20260912/k30_smoke/checkpoint.json,原样归档,d1767632b4b24671c189711e03a7e313231f462f94de9b7cf28b9b553c3f3c8d,3627,
runs/q4_empty_arena_20260913/actions.json,results/final-20260913/q4_empty_arena_20260913/actions.json,原样归档,d9ad95193cf9071f2a7e74350d52c261c635544e62e1fd5b6d65b69df8040669,12015,
runs/q4_empty_arena_20260913/events.jsonl,results/final-20260913/q4_empty_arena_20260913/events.jsonl,原样归档,dc9b5bbc18be316802dae31d81b96ac2c337d5ae4b780c7bbb9b2c91340d0245,249302,
runs/q4_empty_arena_20260913/report.md,results/final-20260913/q4_empty_arena_20260913/report.md,原样归档,6f2308dae1b1d7d64662f1a5cd96762e1881b4c4c157848ff587fef113f6fd7a,1479,
runs/q4_empty_arena_20260913/scenario.json,results/final-20260913/q4_empty_arena_20260913/scenario.json,原样归档,f8d6a312c8ab8f3d7458352f16626ca0b9c5645dc048ecb23c1be9c366f1cdfc,108,
runs/q4_empty_arena_20260913/summary.json,results/final-20260913/q4_empty_arena_20260913/summary.json,原样归档,dc1667115d16605e230d1854ee1f863dc73e916cc5f3c8a719304d6c1e99f207,7377,
runs/q4_layout_extremes_20260913/N10/best_fixture.json,results/final-20260913/q4_layout_extremes_20260913/N10/best_fixture.json,原样归档,977b23d9fc692ae5bbe3ae68c2612317062cef205f67d7d24a8526b9d731beee,2358,
runs/q4_layout_extremes_20260913/N10/best_trace.json,results/final-20260913/q4_layout_extremes_20260913/N10/best_trace.json,原样归档,c2b55e361083ba9b4d8d0b6b483bfd9198cebca84925223d82ff014931d446b5,118085,
runs/q4_layout_extremes_20260913/N10/worst_fixture.json,results/final-20260913/q4_layout_extremes_20260913/N10/worst_fixture.json,原样归档,1720304179f3874ddbe393f15bdf831d65c78f9e4abc3d29a1e6f37ccd8e4c4e,2353,
runs/q4_layout_extremes_20260913/N10/worst_trace.json,results/final-20260913/q4_layout_extremes_20260913/N10/worst_trace.json,原样归档,89fe799fd494e21f175a30151291dfbf880b93417271bd88dc0c5248973b2e1f,463437,
runs/q4_layout_extremes_20260913/N11/best_fixture.json,results/final-20260913/q4_layout_extremes_20260913/N11/best_fixture.json,原样归档,34948bd6036e8baf7a41a494bd26f5ae74934f495763ed0efd3272df7f2531ee,2538,
runs/q4_layout_extremes_20260913/N11/best_trace.json,results/final-20260913/q4_layout_extremes_20260913/N11/best_trace.json,原样归档,794a62e67f9bc8e40385da44d6d992343b158f0262e3c676dd336e4f36b52102,104284,
runs/q4_layout_extremes_20260913/N11/worst_fixture.json,results/final-20260913/q4_layout_extremes_20260913/N11/worst_fixture.json,原样归档,d22954889ed5b96fe2d30e8b900ed7bad91e1bd7f04ea0cbbc4fafb5304018e3,2535,
runs/q4_layout_extremes_20260913/N11/worst_trace.json,results/final-20260913/q4_layout_extremes_20260913/N11/worst_trace.json,原样归档,354364a302a18cb68a89de2b328aea30c9a187178f3c57f4cb0c9cf70b57ac7e,403855,
runs/q4_layout_extremes_20260913/N12/best_fixture.json,results/final-20260913/q4_layout_extremes_20260913/N12/best_fixture.json,原样归档,487c5d71473bb5fd0ec93d2967055d69e66d893573bc94241f156c90010cace9,2737,
runs/q4_layout_extremes_20260913/N12/best_trace.json,results/final-20260913/q4_layout_extremes_20260913/N12/best_trace.json,原样归档,effa22a4476f49ad1a1da16ddd0bb2fe7a5b7d69f03040d2e56120a485351259,94238,
runs/q4_layout_extremes_20260913/N12/worst_fixture.json,results/final-20260913/q4_layout_extremes_20260913/N12/worst_fixture.json,原样归档,df98d1a3f597f3bd29634e260baa3423f210a36c72358dae3c0a8abc84c9d2ff,2740,
runs/q4_layout_extremes_20260913/N12/worst_trace.json,results/final-20260913/q4_layout_extremes_20260913/N12/worst_trace.json,原样归档,1a15a4de6dd0a626b5a99eed6a4a414e3dd452fc915b1533d2c26fbf39d66dd8,490880,
runs/q4_layout_extremes_20260913/N13/best_fixture.json,results/final-20260913/q4_layout_extremes_20260913/N13/best_fixture.json,原样归档,34807298758eb98424ea90d02c397db68594aa03cf9dc3c4368bc2ae10d6b2dc,2921,
runs/q4_layout_extremes_20260913/N13/best_trace.json,results/final-20260913/q4_layout_extremes_20260913/N13/best_trace.json,原样归档,7be8cdb2cc5fadbdaef66b81e09abe735ce63b16c5955e8ed3cc2e4f4a93f7e1,84191,
runs/q4_layout_extremes_20260913/N13/worst_fixture.json,results/final-20260913/q4_layout_extremes_20260913/N13/worst_fixture.json,原样归档,cb86bc4f5009b19cab017efcf953e016db6daa06b69a7633cb7ed5d35fd801c5,2912,
runs/q4_layout_extremes_20260913/N13/worst_trace.json,results/final-20260913/q4_layout_extremes_20260913/N13/worst_trace.json,原样归档,6ad22a241557ff371dc679639de13b708e4e329aebd198fab16cdc7454f04b59,443420,
runs/q4_layout_extremes_20260913/N14/best_fixture.json,results/final-20260913/q4_layout_extremes_20260913/N14/best_fixture.json,原样归档,17d80ca2a3a0b61582729857fae0ab23d132e31a09f333ed182bc716fbe9380e,3118,
runs/q4_layout_extremes_20260913/N14/best_trace.json,results/final-20260913/q4_layout_extremes_20260913/N14/best_trace.json,原样归档,e6d4a320bd591df7a11569c92a5070fee53ac0ba95894c0cea283f51d69f2778,74146,
runs/q4_layout_extremes_20260913/N14/worst_fixture.json,results/final-20260913/q4_layout_extremes_20260913/N14/worst_fixture.json,原样归档,3fd58b82c5f1280b86979f20d32a465fbe689e2576317b12c1ccd0e5bfe160b8,3106,
runs/q4_layout_extremes_20260913/N14/worst_trace.json,results/final-20260913/q4_layout_extremes_20260913/N14/worst_trace.json,原样归档,4560e0e78b5b1f2e30dc9f7c997ca8605b2473061415f3fe359b8bcdd89576e8,539160,
runs/q4_layout_extremes_20260913/N15/best_fixture.json,results/final-20260913/q4_layout_extremes_20260913/N15/best_fixture.json,原样归档,0e59af198291c35e2c4b78e8868eb7b0e2593cf23ca7ddc3bb29cf66229bf8a0,3298,
runs/q4_layout_extremes_20260913/N15/best_trace.json,results/final-20260913/q4_layout_extremes_20260913/N15/best_trace.json,原样归档,4f99f6e9a3c8b1a51bf2a3bddecf51b5220e687d1e2ebb4d30395bc0dbf5824f,64090,
runs/q4_layout_extremes_20260913/N15/worst_fixture.json,results/final-20260913/q4_layout_extremes_20260913/N15/worst_fixture.json,原样归档,54396b9c405385b6eb56e289e73b2b0e1c4ba9d3f1c3e6196eef7586c11eb633,3297,
runs/q4_layout_extremes_20260913/N15/worst_trace.json,results/final-20260913/q4_layout_extremes_20260913/N15/worst_trace.json,原样归档,5f0f826381e52645467f2f4bd92eba280325d8feb4796dc51644658026bbd024,530840,
runs/q4_layout_extremes_20260913/extremes.csv,results/final-20260913/q4_layout_extremes_20260913/extremes.csv,原样归档,944130e9893fe13d34af634d5e25b8e25ad3ad49f6ccbac8ec6cec3490d2d9d3,1897,
runs/q4_layout_extremes_20260913/failures.json,results/final-20260913/q4_layout_extremes_20260913/failures.json,原样归档,4f53cda18c2baa0c0354bb5f9a3ecbe5ed12ab4d8e11ba873c2f11161202b945,2,
runs/q4_layout_extremes_20260913/layouts.pdf,results/final-20260913/q4_layout_extremes_20260913/layouts.pdf,原样归档,2a565032c90df9e40194fcb963aee8e8a158b1e5e3ffe90e6b6c7f9ea86d8233,95962,
runs/q4_layout_extremes_20260913/layouts.png,results/final-20260913/q4_layout_extremes_20260913/layouts.png,原样归档,75ad6f36ceddb45e0b7573a675bc2a3121bcf501b1086736d79b1ff2f2a56671,808332,
runs/q4_layout_extremes_20260913/manifest.json,results/final-20260913/q4_layout_extremes_20260913/manifest.json,原样归档,7f983cb3368d2c7c5ebe1bce47e3bb7c1211a178b0da6ec74af5e96f6acf1cb2,997,
runs/q4_layout_extremes_20260913/report.md,results/final-20260913/q4_layout_extremes_20260913/report.md,原样归档,077c47f6567f351676133807c669f93972f832df3537a79307a13c6d0fb857b2,5734,
runs/q4_layout_extremes_20260913/samples.jsonl,results/final-20260913/q4_layout_extremes_20260913/samples.jsonl,原样归档,849661096d776abd1a23b81b1e40a1c9cf2f684f92bfbc54e6d50e22f5d7aba9,3035201,
runs/q4_layout_extremes_20260913/search_source.py,results/final-20260913/q4_layout_extremes_20260913/search_source.py,原样归档,b2a57b67f3c378d7c6a038c8f8ed121706bee34e3c91beb8c47b0db6c5f18db9,11674,
runs/q4_layout_extremes_20260913/status.json,results/final-20260913/q4_layout_extremes_20260913/status.json,原样归档,0b91e3b071bd5f97c07c28a3eff29eefd45e03505116126ceafcc080ba62e73b,56,
runs/q4_layout_extremes_20260913/summary.json,results/final-20260913/q4_layout_extremes_20260913/summary.json,原样归档,ff0f44d3384c11d9e68e3105a3a8c01afb0b6efa6f26e40f65fc0ea6859332b6,13797,
runs/q4_layout_extremes_20260913/time_extremes.pdf,results/final-20260913/q4_layout_extremes_20260913/time_extremes.pdf,原样归档,b1c2067433763a7f4a6af127df15be05586f613d3542167cf72b580ad8f07ce6,31961,
runs/q4_layout_extremes_20260913/time_extremes.png,results/final-20260913/q4_layout_extremes_20260913/time_extremes.png,原样归档,0a54f4660fc08d6e0c9b0d3f81e0a38f26e6c3b02816e1583137449f01c6b0be,149580,
runs/q4_legacy_deadline_20260913/baseline_validation.json,results/final-20260913/q4_legacy_deadline_20260913/baseline_validation.json,原样归档,a7f9bca036a5a57850c3647932ded1a0e65aadb8220c257d06620b7919a173f1,231113,
runs/q4_legacy_deadline_20260913/best.pt,results/final-20260913/q4_legacy_deadline_20260913/best.pt,原样归档,e8a525f78d176d9073372394b324bd585f4445fbf9cd1515141c483f38d5bd90,4346165,
runs/q4_legacy_deadline_20260913/config.json,results/final-20260913/q4_legacy_deadline_20260913/config.json,原样归档,c9d72f920ca5bc1b8c1ccbe4d2d6ae5c2be3835700f520c1997fb43da4e35bfa,746,
runs/q4_legacy_deadline_20260913/console.log,results/final-20260913/q4_legacy_deadline_20260913/console.log,原样归档,67a0af21f432f21d4a7ad302d2067b492da61ca6ec2171e1c6b772e2baf1795f,2422684,
runs/q4_legacy_deadline_20260913/metrics.jsonl,results/final-20260913/q4_legacy_deadline_20260913/metrics.jsonl,原样归档,67a0af21f432f21d4a7ad302d2067b492da61ca6ec2171e1c6b772e2baf1795f,2422684,
runs/q4_legacy_deadline_20260913/provenance.json,results/final-20260913/q4_legacy_deadline_20260913/provenance.json,原样归档,242adcf17d1ae86bf3f0c3b4be6925895dce68aa2a25ccd39b1c6463b0a98a56,6714,
runs/q4_legacy_deadline_20260913/seed_manifest.json,results/final-20260913/q4_legacy_deadline_20260913/seed_manifest.json,原样归档,6ec5f9c6ac979f0b188105539607d39add61fcb496abb88ba39f63750e84ed1c,172,
runs/q4_legacy_deadline_20260913/status.json,results/final-20260913/q4_legacy_deadline_20260913/status.json,原样归档,2965775defd802163a85cecc50fb4cd49282ddb055a73820d6154fc23ac061e9,268,
runs/q4_legacy_deadline_20260913/supervisor.json,results/final-20260913/q4_legacy_deadline_20260913/supervisor.json,原样归档,ccc017e284ea6f0baeb30111156d1a69ad10329bb45050baba7b65e719ebc7a4,355,
runs/q4_legacy_deadline_20260913/supervisor_exit.json,results/final-20260913/q4_legacy_deadline_20260913/supervisor_exit.json,原样归档,e5954ef2282ca9260c3714f3558b64ff7bc9b6951f218a98cb5dd347f6b86c44,60,
runs/q4_legacy_deadline_20260913/validation_000040.json,results/final-20260913/q4_legacy_deadline_20260913/validation_000040.json,原样归档,88386d65d11ee0c650120dfe7b13bd6cf1fef76c23071e9f915104441745c9b5,115456,
runs/q4_legacy_deadline_20260913/validation_000080.json,results/final-20260913/q4_legacy_deadline_20260913/validation_000080.json,原样归档,830b6771f16d907a865b1ff108c1239f239edf9adbd002fee44c4d54b81e0587,115552,
runs/q4_legacy_deadline_20260913/validation_000120.json,results/final-20260913/q4_legacy_deadline_20260913/validation_000120.json,原样归档,89bcdea91815d738f397c2f6db98a9bb038caeda95f908ab41d2fbe97963a8a3,115514,
runs/q4_legacy_deadline_20260913/validation_000160.json,results/final-20260913/q4_legacy_deadline_20260913/validation_000160.json,原样归档,977749398b0bcb6212c0b2836a58ac316ba235e0da6094ab95026c72385d3c0d,115506,
runs/q4_legacy_deadline_20260913/validation_000200.json,results/final-20260913/q4_legacy_deadline_20260913/validation_000200.json,原样归档,47cef7e002646c58bc23b2ce5b322cd5e58ca524a634e6c0fdd89fdb5c4b71fb,115521,
runs/q4_legacy_deadline_20260913/validation_000240.json,results/final-20260913/q4_legacy_deadline_20260913/validation_000240.json,原样归档,96a94323b844227a955d32743803fef304c73b587fb65d2f8a109dd1208aaddb,115517,
runs/q4_legacy_deadline_20260913/validation_000280.json,results/final-20260913/q4_legacy_deadline_20260913/validation_000280.json,原样归档,a99ac628b9ed13d45761bbdc860e18a53ccf5d79721e94996e77f7f2e553005a,115499,
runs/q4_legacy_deadline_20260913/validation_000320.json,results/final-20260913/q4_legacy_deadline_20260913/validation_000320.json,原样归档,3cfc02081bcedd28cb327792d6a27310475c469c7f7f9acf8131f5e1ddaadaae,115551,
runs/q4_legacy_deadline_20260913/validation_000360.json,results/final-20260913/q4_legacy_deadline_20260913/validation_000360.json,原样归档,76757bd9733f191ee1784609f44421642c8bfbcf1281c2838104ae587f3b35d7,115548,
runs/q4_legacy_deadline_20260913/validation_000400.json,results/final-20260913/q4_legacy_deadline_20260913/validation_000400.json,原样归档,1a426b6148708a6d76e5fa63d698648cb337b038ef1fe22144447c6aa82713fd,115562,
runs/q4_legacy_deadline_20260913/validation_000440.json,results/final-20260913/q4_legacy_deadline_20260913/validation_000440.json,原样归档,f6363fcc48596ff7bb41d07004e92b3687720bde4be7f56daedefb600248267b,115516,
runs/q4_legacy_deadline_20260913/validation_000480.json,results/final-20260913/q4_legacy_deadline_20260913/validation_000480.json,原样归档,bdbb5f3c5a1185557ec50921949af9b25b5ca27ebb7165191b623d94a18b3fd4,115461,
runs/q4_legacy_deadline_20260913/validation_000520.json,results/final-20260913/q4_legacy_deadline_20260913/validation_000520.json,原样归档,1bb15b8f0ad4d2f1964142eee64b65b4bfd63e97335e4a14e848e834ffa54201,115479,
runs/q4_legacy_deadline_20260913/validation_000560.json,results/final-20260913/q4_legacy_deadline_20260913/validation_000560.json,原样归档,4543b311304e9143f4e3ce3716fc0a82b9157657cee3586daf4c4eb61eabb8eb,115484,
runs/q4_legacy_deadline_20260913/validation_000600.json,results/final-20260913/q4_legacy_deadline_20260913/validation_000600.json,原样归档,3dca1ab082ab583b53e737e1684898d7527b921982b2e01178d6c4ad1a0d2c41,115553,
runs/q4_legacy_deadline_20260913/validation_000640.json,results/final-20260913/q4_legacy_deadline_20260913/validation_000640.json,原样归档,a326f6d20cfeab36bace01b3f655d522836871e70ca86d0b65c1dea2e30758b9,115543,
runs/q4_legacy_deadline_20260913/validation_000680.json,results/final-20260913/q4_legacy_deadline_20260913/validation_000680.json,原样归档,8259df7b1c3fcbba4829ef2d7887fb076733dc135254de45c8e79fc483043866,115509,
runs/q4_legacy_deadline_20260913/validation_000720.json,results/final-20260913/q4_legacy_deadline_20260913/validation_000720.json,原样归档,edb7ce275bf667246ee8cf4c850132b1caf035d7027edf74cc128d5661dc915b,115551,
runs/q4_legacy_deadline_20260913/validation_000760.json,results/final-20260913/q4_legacy_deadline_20260913/validation_000760.json,原样归档,ca41a343b442d991eb769a7754aacb54c2a5d0f3358aefeeb57420753031e5a0,115510,
runs/q4_legacy_deadline_20260913/validation_000800.json,results/final-20260913/q4_legacy_deadline_20260913/validation_000800.json,原样归档,23f0f784e5235803d0e070753c03d061042863356e050e7f8b281de5a8c38d45,115517,
runs/q4_legacy_deadline_20260913/validation_000840.json,results/final-20260913/q4_legacy_deadline_20260913/validation_000840.json,原样归档,907e0471977e1a1d79ff64a61771b3efb1e38422dc49775e3f0ce455ff608ce4,115515,
runs/q4_legacy_deadline_20260913/validation_000880.json,results/final-20260913/q4_legacy_deadline_20260913/validation_000880.json,原样归档,82c1860fe0db92e3abcb71f5b7d589108e70de174288f101e5c7b8d676a9f759,115534,
runs/q4_legacy_deadline_20260913/validation_000920.json,results/final-20260913/q4_legacy_deadline_20260913/validation_000920.json,原样归档,d0e243570b0d0da574f930801b34f88b12231565e087137aee9c8128cd552630,115543,
runs/q4_legacy_deadline_20260913/validation_000960.json,results/final-20260913/q4_legacy_deadline_20260913/validation_000960.json,原样归档,4649a6e2b3a37e3598e4f92a9a9d311b5bb977897dc94f907fa9b9f8a4a2b3f9,115519,
runs/q4_legacy_deadline_20260913/validation_001000.json,results/final-20260913/q4_legacy_deadline_20260913/validation_001000.json,原样归档,e49e2d3cbf8372cb8bf370d6ff6ad3f3429a2661ef59ed003b699f488aa186e0,115539,
runs/q4_legacy_deadline_20260913/validation_001040.json,results/final-20260913/q4_legacy_deadline_20260913/validation_001040.json,原样归档,8712d3d3898e5f4b49d72a37d8e70a37ba8ed6b9283bb3820f9c690ba63a0b86,115528,
runs/q4_legacy_deadline_20260913/validation_001080.json,results/final-20260913/q4_legacy_deadline_20260913/validation_001080.json,原样归档,62f8434e76f4883c07b2e694f1409fbfbb85fdb9f095bcda98fe480dc39e6fd9,115538,
runs/q4_legacy_deadline_20260913/validation_001120.json,results/final-20260913/q4_legacy_deadline_20260913/validation_001120.json,原样归档,aec99e3832cb2fa034364e8751797540ca0c3b93262aecd804172b5fc072fa02,115514,
runs/q4_legacy_deadline_20260913/validation_001160.json,results/final-20260913/q4_legacy_deadline_20260913/validation_001160.json,原样归档,2c166960f70e1b02cbfe48b6a371e7a0bfe4f0107296b8f3fc10f5a794ae8af1,115504,
runs/q4_legacy_deadline_20260913/validation_001200.json,results/final-20260913/q4_legacy_deadline_20260913/validation_001200.json,原样归档,6be50e6926a9bf41ff91480eb3ff2566edf47f269e014cf4be654bc5d54a9894,115551,
runs/q4_legacy_deadline_20260913/validation_001240.json,results/final-20260913/q4_legacy_deadline_20260913/validation_001240.json,原样归档,42f52cf9b8bd3a026befaf0982299b82188e43a4bc972287e502798cae729eae,115514,
runs/q4_legacy_deadline_20260913/validation_001280.json,results/final-20260913/q4_legacy_deadline_20260913/validation_001280.json,原样归档,d38ca0c2f210a308952dac9fcf069c69d5918b66953b19246f6cbcc8d20f2dbb,115539,
runs/q4_legacy_deadline_20260913/validation_001320.json,results/final-20260913/q4_legacy_deadline_20260913/validation_001320.json,原样归档,a2454f00e5b5a58c249631797a4a22bba157b544d083c78293691ffee19eed40,115506,
runs/q4_legacy_deadline_20260913/validation_001360.json,results/final-20260913/q4_legacy_deadline_20260913/validation_001360.json,原样归档,1a7aa0db49ccdb11502cf029b9313399a4884af96570db3a9c0937a52f1decbe,115472,
runs/q4_legacy_deadline_20260913/validation_001400.json,results/final-20260913/q4_legacy_deadline_20260913/validation_001400.json,原样归档,2fa62aab807bfe6bb356ed5742d854ed8f530e5dccdf7c69706825bcd82150a3,115481,
runs/q4_legacy_deadline_20260913/validation_001440.json,results/final-20260913/q4_legacy_deadline_20260913/validation_001440.json,原样归档,d973f5451b43cb388bc795168279226fb451fbc490e589b584e1ee43fcfa941e,115523,
runs/q4_legacy_deadline_20260913/validation_001480.json,results/final-20260913/q4_legacy_deadline_20260913/validation_001480.json,原样归档,18b271ddd589ca7c349cd8b246d53e1ccd53b94d3dfc35b7e63439951e27768b,115496,
runs/q4_legacy_deadline_20260913/validation_001520.json,results/final-20260913/q4_legacy_deadline_20260913/validation_001520.json,原样归档,b4772acedaa3c29ce63e98e2a27502cbbe77da84212e71090a90ce9db2ad38e7,115473,
runs/q4_legacy_deadline_20260913/validation_001560.json,results/final-20260913/q4_legacy_deadline_20260913/validation_001560.json,原样归档,349bcd699e0766cb8a37939c0c6c8dea16271907877ee58ed2bf792c0d3ab80b,115508,
runs/q4_legacy_deadline_20260913/validation_001600.json,results/final-20260913/q4_legacy_deadline_20260913/validation_001600.json,原样归档,e0f87d03ec83306981904a6044d3ca8fa2a4c28bbf079c8c8d7d5fa14718fa88,115489,
runs/q4_legacy_deadline_20260913/validation_001640.json,results/final-20260913/q4_legacy_deadline_20260913/validation_001640.json,原样归档,6f290fe0b7551713b993c018b1205091711841aea4f311991e9d9f8dc5d63949,115440,
runs/q4_legacy_deadline_20260913/validation_001680.json,results/final-20260913/q4_legacy_deadline_20260913/validation_001680.json,原样归档,afa6b363a3129782b3b6f0b6652faf6a077626f62b4ff57455d07579131ee862,115474,
runs/q4_legacy_deadline_20260913/validation_001720.json,results/final-20260913/q4_legacy_deadline_20260913/validation_001720.json,原样归档,ddaa335d8460087d52d9494c7f7da11cb88b0dec81a8b7cae8814177c1cb6c1f,115515,
runs/q4_legacy_deadline_20260913/validation_001760.json,results/final-20260913/q4_legacy_deadline_20260913/validation_001760.json,原样归档,8586270135fcd198e576824b761cff75fcb185e1075640acda83892d99119e36,115486,
runs/q4_legacy_deadline_20260913/validation_001800.json,results/final-20260913/q4_legacy_deadline_20260913/validation_001800.json,原样归档,0a42b0cbe9ca902dcd818c115609688954957ea1716d84ac224cf5b22f836a5a,115490,
runs/q4_legacy_deadline_20260913/validation_001840.json,results/final-20260913/q4_legacy_deadline_20260913/validation_001840.json,原样归档,2423acbdc1889c39867c9ff9e0740820559789ffe3447e781e4040044d1be050,115507,
runs/q4_legacy_deadline_20260913/validation_001880.json,results/final-20260913/q4_legacy_deadline_20260913/validation_001880.json,原样归档,8fd697f4dc233c9335a5153699521863e0508c2b373f91f591c0ee75697cb19f,115484,
runs/q4_legacy_deadline_20260913/validation_001920.json,results/final-20260913/q4_legacy_deadline_20260913/validation_001920.json,原样归档,c8122fb547a08711ece43484c4f03e5617723afa0d3ba029f31724736daaddfe,115556,
runs/q4_legacy_deadline_20260913/validation_001960.json,results/final-20260913/q4_legacy_deadline_20260913/validation_001960.json,原样归档,950dd7c4f0a98873ae52831634c6f6bd8e5c97095ffc7a3ca0c040a25bc7df0c,115491,
runs/q4_legacy_deadline_20260913/validation_002000.json,results/final-20260913/q4_legacy_deadline_20260913/validation_002000.json,原样归档,d35c2784f173b0aba5e6f30db3252ad66e75a601c20106353d78ebc353313276,115517,
runs/q4_legacy_deadline_20260913/validation_002040.json,results/final-20260913/q4_legacy_deadline_20260913/validation_002040.json,原样归档,5cce6197f1e2f4bf0e126629dcfa682a9a680ee3f9743a4cc1467301530e816d,115522,
runs/q4_legacy_deadline_20260913/validation_002080.json,results/final-20260913/q4_legacy_deadline_20260913/validation_002080.json,原样归档,d52609aee732aaad58571ebfe4bead8e775330319347c395dccd3be7cb3f7d76,115500,
runs/q4_legacy_deadline_20260913/validation_002120.json,results/final-20260913/q4_legacy_deadline_20260913/validation_002120.json,原样归档,ef53216fdd3a472116368669f125b1cd1b43ff2118a97efdc12cf02442491df2,115531,
runs/q4_legacy_deadline_20260913/validation_002160.json,results/final-20260913/q4_legacy_deadline_20260913/validation_002160.json,原样归档,1c1ce8720c13db8c48112e16925ba0c80895c09d076d5a75d7a0bbf589a1b5a8,115489,
runs/q4_legacy_deadline_20260913/validation_002200.json,results/final-20260913/q4_legacy_deadline_20260913/validation_002200.json,原样归档,407ffea1b943601972f2d5b09af5f04125e0a850ae3338fea95dd9fffd392bc4,115558,
runs/q4_legacy_deadline_20260913/validation_002240.json,results/final-20260913/q4_legacy_deadline_20260913/validation_002240.json,原样归档,2479f884989d716b1ee53321dae422c88dae3e6a4d75f73c6c9186c01a7046fb,115492,
runs/q4_legacy_deadline_20260913/validation_002280.json,results/final-20260913/q4_legacy_deadline_20260913/validation_002280.json,原样归档,d21e159dc138b2bc23fe2050a2e0aafa57dbd71799ea7db9af15c6109cf6367f,115504,
runs/q4_legacy_deadline_20260913/validation_002320.json,results/final-20260913/q4_legacy_deadline_20260913/validation_002320.json,原样归档,744c543f9230a497054c5b0199475a3e86608e75e78ccce2fdd45b694ca0c838,115521,
runs/q4_legacy_deadline_20260913/validation_002360.json,results/final-20260913/q4_legacy_deadline_20260913/validation_002360.json,原样归档,871713b7e922f458a40eefbd21c9e6ed0dd82bb823062df2b2485dbf45cbb811,115473,
runs/q4_legacy_deadline_20260913/validation_002400.json,results/final-20260913/q4_legacy_deadline_20260913/validation_002400.json,原样归档,72d630c1b1aae6bcdaa5044847568b46cca02878f2a8e909c6d059686f02b8e1,115489,
runs/q4_legacy_deadline_20260913/validation_002440.json,results/final-20260913/q4_legacy_deadline_20260913/validation_002440.json,原样归档,936216e3a00219417c70191b8eb369e63c04a3ddea65afe2529dcdf82d786f78,115501,
runs/q4_legacy_deadline_20260913/validation_002480.json,results/final-20260913/q4_legacy_deadline_20260913/validation_002480.json,原样归档,931c6eeb8e892accdbb86d5b5e1b9f68295266abd885a51dc2b52a5d3148bee7,115493,
runs/q4_legacy_deadline_20260913/validation_002520.json,results/final-20260913/q4_legacy_deadline_20260913/validation_002520.json,原样归档,5908ee168d4c95cbad67fda0c3097756799d3971e73f1ff13519dfc76507118f,115494,
runs/q4_legacy_deadline_20260913/validation_002560.json,results/final-20260913/q4_legacy_deadline_20260913/validation_002560.json,原样归档,e1e00ed5220ab8bae0b77d8077ded05c244fc03d32bd100cde99683e10dcaaba,115558,
runs/q4_legacy_deadline_20260913/validation_002600.json,results/final-20260913/q4_legacy_deadline_20260913/validation_002600.json,原样归档,122f46c8999b4ffa6f5416efc3b763ac6743ea0760e3b27747e8d633e253cd21,115483,
runs/q4_legacy_deadline_20260913/validation_002640.json,results/final-20260913/q4_legacy_deadline_20260913/validation_002640.json,原样归档,6ca32f569a9177832a56a54a54d4d8d99d695dd256c220a459b5be2e28d52acd,115513,
runs/q4_legacy_deadline_20260913/validation_002680.json,results/final-20260913/q4_legacy_deadline_20260913/validation_002680.json,原样归档,a905ddae395ec6df31777be26aa5981e58c44bab74eb41714af67e869853fcee,115501,
runs/q4_legacy_deadline_20260913/validation_002720.json,results/final-20260913/q4_legacy_deadline_20260913/validation_002720.json,原样归档,3e998b94167a7d154789c5aa4d0a8257378f79292ebdb06a0513cc6dbb0bb559,115493,
runs/q4_legacy_deadline_20260913/validation_002760.json,results/final-20260913/q4_legacy_deadline_20260913/validation_002760.json,原样归档,4afb0595e3804d9bdbb946f8df1aafea82f32c48f3481f7d3f0b98c378c7de22,115577,
runs/q4_legacy_deadline_20260913/validation_002800.json,results/final-20260913/q4_legacy_deadline_20260913/validation_002800.json,原样归档,f849d217a25ca67679724e6d1fbd8f04b80c4d8defa419ac663c17e1a19f7104,115496,
runs/q4_legacy_deadline_20260913/validation_002840.json,results/final-20260913/q4_legacy_deadline_20260913/validation_002840.json,原样归档,66c83440c54e3accf902f639b1bf5c2f003efad3efb02a64ba63765dc974cb1d,115503,
runs/q4_legacy_deadline_20260913/validation_002880.json,results/final-20260913/q4_legacy_deadline_20260913/validation_002880.json,原样归档,d14886cd74279ac1feca7ad6d19751d8e30a5aac5f9ce4d4b9d29dd02253e3a3,115535,
runs/q4_legacy_deadline_20260913/validation_002920.json,results/final-20260913/q4_legacy_deadline_20260913/validation_002920.json,原样归档,da70e705d6ccec956dbd6abed26ca2e38444c935f767f0c81ae8f5d7b41d461d,115570,
runs/q4_legacy_deadline_20260913/validation_002960.json,results/final-20260913/q4_legacy_deadline_20260913/validation_002960.json,原样归档,5528820268747dd07eb1f1d8182f052a62e637b7706e505b5aae0729d821472d,115480,
runs/q4_legacy_deadline_20260913/validation_003000.json,results/final-20260913/q4_legacy_deadline_20260913/validation_003000.json,原样归档,696b7e0f87a928b2af1f01010645bc04c66d87e3fd02bc2ffbd247b54edeed76,115484,
runs/q4_legacy_deadline_20260913/validation_003040.json,results/final-20260913/q4_legacy_deadline_20260913/validation_003040.json,原样归档,43a9e18a17d35bb0d9dc832f76e38a18e7e8dc7d09e0aff3764b696aac859e4b,115513,
runs/q4_legacy_deadline_20260913/validation_003080.json,results/final-20260913/q4_legacy_deadline_20260913/validation_003080.json,原样归档,4a8ae11f5791bf673043cd8bf5159a68371d5fcd9cf6b8ec586f7aa3796bd331,115506,
runs/q4_legacy_deadline_20260913/validation_003120.json,results/final-20260913/q4_legacy_deadline_20260913/validation_003120.json,原样归档,76eac9d163b4f7a7e2b19d71c46e9e3d6120954114b10c3596cfc6babd5b1d63,115530,
runs/q4_legacy_deadline_20260913/validation_003160.json,results/final-20260913/q4_legacy_deadline_20260913/validation_003160.json,原样归档,fc1119322a41e49dee29d84f8aa196f118d64d52fc0bbabbdf0abd0dfff404d2,115486,
runs/q4_legacy_deadline_20260913/validation_003200.json,results/final-20260913/q4_legacy_deadline_20260913/validation_003200.json,原样归档,7d2428988fa353d800183b621a16e2c9c381f834445fc59ed6c4a7a07122bf4f,115489,
runs/q4_legacy_deadline_20260913/validation_003240.json,results/final-20260913/q4_legacy_deadline_20260913/validation_003240.json,原样归档,27490b24ed76c828a50e44e426b94cd5c3e38bb4c539d549a12aa442d80ca426,115484,
runs/q4_legacy_deadline_20260913/validation_003280.json,results/final-20260913/q4_legacy_deadline_20260913/validation_003280.json,原样归档,5f55844cb3e8b0c7633008f35da0d63d436c1ed0289a70188df4194feccf0888,115528,
runs/q4_legacy_deadline_20260913/validation_003320.json,results/final-20260913/q4_legacy_deadline_20260913/validation_003320.json,原样归档,c1708e6b62e19a9e522d3e8f4d8b4574f81d33411d189dfed1fe0251bae6c36d,115570,
runs/q4_legacy_deadline_20260913/validation_003360.json,results/final-20260913/q4_legacy_deadline_20260913/validation_003360.json,原样归档,55e9f94c3e38b8ea0c4e496d3b47b4d1fa24e9f100cbd85eb14a846d419af29a,115564,
runs/q4_legacy_deadline_20260913/validation_003400.json,results/final-20260913/q4_legacy_deadline_20260913/validation_003400.json,原样归档,089c4bc560cc4fe20fb9e3c4a9cec4e107ee043237a2366235f890d88afb816c,115552,
runs/q4_legacy_deadline_20260913/validation_003440.json,results/final-20260913/q4_legacy_deadline_20260913/validation_003440.json,原样归档,f471335203df06c0f985034d09e02483b5861f026e810c451d74a2b48cb143a3,115539,
runs/q4_legacy_deadline_20260913/validation_003480.json,results/final-20260913/q4_legacy_deadline_20260913/validation_003480.json,原样归档,6f0f7dfecb0c8080f2b543ca39d9b266e010d4805476a6144a5a4b8cd8bd2240,115517,
runs/q4_legacy_deadline_20260913/validation_003520.json,results/final-20260913/q4_legacy_deadline_20260913/validation_003520.json,原样归档,4490790d06f0bdfec7a2a38359eb91b003f57db7a49e3c5b4004a4f7864e83cb,115531,
runs/q4_legacy_deadline_20260913/validation_003560.json,results/final-20260913/q4_legacy_deadline_20260913/validation_003560.json,原样归档,365adc60dba22b45a5c3c82f6b2a46e12196c08efd73704752a1d4e7aa1b0a24,115476,
runs/q4_legacy_deadline_20260913/validation_003600.json,results/final-20260913/q4_legacy_deadline_20260913/validation_003600.json,原样归档,b0edf69a7d9307762faeab70e74f728c05463d4b29da3f575d87f1b87be8cde0,115527,
runs/q4_legacy_deadline_20260913/validation_003640.json,results/final-20260913/q4_legacy_deadline_20260913/validation_003640.json,原样归档,3258088fd6bb7a6119f2d35d11ea7fb3f671023b5160f9d572d68ff91845ddae,115533,
runs/q4_legacy_deadline_20260913/validation_003680.json,results/final-20260913/q4_legacy_deadline_20260913/validation_003680.json,原样归档,2a7b30d40ebdc23f8d2eeb72e20f2601781146685448914a7cd64a76784c2137,115485,
runs/q4_legacy_deadline_20260913/validation_003720.json,results/final-20260913/q4_legacy_deadline_20260913/validation_003720.json,原样归档,b55d8d1fb8bff6c5a5f5c7f493b1f73ab40032e93b7f51361f25c343e55bc582,115527,
runs/q4_legacy_deadline_20260913/validation_003760.json,results/final-20260913/q4_legacy_deadline_20260913/validation_003760.json,原样归档,a11ba81d22d012906234ab3b2c5b920d4f5f43d4ffed27fa745377c909ce2cd0,115502,
runs/q4_legacy_deadline_20260913/validation_003800.json,results/final-20260913/q4_legacy_deadline_20260913/validation_003800.json,原样归档,a0127f62bc38dfe56f61578290ffe8428b0bfdd193b42ec4a91a583209c250a5,115501,
runs/q4_legacy_deadline_20260913/validation_003840.json,results/final-20260913/q4_legacy_deadline_20260913/validation_003840.json,原样归档,bf7560fc1a3dbfe50fefba59f4907c2fc51ffe0d08995d0f77778bed4c26550d,115510,
runs/q4_legacy_deadline_20260913/validation_003880.json,results/final-20260913/q4_legacy_deadline_20260913/validation_003880.json,原样归档,d254511210c761abc0cbfaea44d3716aa70fffb8da31590f6def6272c5b2731f,115534,
runs/q4_legacy_deadline_20260913/validation_003920.json,results/final-20260913/q4_legacy_deadline_20260913/validation_003920.json,原样归档,5de194c0c29d1f41d30554243225402dc4b0255ad328b0888c78ec3f3ce1f175,115510,
runs/q4_legacy_deadline_20260913/validation_003960.json,results/final-20260913/q4_legacy_deadline_20260913/validation_003960.json,原样归档,99d40bc0410c44417ff322af824a3b99e66cb2659794fc3a6a91d3ea08d96df6,115508,
runs/q4_legacy_deadline_20260913/validation_004000.json,results/final-20260913/q4_legacy_deadline_20260913/validation_004000.json,原样归档,18fe92592c57a7109d1533f6b12f42818120c4b87d1fde6725b4986b11b021f2,115496,
runs/q4_legacy_deadline_20260913/validation_004040.json,results/final-20260913/q4_legacy_deadline_20260913/validation_004040.json,原样归档,c09b7e9353583bef4b5fe0b5789fd86ad6ecfcc7e9920fc74aa992a27ec35a9a,115486,
runs/q4_legacy_deadline_20260913/validation_004080.json,results/final-20260913/q4_legacy_deadline_20260913/validation_004080.json,原样归档,4fe18ac2fdd0c43e0365a3c867df71e0c45d6addb92bb18fc17515f0a12225ea,115552,
runs/q4_legacy_deadline_20260913/validation_004120.json,results/final-20260913/q4_legacy_deadline_20260913/validation_004120.json,原样归档,8e452379ee8ad1d59b51b00b1e0bc4390d6d23d392913f1349b91d3de6447bc1,115579,
runs/q4_optimization_20260912/audit.md,results/final-20260913/q4_optimization_20260912/audit.md,原样归档,a013a4614f0f29767e427594bd1acf9c9347d3ab988056072906eb9dcd8bbc76,2095,
runs/q4_optimization_20260912/falsify31.json,results/final-20260913/q4_optimization_20260912/falsify31.json,原样归档,1c0cafd8fddf781c84d9cb2893d7e58b0867e9c0d3ce2cfb7fc4db0395a37997,146,
runs/q4_optimization_20260912/falsify31_corrected_smoke.json,results/final-20260913/q4_optimization_20260912/falsify31_corrected_smoke.json,原样归档,e945f37a9ac8887a03ab4b1c9086e568036ff146dd12bdd304b6d6817a904c22,501,
runs/q4_optimization_20260912/falsify31_seed17.json,results/final-20260913/q4_optimization_20260912/falsify31_seed17.json,原样归档,d5e3b032185348413a7dbbad132725c8e3b911d8dc4360a04e01c97071ccff8f,149,
runs/q4_optimization_20260912/falsify31_seed29.json,results/final-20260913/q4_optimization_20260912/falsify31_seed29.json,原样归档,a19436213dcb8652dfb7b26e16bb7204e45c9e31329791d4770f4911d3a12c7d,148,
runs/q4_optimization_20260912/falsify31_seed3.json,results/final-20260913/q4_optimization_20260912/falsify31_seed3.json,原样归档,3923cc628b4c0040c747a5ea7d93efb34bf89cc25de3aeb36fce711fc91e1d7b,147,
runs/q4_optimization_20260912/falsify31_seed41.json,results/final-20260913/q4_optimization_20260912/falsify31_seed41.json,原样归档,143f721d67ce280b4e0891f2521055e93163462ddebe821423b99f28699ed3f5,148,
runs/q4_optimization_20260912/gpu_smoke/baseline_validation.json,results/final-20260913/q4_optimization_20260912/gpu_smoke/baseline_validation.json,原样归档,53d5c365fd44f1807ea5bbb5b2b9451c210e7e1c7b775c4ad337cda375d1cfcd,3604,
runs/q4_optimization_20260912/gpu_smoke/config.json,results/final-20260913/q4_optimization_20260912/gpu_smoke/config.json,原样归档,ec67fee958dd58b52a0c0ebf162bd8deb42f40c4e6d5ad135203d884a356e2cc,654,
runs/q4_optimization_20260912/gpu_smoke/metrics.jsonl,results/final-20260913/q4_optimization_20260912/gpu_smoke/metrics.jsonl,原样归档,091b6f01411c817ce77599900a6f3ab264202a64424a7e7b7369d50f8570de42,561,
runs/q4_optimization_20260912/gpu_smoke/provenance.json,results/final-20260913/q4_optimization_20260912/gpu_smoke/provenance.json,原样归档,a1667e46bc89c6fc8bd47e54a5485f104cc53e52b49fa24892f0425d9035f21b,7903,
runs/q4_optimization_20260912/gpu_smoke/seed_manifest.json,results/final-20260913/q4_optimization_20260912/gpu_smoke/seed_manifest.json,原样归档,4a437d9752de25271c1e635a60d4df35276fbaf1c70e7386a7214b6d2daa450b,172,
runs/q4_optimization_20260912/gpu_smoke/status.json,results/final-20260913/q4_optimization_20260912/gpu_smoke/status.json,原样归档,a44a389b159d5b2e63c96a10dd7b6313fb1f9a4228d0bfdadb9a1c91f73fbb5e,141,
runs/q4_optimization_20260912/gpu_smoke2/baseline_validation.json,results/final-20260913/q4_optimization_20260912/gpu_smoke2/baseline_validation.json,原样归档,48aba2f6289988672aba3bcb7fb9ab6fc64c7585420775171a3a24bcf56e309e,1783,
runs/q4_optimization_20260912/gpu_smoke2/config.json,results/final-20260913/q4_optimization_20260912/gpu_smoke2/config.json,原样归档,66bf362adc92bb2dd73f88bed03004f4324501ca65c5b21b27a5a5e57454c12b,679,
runs/q4_optimization_20260912/gpu_smoke2/metrics.jsonl,results/final-20260913/q4_optimization_20260912/gpu_smoke2/metrics.jsonl,原样归档,c47d40f5a9883154d0f250f25aff4c72d1e657c1cc845d0ec9cc8164fb0864c6,560,
runs/q4_optimization_20260912/gpu_smoke2/provenance.json,results/final-20260913/q4_optimization_20260912/gpu_smoke2/provenance.json,原样归档,a1667e46bc89c6fc8bd47e54a5485f104cc53e52b49fa24892f0425d9035f21b,7903,
runs/q4_optimization_20260912/gpu_smoke2/seed_manifest.json,results/final-20260913/q4_optimization_20260912/gpu_smoke2/seed_manifest.json,原样归档,9ebd8b038a8e2b5a4c7da63a8b941d1052e9176bebce5f3c552d8f78e98ed4de,172,
runs/q4_optimization_20260912/gpu_smoke2/status.json,results/final-20260913/q4_optimization_20260912/gpu_smoke2/status.json,原样归档,dbd8976a367b29096e6d72b10107708e8e8c6280e78dc7d5412ec3fa27e0e4d2,140,
runs/q4_optimization_20260912/gpu_smoke3/baseline_validation.json,results/final-20260913/q4_optimization_20260912/gpu_smoke3/baseline_validation.json,原样归档,59e820f95498a64a1033323b3cd2ef2204f0dd1fa58f1d4d89c6f73c16a6f92f,1784,
runs/q4_optimization_20260912/gpu_smoke3/config.json,results/final-20260913/q4_optimization_20260912/gpu_smoke3/config.json,原样归档,1b217f559169400167446bef7f5ea89ccce0196d338c1ce138d343ba3b07d356,698,
runs/q4_optimization_20260912/gpu_smoke3/episodes_000001.json,results/final-20260913/q4_optimization_20260912/gpu_smoke3/episodes_000001.json,原样归档,6953d63b72861d48a6d21b812139d2c7db964796e78c6c52ffca9c4fcc067e0d,1797,
runs/q4_optimization_20260912/gpu_smoke3/metrics.jsonl,results/final-20260913/q4_optimization_20260912/gpu_smoke3/metrics.jsonl,原样归档,98aa9e95155f0cf5f3b39bb61118746a3d73c93ae838a636eb819ca9d6035078,2257,
runs/q4_optimization_20260912/gpu_smoke3/provenance.json,results/final-20260913/q4_optimization_20260912/gpu_smoke3/provenance.json,原样归档,a1667e46bc89c6fc8bd47e54a5485f104cc53e52b49fa24892f0425d9035f21b,7903,
runs/q4_optimization_20260912/gpu_smoke3/seed_manifest.json,results/final-20260913/q4_optimization_20260912/gpu_smoke3/seed_manifest.json,原样归档,9ebd8b038a8e2b5a4c7da63a8b941d1052e9176bebce5f3c552d8f78e98ed4de,172,
runs/q4_optimization_20260912/gpu_smoke3/status.json,results/final-20260913/q4_optimization_20260912/gpu_smoke3/status.json,原样归档,d08000e3df0e81b89ed581c7dc1fd934dd1bbfe29a5a17a97e12067140d7699f,213,
runs/q4_optimization_20260912/gpu_smoke3/test_000001.json,results/final-20260913/q4_optimization_20260912/gpu_smoke3/test_000001.json,原样归档,3daf278dff7fef2cae7d973c75c8f3a18ebf4787a127c47b5aca1062eda82d99,4035,
runs/q4_optimization_20260912/gpu_smoke3/test_selection.json,results/final-20260913/q4_optimization_20260912/gpu_smoke3/test_selection.json,原样归档,3e01e6537ecfcaead9baab82386d814645c57141e7657d56f143aecb8e3ecb35,165,
runs/q4_optimization_20260912/gpu_smoke3/validation_000001.json,results/final-20260913/q4_optimization_20260912/gpu_smoke3/validation_000001.json,原样归档,889be9e42f0b7c5c535757a05e7bb0cab8b6b8b36d9ff02c5a158a3b04ab4fc4,3997,
runs/q4_optimization_20260912/layout31.json,results/final-20260913/q4_optimization_20260912/layout31.json,原样归档,f8958d801ad450fd74a6336e2630f7cc1797471a445e81803de8df311209c582,4289,
runs/q4_optimization_20260912/layout31_proof.json,results/final-20260913/q4_optimization_20260912/layout31_proof.json,原样归档,7d83d0ad068b852281897368c35d34f2bae6142b8ca8208e62d8786e3b29e32a,352736,
runs/q4_optimization_20260912/status.json,results/final-20260913/q4_optimization_20260912/status.json,原样归档,874d4a7bce3dcfe2ea6b8c2678e22512c0342101c1eb65c5edf1e47c283f2725,2066,
runs/q4_planning_ablation_20260913/smoke/manifest.json,results/final-20260913/q4_planning_ablation_20260913/smoke/manifest.json,原样归档,a22d07532f4fe1eb4a72ec0d8efa06275d24f9c9a02701b39232aa38bfe89377,5789,
runs/q4_planning_ablation_20260913/smoke/original_parity.json,results/final-20260913/q4_planning_ablation_20260913/smoke/original_parity.json,原样归档,7f6fb014f04f7e015eefc92dcbb134125b4aac93f0809681cdddb45ab78dde20,3234,
runs/q4_planning_ablation_20260913/smoke/samples.csv,results/final-20260913/q4_planning_ablation_20260913/smoke/samples.csv,原样归档,061f9f10c6d99eb51c10ea8a0e651ad923b8b7a70de2bb3bd65d0810f00750c4,224183,
runs/q4_planning_ablation_20260913/smoke/samples.jsonl,results/final-20260913/q4_planning_ablation_20260913/smoke/samples.jsonl,原样归档,1786542b5978340002771d1ee86054363980854b3c93825d5c099383ad6edd92,933105,
runs/q4_planning_ablation_20260913/smoke/source/experiments/q4_planning.py,results/final-20260913/q4_planning_ablation_20260913/smoke/source/experiments/q4_planning.py,原样归档,ea522526e456119a8837324278bb0d78f89dbfb5a1825981558840e583cc7c27,4014,
runs/q4_planning_ablation_20260913/smoke/source/scripts/analyze_q4_absence_tail.py,results/final-20260913/q4_planning_ablation_20260913/smoke/source/scripts/analyze_q4_absence_tail.py,原样归档,95c9c943d731b301ddcc6b00e3ffcc6c7d524cac8b5c504a5374ce43432048e0,11933,
runs/q4_planning_ablation_20260913/smoke/source/scripts/evaluate_q4_planning_ablation.py,results/final-20260913/q4_planning_ablation_20260913/smoke/source/scripts/evaluate_q4_planning_ablation.py,原样归档,2e675bcd1b13ec9258354a432eba467a2da0a77026691d736da1f0ce6b174b79,9341,
runs/q4_planning_ablation_20260913/smoke/status.json,results/final-20260913/q4_planning_ablation_20260913/smoke/status.json,原样归档,928d5cecae394c4df245ca5496114ad21a42fc9536a7c555c389d83e88c2b09e,130,
runs/q4_planning_ablation_20260913/test3000/comparison.pdf,results/final-20260913/q4_planning_ablation_20260913/test3000/comparison.pdf,原样归档,27a5b6d2a4e91ad7d8982f2391cf1f9b48015615febdd46faf9d7dc8a078b222,44024,
runs/q4_planning_ablation_20260913/test3000/comparison.png,results/final-20260913/q4_planning_ablation_20260913/test3000/comparison.png,原样归档,607f4852e48307b7556edbc1363eaaf1c5f5ef344021e3c78f961faec085b335,270775,
runs/q4_planning_ablation_20260913/test3000/last_clear_comparison/last_clear_interactive.html,results/final-20260913/q4_planning_ablation_20260913/test3000/last_clear_comparison/last_clear_interactive.html,原样归档,492c26b84e9834d678c9d52d2aa4f98ebae7028ae137db372fa9315dae9912ed,474251,
runs/q4_planning_ablation_20260913/test3000/last_clear_comparison/last_clear_lines.pdf,results/final-20260913/q4_planning_ablation_20260913/test3000/last_clear_comparison/last_clear_lines.pdf,原样归档,c9c6d7e119cd236450975a07d1e34a3784c8fb5e52688aaa56eb5a68b91472dd,100469,
runs/q4_planning_ablation_20260913/test3000/last_clear_comparison/last_clear_lines.png,results/final-20260913/q4_planning_ablation_20260913/test3000/last_clear_comparison/last_clear_lines.png,原样归档,184938504e6e2c1cc3b852619f796e9299dbc90fb70c3e41cae46ef4f0dca16e,1751131,
runs/q4_planning_ablation_20260913/test3000/last_clear_comparison/last_clear_lines.svg,results/final-20260913/q4_planning_ablation_20260913/test3000/last_clear_comparison/last_clear_lines.svg,原样归档,362e9336361a2fe233fe4d883b1f1cf0d5f8b5b477d3712b3c45fc7200b964ca,250445,
runs/q4_planning_ablation_20260913/test3000/last_clear_comparison/paired_last_clear.csv,results/final-20260913/q4_planning_ablation_20260913/test3000/last_clear_comparison/paired_last_clear.csv,原样归档,efd6130ea2a530b649b80be1b3b327c820fc0bbe094f11a07281fae3c9b66e9e,171151,
runs/q4_planning_ablation_20260913/test3000/last_clear_comparison/report.md,results/final-20260913/q4_planning_ablation_20260913/test3000/last_clear_comparison/report.md,原样归档,65e3e7a65e217eb69ea09a8e78ad8b16b91474394b23055007be9142c694fa9a,1005,
runs/q4_planning_ablation_20260913/test3000/last_clear_comparison/summary.json,results/final-20260913/q4_planning_ablation_20260913/test3000/last_clear_comparison/summary.json,原样归档,7d8642f8f96467c2b36de56177cf619cee36ce34d5d362b85288d9de2e1f379a,865,
runs/q4_planning_ablation_20260913/test3000/manifest.json,results/final-20260913/q4_planning_ablation_20260913/test3000/manifest.json,原样归档,2be5bd5f1d9bfd8f529fff74c9e67af1d625b4eb186c7687163eaea3ddbfe94c,5792,
runs/q4_planning_ablation_20260913/test3000/report.md,results/final-20260913/q4_planning_ablation_20260913/test3000/report.md,原样归档,1bd9538a8ade95df0a37398c94c3bb8a675f28ed73b2f13e8fb0167827d76815,8224,
runs/q4_planning_ablation_20260913/test3000/samples.csv,results/final-20260913/q4_planning_ablation_20260913/test3000/samples.csv,原样归档,e193508988f2eb1e1b2a552ed0c6cc817942114f20b691557f1fe8718d1f68a8,5298779,
runs/q4_planning_ablation_20260913/test3000/samples.jsonl,results/final-20260913/q4_planning_ablation_20260913/test3000/samples.jsonl,原样归档,53f6fcbbd5c31721fbc43fc5f9c5842a186d5be1b04c7b50b643d6ba6ed04d37,21932941,
runs/q4_planning_ablation_20260913/test3000/source/experiments/q4_planning.py,results/final-20260913/q4_planning_ablation_20260913/test3000/source/experiments/q4_planning.py,原样归档,ea522526e456119a8837324278bb0d78f89dbfb5a1825981558840e583cc7c27,4014,
runs/q4_planning_ablation_20260913/test3000/source/scripts/analyze_q4_absence_tail.py,results/final-20260913/q4_planning_ablation_20260913/test3000/source/scripts/analyze_q4_absence_tail.py,原样归档,95c9c943d731b301ddcc6b00e3ffcc6c7d524cac8b5c504a5374ce43432048e0,11933,
runs/q4_planning_ablation_20260913/test3000/source/scripts/evaluate_q4_planning_ablation.py,results/final-20260913/q4_planning_ablation_20260913/test3000/source/scripts/evaluate_q4_planning_ablation.py,原样归档,2e675bcd1b13ec9258354a432eba467a2da0a77026691d736da1f0ce6b174b79,9341,
runs/q4_planning_ablation_20260913/test3000/status.json,results/final-20260913/q4_planning_ablation_20260913/test3000/status.json,原样归档,affaf27bca168a2f2b27f8266c6b901e999c91d0915836a2a5e0a462e0188f2d,132,
runs/q4_planning_ablation_20260913/test3000/summary.json,results/final-20260913/q4_planning_ablation_20260913/test3000/summary.json,原样归档,36a9a67d74350a1b4d141895224a42939f1bf74d22c0435eb2ddee9f80880358,50680,
scripts/README.md,scripts/README.md,适配活动入口,205630c023fef62f9630c5c88a5c99eb8ee249d5c9cfb9ca58e6557a17db143d,1324,修正输入输出/导入路径；不修改最终算法或训练参数
scripts/analyze_q4_absence_tail.py,scripts/analyze_q4_absence_tail.py,适配活动入口,dde0cc1eb69f1eba2c92c87c48720e32943ad135ae9fb3de29f8555e4a4c638c,11963,修正输入输出/导入路径；不修改最终算法或训练参数
scripts/build_paper_catalog.py,scripts/build_final_handoff_assets.py,适配活动入口,16f3ed48575bd9713e19e7f08414400e86d0d12bdee1aad3fd25bf88e8cc2eb1,17454,输出改为 handoff/records，移除写入 paper 的行为
scripts/build_q4_witness_certificate.py,scripts/build_q4_witness_certificate.py,适配活动入口,c8751844776203ca17560a6b3c6c31c2aee77d0a76c1d250f177cf09a83c815d,3252,修正输入输出/导入路径；不修改最终算法或训练参数
scripts/build_windows_policy_bundle.py,scripts/build_windows_policy_bundle.py,适配活动入口,a22d7844722ade2ddf755c0ca8542c554cf2e938fb10aead204b75d29bae91d0,1863,修正输入输出/导入路径；不修改最终算法或训练参数
scripts/check_q3_local_http.py,scripts/check_q3_local_http.py,保留 main 并适配接口,08c2faf81946e3ca0e4686cb91192673f235e3f54339dd3740f7cd681d5609a3,2357,避免回退旧路径/校验，复核与新部署入口的兼容性
scripts/evaluate_3000.py,scripts/evaluate_3000.py,保留 main 并适配接口,b2ae0bc404336d48b4dc1c3aaf1024f0c34a561ab76ab57916e524f0fa7ab44e,5686,避免回退旧路径/校验，复核与新部署入口的兼容性
scripts/evaluate_checkpoint.py,scripts/evaluate_checkpoint.py,保留 main 并适配接口,c8c1ce4da8f4bd7b21216ff91aed9e122848185fd12fb1e740114c3f0dce7313,1763,避免回退旧路径/校验，复核与新部署入口的兼容性
scripts/evaluate_deadline_pair.py,scripts/evaluate_deadline_pair.py,适配活动入口,2d19d845ab9f2d7286ef63193a377926e0a7055a0cb8cd14fb0b717429462994,10047,修正输入输出/导入路径；不修改最终算法或训练参数
scripts/evaluate_final_pair.py,scripts/evaluate_final_pair.py,适配活动入口,79390b3b8f22160c1a02ea968dc1914c6e77cbbb19d44418301d9d56dc2dd8d2,10057,修正输入输出/导入路径；不修改最终算法或训练参数
scripts/evaluate_q4_empty_arena.py,scripts/evaluate_q4_empty_arena.py,适配活动入口,8548056ebbf4e4f39f8314b79ae743fee0ee7e2cd5c52c24a08dbfbb76284104,8369,修正输入输出/导入路径；不修改最终算法或训练参数
scripts/evaluate_q4_planning_ablation.py,scripts/evaluate_q4_planning_ablation.py,适配活动入口,2e675bcd1b13ec9258354a432eba467a2da0a77026691d736da1f0ce6b174b79,9341,修正输入输出/导入路径；不修改最终算法或训练参数
scripts/export_model.py,scripts/export_model.py,复用 main,d75382dd4ccbec47b1c1860915c94e503cbd67a5c1d0041dcd315a8ab92ad6c5,305,
scripts/extract_experiment_archive.py,scripts/extract_experiment_archive.py,适配活动入口,153793bf79dbdbdc5e4923a1a200d5bf0c8c7aec0471d102aabc69a59652597c,3144,修正输入输出/导入路径；不修改最终算法或训练参数
scripts/launch_q4_baseline_8gpu_hour.py,scripts/launch_q4_baseline_8gpu_hour.py,适配活动入口,5e909bf37e9451deae83f24ce89d8420422e0d223bc18923ba8f469933dfc545,6768,修正输入输出/导入路径；不修改最终算法或训练参数
scripts/organize_paper_branch.py,records/acceptance/experiment_result-8ef9ef8/source-tools/organize_paper_branch.py,原样归档,4069791aa7f0fca5df68e7e893c299c0f123b8fcd50fd5f41d82ed49551a4c26,10659,一次性迁移记录，不在 main 执行
scripts/plot_q4_last_clear_comparison.py,scripts/plot_q4_last_clear_comparison.py,适配活动入口,80f90d0a6c6565c9037bc74117bed73cbfa3cdb1785e62ea1fd72393ef7e06a7,9441,修正输入输出/导入路径；不修改最终算法或训练参数
scripts/report_deadline_pair.py,scripts/report_deadline_pair.py,适配活动入口,832f08759eb262b8534025d21ee64464f8f0448ef2e5195f57eec494529f93cc,3884,修正输入输出/导入路径；不修改最终算法或训练参数
scripts/report_q3_layout_extremes.py,scripts/report_q3_layout_extremes.py,适配活动入口,f487be9212e893afaede93d90603e76164540221a1cf2e277c1bb85d18edf960,8962,修正输入输出/导入路径；不修改最终算法或训练参数
scripts/report_q4_absence_tail.py,scripts/report_q4_absence_tail.py,适配活动入口,76ec9a278b1f7c78f9738985325a6094fec4ec6e851daf1e6bf4086712c514ac,13104,修正输入输出/导入路径；不修改最终算法或训练参数
scripts/report_q4_hour_pair.py,scripts/report_q4_hour_pair.py,适配活动入口,1dbf5527321d73904e8fed1721c6d77f7e0a1519b98bd68ea91235e9c63d1237,11310,修正输入输出/导入路径；不修改最终算法或训练参数
scripts/report_q4_layout_extremes.py,scripts/report_q4_layout_extremes.py,适配活动入口,7e440d59a23b6b7c30c1fcee5920dd7577e7ad85d9fdb60a8715607277c406a1,9098,修正输入输出/导入路径；不修改最终算法或训练参数
scripts/report_q4_planning_ablation.py,scripts/report_q4_planning_ablation.py,适配活动入口,bc593254593bc28592fe60acab7ed8703a08dca5128ce8e2ab56c49929cd24d5,16432,修正输入输出/导入路径；不修改最终算法或训练参数
scripts/run_policy.py,scripts/run_policy.py,适配活动入口,d159358246490ae282984021f1ed0a4878dbfd8f84332b03e30b4162e975d4ac,11912,修正输入输出/导入路径；不修改最终算法或训练参数
scripts/run_policy_local.sh,scripts/run_policy_local.sh,复用 main,b25843afb2b13a0999e029f1bf9fcf726a00ccba7e98c6035d1f95ae3464bf05,149,
scripts/run_python.sh,scripts/run_python.sh,复用 main,0a64131f40272d84eb0cba6a2e50281d40cb1ce1494ef1a8f1276b21e56a58bf,449,
scripts/run_torchrun.sh,scripts/run_torchrun.sh,复用 main,2eb066e87052c749a62e6c45669baf121fcf8a85c15e032dc53abe9e23ae65a7,427,
scripts/search_q3_layout_extremes.py,scripts/search_q3_layout_extremes.py,适配活动入口,370f245fdb56f7d69c2da17f7db819a22ccc23345846d3c1e1524f5658934e28,11489,修正输入输出/导入路径；不修改最终算法或训练参数
scripts/search_q4_layout_extremes.py,scripts/search_q4_layout_extremes.py,适配活动入口,b2a57b67f3c378d7c6a038c8f8ed121706bee34e3c91beb8c47b0db6c5f18db9,11674,修正输入输出/导入路径；不修改最终算法或训练参数
scripts/train_legacy_deadline_ddp.py,scripts/train_legacy_deadline_ddp.py,适配活动入口,ccc9b8affdbd3b4392c6749bc95bd7d6866a10eaef3e892e1709ea012039991d,11166,修正输入输出/导入路径；不修改最终算法或训练参数
scripts/validate_coverage.py,scripts/validate_coverage.py,保留 main 并适配接口,32cbc6ada3352f767c214e0d06baa7d4bbc730232bf811a1c6c3932d20feb856,760,避免回退旧路径/校验，复核与新部署入口的兼容性
scripts/verify_paper_release.py,scripts/verify_final_assets.py,适配活动入口,e8057e4f50595c01c1d6975940314d95162d9740e8bc61a1028b9201857f4c46,5879,检查实际映射路径、冻结运行时与原始证据；另存本机结果
scripts/verify_q4_certificate_exact.py,scripts/verify_q4_certificate_exact.py,适配活动入口,94b6f99e60131854e78b510b0331c889622301958ee60a26c4e94d6dab0f8272,3987,修正输入输出/导入路径；不修改最终算法或训练参数
solution/__init__.py,src/solution/__init__.py,复用 main,e3b0c44298fc1c149afbf4c8996fb92427ae41e4649b934ca495991b7852b855,0,
solution/cli.py,src/solution/cli.py,复用 main,ae5f77f48754022f7b0113c556cb25b7245a135b5765c1a46d145e8b42ef6c46,780,
solution/control/__init__.py,src/solution/control/__init__.py,复用 main,e3b0c44298fc1c149afbf4c8996fb92427ae41e4649b934ca495991b7852b855,0,
solution/control/controller.py,src/solution/control/controller.py,复用 main,5c9d14ed73713818d5fde77d99cf15b1d4af40f00547b6e11512428636126c95,11026,
solution/coverage/__init__.py,src/solution/coverage/__init__.py,复用 main,01f802a854c8dc3589ee6d65ea10db50dc49f29ab0a4e4190622dd0360c46c42,28,
solution/coverage/certificates.py,src/solution/coverage/certificates.py,复用 main,547051708528139de87c1b336c5b1d835f334561d17f5e74078c0ce12a76d3e1,3627,
solution/evaluation/__init__.py,src/solution/evaluation/__init__.py,复用 main,e3b0c44298fc1c149afbf4c8996fb92427ae41e4649b934ca495991b7852b855,0,
solution/evaluation/artifacts.py,deployment/runtime_public_v2/solution/evaluation/artifacts.py,保留冻结实现,0974634f63534fe647a2529df83be7c3a7bfac0401889ffc88759109ed33cc26,1924,不覆盖 main 已有协议/路径适配；冻结运行时保全原字节
solution/geometry/__init__.py,src/solution/geometry/__init__.py,复用 main,e3b0c44298fc1c149afbf4c8996fb92427ae41e4649b934ca495991b7852b855,0,
solution/geometry/core.py,src/solution/geometry/core.py,复用 main,ba77a502eb2ada24151ad2057ffc2b6606ccab8c92641173211e227bc7286caf,12574,
solution/planning/__init__.py,src/solution/planning/__init__.py,复用 main,e3b0c44298fc1c149afbf4c8996fb92427ae41e4649b934ca495991b7852b855,0,
solution/planning/q2.py,deployment/runtime_public_v2/solution/planning/q2.py,保留冻结实现,800f21b916b73df6094f7b5157faf8111c283c512d84b23d67c6e57370596325,7975,不覆盖 main 已有协议/路径适配；冻结运行时保全原字节
solution/rl/__init__.py,src/solution/rl/__init__.py,复用 main,4df2da4c47012dcbd440058597558f4c825acce706345f2d170920d431c16876,97,
solution/rl/distributed.py,src/solution/rl/distributed.py,复用 main,b98fae2f1941e21a939ea07cded2a6cbf8be99ea31af94e7658ac998acbf569c,4291,
solution/rl/environment.py,src/solution/rl/environment.py,复用 main,c50152b35f37f6c6f974713fccf0ccef6f954903e5dcb595381c32056bbf811e,5607,
solution/rl/features.py,src/solution/rl/features.py,复用 main,73238fa29d76cdb0fe9a1d89f4e0eeb23140e167b008f90895146deb19820013,2470,
solution/rl/joint_updates.py,src/solution/rl/joint_updates.py,复用 main,9dc23a824e671460c88bd2e1dc80b9ef8e7e4d4367a5d666836e55ab80a61365,6715,
solution/rl/model.py,src/solution/rl/model.py,复用 main,015a5b3c4c7995f8d6e365ed4ad9aa114b8927395a2911005f7ce94068e74312,1830,
solution/rl/training.py,deployment/runtime_public_v2/solution/rl/training.py,保留冻结实现,44351f2d43b51e1a79101ac49530a4c1c0318d5482613317c86e92213647d920,16104,不覆盖 main 已有协议/路径适配；冻结运行时保全原字节
solution/search/__init__.py,src/solution/search/__init__.py,复用 main,b98f017ac999b5df85ce3ad52aa59d2f8ce1313b2d82d39b1a3fa2f15943059a,74,
solution/search/belief.py,src/solution/search/belief.py,复用 main,55769f26a6f55847d217d86987b60547e6f4bd225db4f1c380ecd7c00847cfa1,9071,
solution/search/collection.py,src/solution/search/collection.py,复用 main,78f732414bf99d1415287dcd18305f747e6f5a08624ca0ec144d479c777a7287,5314,
solution/search/gpu/__init__.py,src/solution/search/gpu/__init__.py,复用 main,76d343e4e154ecc4b3d5c1ffbfb3e6c352b8108de9fdfa12424d3e1f0df96182,80,
solution/search/gpu/kernel.py,src/solution/search/gpu/kernel.py,复用 main,90e95aed6c5b5ce26b12bc2d3e85a0d0201879c24c6d13bed348476deb845ec1,9330,
solution/search/gpu/rollout.py,src/solution/search/gpu/rollout.py,复用 main,8335e6a48d8b682fbff7ac70c8b1e860d8c23a6b75a83e8e48d6468e714ddaad,9015,
solution/search/teacher.py,src/solution/search/teacher.py,复用 main,5c054bc3a9774c01f7d77c65ede73178d02c4d6f347cee3f32c9f3d095f2dc01,7720,
tests/__init__.py,tests/simulator/__init__.py,沿用 main 包结构,e3b0c44298fc1c149afbf4c8996fb92427ae41e4649b934ca495991b7852b855,0,
tests/support.py,tests/solution/support.py,新增并适配测试路径,09325fd8ba6d9bd2950b9094a5ad559bcc3e1b9867712ad2cc81c7efe2eac9ca,1202,
tests/test_cli.py,tests/simulator/test_cli.py,保留 main 强化测试,2abd5ceed7d4045e0e1dc35daaf1d559430699bfaac7587a3dad2868262544c4,2780,来源版本可由固定 Git 提交恢复，不回退当前校验
tests/test_clock_client.py,tests/simulator/test_clock_client.py,保留 main 强化测试,c5cd2711b74f210788c24619ad24f4edff69970957524ba28201a5d76bbb898e,4018,来源版本可由固定 Git 提交恢复，不回退当前校验
tests/test_ddp_updates.py,tests/solution/test_ddp_updates.py,复用 main 测试,cb8a31148b13eb7b7b9fb2c918a278a2f3a60c03536bc3f3f100661b74ceef80,2736,来源版本可由固定 Git 提交恢复，不回退当前校验
tests/test_equivalence.py,tests/simulator/test_equivalence.py,保留 main 强化测试,6746afa10d15c52b33baf353f474468ef1cd636da2761820a8a20871eaf30de0,1729,来源版本可由固定 Git 提交恢复，不回退当前校验
tests/test_geometry.py,tests/solution/test_geometry.py,复用 main 测试,2793ef30ee2aabf558fc39960fd19f16ff2ccaded54030cb31852d35e5b4e22b,3324,来源版本可由固定 Git 提交恢复，不回退当前校验
tests/test_http.py,tests/simulator/test_http.py,保留 main 强化测试,1e9fa4a6bef07e5d1cfe20ced61c12d2fc42532e89d8ac9752bf0013a48cc30b,2820,来源版本可由固定 Git 提交恢复，不回退当前校验
tests/test_physics.py,tests/simulator/test_physics.py,保留 main 强化测试,026fb70a6ad4dc49568a8000fd9dea6728bca3116494713aa77d19f898a0062e,5531,来源版本可由固定 Git 提交恢复，不回退当前校验
tests/test_protocol.py,tests/simulator/test_protocol.py,保留 main 强化测试,fdfa4f9df40198181ddb5e580765d50c3f1896c48dbb9faa20927a791ffccc58,5500,来源版本可由固定 Git 提交恢复，不回退当前校验
tests/test_q2.py,tests/solution/test_q2.py,复用 main 测试,4b46a768e6790aec8aa7b36bfe5c17a33732eea4bad1c7d924d4e4cfea3554b4,1259,来源版本可由固定 Git 提交恢复，不回退当前校验
tests/test_q3_joint.py,tests/solution/test_q3_joint.py,复用 main 测试,d8476c17f6ce2e8adbe446f0de7c4a65b908d84376bcdab2ee9bbad0c9820be3,5561,来源版本可由固定 Git 提交恢复，不回退当前校验
tests/test_q3_search.py,tests/solution/test_q3_search.py,复用 main 测试,b649aa742278010a91aa4b35dfbcadf1aeb95fc54436967ddfc5d83141c1dcc4,5012,来源版本可由固定 Git 提交恢复，不回退当前校验
tests/test_q3_tensor.py,tests/solution/test_q3_tensor.py,复用 main 测试,d4c12e55e937bb3f896a0faa4c62ba23f5f35f0432b5772ab717fe844727cd72,2603,来源版本可由固定 Git 提交恢复，不回退当前校验
tests/test_q4_exact_certificate.py,tests/solution/test_q4_exact_certificate.py,新增并适配测试路径,a280f56f8cdf95e7d55961bf1399c8e9dfb574e668f592b7d612ba13d9e95f72,1429,
tests/test_q4_planning_ablation.py,tests/solution/test_q4_planning_ablation.py,新增并适配测试路径,5fbdeea16f2bdaf53095447e52f3690f73aa24d71e6a19b68d0a30afcd8bd73f,2139,
tests/test_q4_repair.py,tests/solution/test_q4_repair.py,复用 main 测试,f0e8b040bf86c8f95bac304b33e5b816cad17dd74d7dedf24f8b94874d5e22ee,2385,来源版本可由固定 Git 提交恢复，不回退当前校验
tests/test_run_policy_deployment.py,tests/solution/test_run_policy_deployment.py,新增并适配测试路径,98ed97272317aacb4126e074e4075e1a82deb9e1ee363dfcd99d4b4d50c19973,3357,
tests/test_solution_components.py,tests/solution/test_solution_components.py,复用 main 测试,771ad7bd5288e0448b5f2ada7e6e9777e66dd43e14c982f93417c38c4fb76d0f,2308,来源版本可由固定 Git 提交恢复，不回退当前校验
tests/test_web.py,tests/simulator/test_web.py,复用 main 测试,89486a2cfab434b431f817ea1e80a4cf732007626499a7f885bbc9f9cc1b50c5,5456,来源版本可由固定 Git 提交恢复，不回退当前校验
