index,seed,N,baseline_last_clear_s,c_last_clear_s,delta_c_minus_baseline_s
0,1713000000,13,11166.742457,10696.409143,-470.3333139999995
1,1713000001,13,8125.771494,8125.771494,0.0
2,1713000002,12,5797.763439,9670.429,3872.665561
3,1713000003,13,11788.028617,11839.131577,51.10296000000017
4,1713000004,12,5549.809962,8710.789316,3160.979354
5,1713000005,10,6617.530349,6617.530349,0.0
6,1713000006,11,1602.034617,5923.916471,4321.881853999999
7,1713000007,16,8034.143219,8021.868607,-12.274611999999252
8,1713000008,11,9500.491114,9552.694134,52.203019999999015
9,1713000009,11,13007.553908,13132.239714,124.6858059999995
10,1713000010,14,7405.849017,7396.097426,-9.75159099999928
11,1713000011,12,9801.949121,9801.949121,0.0
12,1713000012,10,10589.605374,10732.930362,143.32498799999848
13,1713000013,15,10293.840449,9664.640575,-629.1998739999999
14,1713000014,15,2660.040227,2883.998038,223.95781100000022
15,1713000015,10,15306.019674,15306.019674,0.0
16,1713000016,14,8082.894857,8098.466558,15.571700999999848
17,1713000017,16,8986.558954,8986.558954,0.0
18,1713000018,11,10320.213634,10783.962473,463.74883899999986
19,1713000019,11,9343.579569,9326.695775,-16.883793999999398
20,1713000020,16,5438.355109,5675.806154,237.4510449999998
21,1713000021,15,13215.656131,13405.916369,190.26023800000075
22,1713000022,12,2142.894582,2096.149459,-46.745122999999694
23,1713000023,11,12138.277113,12138.277113,0.0
24,1713000024,14,9762.64173,9539.304083,-223.33764699999847
25,1713000025,16,7568.100785,7568.100785,0.0
26,1713000026,15,4662.04539,9204.942585,4542.8971950000005
27,1713000027,10,10946.424512,11133.98645,187.56193800000074
28,1713000028,16,5457.480194,7249.112499,1791.632305
29,1713000029,15,9486.978259,8685.953484,-801.0247749999999
30,1713000030,14,10780.337959,10381.444469,-398.8934900000004
31,1713000031,14,7886.012412,7886.012412,0.0
32,1713000032,11,9349.107006,9286.115538,-62.99146800000017
33,1713000033,11,11262.376177,11488.062343,225.6861659999995
34,1713000034,13,1573.875727,1713.918662,140.04293499999994
35,1713000035,12,9939.482146,9939.482146,0.0
36,1713000036,13,9241.053547,5705.057698,-3535.995849
37,1713000037,14,10359.657168,10359.657168,0.0
38,1713000038,12,9950.78508,10681.831961,731.0468810000002
39,1713000039,16,9167.924244,9167.924244,0.0
40,1713000040,10,10335.55189,8234.686479,-2100.8654110000007
41,1713000041,10,10136.354243,10136.354243,0.0
42,1713000042,15,9243.969159,9226.012274,-17.956884999999602
43,1713000043,15,7278.773664,7278.773664,0.0
44,1713000044,15,8924.602287,9327.835608,403.2333209999997
45,1713000045,12,10875.791696,10881.260823,5.469127000000299
46,1713000046,10,2616.431361,2737.054103,120.62274200000002
47,1713000047,13,11538.946066,11538.946066,0.0
48,1713000048,12,11208.558598,11796.651672,588.0930740000003
49,1713000049,12,7658.911015,7658.911015,0.0
50,1713000050,16,2399.976016,2368.377876,-31.598140000000058
51,1713000051,10,9163.665764,9163.665764,0.0
52,1713000052,11,9244.597914,8812.203064,-432.3948500000006
53,1713000053,11,6274.088216,6274.088216,0.0
54,1713000054,16,1410.083793,1374.71591,-35.36788300000012
55,1713000055,13,9883.571906,9839.658275,-43.91363099999944
56,1713000056,14,9570.201365,9570.201365,0.0
57,1713000057,10,10777.770949,10777.770949,0.0
58,1713000058,16,2016.999735,2016.999735,0.0
59,1713000059,13,10776.268851,10776.268851,0.0
60,1713000060,10,9823.735455,9950.483725,126.74827000000005
61,1713000061,16,5019.779844,4932.333128,-87.44671599999947
62,1713000062,14,10089.689036,10512.943232,423.25419599999987
63,1713000063,10,12350.219058,12350.219058,0.0
64,1713000064,11,7101.106528,7194.068762,92.96223399999963
65,1713000065,10,9051.373396,9045.552405,-5.820991000000504
66,1713000066,11,9341.009113,9337.453855,-3.5552580000003218
67,1713000067,12,10386.104981,10351.653607,-34.451374000000214
68,1713000068,15,6916.583497,9532.426597,2615.8431
69,1713000069,15,14258.159151,14258.159151,0.0
70,1713000070,14,6168.784919,6192.757707,23.972788000000037
71,1713000071,14,9665.471737,8182.915101,-1482.5566360000003
72,1713000072,14,11970.464362,11524.101578,-446.36278400000083
73,1713000073,11,10324.770746,9276.829434,-1047.9413120000008
74,1713000074,14,4396.992585,7355.950738,2958.9581529999996
75,1713000075,16,15309.522621,11524.099845,-3785.4227759999994
76,1713000076,11,9432.186657,7234.91064,-2197.276017
77,1713000077,12,8814.26837,8814.26837,0.0
78,1713000078,16,4006.139883,4020.677594,14.5377110000004
79,1713000079,12,10462.71497,10462.71497,0.0
80,1713000080,14,8223.429198,8137.915969,-85.51322900000014
81,1713000081,16,14017.235013,14029.596893,12.361880000000383
82,1713000082,10,8337.612833,8247.528697,-90.08413599999949
83,1713000083,14,10324.491248,10324.491248,0.0
84,1713000084,16,8646.47807,8741.43054,94.95247000000018
85,1713000085,12,8427.401426,8350.684105,-76.71732100000008
86,1713000086,13,9230.551135,9145.025568,-85.52556700000059
87,1713000087,11,9960.547247,9960.547247,0.0
88,1713000088,14,6499.961468,6511.210893,11.249424999999974
89,1713000089,16,9539.484427,9539.484427,0.0
90,1713000090,10,2426.289949,2571.230791,144.94084199999998
91,1713000091,11,9786.662605,9786.662605,0.0
92,1713000092,14,9019.723871,9874.335163,854.6112919999996
93,1713000093,14,10740.321705,10737.311076,-3.0106290000003355
94,1713000094,11,2395.817156,2395.817156,0.0
95,1713000095,14,8806.333132,8806.333132,0.0
96,1713000096,10,9961.806411,9590.335371,-371.47104000000036
97,1713000097,10,10271.776253,10276.276999,4.500745999999708
98,1713000098,14,1733.680694,1647.897137,-85.78355699999997
99,1713000099,15,15834.745702,15792.817534,-41.92816800000037
100,1713000100,15,9049.564289,9671.102811,621.5385220000007
101,1713000101,11,11439.966838,11497.444929,57.47809099999904
102,1713000102,10,9467.384864,9406.536595,-60.84826900000007
103,1713000103,13,10101.688493,10101.688493,0.0
104,1713000104,13,11486.788922,11315.066252,-171.7226699999992
105,1713000105,11,8861.626791,8861.626791,0.0
106,1713000106,15,6648.226229,2634.566216,-4013.6600129999997
107,1713000107,12,9327.433571,9327.433571,0.0
108,1713000108,11,9842.635533,9662.458157,-180.17737600000146
109,1713000109,16,6910.823625,8105.741079,1194.9174540000004
110,1713000110,15,4459.827924,2911.129338,-1548.698586
111,1713000111,14,10435.15997,10435.15997,0.0
112,1713000112,10,7469.720984,4825.172728,-2644.548256
113,1713000113,10,10011.928949,9989.06191,-22.86703899999884
114,1713000114,12,1153.768234,1249.617128,95.8488940000002
115,1713000115,10,9366.643964,9366.643964,0.0
116,1713000116,14,8502.10949,6450.051922,-2052.057568000001
117,1713000117,11,10511.616319,10511.616319,0.0
118,1713000118,10,8865.346011,9310.827782,445.48177100000066
119,1713000119,16,12435.046563,12321.742734,-113.3038290000004
120,1713000120,12,12337.41769,12408.438926,71.0212360000005
121,1713000121,11,7873.121267,7873.121267,0.0
122,1713000122,14,9709.539599,9707.539183,-2.0004159999989497
123,1713000123,12,11779.85696,11779.85696,0.0
124,1713000124,11,9732.77189,5378.72196,-4354.04993
125,1713000125,11,8886.542897,8886.542897,0.0
126,1713000126,12,1577.004488,1641.873398,64.86890999999991
127,1713000127,12,9616.889061,9604.587351,-12.30170999999973
128,1713000128,11,9246.452698,9145.93967,-100.5130279999994
129,1713000129,11,11783.272717,11794.441402,11.16868500000055
130,1713000130,11,3209.770038,5773.359667,2563.5896289999996
131,1713000131,13,7992.54585,7992.54585,0.0
132,1713000132,13,14204.244637,14058.313841,-145.93079600000056
133,1713000133,12,8797.286581,8797.286581,0.0
134,1713000134,12,9506.249874,10166.690394,660.4405200000001
135,1713000135,11,14700.713683,14700.713683,0.0
136,1713000136,11,9259.776797,8561.110306,-698.666491
137,1713000137,16,5171.028146,5171.028146,0.0
138,1713000138,16,2800.839122,2882.873827,82.03470500000003
139,1713000139,16,9463.356429,9436.85426,-26.502168999999412
140,1713000140,16,7575.515916,9958.479526,2382.963609999999
141,1713000141,14,12041.836306,12041.836306,0.0
142,1713000142,15,1575.193139,1584.185747,8.992608000000018
143,1713000143,14,5556.935358,5556.935358,0.0
144,1713000144,12,10375.894062,10375.894062,0.0
145,1713000145,16,7468.56505,7468.56505,0.0
146,1713000146,14,1885.363813,1885.363813,0.0
147,1713000147,16,11875.266582,11740.97749,-134.2890920000009
148,1713000148,14,8759.698478,8759.698478,0.0
149,1713000149,15,9909.224421,9586.764897,-322.4595240000017
150,1713000150,12,12438.883323,11697.63325,-741.2500729999992
151,1713000151,12,6754.124738,6754.124738,0.0
152,1713000152,16,6838.117334,6932.072367,93.95503300000018
153,1713000153,13,11600.646169,11600.646169,0.0
154,1713000154,11,4819.03505,4735.521651,-83.51339900000039
155,1713000155,14,11450.225814,11131.277114,-318.948699999999
156,1713000156,10,8738.424134,8555.762984,-182.6611499999999
157,1713000157,10,10079.309025,10079.309025,0.0
158,1713000158,15,10513.03459,10034.65305,-478.3815399999985
159,1713000159,11,11573.236409,11573.236409,0.0
160,1713000160,14,10130.067245,6306.984504,-3823.082741
161,1713000161,16,9939.08106,9936.319171,-2.761889000001247
162,1713000162,13,13577.8043,13876.592962,298.78866200000084
163,1713000163,11,9416.891367,9416.891367,0.0
164,1713000164,12,10278.920127,9173.538213,-1105.3819139999996
165,1713000165,15,11123.970448,11123.970448,0.0
166,1713000166,16,2045.636971,2045.636971,0.0
167,1713000167,10,11497.333962,11161.339422,-335.9945400000015
168,1713000168,15,8405.816821,9583.242448,1177.4256270000005
169,1713000169,12,7467.295798,7467.295798,0.0
170,1713000170,10,2299.883102,2443.310976,143.42787400000043
171,1713000171,13,11234.140185,11604.81067,370.67048500000055
172,1713000172,12,9407.929974,5825.530257,-3582.3997170000002
173,1713000173,13,9501.736309,9463.659237,-38.077072000000044
174,1713000174,12,10411.121868,9708.736946,-702.3849219999993
175,1713000175,13,9850.35423,9850.35423,0.0
176,1713000176,11,11235.472353,11235.472353,0.0
177,1713000177,10,8151.877358,8151.877358,0.0
178,1713000178,11,2028.30719,3956.1285,1927.8213099999998
179,1713000179,10,9238.170582,9206.380672,-31.789910000001328
180,1713000180,10,12069.972429,12069.972429,0.0
181,1713000181,15,8207.817728,8266.761549,58.94382100000075
182,1713000182,12,1724.017847,1724.017847,0.0
183,1713000183,15,15536.528662,15533.744233,-2.7844290000011824
184,1713000184,10,9379.359463,7978.100971,-1401.2584920000008
185,1713000185,10,7682.381813,7682.381813,0.0
186,1713000186,12,9212.537585,9118.97216,-93.56542500000069
187,1713000187,10,9568.02145,9568.02145,0.0
188,1713000188,16,6315.153672,4900.153015,-1415.0006570000005
189,1713000189,14,12099.188161,12099.188161,0.0
190,1713000190,13,2886.45675,3042.28815,155.83140000000003
191,1713000191,15,12488.435973,12488.435973,0.0
192,1713000192,14,10379.74795,10051.047977,-328.6999730000007
193,1713000193,11,8337.14579,8281.813605,-55.33218500000112
194,1713000194,10,1991.676124,2055.702663,64.02653899999996
195,1713000195,13,10893.749278,10893.749278,0.0
196,1713000196,12,7090.864511,8081.126662,990.2621509999999
197,1713000197,12,6698.94999,6698.94999,0.0
198,1713000198,10,10870.493851,11051.795085,181.30123400000048
199,1713000199,14,9429.547856,9134.716727,-294.8311289999983
200,1713000200,11,10382.797507,10382.797507,0.0
201,1713000201,16,8749.840131,8749.840131,0.0
202,1713000202,15,3157.983527,3354.166142,196.18261500000017
203,1713000203,12,9035.529361,9035.529361,0.0
204,1713000204,14,11182.441899,10116.893466,-1065.548433
205,1713000205,15,7876.878177,7876.878177,0.0
206,1713000206,13,3698.426656,3698.426656,0.0
207,1713000207,15,10145.692646,10181.256473,35.56382699999995
208,1713000208,16,7919.895764,6757.318717,-1162.5770469999998
209,1713000209,15,7266.799387,7226.366963,-40.43242399999963
210,1713000210,15,11489.550803,11026.29787,-463.25293299999976
211,1713000211,12,9873.507489,9873.507489,0.0
212,1713000212,13,6618.152033,6618.152033,0.0
213,1713000213,15,8701.043859,7573.209865,-1127.8339939999996
214,1713000214,10,10059.880702,7624.76341,-2435.117292000001
215,1713000215,13,8417.330583,8417.330583,0.0
216,1713000216,15,9975.388765,9935.970121,-39.418643999999404
217,1713000217,12,8370.188873,8370.188873,0.0
218,1713000218,12,1495.902313,1352.8522,-143.050113
219,1713000219,14,13101.815316,13101.815316,0.0
220,1713000220,12,9477.707177,9401.532473,-76.17470400000093
221,1713000221,10,10074.295581,10028.505013,-45.79056800000035
222,1713000222,15,10667.339201,11417.842355,750.503154
223,1713000223,15,9508.048814,9272.638598,-235.41021600000022
224,1713000224,10,6930.226348,6011.43363,-918.7927179999997
225,1713000225,11,11873.562658,11873.562658,0.0
226,1713000226,16,2541.895767,3376.617387,834.7216199999998
227,1713000227,13,10491.951679,10467.278554,-24.673124999999345
228,1713000228,16,10563.875973,9838.065566,-725.8104070000009
229,1713000229,10,8576.158343,8576.158343,0.0
230,1713000230,12,2592.307793,2305.14645,-287.16134299999976
231,1713000231,15,7896.126401,7896.126401,0.0
232,1713000232,16,7173.071721,7953.98949,780.9177689999997
233,1713000233,14,9792.093261,9792.093261,0.0
234,1713000234,13,10293.070156,10495.071842,202.0016859999996
235,1713000235,15,9077.030933,9106.51971,29.488777000000482
236,1713000236,15,5824.148168,8514.2806,2690.1324320000003
237,1713000237,10,10517.496405,10517.496405,0.0
238,1713000238,15,6663.860586,4154.26899,-2509.591596
239,1713000239,15,8636.600655,8636.600655,0.0
240,1713000240,12,11327.336765,10862.46942,-464.86734500000057
241,1713000241,14,7705.354891,7705.354891,0.0
242,1713000242,10,9119.673918,9067.984722,-51.689196000001175
243,1713000243,16,15603.647967,16045.426543,441.7785759999988
244,1713000244,14,6660.298174,9168.327149,2508.028975000001
245,1713000245,16,6864.050364,6864.050364,0.0
246,1713000246,10,9999.064173,10108.747133,109.6829600000001
247,1713000247,15,10077.043755,10077.043755,0.0
248,1713000248,15,12450.120938,11693.972024,-756.1489139999994
249,1713000249,14,12292.562556,12292.562556,0.0
250,1713000250,13,2387.573227,5177.56364,2789.9904130000004
251,1713000251,16,7953.761673,7953.761673,0.0
252,1713000252,13,14344.424221,14550.132105,205.7078840000013
253,1713000253,15,10612.770115,10021.862614,-590.9075009999997
254,1713000254,16,1705.733124,1705.733124,0.0
255,1713000255,12,15231.339839,15231.339839,0.0
256,1713000256,16,7331.763336,5897.315131,-1434.4482049999997
257,1713000257,10,7380.218801,7380.218801,0.0
258,1713000258,10,10850.812239,10790.513911,-60.298328000000765
259,1713000259,10,9808.265981,9808.265981,0.0
260,1713000260,11,5328.216264,5156.499181,-171.71708299999955
261,1713000261,15,11818.165808,11780.801023,-37.364784999999756
262,1713000262,12,1607.455449,1587.594812,-19.860636999999997
263,1713000263,13,9373.146683,9373.146683,0.0
264,1713000264,15,8581.12895,8499.800797,-81.32815300000038
265,1713000265,15,5677.46806,5677.46806,0.0
266,1713000266,14,10654.948293,9662.493301,-992.454991999999
267,1713000267,16,14722.416939,14722.416939,0.0
268,1713000268,14,8028.685129,8573.784589,545.0994600000004
269,1713000269,14,7384.833308,7407.646533,22.813224999999875
270,1713000270,12,4589.418614,3800.463978,-788.9546359999999
271,1713000271,13,9126.972206,9017.849833,-109.12237300000015
272,1713000272,14,8779.232607,9061.382846,282.1502390000005
273,1713000273,16,10527.827559,10527.827559,0.0
274,1713000274,14,2498.359482,2500.395759,2.0362770000001547
275,1713000275,15,9973.100593,9973.100593,0.0
276,1713000276,12,11171.41639,10962.890605,-208.52578499999981
277,1713000277,14,7543.951958,7543.951958,0.0
278,1713000278,13,4064.251459,4111.185841,46.93438200000037
279,1713000279,11,10113.957816,10014.623755,-99.33406099999956
280,1713000280,16,7773.205324,7569.000052,-204.20527199999924
281,1713000281,13,9521.833062,9521.833062,0.0
282,1713000282,12,4623.021946,4623.021946,0.0
283,1713000283,12,10331.691315,10331.691315,0.0
284,1713000284,13,7569.156163,10057.19473,2488.0385669999996
285,1713000285,16,7197.055213,7197.055213,0.0
286,1713000286,12,3349.692207,3349.692207,0.0
287,1713000287,15,9790.545184,9790.545184,0.0
288,1713000288,16,5947.288088,5139.331752,-807.9563360000002
289,1713000289,13,8892.068275,8892.068275,0.0
290,1713000290,15,8322.390971,6295.792129,-2026.5988420000003
291,1713000291,15,12859.248493,12650.262776,-208.98571699999957
292,1713000292,11,9784.774619,9664.635574,-120.1390449999999
293,1713000293,14,10420.426627,10420.426627,0.0
294,1713000294,15,12188.226132,12514.880633,326.6545010000009
295,1713000295,12,10363.414577,9785.851202,-577.5633749999997
296,1713000296,12,9931.823221,10434.893049,503.0698279999997
297,1713000297,15,15694.21462,15531.278855,-162.93576500000017
298,1713000298,11,9077.429128,9077.429128,0.0
299,1713000299,14,8981.094603,8981.094603,0.0
300,1713000300,16,9325.91269,9290.164268,-35.748421999998754
301,1713000301,13,6098.274432,6098.274432,0.0
302,1713000302,10,9139.019575,8591.8844,-547.1351749999994
303,1713000303,12,13355.582671,15982.138975,2626.5563039999997
304,1713000304,16,9616.460997,7848.91802,-1767.542977
305,1713000305,12,9007.128226,9007.128226,0.0
306,1713000306,11,13236.410139,11579.122808,-1657.2873309999995
307,1713000307,11,10413.585842,10447.239832,33.653989999998885
308,1713000308,11,9037.090491,9007.619184,-29.471307000001616
309,1713000309,16,5522.274343,5454.753068,-67.52127500000006
310,1713000310,12,2083.928284,2035.472311,-48.455973000000085
311,1713000311,14,9911.327018,9272.819519,-638.5074989999994
312,1713000312,14,10641.417506,10641.417506,0.0
313,1713000313,13,8425.586977,8425.586977,0.0
314,1713000314,10,10751.078139,10922.955971,171.87783200000013
315,1713000315,12,10317.646618,10317.646618,0.0
316,1713000316,16,4750.283486,4642.3052,-107.97828600000048
317,1713000317,10,8225.342734,8324.904441,99.56170700000075
318,1713000318,10,9479.28326,9728.461944,249.17868400000043
319,1713000319,15,10912.092293,10912.092293,0.0
320,1713000320,14,6950.182871,6879.528354,-70.65451699999994
321,1713000321,14,11418.019021,11494.579312,76.56029099999978
322,1713000322,10,2547.77764,8724.979152,6177.201512
323,1713000323,16,9094.56207,9094.56207,0.0
324,1713000324,14,10027.613121,6397.677525,-3629.9355960000003
325,1713000325,11,6646.836621,6646.836621,0.0
326,1713000326,16,2791.134043,2864.384894,73.25085099999978
327,1713000327,13,14183.256343,14183.256343,0.0
328,1713000328,13,8464.71245,8313.181877,-151.530573
329,1713000329,12,7573.378366,7573.378366,0.0
330,1713000330,12,12317.290958,11649.153999,-668.1369589999995
331,1713000331,14,9816.842567,9818.393008,1.5504409999994095
332,1713000332,16,6440.249101,6290.390978,-149.85812299999998
333,1713000333,16,8380.997362,8380.997362,0.0
334,1713000334,15,2588.504763,4882.198414,2293.6936510000005
335,1713000335,13,9539.52238,9539.52238,0.0
336,1713000336,11,10683.086337,10719.313101,36.22676399999909
337,1713000337,12,9914.681404,9173.484255,-741.1971490000014
338,1713000338,15,8836.62413,9001.10931,164.48517999999967
339,1713000339,11,12855.867348,12890.539677,34.6723290000009
340,1713000340,15,6238.472866,6238.472866,0.0
341,1713000341,10,10198.558523,10198.558523,0.0
342,1713000342,11,3756.983387,1948.3564,-1808.6269870000003
343,1713000343,13,9555.228018,9509.328076,-45.89994200000001
344,1713000344,13,9754.015598,10735.695117,981.6795189999993
345,1713000345,13,10609.633752,10485.947953,-123.68579899999895
346,1713000346,10,6240.620557,6240.620557,0.0
347,1713000347,11,8136.923937,8303.152976,166.22903899999983
348,1713000348,15,16156.017953,16277.98485,121.96689700000024
349,1713000349,15,8126.22859,8126.22859,0.0
350,1713000350,16,2570.123686,2599.85414,29.73045400000001
351,1713000351,14,13724.447847,15485.378865,1760.9310180000011
352,1713000352,13,9656.001548,10509.440528,853.438979999999
353,1713000353,16,7509.863876,7509.863876,0.0
354,1713000354,16,4446.775818,4446.775818,0.0
355,1713000355,14,9854.220474,9570.001001,-284.2194729999992
356,1713000356,14,10722.291111,11125.40995,403.11883899999884
357,1713000357,16,7041.069167,7041.069167,0.0
358,1713000358,16,3250.287572,4180.85382,930.5662480000001
359,1713000359,10,6794.500255,6794.500255,0.0
360,1713000360,10,11396.001062,12113.327591,717.3265289999999
361,1713000361,10,6652.543877,6652.543877,0.0
362,1713000362,14,1955.400318,2025.874437,70.47411899999997
363,1713000363,12,13342.03455,13342.03455,0.0
364,1713000364,12,9622.116691,9680.917081,58.800390000000334
365,1713000365,16,7050.055324,7050.055324,0.0
366,1713000366,11,9486.968613,10079.195584,592.226971
367,1713000367,11,8961.302922,8961.302922,0.0
368,1713000368,16,7117.695278,9324.141504,2206.446225999999
369,1713000369,13,12064.734741,12369.406729,304.67198800000006
370,1713000370,10,7540.388012,7507.964513,-32.42349900000045
371,1713000371,12,11140.616635,11140.616635,0.0
372,1713000372,15,12679.972546,12529.169676,-150.80287000000135
373,1713000373,16,5507.551715,5332.630293,-174.92142199999944
374,1713000374,15,1780.345315,6482.840851,4702.495536
375,1713000375,12,12197.309909,11762.379672,-434.9302370000005
376,1713000376,14,9833.195946,9833.195946,0.0
377,1713000377,15,6577.222448,6577.222448,0.0
378,1713000378,16,1693.716355,1772.037398,78.32104299999992
379,1713000379,16,11912.757834,11912.757834,0.0
380,1713000380,15,9948.095524,9912.275254,-35.820270000000164
381,1713000381,14,10179.84255,10243.244905,63.40235500000017
382,1713000382,15,1750.932731,1978.928962,227.99623099999985
383,1713000383,12,9993.603252,9993.603252,0.0
384,1713000384,15,5947.384946,9072.794635,3125.409689
385,1713000385,13,6705.809493,6705.809493,0.0
386,1713000386,13,6921.613005,6909.180804,-12.432201000000532
387,1713000387,16,14734.893966,14704.087814,-30.8061519999992
388,1713000388,16,7756.177002,6665.364354,-1090.812648
389,1713000389,13,8485.057285,8485.057285,0.0
390,1713000390,14,10702.058006,10637.226699,-64.83130699999856
391,1713000391,11,9482.14109,9482.14109,0.0
392,1713000392,16,4634.998533,4581.904125,-53.09440799999993
393,1713000393,12,9514.797756,9773.599663,258.80190700000094
394,1713000394,11,1471.331011,1457.660757,-13.670253999999886
395,1713000395,13,9577.87702,9577.87702,0.0
396,1713000396,15,11748.686342,11796.611468,47.92512599999827
397,1713000397,14,6807.345582,6807.345582,0.0
398,1713000398,14,5701.338052,5723.869407,22.531355000000076
399,1713000399,10,11625.938067,11625.938067,0.0
400,1713000400,15,7074.633161,7074.633161,0.0
401,1713000401,10,10222.47396,10222.47396,0.0
402,1713000402,15,11549.218581,11056.214214,-493.00436699999955
403,1713000403,15,10149.767782,10149.767782,0.0
404,1713000404,14,7030.118194,6887.497324,-142.62086999999974
405,1713000405,12,11919.767879,11919.767879,0.0
406,1713000406,16,2170.344725,2026.105843,-144.23888199999988
407,1713000407,11,11301.968797,11101.236662,-200.7321350000002
408,1713000408,10,9152.246736,9128.346786,-23.89994999999908
409,1713000409,13,6467.564187,6501.478684,33.914496999999756
410,1713000410,11,9450.092736,9571.851114,121.75837799999863
411,1713000411,13,9911.31351,9889.04956,-22.263950000000477
412,1713000412,16,5857.446599,4444.224484,-1413.2221149999996
413,1713000413,16,6419.892995,6419.892995,0.0
414,1713000414,10,10969.824023,10960.487254,-9.33676899999955
415,1713000415,12,8651.74421,8651.74421,0.0
416,1713000416,14,10957.166403,10957.166403,0.0
417,1713000417,10,6924.555153,6924.555153,0.0
418,1713000418,10,1483.850536,1598.909759,115.05922299999997
419,1713000419,11,10756.858953,10756.858953,0.0
420,1713000420,15,11939.31427,11939.31427,0.0
421,1713000421,12,8568.588215,8568.588215,0.0
422,1713000422,16,3146.204838,3086.328779,-59.87605900000017
423,1713000423,13,10316.753252,10338.552121,21.798869000000195
424,1713000424,16,6890.769241,5638.305236,-1252.4640049999998
425,1713000425,12,8234.859651,8234.859651,0.0
426,1713000426,15,1347.523882,1336.293321,-11.230560999999852
427,1713000427,13,9235.184044,9235.184044,0.0
428,1713000428,15,9444.834156,9143.958854,-300.8753020000004
429,1713000429,12,7550.148923,7551.678177,1.5292540000000372
430,1713000430,11,8353.207776,1883.625695,-6469.582081
431,1713000431,10,9613.1122,9127.027017,-486.08518299999923
432,1713000432,14,7340.055191,7310.905062,-29.15012900000056
433,1713000433,16,8258.69544,8300.33338,41.637940000000526
434,1713000434,11,8850.173779,6306.817646,-2543.356133
435,1713000435,16,10887.491284,10887.491284,0.0
436,1713000436,14,8835.921942,9269.789901,433.86795899999925
437,1713000437,12,11004.032182,11004.032182,0.0
438,1713000438,15,8764.725,8712.529172,-52.19582799999989
439,1713000439,12,9911.844961,9617.093925,-294.7510360000015
440,1713000440,14,11606.17369,11505.696065,-100.47762499999953
441,1713000441,13,13128.95593,11578.779373,-1550.1765570000007
442,1713000442,16,2760.82898,2785.103417,24.274437000000034
443,1713000443,15,11771.612329,11771.612329,0.0
444,1713000444,14,12672.056671,14255.390906,1583.3342350000003
445,1713000445,11,8673.958773,8673.958773,0.0
446,1713000446,11,1997.044764,4691.513382,2694.468618
447,1713000447,12,11050.553563,11050.553563,0.0
448,1713000448,14,3956.320615,3830.756808,-125.563807
449,1713000449,10,10338.293675,8775.73485,-1562.558825
450,1713000450,12,9410.319315,9865.115819,454.7965039999999
451,1713000451,13,9621.653148,9621.653148,0.0
452,1713000452,13,9910.594721,7707.804758,-2202.7899629999993
453,1713000453,12,9459.305967,9459.305967,0.0
454,1713000454,11,10123.510703,2544.24303,-7579.267673
455,1713000455,11,13017.190464,13017.190464,0.0
456,1713000456,10,10935.184109,10617.441324,-317.74278500000037
457,1713000457,16,7281.133505,7281.133505,0.0
458,1713000458,14,9756.328863,10155.354291,399.025427999999
459,1713000459,13,10935.741431,10900.816774,-34.92465699999957
460,1713000460,15,6984.752422,5751.559301,-1233.1931209999993
461,1713000461,10,9738.044059,9797.318404,59.27434499999981
462,1713000462,16,6612.551231,7132.801095,520.2498639999994
463,1713000463,11,9768.881765,9768.881765,0.0
464,1713000464,16,7104.960749,7156.524005,51.563256000000365
465,1713000465,16,12609.664154,12609.664154,0.0
466,1713000466,12,3133.296181,3133.296181,0.0
467,1713000467,12,9228.320687,9228.320687,0.0
468,1713000468,10,10088.664737,10399.126349,310.46161200000097
469,1713000469,15,9727.845228,9727.845228,0.0
470,1713000470,12,1677.634177,1571.756278,-105.87789899999984
471,1713000471,10,11713.014238,11713.014238,0.0
472,1713000472,14,9310.62853,8491.839457,-818.7890729999999
473,1713000473,10,8685.835309,8696.53529,10.699980999999752
474,1713000474,14,11797.947487,12632.246787,834.2993000000006
475,1713000475,14,9703.63523,9703.63523,0.0
476,1713000476,10,7304.243127,7304.243127,0.0
477,1713000477,10,8867.620074,8855.010093,-12.609980999999607
478,1713000478,13,2465.31946,2767.850445,302.5309849999999
479,1713000479,14,11851.853805,11851.853805,0.0
480,1713000480,12,10028.185036,10036.200314,8.015277999998943
481,1713000481,14,7086.911503,7086.911503,0.0
482,1713000482,12,9801.258851,10651.432983,850.1741320000001
483,1713000483,16,9930.845561,9930.845561,0.0
484,1713000484,13,7804.416635,8716.546541,912.1299060000001
485,1713000485,16,5753.993554,5753.993554,0.0
486,1713000486,12,11078.032032,11455.555849,377.52381700000115
487,1713000487,15,10593.36132,10593.36132,0.0
488,1713000488,15,6841.201785,7011.588753,170.3869679999998
489,1713000489,12,10565.424002,10565.424002,0.0
490,1713000490,14,2650.702531,2714.543231,63.8407000000002
491,1713000491,16,8812.490768,8812.490768,0.0
492,1713000492,15,11351.998776,11893.064255,541.065478999999
493,1713000493,15,5388.667607,5388.667607,0.0
494,1713000494,12,8937.736199,9113.696253,175.96005399999922
495,1713000495,15,11730.079173,11808.760195,78.68102200000067
496,1713000496,15,9702.201084,9276.625475,-425.57560899999953
497,1713000497,13,5680.928292,5662.572081,-18.356210999999348
498,1713000498,16,4317.706397,4317.706397,0.0
499,1713000499,10,7847.421687,7847.421687,0.0
500,1713000500,15,10749.445533,11661.602436,912.1569029999991
501,1713000501,11,12394.16489,12368.416197,-25.748692999999548
502,1713000502,13,8303.500996,2170.472578,-6133.028418000001
503,1713000503,11,11327.434047,11327.434047,0.0
504,1713000504,12,10255.17309,6595.599647,-3659.573443
505,1713000505,14,5578.659424,5559.646329,-19.01309500000025
506,1713000506,14,2703.020294,2691.455919,-11.564374999999927
507,1713000507,10,9139.975044,9090.124057,-49.850986999999805
508,1713000508,12,8827.86729,6964.438891,-1863.4283990000004
509,1713000509,12,9371.23221,9371.23221,0.0
510,1713000510,11,2415.588701,2487.908369,72.31966800000009
511,1713000511,13,7720.61136,7720.61136,0.0
512,1713000512,15,9688.270512,9825.159474,136.8889620000009
513,1713000513,15,13168.343613,13148.847773,-19.49583999999959
514,1713000514,14,2628.612633,2287.66516,-340.9474730000002
515,1713000515,15,9354.405804,9354.405804,0.0
516,1713000516,14,9618.306111,6237.172286,-3381.133825
517,1713000517,16,8311.436715,7700.938493,-610.4982220000002
518,1713000518,12,6590.259622,5154.032012,-1436.22761
519,1713000519,10,20291.894781,20278.921044,-12.973737000000256
520,1713000520,11,10195.697707,7641.999718,-2553.6979889999993
521,1713000521,14,10348.627707,10347.471815,-1.1558919999988575
522,1713000522,13,14770.331245,11636.528355,-3133.802889999999
523,1713000523,14,9078.40895,8904.988198,-173.420752
524,1713000524,15,7725.915408,7755.952682,30.037274000000252
525,1713000525,11,11367.698689,11312.663193,-55.03549600000042
526,1713000526,13,3363.063541,3574.940226,211.87668500000018
527,1713000527,12,6420.910601,6420.910601,0.0
528,1713000528,16,12502.190742,14196.241584,1694.0508419999987
529,1713000529,14,9718.335378,9086.512564,-631.8228139999992
530,1713000530,10,3466.303139,3467.000396,0.6972569999998086
531,1713000531,16,8818.924219,8818.924219,0.0
532,1713000532,12,10120.164739,8956.358824,-1163.805914999999
533,1713000533,11,7660.530061,7543.848013,-116.68204800000058
534,1713000534,15,1190.32679,1293.963116,103.63632599999983
535,1713000535,14,9012.568478,9012.568478,0.0
536,1713000536,12,10415.700708,10899.271212,483.57050399999935
537,1713000537,15,7796.538529,7796.538529,0.0
538,1713000538,12,4291.644418,3705.187923,-586.4564949999999
539,1713000539,16,9766.573726,9766.573726,0.0
540,1713000540,12,11063.433354,11107.525721,44.092366999999285
541,1713000541,14,10593.097909,10758.358234,165.26032499999928
542,1713000542,12,9677.323089,10804.417286,1127.0941970000003
543,1713000543,12,14677.021395,14637.730664,-39.29073099999914
544,1713000544,16,9587.055991,8550.180488,-1036.8755029999993
545,1713000545,16,5193.229973,5193.229973,0.0
546,1713000546,16,2808.309149,3051.775553,243.46640399999978
547,1713000547,12,8826.707753,8826.707753,0.0
548,1713000548,14,5166.8913,8727.503116,3560.6118159999996
549,1713000549,10,9862.446825,9860.571153,-1.8756720000001224
550,1713000550,10,6883.859596,6814.733417,-69.12617899999987
551,1713000551,16,9179.724367,9179.724367,0.0
552,1713000552,10,10660.989338,10432.611687,-228.37765099999888
553,1713000553,10,7009.709164,7009.709164,0.0
554,1713000554,11,3747.704939,3814.550019,66.8450799999996
555,1713000555,14,11571.440291,11571.440291,0.0
556,1713000556,10,9904.57033,9149.431104,-755.1392260000011
557,1713000557,13,9007.496025,9007.496025,0.0
558,1713000558,10,1481.95754,1739.412402,257.4548619999998
559,1713000559,11,9994.931931,9994.931931,0.0
560,1713000560,10,7510.993735,8625.868191,1114.8744559999996
561,1713000561,12,10706.830394,10709.234234,2.403839999999036
562,1713000562,12,1639.046101,1594.2537,-44.79240099999993
563,1713000563,11,10832.526299,10700.475612,-132.05068699999902
564,1713000564,10,10850.220309,10151.918536,-698.301773000001
565,1713000565,16,7391.880383,7391.880383,0.0
566,1713000566,12,8761.356245,8725.108896,-36.24734900000112
567,1713000567,10,12371.133876,12371.133876,0.0
568,1713000568,12,8803.322385,8739.395486,-63.92689900000005
569,1713000569,16,7659.482831,7659.482831,0.0
570,1713000570,13,3838.598794,3838.598794,0.0
571,1713000571,15,9878.157909,9878.157909,0.0
572,1713000572,10,4760.99944,4760.99944,0.0
573,1713000573,14,5031.005222,5031.005222,0.0
574,1713000574,12,8749.058791,6251.308737,-2497.750053999999
575,1713000575,15,11204.837445,10868.395965,-336.4414799999995
576,1713000576,10,11083.557939,11671.454847,587.8969080000006
577,1713000577,16,6693.191385,6693.191385,0.0
578,1713000578,12,5917.910289,5907.077551,-10.832738000000063
579,1713000579,12,13907.459981,13907.459981,0.0
580,1713000580,11,9701.395245,8912.950649,-788.4445959999994
581,1713000581,16,7090.994865,7090.994865,0.0
582,1713000582,10,9507.980098,9679.435889,171.45579100000032
583,1713000583,11,8962.007982,8962.007982,0.0
584,1713000584,14,11036.234225,11036.234225,0.0
585,1713000585,10,10898.593601,10870.507223,-28.086377999999968
586,1713000586,11,9235.161749,9432.235918,197.07416899999953
587,1713000587,13,11590.457526,11590.457526,0.0
588,1713000588,13,10427.899716,10427.899716,0.0
589,1713000589,13,6230.88023,6230.88023,0.0
590,1713000590,16,2864.099473,2850.975631,-13.123842000000423
591,1713000591,15,10997.362506,11038.9104,41.54789400000118
592,1713000592,10,9624.508663,5290.915602,-4333.5930610000005
593,1713000593,16,6449.901625,6449.901625,0.0
594,1713000594,10,9009.559074,9153.45481,143.89573599999858
595,1713000595,15,7551.764781,7233.70584,-318.05894100000023
596,1713000596,12,8529.255659,7717.13218,-812.1234790000008
597,1713000597,14,10795.977202,10795.977202,0.0
598,1713000598,16,2856.173718,2856.173718,0.0
599,1713000599,14,8599.852912,8599.852912,0.0
600,1713000600,14,13239.169858,13239.169858,0.0
601,1713000601,12,9902.136372,8565.647012,-1336.4893600000014
602,1713000602,12,1671.498766,7168.522154,5497.0233880000005
603,1713000603,12,14884.866433,14376.371461,-508.4949719999986
604,1713000604,12,9099.615003,7884.2633,-1215.3517030000012
605,1713000605,10,6716.452254,6716.452254,0.0
606,1713000606,11,10900.381565,10679.513688,-220.8678770000006
607,1713000607,14,6658.684317,6658.684317,0.0
608,1713000608,14,10774.128607,10617.910182,-156.21842500000093
609,1713000609,13,6822.201669,6822.201669,0.0
610,1713000610,11,1656.983221,1656.983221,0.0
611,1713000611,15,12001.39782,11293.371317,-708.026503000001
612,1713000612,12,5974.184968,7510.918517,1536.7335490000005
613,1713000613,11,8418.297566,8422.563936,4.266370000001189
614,1713000614,15,9120.150586,9247.47751,127.32692400000087
615,1713000615,15,8382.390287,7314.889819,-1067.5004680000002
616,1713000616,13,10679.078251,9978.232463,-700.8457880000005
617,1713000617,15,7564.541302,7564.541302,0.0
618,1713000618,15,2473.838537,2603.242622,129.40408500000012
619,1713000619,12,10373.199664,10373.199664,0.0
620,1713000620,10,9647.316984,9516.336129,-130.9808549999998
621,1713000621,13,11186.387364,11186.387364,0.0
622,1713000622,15,7950.13761,9357.829746,1407.6921359999997
623,1713000623,15,11301.381351,11224.932363,-76.4489880000001
624,1713000624,14,12843.451386,12167.515821,-675.9355649999998
625,1713000625,16,4945.303946,4945.303946,0.0
626,1713000626,11,8914.017261,8876.503526,-37.51373500000045
627,1713000627,12,12677.979759,11749.733575,-928.2461839999996
628,1713000628,10,7666.922023,7666.922023,0.0
629,1713000629,15,10013.613777,8470.390896,-1543.2228809999997
630,1713000630,13,10350.477819,10377.307788,26.829969000000347
631,1713000631,10,7738.30537,7738.30537,0.0
632,1713000632,11,9585.369506,7784.433719,-1800.9357869999994
633,1713000633,12,10536.77805,10536.77805,0.0
634,1713000634,16,2826.402709,2822.377765,-4.024943999999778
635,1713000635,13,11287.998959,11287.998959,0.0
636,1713000636,16,13418.833782,12505.076785,-913.7569970000004
637,1713000637,10,6319.679067,6319.679067,0.0
638,1713000638,11,9609.825279,9505.062376,-104.76290300000073
639,1713000639,10,17190.122294,17157.610399,-32.51189499999964
640,1713000640,14,8469.355572,9725.504934,1256.149362
641,1713000641,13,9426.498834,9426.498834,0.0
642,1713000642,10,10443.359236,10941.264014,497.9047780000001
643,1713000643,12,9528.92071,9528.92071,0.0
644,1713000644,15,5672.599477,9742.401723,4069.802246000001
645,1713000645,15,8570.924073,8570.924073,0.0
646,1713000646,13,2510.828872,2510.828872,0.0
647,1713000647,10,8343.939343,8343.939343,0.0
648,1713000648,13,8305.173503,8305.173503,0.0
649,1713000649,16,7520.57162,7520.57162,0.0
650,1713000650,11,2821.998549,2788.391803,-33.60674599999993
651,1713000651,15,13474.091909,14014.208313,540.1164039999985
652,1713000652,10,8711.395267,8212.456371,-498.93889599999966
653,1713000653,11,9380.950969,9380.950969,0.0
654,1713000654,16,1524.652586,1524.652586,0.0
655,1713000655,14,10246.877119,10246.877119,0.0
656,1713000656,10,6981.65266,6899.748733,-81.90392699999938
657,1713000657,11,9414.945912,9266.163531,-148.78238099999908
658,1713000658,15,3195.965028,3249.486354,53.521326000000045
659,1713000659,13,8751.389054,8751.389054,0.0
660,1713000660,12,8690.023762,9426.586273,736.5625110000001
661,1713000661,13,7060.841074,7128.662023,67.82094899999993
662,1713000662,16,3221.712066,3190.545393,-31.166673000000173
663,1713000663,15,9365.22954,9365.22954,0.0
664,1713000664,16,4399.05011,4354.843807,-44.206302999999934
665,1713000665,11,9092.140624,9092.140624,0.0
666,1713000666,13,9173.90013,8568.500021,-605.4001090000002
667,1713000667,11,9197.107601,9197.107601,0.0
668,1713000668,16,5057.782117,5432.646146,374.8640290000003
669,1713000669,10,8158.644165,8158.644165,0.0
670,1713000670,14,7882.51163,2364.792903,-5517.7187269999995
671,1713000671,11,9359.777918,9359.777918,0.0
672,1713000672,13,7910.775948,9500.558181,1589.782233
673,1713000673,13,10030.075447,9863.202328,-166.87311899999986
674,1713000674,10,7500.041636,7398.014144,-102.02749200000017
675,1713000675,15,11734.521019,11728.892232,-5.628786999999647
676,1713000676,11,4295.285655,7420.28948,3125.0038250000007
677,1713000677,10,9545.48501,9545.48501,0.0
678,1713000678,12,8586.817177,8586.817177,0.0
679,1713000679,15,10655.769487,10655.769487,0.0
680,1713000680,10,11386.889776,11386.889776,0.0
681,1713000681,15,11862.786992,11862.786992,0.0
682,1713000682,11,1940.533384,1940.533384,0.0
683,1713000683,11,6834.493574,6834.493574,0.0
684,1713000684,10,10665.087582,8200.956435,-2464.131147
685,1713000685,13,7911.031185,7790.927286,-120.10389899999973
686,1713000686,16,1427.620369,1403.497126,-24.123243000000002
687,1713000687,15,15428.211267,15428.211267,0.0
688,1713000688,15,6383.564836,5568.619532,-814.9453039999999
689,1713000689,11,6503.781144,6503.781144,0.0
690,1713000690,12,12025.200717,12179.179321,153.9786039999999
691,1713000691,16,9538.028898,9538.028898,0.0
692,1713000692,13,10127.255227,8899.721115,-1227.5341119999994
693,1713000693,11,10867.019418,10431.103025,-435.9163929999995
694,1713000694,15,1876.516544,1876.516544,0.0
695,1713000695,14,9724.686929,9724.686929,0.0
696,1713000696,11,11798.478585,11389.222782,-409.255803
697,1713000697,15,5613.066677,5613.066677,0.0
698,1713000698,16,3389.045564,2789.266032,-599.779532
699,1713000699,14,17454.107161,17454.107161,0.0
700,1713000700,12,8402.364436,7946.390222,-455.97421399999985
701,1713000701,13,6280.503898,6280.503898,0.0
702,1713000702,15,9972.485886,9909.127303,-63.35858300000109
703,1713000703,10,9996.458654,9996.458654,0.0
704,1713000704,13,9991.542139,10161.93404,170.39190100000087
705,1713000705,15,10041.025251,10023.848986,-17.17626499999824
706,1713000706,14,2002.42952,2261.158731,258.7292110000001
707,1713000707,15,8660.537331,8660.537331,0.0
708,1713000708,12,10544.788126,10161.832487,-382.9556389999998
709,1713000709,16,4813.126063,4813.126063,0.0
710,1713000710,15,1347.619709,1260.536005,-87.08370400000013
711,1713000711,16,14899.692521,14899.692521,0.0
712,1713000712,14,7882.194134,8832.469512,950.2753779999994
713,1713000713,11,11805.834045,11620.583949,-185.25009599999976
714,1713000714,12,2584.091768,4156.199378,1572.1076100000005
715,1713000715,15,8863.907538,8845.583886,-18.32365199999913
716,1713000716,13,10915.428753,11419.042105,503.6133520000003
717,1713000717,15,11845.37843,11845.37843,0.0
718,1713000718,15,2782.291719,2949.732636,167.44091700000035
719,1713000719,13,9818.002895,9804.255048,-13.747846999998728
720,1713000720,14,9335.68598,9335.68598,0.0
721,1713000721,10,6469.149901,6469.149901,0.0
722,1713000722,12,4891.667067,4955.03306,63.365992999999435
723,1713000723,13,13276.281016,13250.050961,-26.230054999999993
724,1713000724,10,8971.742283,9045.520437,73.77815399999963
725,1713000725,10,8939.603678,8656.828029,-282.77564899999925
726,1713000726,14,10315.420854,10252.372789,-63.04806500000086
727,1713000727,14,8896.71804,8896.71804,0.0
728,1713000728,12,9447.026334,5275.781338,-4171.244996
729,1713000729,16,11525.951929,11525.951929,0.0
730,1713000730,16,2487.937055,2445.077463,-42.85959199999979
731,1713000731,15,8175.04904,8157.796565,-17.25247500000023
732,1713000732,12,9665.208105,10368.590022,703.3819170000006
733,1713000733,10,8894.684538,8636.069861,-258.6146769999996
734,1713000734,16,2732.348188,2745.464429,13.116241000000173
735,1713000735,16,7890.587701,7890.587701,0.0
736,1713000736,15,7535.205954,7905.19623,369.99027599999954
737,1713000737,10,9631.947229,9631.947229,0.0
738,1713000738,11,11376.006121,10780.960138,-595.045983
739,1713000739,14,9471.647038,9392.633548,-79.01348999999936
740,1713000740,13,9923.116352,9181.045759,-742.0705929999986
741,1713000741,15,14131.625029,14366.190076,234.56504700000005
742,1713000742,11,5734.574095,5723.952237,-10.62185799999952
743,1713000743,10,8440.681268,8440.681268,0.0
744,1713000744,14,9772.044697,9772.044697,0.0
745,1713000745,11,6889.028946,6889.028946,0.0
746,1713000746,16,2105.535198,2069.243965,-36.29123299999992
747,1713000747,15,12951.774983,12981.640569,29.865585999999894
748,1713000748,16,4586.271522,4586.271522,0.0
749,1713000749,14,9157.888676,9157.888676,0.0
750,1713000750,12,11306.456889,11047.449979,-259.00690999999824
751,1713000751,14,8844.531152,8844.531152,0.0
752,1713000752,16,6631.545319,9248.065322,2616.5200030000005
753,1713000753,11,11232.423133,11232.423133,0.0
754,1713000754,14,7207.790121,5407.727461,-1800.0626599999996
755,1713000755,15,10471.910045,10545.520927,73.61088199999904
756,1713000756,14,12003.153292,10881.284924,-1121.8683680000013
757,1713000757,10,7535.464415,7535.464415,0.0
758,1713000758,16,7102.748199,7103.043425,0.2952260000001843
759,1713000759,14,12109.641937,12175.504702,65.86276499999985
760,1713000760,11,9228.981703,9228.981703,0.0
761,1713000761,10,8102.85986,8072.503463,-30.35639699999956
762,1713000762,15,12862.163237,12970.494194,108.33095700000013
763,1713000763,13,6593.517972,6593.517972,0.0
764,1713000764,13,10815.389111,10441.331063,-374.0580480000008
765,1713000765,15,11038.872133,11038.872133,0.0
766,1713000766,13,1597.75879,1628.366129,30.60733899999991
767,1713000767,13,10537.614032,10263.417883,-274.1961489999994
768,1713000768,10,8679.671846,8525.599059,-154.07278699999915
769,1713000769,14,6527.653084,6527.653084,0.0
770,1713000770,14,9779.06342,9601.638531,-177.4248889999999
771,1713000771,15,13423.50503,13423.50503,0.0
772,1713000772,16,9816.933939,8567.456994,-1249.4769450000003
773,1713000773,15,7064.752203,7143.78562,79.03341699999964
774,1713000774,16,2843.335914,3671.215766,827.879852
775,1713000775,14,10415.302668,10415.302668,0.0
776,1713000776,11,9988.700545,8910.308992,-1078.3915529999995
777,1713000777,13,8596.719615,8569.617828,-27.101786999999604
778,1713000778,10,3356.035869,3356.035869,0.0
779,1713000779,12,9635.348366,9635.348366,0.0
780,1713000780,12,11492.816921,11667.044785,174.2278640000004
781,1713000781,16,8174.519876,8174.519876,0.0
782,1713000782,13,2181.980458,2437.198996,255.21853800000008
783,1713000783,13,7908.195401,7908.195401,0.0
784,1713000784,11,9334.581156,7089.550318,-2245.0308380000006
785,1713000785,11,10337.941142,10298.947871,-38.99327099999937
786,1713000786,11,10464.842062,10723.475537,258.63347500000054
787,1713000787,11,7094.79359,7094.79359,0.0
788,1713000788,12,6704.953566,9810.369817,3105.4162510000006
789,1713000789,10,12116.858653,12116.858653,0.0
790,1713000790,15,1322.742492,1373.96998,51.227487999999994
791,1713000791,16,5832.485977,5832.485977,0.0
792,1713000792,13,10448.550489,10584.924641,136.37415200000032
793,1713000793,12,8108.91582,8108.91582,0.0
794,1713000794,14,3604.611279,3557.406881,-47.20439800000031
795,1713000795,11,13005.830167,12037.756665,-968.0735019999993
796,1713000796,12,9877.547471,7116.915357,-2760.632114
797,1713000797,11,8571.968628,8571.968628,0.0
798,1713000798,16,5211.091465,5175.898955,-35.192510000000766
799,1713000799,11,10241.524586,10238.762295,-2.762290999999095
800,1713000800,12,5187.63601,5232.925859,45.289848999999776
801,1713000801,10,10053.844727,10081.548411,27.703684000000067
802,1713000802,15,4564.87788,4597.035554,32.15767400000004
803,1713000803,16,9955.296125,9955.296125,0.0
804,1713000804,15,13744.14413,13266.425211,-477.7189190000008
805,1713000805,15,7935.59423,7935.59423,0.0
806,1713000806,10,8244.000808,8213.380115,-30.620693000000756
807,1713000807,16,11882.346447,11902.587938,20.24149100000068
808,1713000808,14,6199.445748,8205.830517,2006.3847690000002
809,1713000809,12,6579.640883,6579.640883,0.0
810,1713000810,12,10279.488964,11137.484648,857.9956839999995
811,1713000811,12,9732.767124,9732.767124,0.0
812,1713000812,16,6369.385541,7019.275871,649.8903300000002
813,1713000813,13,11054.705582,11054.705582,0.0
814,1713000814,11,2403.008824,2620.375374,217.3665500000002
815,1713000815,14,8882.244056,8832.543986,-49.70006999999896
816,1713000816,11,11718.517652,12224.351688,505.8340360000002
817,1713000817,12,9379.478629,9264.960798,-114.5178309999992
818,1713000818,12,9635.425385,10151.149647,515.7242619999997
819,1713000819,12,12249.849541,12249.849541,0.0
820,1713000820,10,9612.307313,8062.427671,-1549.879641999999
821,1713000821,10,9386.824472,9386.824472,0.0
822,1713000822,16,4705.118278,4467.748612,-237.3696659999996
823,1713000823,11,9875.740862,9871.286041,-4.454821000001175
824,1713000824,16,7129.477656,8686.1308,1556.6531440000008
825,1713000825,11,8509.884193,8509.884193,0.0
826,1713000826,14,4131.322477,1831.180018,-2300.1424589999997
827,1713000827,15,9217.427951,8892.73202,-324.6959310000002
828,1713000828,14,9044.508687,9837.550144,793.0414570000012
829,1713000829,14,10660.973912,10660.973912,0.0
830,1713000830,11,9601.412417,11184.47476,1583.0623429999996
831,1713000831,12,10539.691375,10539.691375,0.0
832,1713000832,13,8809.162659,7825.621332,-983.5413269999999
833,1713000833,12,8812.814878,8816.363128,3.5482500000016444
834,1713000834,11,1680.493455,1737.658875,57.16542000000004
835,1713000835,12,9135.397356,9135.397356,0.0
836,1713000836,15,7647.572594,7710.61707,63.04447600000003
837,1713000837,15,10696.538569,9620.593833,-1075.9447359999995
838,1713000838,14,5336.067148,8598.793793,3262.7266450000006
839,1713000839,15,9921.336105,9974.412431,53.076326000000336
840,1713000840,12,9950.437673,9950.437673,0.0
841,1713000841,13,5749.846421,5750.561789,0.7153680000001259
842,1713000842,11,2074.926953,5383.28761,3308.360657
843,1713000843,11,15162.609379,15162.609379,0.0
844,1713000844,16,7755.021851,7162.232381,-592.7894700000006
845,1713000845,16,5109.852779,5109.852779,0.0
846,1713000846,11,9002.214779,9319.556201,317.3414219999995
847,1713000847,11,6443.268688,6443.268688,0.0
848,1713000848,15,8037.05168,5231.848206,-2805.203474
849,1713000849,15,11774.026325,11746.213517,-27.812808000000587
850,1713000850,10,1866.30222,1866.30222,0.0
851,1713000851,12,9639.147735,9639.147735,0.0
852,1713000852,12,10434.96692,10234.529127,-200.43779300000097
853,1713000853,10,7875.818977,7875.818977,0.0
854,1713000854,16,1721.572133,1721.572133,0.0
855,1713000855,15,8919.030958,8919.030958,0.0
856,1713000856,11,9614.881179,8670.513667,-944.3675120000007
857,1713000857,16,7606.91822,7606.91822,0.0
858,1713000858,10,10246.838195,10256.320605,9.482410000000527
859,1713000859,16,7120.680398,7120.680398,0.0
860,1713000860,10,4333.715572,10192.081253,5858.365681
861,1713000861,14,11129.247375,11129.247375,0.0
862,1713000862,16,2687.609932,2717.310692,29.700760000000173
863,1713000863,11,10881.928328,10881.928328,0.0
864,1713000864,12,11978.422182,10494.246248,-1484.1759340000008
865,1713000865,11,8914.29199,8639.54764,-274.74434999999903
866,1713000866,10,9843.190841,9851.171991,7.981149999999616
867,1713000867,13,11283.376092,11173.545684,-109.8304079999998
868,1713000868,14,9998.03544,7805.206431,-2192.829009
869,1713000869,14,9421.594616,9110.39987,-311.19474600000103
870,1713000870,10,10556.412994,10817.812768,261.3997739999995
871,1713000871,15,9584.0746,9565.755589,-18.31901099999959
872,1713000872,14,9480.658589,9480.658589,0.0
873,1713000873,14,11704.528629,11587.372015,-117.15661399999954
874,1713000874,15,6274.540459,6279.699063,5.158604000000196
875,1713000875,12,10903.465123,10923.766397,20.301273999999466
876,1713000876,11,9183.163935,9227.499028,44.33509299999969
877,1713000877,14,10584.371613,10622.394713,38.02310000000034
878,1713000878,11,1842.697648,1824.83763,-17.860018000000082
879,1713000879,14,11588.672143,11026.437186,-562.2349570000006
880,1713000880,14,8489.433633,8489.433633,0.0
881,1713000881,13,10896.472676,11125.791216,229.3185400000002
882,1713000882,15,13390.497885,12445.112605,-945.3852800000004
883,1713000883,13,6949.11295,6949.11295,0.0
884,1713000884,14,9694.531455,9528.821621,-165.70983400000114
885,1713000885,10,10589.843946,10899.770625,309.92667899999833
886,1713000886,14,3108.667082,3026.265036,-82.40204600000015
887,1713000887,13,9249.518424,9013.621092,-235.89733200000046
888,1713000888,10,9702.28192,11705.126444,2002.844524
889,1713000889,13,9226.459368,9226.459368,0.0
890,1713000890,14,6315.129575,5496.404784,-818.7247909999996
891,1713000891,11,11887.462958,11887.462958,0.0
892,1713000892,10,8042.917421,9435.108734,1392.1913129999994
893,1713000893,15,9853.091017,9721.577864,-131.51315299999987
894,1713000894,13,7866.553222,7877.730117,11.176895000000513
895,1713000895,15,11483.715005,11470.143809,-13.571196000000782
896,1713000896,13,8108.11036,9535.900689,1427.7903290000004
897,1713000897,10,13040.861968,13040.861968,0.0
898,1713000898,13,4464.612752,8567.069529,4102.456777
899,1713000899,13,10262.446868,10230.955259,-31.491609000000608
900,1713000900,10,10941.62453,10200.372891,-741.2516389999982
901,1713000901,11,10299.57135,10299.57135,0.0
902,1713000902,13,7139.967894,7139.967894,0.0
903,1713000903,13,14097.636363,14081.812903,-15.823459999999614
904,1713000904,13,10187.742161,9995.504041,-192.23811999999998
905,1713000905,15,7807.663308,7585.470212,-222.19309599999997
906,1713000906,14,8510.160508,8724.919422,214.758914
907,1713000907,16,8894.020068,8894.020068,0.0
908,1713000908,16,6133.978638,5381.519265,-752.4593729999997
909,1713000909,14,10285.630991,10285.630991,0.0
910,1713000910,16,2517.803459,2615.281849,97.47838999999976
911,1713000911,15,8143.193175,8143.193175,0.0
912,1713000912,11,12004.627226,11838.656472,-165.97075399999994
913,1713000913,16,8116.13409,8061.938766,-54.195323999999346
914,1713000914,13,6143.749609,8342.964702,2199.215092999999
915,1713000915,13,11934.519082,11855.198648,-79.32043400000111
916,1713000916,10,9829.338406,7451.758878,-2377.579528000001
917,1713000917,13,10706.266593,10706.266593,0.0
918,1713000918,15,3758.121145,3702.583368,-55.537777000000006
919,1713000919,10,8512.117403,8512.117403,0.0
920,1713000920,13,8243.766819,8905.456995,661.6901760000001
921,1713000921,15,10375.338141,10375.338141,0.0
922,1713000922,12,6629.280774,2232.583092,-4396.697682
923,1713000923,12,9823.949273,9823.949273,0.0
924,1713000924,15,12287.447323,13878.923657,1591.476333999999
925,1713000925,12,8276.442444,8276.442444,0.0
926,1713000926,13,2698.816285,2691.852634,-6.963651000000027
927,1713000927,15,18298.466902,18165.396876,-133.07002600000123
928,1713000928,15,9866.479347,9645.101834,-221.37751300000127
929,1713000929,16,9823.602889,9823.602889,0.0
930,1713000930,12,10499.413259,10539.926259,40.51299999999901
931,1713000931,16,9752.952863,9683.133773,-69.81909000000087
932,1713000932,16,8070.780672,8070.780672,0.0
933,1713000933,16,6929.104895,6929.104895,0.0
934,1713000934,13,1635.221296,1519.841194,-115.38010199999985
935,1713000935,16,10557.481447,10557.481447,0.0
936,1713000936,11,10508.65721,10508.65721,0.0
937,1713000937,14,9308.991225,9308.991225,0.0
938,1713000938,13,5956.468918,6064.182537,107.71361900000011
939,1713000939,16,12230.376716,11546.531894,-683.8448220000009
940,1713000940,15,6923.201722,7073.790333,150.58861100000013
941,1713000941,10,10472.219181,10472.219181,0.0
942,1713000942,10,9875.835927,9881.492136,5.656209000000672
943,1713000943,15,11007.035202,11007.035202,0.0
944,1713000944,13,6066.822641,7106.174099,1039.351458
945,1713000945,12,7647.872121,7647.872121,0.0
946,1713000946,14,7977.138901,7977.138901,0.0
947,1713000947,12,9947.214795,9947.214795,0.0
948,1713000948,12,9722.619333,9082.333472,-640.2858610000003
949,1713000949,15,6711.176812,6711.176812,0.0
950,1713000950,12,1663.292341,1710.442999,47.15065800000002
951,1713000951,10,15677.085842,15622.803495,-54.2823470000003
952,1713000952,14,5406.871875,6670.2748,1263.4029250000003
953,1713000953,13,9999.644312,9999.644312,0.0
954,1713000954,10,1491.915888,1528.317641,36.4017530000001
955,1713000955,11,9114.460919,9114.460919,0.0
956,1713000956,13,3996.871261,7474.916026,3478.044765
957,1713000957,16,9209.45582,9269.785841,60.33002100000158
958,1713000958,12,2279.492457,5386.163587,3106.67113
959,1713000959,11,11101.297723,11093.818941,-7.4787820000001375
960,1713000960,15,10873.563752,10744.43958,-129.12417199999982
961,1713000961,10,9734.953948,9734.953948,0.0
962,1713000962,10,2521.80156,2715.509381,193.70782099999997
963,1713000963,16,12922.968642,12910.205875,-12.762767000000167
964,1713000964,11,7757.953341,7757.953341,0.0
965,1713000965,16,8301.957754,8387.732112,85.77435800000057
966,1713000966,15,1917.245965,1921.012817,3.7668519999999717
967,1713000967,15,8354.810919,8354.810919,0.0
968,1713000968,10,10184.688651,9435.839589,-748.8490620000011
969,1713000969,12,9977.157068,9972.20992,-4.947148000001107
970,1713000970,13,7531.680709,4996.710395,-2534.970314
971,1713000971,10,11609.012341,11542.345268,-66.66707300000053
972,1713000972,11,11296.2473,12141.108441,844.8611409999994
973,1713000973,13,8147.423245,8147.423245,0.0
974,1713000974,12,2313.212997,2313.212997,0.0
975,1713000975,13,10063.759974,10025.849696,-37.9102780000012
976,1713000976,13,7043.12516,7043.12516,0.0
977,1713000977,14,9569.906157,9569.906157,0.0
978,1713000978,14,11762.897154,11597.64433,-165.25282400000106
979,1713000979,15,10096.091055,10208.032584,111.94152899999972
980,1713000980,14,9606.572888,6718.26726,-2888.305628000001
981,1713000981,14,10189.065383,10163.279072,-25.78631099999984
982,1713000982,10,6474.135869,1679.401773,-4794.734096
983,1713000983,15,13704.813908,13718.92953,14.115621999999348
984,1713000984,16,10645.68394,10829.410949,183.72700899999836
985,1713000985,12,9374.576952,9374.576952,0.0
986,1713000986,15,1444.608916,1448.953742,4.344826000000012
987,1713000987,13,10118.839696,10118.839696,0.0
988,1713000988,12,10053.98214,7268.899168,-2785.082972
989,1713000989,12,10899.957695,10978.016545,78.05885000000126
990,1713000990,16,1994.800242,1834.60752,-160.192722
991,1713000991,15,7960.058634,7960.058634,0.0
992,1713000992,15,6734.461616,6142.826298,-591.6353179999996
993,1713000993,11,12636.261503,12602.777647,-33.48385599999892
994,1713000994,14,2731.290696,1741.914376,-989.3763200000001
995,1713000995,12,12066.174123,11628.763624,-437.41049900000144
996,1713000996,12,13552.574932,13552.574932,0.0
997,1713000997,14,9599.256586,9599.256586,0.0
998,1713000998,12,2425.66476,2784.741586,359.076826
999,1713000999,14,15841.965379,14794.445769,-1047.5196099999994
1000,1713001000,14,8441.050407,8510.133243,69.08283599999959
1001,1713001001,11,11153.578904,11134.388519,-19.19038499999988
1002,1713001002,10,9511.17014,9511.17014,0.0
1003,1713001003,10,9669.652607,9669.652607,0.0
1004,1713001004,12,9247.907565,4699.873402,-4548.034162999999
1005,1713001005,10,12053.192032,12011.791289,-41.40074300000015
1006,1713001006,13,7061.333708,7055.305695,-6.028013000000101
1007,1713001007,10,11552.608015,11539.108744,-13.49927100000059
1008,1713001008,11,11863.651401,12112.593576,248.94217500000013
1009,1713001009,14,9074.575983,9046.869017,-27.70696599999974
1010,1713001010,12,1610.078498,1589.051171,-21.027327000000014
1011,1713001011,14,13930.552308,13844.185123,-86.36718500000097
1012,1713001012,12,8868.215911,6102.448146,-2765.7677649999996
1013,1713001013,12,7300.115778,7316.407055,16.291276999999354
1014,1713001014,10,10363.542639,9320.997636,-1042.5450029999993
1015,1713001015,12,8724.920988,8751.200191,26.279203000000052
1016,1713001016,15,6833.855952,6879.80671,45.95075799999995
1017,1713001017,15,8370.104947,8370.104947,0.0
1018,1713001018,12,1556.025182,3936.836092,2380.81091
1019,1713001019,14,9736.97874,9736.97874,0.0
1020,1713001020,13,6968.107267,7011.364502,43.25723500000004
1021,1713001021,11,8835.544268,8814.230927,-21.313340999999127
1022,1713001022,13,1991.096157,1984.728091,-6.368065999999999
1023,1713001023,13,11105.881235,11105.881235,0.0
1024,1713001024,15,5587.001025,6479.025787,892.024762
1025,1713001025,15,9393.749038,9393.749038,0.0
1026,1713001026,14,10126.779379,10126.779379,0.0
1027,1713001027,13,7964.723443,7964.723443,0.0
1028,1713001028,15,9493.202748,7972.470479,-1520.732269
1029,1713001029,15,8995.125076,6753.546632,-2241.5784440000007
1030,1713001030,10,2620.725373,2617.540109,-3.1852640000001884
1031,1713001031,11,9457.253266,9457.253266,0.0
1032,1713001032,15,11387.471194,11274.990847,-112.48034700000062
1033,1713001033,16,7197.717908,6644.59877,-553.119138
1034,1713001034,14,6710.14206,8891.526517,2181.384457
1035,1713001035,16,12313.076681,12313.076681,0.0
1036,1713001036,15,6256.85084,7696.694585,1439.8437450000001
1037,1713001037,16,11121.027896,10720.833172,-400.19472399999904
1038,1713001038,10,9827.175652,9655.663651,-171.51200099999915
1039,1713001039,16,9016.200246,9016.200246,0.0
1040,1713001040,14,8507.899822,8646.370041,138.47021900000072
1041,1713001041,12,6920.336544,6920.336544,0.0
1042,1713001042,14,2455.661664,2365.793439,-89.86822500000017
1043,1713001043,15,9357.973315,9291.167953,-66.80536199999915
1044,1713001044,12,10455.577824,10503.472596,47.89477199999965
1045,1713001045,11,9871.486159,9871.486159,0.0
1046,1713001046,12,9735.777913,9899.172432,163.3945189999995
1047,1713001047,10,13092.057271,13092.057271,0.0
1048,1713001048,11,8113.870686,8113.870686,0.0
1049,1713001049,15,9442.039649,9442.039649,0.0
1050,1713001050,16,1984.546911,1972.54931,-11.997600999999804
1051,1713001051,16,8588.844717,8588.844717,0.0
1052,1713001052,13,6021.091069,6021.091069,0.0
1053,1713001053,13,12268.330513,12635.214339,366.8838259999993
1054,1713001054,14,1914.123791,1927.427191,13.30340000000001
1055,1713001055,13,7412.302565,7412.302565,0.0
1056,1713001056,14,6485.677669,7932.98074,1447.3030710000003
1057,1713001057,13,8873.242565,8584.414047,-288.82851800000026
1058,1713001058,15,2814.367252,2583.023575,-231.34367699999984
1059,1713001059,10,12988.075213,12988.075213,0.0
1060,1713001060,16,7752.575831,7570.419119,-182.15671199999997
1061,1713001061,11,7101.361932,7101.361932,0.0
1062,1713001062,10,2688.194159,2812.269299,124.07513999999992
1063,1713001063,10,8839.088339,8839.088339,0.0
1064,1713001064,10,7569.490867,7439.738082,-129.75278500000059
1065,1713001065,11,11493.721619,11493.721619,0.0
1066,1713001066,15,1480.216928,1483.490906,3.2739779999999428
1067,1713001067,15,10012.440061,10012.440061,0.0
1068,1713001068,12,10125.457385,9801.85158,-323.60580499999924
1069,1713001069,15,10215.773472,10215.773472,0.0
1070,1713001070,14,2573.010854,2961.090468,388.07961399999976
1071,1713001071,10,9679.202506,9679.202506,0.0
1072,1713001072,16,8451.796829,5217.823069,-3233.9737600000008
1073,1713001073,12,10201.781457,10201.781457,0.0
1074,1713001074,16,4075.221281,4526.457217,451.23593600000004
1075,1713001075,13,9568.692982,9568.692982,0.0
1076,1713001076,13,10850.856488,10167.985795,-682.8706929999989
1077,1713001077,10,10225.47315,10225.47315,0.0
1078,1713001078,13,7139.577417,8629.090384,1489.5129669999988
1079,1713001079,14,12082.878179,12082.878179,0.0
1080,1713001080,16,9106.793028,9106.793028,0.0
1081,1713001081,16,9135.476781,9069.499804,-65.97697700000026
1082,1713001082,12,5086.140952,2695.830585,-2390.3103669999996
1083,1713001083,15,8771.373891,8771.373891,0.0
1084,1713001084,13,9682.432741,9461.675531,-220.75720999999976
1085,1713001085,11,9575.942104,9575.942104,0.0
1086,1713001086,15,10940.686642,11098.16691,157.48026799999934
1087,1713001087,12,8895.358786,8895.358786,0.0
1088,1713001088,11,9010.967476,8127.661731,-883.3057449999997
1089,1713001089,14,10033.066808,10093.368473,60.30166500000087
1090,1713001090,11,2497.177876,2583.409829,86.23195299999998
1091,1713001091,11,10664.591592,10664.591592,0.0
1092,1713001092,13,10205.229438,10153.330263,-51.89917500000047
1093,1713001093,13,10849.228342,10849.228342,0.0
1094,1713001094,16,3650.976715,2672.332455,-978.6442599999996
1095,1713001095,14,11297.30902,11297.30902,0.0
1096,1713001096,12,9534.668712,9534.668712,0.0
1097,1713001097,14,7433.451615,7433.451615,0.0
1098,1713001098,13,1886.666368,1901.649886,14.983518000000004
1099,1713001099,13,10444.992702,10444.992702,0.0
1100,1713001100,16,9739.115122,9639.667295,-99.44782699999996
1101,1713001101,16,9456.936112,9456.936112,0.0
1102,1713001102,14,8201.506924,2873.590652,-5327.9162719999995
1103,1713001103,15,9434.343255,9397.651855,-36.6913999999997
1104,1713001104,15,9771.53496,9692.97778,-78.55718000000161
1105,1713001105,15,5853.799558,5853.799558,0.0
1106,1713001106,10,9156.818536,9105.755887,-51.06264900000133
1107,1713001107,12,12742.260967,12727.193755,-15.067211999999927
1108,1713001108,16,4566.390815,3542.687004,-1023.7038109999999
1109,1713001109,13,11234.386373,11234.386373,0.0
1110,1713001110,13,8869.553304,8869.553304,0.0
1111,1713001111,15,9369.714593,9369.714593,0.0
1112,1713001112,15,9447.528928,9520.910913,73.38198499999999
1113,1713001113,12,11558.203031,11343.571664,-214.63136699999995
1114,1713001114,10,1520.24696,1600.09652,79.84956000000011
1115,1713001115,15,10428.094781,10411.397878,-16.69690300000002
1116,1713001116,11,10248.897178,10134.863198,-114.03398000000016
1117,1713001117,13,9645.794604,9685.256623,39.46201899999869
1118,1713001118,16,4834.303976,5347.954274,513.6502979999996
1119,1713001119,13,14241.28913,14721.676219,480.38708900000165
1120,1713001120,10,9573.138934,7065.897101,-2507.241833000001
1121,1713001121,13,9349.403402,9447.779043,98.37564100000054
1122,1713001122,10,10153.601152,10947.157432,793.5562800000007
1123,1713001123,14,7847.421941,7847.421941,0.0
1124,1713001124,12,6161.577337,5483.41157,-678.1657669999995
1125,1713001125,11,11575.844777,11575.844777,0.0
1126,1713001126,16,2062.49805,2062.49805,0.0
1127,1713001127,10,9478.873868,8627.616286,-851.2575820000002
1128,1713001128,15,9240.324518,9470.904964,230.58044599999994
1129,1713001129,10,8313.993407,8087.077101,-226.91630600000008
1130,1713001130,11,2549.534344,2665.292342,115.75799800000004
1131,1713001131,15,12487.370309,12487.370309,0.0
1132,1713001132,13,7923.24649,7885.235208,-38.01128200000039
1133,1713001133,13,9315.430856,9315.430856,0.0
1134,1713001134,14,2436.129494,2391.670198,-44.459295999999995
1135,1713001135,12,8988.041811,8887.883532,-100.15827899999931
1136,1713001136,10,8711.776687,9472.42859,760.651903
1137,1713001137,15,11783.319437,11783.319437,0.0
1138,1713001138,16,3141.478576,3141.478576,0.0
1139,1713001139,11,9513.88785,9513.88785,0.0
1140,1713001140,15,10765.790267,10336.407566,-429.38270100000045
1141,1713001141,15,10027.151943,9986.139398,-41.01254500000141
1142,1713001142,12,9616.950861,9773.14582,156.19495900000038
1143,1713001143,16,13409.050136,13409.050136,0.0
1144,1713001144,13,6399.574736,6399.574736,0.0
1145,1713001145,15,10795.104218,10289.143684,-505.9605339999998
1146,1713001146,16,11349.61141,7763.286965,-3586.3244449999993
1147,1713001147,15,10944.076805,11087.809562,143.73275699999976
1148,1713001148,12,4134.524197,6037.551172,1903.0269750000007
1149,1713001149,15,7441.050165,7418.816195,-22.233969999999317
1150,1713001150,10,3229.151992,6621.678501,3392.5265090000003
1151,1713001151,13,11583.811942,11615.214778,31.402835999999297
1152,1713001152,13,11948.540919,12615.713027,667.1721080000007
1153,1713001153,10,8809.737793,8809.737793,0.0
1154,1713001154,13,6949.990269,6775.785389,-174.20488000000023
1155,1713001155,16,15523.605662,16007.589039,483.9833770000005
1156,1713001156,16,5264.301618,5919.181715,654.8800969999993
1157,1713001157,12,9351.93501,9351.93501,0.0
1158,1713001158,10,3162.89534,5534.048382,2371.153042
1159,1713001159,16,6452.799471,6452.799471,0.0
1160,1713001160,16,5088.153019,5088.153019,0.0
1161,1713001161,16,8962.057075,8884.369121,-77.6879540000009
1162,1713001162,13,7605.614304,7605.564091,-0.05021299999953044
1163,1713001163,10,8386.887352,8372.231639,-14.655713000000105
1164,1713001164,14,10839.534045,10845.674261,6.140215999999782
1165,1713001165,12,9381.123335,8381.934311,-999.1890239999993
1166,1713001166,12,10064.83018,11004.979241,940.1490609999983
1167,1713001167,16,12242.408762,12242.408762,0.0
1168,1713001168,11,9859.748571,10062.476529,202.7279579999995
1169,1713001169,11,9923.621963,9923.621963,0.0
1170,1713001170,16,5039.111715,3453.993472,-1585.118243
1171,1713001171,16,7078.859962,7078.859962,0.0
1172,1713001172,11,9663.764969,9531.648222,-132.11674700000003
1173,1713001173,10,6759.250988,6751.028858,-8.222130000000107
1174,1713001174,15,2125.749114,2198.837967,73.08885299999974
1175,1713001175,10,9012.232486,9012.232486,0.0
1176,1713001176,11,9820.736279,9604.948503,-215.78777600000103
1177,1713001177,16,5547.476116,5547.476116,0.0
1178,1713001178,15,8655.378458,3924.885347,-4730.493111
1179,1713001179,16,7741.781444,7741.781444,0.0
1180,1713001180,16,5070.704343,5452.627867,381.9235239999998
1181,1713001181,10,9016.714303,9016.714303,0.0
1182,1713001182,15,11619.568068,12190.759999,571.1919309999994
1183,1713001183,11,9025.416993,9025.416993,0.0
1184,1713001184,10,9565.667922,8261.513792,-1304.1541300000008
1185,1713001185,13,11645.060697,11645.060697,0.0
1186,1713001186,12,1348.43257,1265.26435,-83.16822000000002
1187,1713001187,10,10835.722205,10829.411805,-6.3104000000003
1188,1713001188,13,10120.714268,8326.247123,-1794.4671450000005
1189,1713001189,16,10265.226319,10275.90424,10.677921000000424
1190,1713001190,14,2998.431416,2998.431416,0.0
1191,1713001191,11,12057.455536,12057.455536,0.0
1192,1713001192,10,7609.69921,7548.53809,-61.161119999999755
1193,1713001193,15,10299.119189,10299.119189,0.0
1194,1713001194,12,9557.098051,9513.337158,-43.76089300000058
1195,1713001195,11,9046.307136,9046.307136,0.0
1196,1713001196,14,5418.108934,8986.036901,3567.9279669999996
1197,1713001197,12,10115.698602,10047.354442,-68.34416000000056
1198,1713001198,12,2238.696191,2238.696191,0.0
1199,1713001199,10,8739.925304,8739.925304,0.0
1200,1713001200,16,7359.266642,7293.964843,-65.30179899999985
1201,1713001201,13,8194.641289,8194.641289,0.0
1202,1713001202,12,3768.28351,3876.477393,108.19388299999991
1203,1713001203,13,9683.818789,9683.818789,0.0
1204,1713001204,10,9927.963618,9578.23079,-349.73282800000015
1205,1713001205,14,8211.960447,8165.964067,-45.99637999999959
1206,1713001206,16,2255.640052,2338.40354,82.7634879999996
1207,1713001207,13,9707.625905,9707.625905,0.0
1208,1713001208,14,9664.748897,9679.005403,14.256505999999717
1209,1713001209,15,11765.725006,11765.725006,0.0
1210,1713001210,12,1634.112641,1665.249977,31.137336000000005
1211,1713001211,16,6803.415916,6803.415916,0.0
1212,1713001212,12,10328.354554,10407.241485,78.88693100000091
1213,1713001213,16,6957.279977,6957.279977,0.0
1214,1713001214,14,2106.517829,2079.72957,-26.788258999999925
1215,1713001215,15,9830.87325,9830.87325,0.0
1216,1713001216,12,6994.241573,6994.241573,0.0
1217,1713001217,16,9868.206254,10732.768996,864.5627420000001
1218,1713001218,11,1930.622259,8179.692853,6249.070594
1219,1713001219,16,6636.556278,6680.439053,43.88277500000004
1220,1713001220,16,7517.230509,7517.230509,0.0
1221,1713001221,15,7338.772457,7338.772457,0.0
1222,1713001222,12,2117.25784,6548.097798,4430.839958
1223,1713001223,12,10919.709193,10901.208397,-18.500796000000264
1224,1713001224,11,11999.346183,11681.291321,-318.05486199999905
1225,1713001225,16,7153.278208,7153.278208,0.0
1226,1713001226,16,3278.329865,3268.451951,-9.877914000000146
1227,1713001227,11,12402.694123,12402.694123,0.0
1228,1713001228,14,7636.690392,7902.026161,265.33576899999935
1229,1713001229,13,7276.649044,7276.649044,0.0
1230,1713001230,11,8975.041425,9247.562745,272.52131999999983
1231,1713001231,16,10576.987223,10537.672238,-39.31498500000089
1232,1713001232,16,5351.038019,5570.488458,219.4504390000002
1233,1713001233,15,6503.26053,6503.26053,0.0
1234,1713001234,13,7550.479004,2806.643397,-4743.835607
1235,1713001235,15,10791.176613,10919.51798,128.3413670000009
1236,1713001236,14,9574.234139,9524.056305,-50.177834000000075
1237,1713001237,12,8969.173296,9054.536147,85.36285099999986
1238,1713001238,11,7883.787943,7820.511172,-63.276770999999826
1239,1713001239,11,10627.589419,10627.589419,0.0
1240,1713001240,15,9502.079823,8934.958539,-567.1212840000007
1241,1713001241,14,6782.240364,6782.240364,0.0
1242,1713001242,15,12795.408842,11095.395063,-1700.0137790000008
1243,1713001243,11,8360.530678,8275.647746,-84.88293199999862
1244,1713001244,14,9506.607362,9506.607362,0.0
1245,1713001245,13,13988.898645,13971.706779,-17.19186599999921
1246,1713001246,16,2035.239268,3709.322004,1674.082736
1247,1713001247,10,9246.138916,9246.138916,0.0
1248,1713001248,12,10416.764729,10731.0364,314.2716710000004
1249,1713001249,15,8632.178753,8632.178753,0.0
1250,1713001250,10,1860.438749,1823.531566,-36.907182999999804
1251,1713001251,15,14196.84875,14196.84875,0.0
1252,1713001252,13,9520.161297,9546.149061,25.987763999999515
1253,1713001253,13,11746.060198,11845.769648,99.70945000000029
1254,1713001254,16,2433.659869,2421.296403,-12.363466000000244
1255,1713001255,15,9328.46809,9297.720396,-30.747693999999683
1256,1713001256,12,9713.624336,9713.624336,0.0
1257,1713001257,11,6825.895243,6825.895243,0.0
1258,1713001258,16,2917.674579,2917.674579,0.0
1259,1713001259,15,6634.113376,6634.113376,0.0
1260,1713001260,15,12342.67379,12314.259362,-28.414428000000044
1261,1713001261,16,8453.984953,8424.505611,-29.479341999998724
1262,1713001262,10,3151.727087,3148.437268,-3.2898190000000795
1263,1713001263,15,12304.992086,12301.129142,-3.862944000000425
1264,1713001264,10,8694.936476,8687.610417,-7.326059000000896
1265,1713001265,15,6688.174596,6688.174596,0.0
1266,1713001266,12,10269.3059,10566.799547,297.49364700000115
1267,1713001267,15,9500.879295,9410.2668,-90.61249500000122
1268,1713001268,13,10037.243056,10671.580316,634.3372600000002
1269,1713001269,13,11636.671352,11636.671352,0.0
1270,1713001270,12,8879.181568,8857.532226,-21.649342000000615
1271,1713001271,14,10446.395925,10412.327935,-34.06799000000137
1272,1713001272,16,11286.35591,12524.944833,1238.5889229999993
1273,1713001273,14,9537.68696,8618.373256,-919.3137040000001
1274,1713001274,10,2675.64136,2678.294045,2.6526850000000195
1275,1713001275,16,18603.64177,18661.907206,58.2654360000015
1276,1713001276,11,7167.613055,6344.152713,-823.4603419999994
1277,1713001277,15,8443.623776,8443.623776,0.0
1278,1713001278,10,9220.561305,9357.476704,136.91539900000134
1279,1713001279,14,9186.950028,9186.950028,0.0
1280,1713001280,12,9427.479781,6987.579865,-2439.8999160000003
1281,1713001281,11,12340.703007,12167.392183,-173.31082400000014
1282,1713001282,14,2961.1556,4532.772534,1571.6169339999997
1283,1713001283,11,9853.237035,9898.413077,45.17604199999914
1284,1713001284,11,11002.443428,12188.22281,1185.7793819999988
1285,1713001285,15,7572.629298,7572.629298,0.0
1286,1713001286,11,1194.330677,1918.837743,724.5070660000001
1287,1713001287,16,11936.017839,14814.271974,2878.254134999999
1288,1713001288,15,7100.648054,10456.667062,3356.019008
1289,1713001289,15,9956.090005,9956.090005,0.0
1290,1713001290,10,10508.211261,10036.180001,-472.03125999999975
1291,1713001291,11,6848.526515,6848.526515,0.0
1292,1713001292,14,7846.55471,7826.453087,-20.101623000000473
1293,1713001293,16,5817.954967,5817.954967,0.0
1294,1713001294,13,1618.961888,1435.466763,-183.49512500000014
1295,1713001295,14,8426.682871,8243.10562,-183.57725100000062
1296,1713001296,11,10313.498702,9813.285361,-500.2133410000006
1297,1713001297,15,7717.149736,7717.149736,0.0
1298,1713001298,12,3639.809831,9005.343315,5365.533484
1299,1713001299,14,14025.569357,14025.569357,0.0
1300,1713001300,16,5205.446467,6204.052569,998.6061020000006
1301,1713001301,12,9611.980938,9515.842132,-96.13880600000084
1302,1713001302,12,2468.10721,1943.179178,-524.928032
1303,1713001303,15,7617.917033,7617.917033,0.0
1304,1713001304,13,6294.678648,7210.677427,915.9987789999996
1305,1713001305,13,12763.712871,12763.712871,0.0
1306,1713001306,13,1224.706735,1224.706735,0.0
1307,1713001307,10,9877.449859,10104.98135,227.53149099999973
1308,1713001308,15,10675.570093,10856.974797,181.4047040000005
1309,1713001309,15,9333.430949,9759.6108,426.1798510000008
1310,1713001310,15,10485.99978,10170.451071,-315.5487090000006
1311,1713001311,16,10031.792251,10031.792251,0.0
1312,1713001312,16,6919.545175,7429.765019,510.2198440000002
1313,1713001313,10,6406.446953,6354.871116,-51.57583699999941
1314,1713001314,11,9254.859714,9254.859714,0.0
1315,1713001315,12,8169.671971,8169.671971,0.0
1316,1713001316,14,7390.9486,7390.9486,0.0
1317,1713001317,16,14078.155559,14078.155559,0.0
1318,1713001318,15,2544.446103,2544.446103,0.0
1319,1713001319,15,10127.01931,10455.868622,328.8493120000003
1320,1713001320,10,9860.740201,9521.896904,-338.84329700000126
1321,1713001321,15,9773.39499,9773.39499,0.0
1322,1713001322,13,9430.834715,9555.653403,124.81868799999938
1323,1713001323,10,13436.094093,13436.094093,0.0
1324,1713001324,16,4842.950929,4789.380834,-53.57009500000004
1325,1713001325,15,9088.749409,9088.749409,0.0
1326,1713001326,13,10155.224851,9465.880486,-689.3443650000008
1327,1713001327,10,8413.05896,8413.05896,0.0
1328,1713001328,12,9199.819068,8548.569991,-651.2490770000004
1329,1713001329,15,13224.273657,13224.273657,0.0
1330,1713001330,12,6712.822592,2588.626635,-4124.195957
1331,1713001331,12,8872.745642,8934.498548,61.75290599999971
1332,1713001332,16,8007.337698,9203.740832,1196.4031339999992
1333,1713001333,10,9725.053369,9725.053369,0.0
1334,1713001334,16,4474.632446,4474.632446,0.0
1335,1713001335,11,11408.158162,11433.523485,25.36532299999999
1336,1713001336,10,8484.073305,8481.329001,-2.744303999999829
1337,1713001337,16,4927.858147,4927.858147,0.0
1338,1713001338,14,10450.640979,10419.282907,-31.358071999999083
1339,1713001339,11,8237.96953,8230.637268,-7.332261999999901
1340,1713001340,12,5846.208616,5866.49651,20.28789400000005
1341,1713001341,11,9975.114226,9975.114226,0.0
1342,1713001342,16,2590.571895,2831.055771,240.48387599999978
1343,1713001343,14,10396.599744,10396.599744,0.0
1344,1713001344,16,8124.726916,8173.567384,48.84046800000033
1345,1713001345,15,9340.835827,8872.47359,-468.3622370000012
1346,1713001346,15,4670.996702,5115.958618,444.9619159999993
1347,1713001347,13,12994.21003,12994.21003,0.0
1348,1713001348,12,9309.463355,7235.555975,-2073.9073799999996
1349,1713001349,12,9864.516212,10020.853871,156.3376589999989
1350,1713001350,12,9901.87096,10388.861534,486.99057399999947
1351,1713001351,15,8620.435663,8653.464502,33.02883900000052
1352,1713001352,16,4025.393569,4025.393569,0.0
1353,1713001353,10,11550.940356,11550.940356,0.0
1354,1713001354,12,4473.871706,4471.464794,-2.4069119999994655
1355,1713001355,10,8366.601835,8304.167006,-62.43482899999981
1356,1713001356,10,3889.519513,8247.671534,4358.152020999999
1357,1713001357,15,8888.658742,8888.658742,0.0
1358,1713001358,16,2434.373532,2196.386487,-237.98704499999985
1359,1713001359,12,12093.273939,12093.273939,0.0
1360,1713001360,16,5652.25015,5851.866983,199.61683300000004
1361,1713001361,10,9783.349931,9729.47,-53.87993100000131
1362,1713001362,10,7652.844666,7632.425828,-20.418837999999596
1363,1713001363,16,7796.586063,7796.586063,0.0
1364,1713001364,12,9815.834516,9851.980341,36.145824999999604
1365,1713001365,14,10607.441564,10607.441564,0.0
1366,1713001366,10,3821.617458,3821.617458,0.0
1367,1713001367,10,10756.09024,10756.09024,0.0
1368,1713001368,11,8543.809054,10722.635532,2178.826478000001
1369,1713001369,11,7154.637781,7154.637781,0.0
1370,1713001370,10,2361.304857,2293.755848,-67.5490090000003
1371,1713001371,15,14829.094579,14445.339337,-383.7552420000011
1372,1713001372,16,6029.682628,6029.682628,0.0
1373,1713001373,14,8584.989499,8584.989499,0.0
1374,1713001374,12,4277.18479,4296.097157,18.912366999999904
1375,1713001375,13,9453.230207,9453.230207,0.0
1376,1713001376,14,5645.534357,6412.354598,766.8202409999994
1377,1713001377,16,13628.451933,13628.451933,0.0
1378,1713001378,13,1534.16718,1510.164998,-24.002181999999948
1379,1713001379,10,8184.660675,8285.346615,100.6859400000003
1380,1713001380,16,10509.212224,11619.995058,1110.7828339999996
1381,1713001381,14,10098.179855,9825.863375,-272.3164799999995
1382,1713001382,16,2152.878254,2213.223161,60.344906999999694
1383,1713001383,16,9555.508335,9555.508335,0.0
1384,1713001384,15,8426.878254,9423.865381,996.9871270000003
1385,1713001385,16,5841.310619,5776.10968,-65.20093900000029
1386,1713001386,15,10454.834559,10673.785806,218.95124699999906
1387,1713001387,15,9795.02096,9795.02096,0.0
1388,1713001388,11,6714.524392,6876.526277,162.00188499999967
1389,1713001389,16,5113.520143,5113.520143,0.0
1390,1713001390,16,2118.672496,2118.672496,0.0
1391,1713001391,10,9240.541547,9240.541547,0.0
1392,1713001392,11,10314.28591,10071.410989,-242.87492100000054
1393,1713001393,11,9623.181471,9606.807867,-16.37360400000034
1394,1713001394,10,1449.808663,1449.808663,0.0
1395,1713001395,14,12264.099146,12075.515165,-188.58398099999977
1396,1713001396,15,9282.402244,9282.402244,0.0
1397,1713001397,14,8192.643982,8192.643982,0.0
1398,1713001398,11,9147.799561,9325.959392,178.15983100000085
1399,1713001399,12,9800.504566,9800.504566,0.0
1400,1713001400,16,6759.978647,7473.499194,713.5205470000001
1401,1713001401,13,10706.764805,10706.764805,0.0
1402,1713001402,13,3317.439377,3165.68688,-151.75249699999995
1403,1713001403,14,9344.018059,9389.391702,45.37364300000081
1404,1713001404,14,8360.326365,9518.936807,1158.6104419999992
1405,1713001405,15,5166.999851,5175.29716,8.297309000000496
1406,1713001406,12,3307.438325,3562.642271,255.2039460000001
1407,1713001407,12,10189.315945,9691.486261,-497.82968400000027
1408,1713001408,12,6147.845614,6134.86128,-12.984333999999762
1409,1713001409,15,8563.826319,8563.826319,0.0
1410,1713001410,10,10923.09505,11396.411852,473.31680199999937
1411,1713001411,16,10163.847996,10163.847996,0.0
1412,1713001412,14,9451.011631,6882.842924,-2568.168707
1413,1713001413,16,11759.670319,11759.670319,0.0
1414,1713001414,14,2589.021382,2805.044932,216.0235499999999
1415,1713001415,15,8497.783601,8497.783601,0.0
1416,1713001416,16,14506.278786,14644.886532,138.60774599999968
1417,1713001417,12,10407.475689,10407.475689,0.0
1418,1713001418,13,10322.348529,10331.287874,8.939344999998866
1419,1713001419,11,11181.789578,11181.789578,0.0
1420,1713001420,11,9233.970031,4027.4253,-5206.544731000001
1421,1713001421,16,10283.551727,10283.551727,0.0
1422,1713001422,12,1930.123826,1968.618235,38.494408999999905
1423,1713001423,12,10138.150993,9820.861767,-317.28922599999896
1424,1713001424,11,10698.613197,10855.87811,157.26491299999907
1425,1713001425,12,11690.241666,11818.649171,128.40750499999922
1426,1713001426,12,8084.835039,2455.175895,-5629.659143999999
1427,1713001427,13,10022.626515,10022.626515,0.0
1428,1713001428,12,12193.125519,12197.39706,4.27154100000007
1429,1713001429,15,10179.14233,10146.935584,-32.20674599999984
1430,1713001430,12,4538.269783,9039.09697,4500.827187000001
1431,1713001431,16,9800.064125,9800.064125,0.0
1432,1713001432,16,7120.689238,7280.053069,159.36383099999966
1433,1713001433,10,10488.961408,10488.961408,0.0
1434,1713001434,12,10205.509087,10045.102451,-160.4066359999997
1435,1713001435,10,10246.002264,10246.002264,0.0
1436,1713001436,12,6244.787734,10239.465382,3994.6776480000008
1437,1713001437,15,9062.712227,9891.631938,828.9197110000005
1438,1713001438,10,4278.469467,4278.469467,0.0
1439,1713001439,12,10376.226254,10376.226254,0.0
1440,1713001440,16,9251.723958,11930.125195,2678.401237
1441,1713001441,14,10176.044272,9358.303366,-817.7409059999991
1442,1713001442,11,6573.902315,9098.639416,2524.7371009999997
1443,1713001443,11,14750.090913,14707.825107,-42.26580599999943
1444,1713001444,12,6620.439613,7111.853956,491.4143430000004
1445,1713001445,16,6042.087544,6042.087544,0.0
1446,1713001446,11,9691.627403,8514.05134,-1177.5760630000004
1447,1713001447,10,9754.858947,9919.657003,164.79805599999963
1448,1713001448,11,12067.258898,11128.123126,-939.1357719999996
1449,1713001449,13,9230.034503,9230.034503,0.0
1450,1713001450,13,1486.595454,1449.449802,-37.14565199999993
1451,1713001451,12,11424.298137,11424.298137,0.0
1452,1713001452,12,11700.118988,11839.267955,139.14896699999917
1453,1713001453,13,9113.305816,9113.305816,0.0
1454,1713001454,11,8869.594965,8842.246979,-27.347986000000674
1455,1713001455,11,14450.962852,14450.962852,0.0
1456,1713001456,10,6404.290219,6404.290219,0.0
1457,1713001457,10,10112.932688,7557.770172,-2555.1625160000012
1458,1713001458,16,9310.993105,9290.259373,-20.73373199999878
1459,1713001459,12,9290.251031,7988.085792,-1302.165239
1460,1713001460,15,7093.643484,9718.342142,2624.6986579999993
1461,1713001461,11,11603.500616,11603.500616,0.0
1462,1713001462,13,6475.775313,6298.459743,-177.31556999999975
1463,1713001463,11,8151.614503,8151.614503,0.0
1464,1713001464,13,13701.230318,13868.942675,167.71235700000034
1465,1713001465,13,6583.112839,6489.171517,-93.94132200000058
1466,1713001466,10,2745.633606,6479.674508,3734.040902
1467,1713001467,15,12041.520484,12001.266195,-40.254289000000426
1468,1713001468,13,10083.683181,7763.571968,-2320.111213
1469,1713001469,12,5419.521568,5419.521568,0.0
1470,1713001470,11,10023.883381,10292.574339,268.69095800000105
1471,1713001471,16,9259.430937,9259.430937,0.0
1472,1713001472,15,10715.097641,11760.868149,1045.7705079999996
1473,1713001473,14,9185.083476,9185.083476,0.0
1474,1713001474,16,1428.902115,1428.902115,0.0
1475,1713001475,10,7827.401606,7827.401606,0.0
1476,1713001476,14,10766.647682,10663.602649,-103.04503300000033
1477,1713001477,11,10403.466382,10403.466382,0.0
1478,1713001478,15,3203.58771,3493.57027,289.9825600000004
1479,1713001479,11,9672.890411,9672.890411,0.0
1480,1713001480,12,9665.673504,9780.318612,114.6451079999988
1481,1713001481,12,10281.920249,10244.66857,-37.25167900000088
1482,1713001482,10,10886.955722,10538.880796,-348.07492600000114
1483,1713001483,16,8225.235819,8225.235819,0.0
1484,1713001484,13,9956.859466,10116.581945,159.72247900000002
1485,1713001485,12,11294.921064,11294.921064,0.0
1486,1713001486,16,2724.478558,2832.043891,107.56533300000001
1487,1713001487,11,13801.747453,13801.747453,0.0
1488,1713001488,13,9784.264112,12125.751442,2341.48733
1489,1713001489,12,9364.694982,9364.694982,0.0
1490,1713001490,12,8998.662767,8985.020047,-13.642719999999827
1491,1713001491,11,12836.351997,12808.181926,-28.170071000000462
1492,1713001492,15,8982.640493,6808.637502,-2174.002991000001
1493,1713001493,14,9784.760694,9784.760694,0.0
1494,1713001494,14,9667.280941,9875.523598,208.24265699999887
1495,1713001495,12,9005.123906,9005.123906,0.0
1496,1713001496,12,6765.208373,6248.651656,-516.5567170000004
1497,1713001497,10,11562.582278,11562.582278,0.0
1498,1713001498,16,2019.687436,2019.687436,0.0
1499,1713001499,13,8855.156223,8816.858728,-38.29749500000071
1500,1713001500,13,9629.336155,10085.910481,456.5743259999999
1501,1713001501,12,8552.053162,8552.053162,0.0
1502,1713001502,16,1383.059448,1383.059448,0.0
1503,1713001503,11,8794.407434,8794.407434,0.0
1504,1713001504,11,8312.585363,8312.585363,0.0
1505,1713001505,12,6747.026139,6747.026139,0.0
1506,1713001506,13,12112.787569,12242.656573,129.86900400000013
1507,1713001507,11,10167.604924,10088.403027,-79.20189699999901
1508,1713001508,12,9581.659575,8362.969414,-1218.6901610000004
1509,1713001509,10,8876.001959,8876.001959,0.0
1510,1713001510,16,2427.750052,2405.465824,-22.284227999999985
1511,1713001511,12,9752.493045,9752.493045,0.0
1512,1713001512,14,9369.299692,9899.274197,529.9745050000001
1513,1713001513,14,9089.170187,9074.067896,-15.10229099999924
1514,1713001514,15,9399.966041,9451.986027,52.019986000001154
1515,1713001515,10,10800.250142,10751.849413,-48.400729000000865
1516,1713001516,14,8080.143239,5448.817453,-2631.3257860000003
1517,1713001517,12,9867.528263,9867.528263,0.0
1518,1713001518,11,11764.516504,9962.592728,-1801.9237759999996
1519,1713001519,11,9192.055211,9166.80414,-25.251071000000593
1520,1713001520,15,12450.035104,12222.06816,-227.96694399999978
1521,1713001521,10,12363.959316,12363.959316,0.0
1522,1713001522,13,4962.298064,2577.421005,-2384.8770589999995
1523,1713001523,14,9573.00635,9573.00635,0.0
1524,1713001524,12,10159.832263,10375.062479,215.23021599999993
1525,1713001525,12,7956.737577,7974.932752,18.195174999999836
1526,1713001526,14,9241.489463,8938.574105,-302.9153580000002
1527,1713001527,14,12536.815794,12695.413339,158.59754500000054
1528,1713001528,12,7973.471981,8173.031758,199.5597770000004
1529,1713001529,14,9724.582599,9724.582599,0.0
1530,1713001530,12,11736.553888,13136.168563,1399.614674999999
1531,1713001531,16,8018.755121,8018.755121,0.0
1532,1713001532,16,5977.233508,5977.233508,0.0
1533,1713001533,10,9960.862516,9951.829312,-9.033203999999387
1534,1713001534,12,8696.966474,8622.246503,-74.71997100000044
1535,1713001535,15,9772.229736,9772.229736,0.0
1536,1713001536,14,11631.944429,11631.944429,0.0
1537,1713001537,11,7725.795961,7725.795961,0.0
1538,1713001538,13,8614.662832,8847.327318,232.66448599999967
1539,1713001539,15,12279.543089,12309.707376,30.164286999999604
1540,1713001540,16,6484.073776,6484.073776,0.0
1541,1713001541,13,9448.794489,9495.052992,46.25850300000093
1542,1713001542,16,1635.30915,1622.394556,-12.91459400000008
1543,1713001543,12,8924.245754,8924.245754,0.0
1544,1713001544,16,6063.216369,6069.604866,6.388496999999916
1545,1713001545,16,9300.599601,9300.599601,0.0
1546,1713001546,10,2425.922655,1390.266291,-1035.656364
1547,1713001547,11,7645.800559,7645.800559,0.0
1548,1713001548,11,11004.169264,10985.329173,-18.84009100000003
1549,1713001549,15,8623.549798,8606.091389,-17.458409000000756
1550,1713001550,10,3652.503344,5634.180759,1981.6774149999997
1551,1713001551,13,14042.305758,14042.305758,0.0
1552,1713001552,10,7104.712148,7104.712148,0.0
1553,1713001553,11,8633.551065,8633.551065,0.0
1554,1713001554,15,11132.107318,12798.757761,1666.6504430000005
1555,1713001555,11,9154.10217,9154.10217,0.0
1556,1713001556,13,7360.537339,7283.857658,-76.67968100000053
1557,1713001557,12,10069.013989,10245.674718,176.66072900000108
1558,1713001558,16,4228.118725,3128.819392,-1099.2993330000004
1559,1713001559,11,7608.706702,7652.954159,44.247456999999486
1560,1713001560,13,10678.229058,10007.866405,-670.3626530000001
1561,1713001561,15,8457.654092,8457.654092,0.0
1562,1713001562,12,3108.2927,3147.274473,38.981772999999976
1563,1713001563,16,14791.828597,14746.112116,-45.716480999999476
1564,1713001564,15,8445.823184,8445.823184,0.0
1565,1713001565,13,8333.116077,8333.116077,0.0
1566,1713001566,10,11576.069878,11258.444282,-317.62559599999986
1567,1713001567,13,9532.141776,9532.141776,0.0
1568,1713001568,15,9029.179165,6012.848642,-3016.3305229999996
1569,1713001569,14,10640.554607,10640.554607,0.0
1570,1713001570,13,7742.19667,2945.714771,-4796.481899
1571,1713001571,15,10508.421747,10508.421747,0.0
1572,1713001572,11,12519.903408,12519.903408,0.0
1573,1713001573,14,8523.768935,8523.543852,-0.22508299999935844
1574,1713001574,13,2775.237595,2723.971529,-51.26606600000014
1575,1713001575,16,12343.406152,13701.393465,1357.9873129999996
1576,1713001576,16,4505.035697,5161.67267,656.6369729999997
1577,1713001577,15,5222.842845,5222.842845,0.0
1578,1713001578,12,9673.373343,9796.387489,123.01414600000135
1579,1713001579,16,8044.391576,8044.391576,0.0
1580,1713001580,12,6554.312081,8208.864836,1654.5527550000006
1581,1713001581,11,10343.645899,10343.645899,0.0
1582,1713001582,12,4472.046577,4519.323066,47.276488999999856
1583,1713001583,15,12120.532409,12096.984701,-23.547708000000057
1584,1713001584,11,10692.032599,10940.46507,248.43247100000008
1585,1713001585,13,9751.155271,9418.099188,-333.0560829999995
1586,1713001586,12,9863.267441,9865.745818,2.4783769999994547
1587,1713001587,12,18557.224332,18516.312248,-40.91208400000323
1588,1713001588,15,6593.502251,6207.647608,-385.85464299999967
1589,1713001589,16,10382.632986,10382.632986,0.0
1590,1713001590,12,10328.69929,10355.423548,26.72425800000019
1591,1713001591,15,9200.054171,9200.054171,0.0
1592,1713001592,10,11043.255077,11015.681458,-27.57361900000069
1593,1713001593,16,5920.197385,5920.197385,0.0
1594,1713001594,11,8399.251207,1536.321597,-6862.929609999999
1595,1713001595,11,8392.508242,8392.508242,0.0
1596,1713001596,16,7670.632169,7670.632169,0.0
1597,1713001597,14,5103.131841,5038.595139,-64.53670200000033
1598,1713001598,11,1652.844842,8267.602741,6614.757899
1599,1713001599,14,14280.45051,14172.737957,-107.71255300000121
1600,1713001600,15,7673.042869,8215.676359,542.6334899999993
1601,1713001601,11,6510.556274,6510.556274,0.0
1602,1713001602,13,10311.392533,10506.648798,195.25626499999998
1603,1713001603,14,9925.105014,9925.105014,0.0
1604,1713001604,13,7619.551883,7480.295964,-139.25591900000018
1605,1713001605,14,9703.967777,9439.80714,-264.16063699999904
1606,1713001606,16,2601.672709,2600.405613,-1.2670960000000377
1607,1713001607,15,10586.785089,10586.785089,0.0
1608,1713001608,12,8230.291008,8332.483764,102.19275600000037
1609,1713001609,11,7416.919399,7384.240792,-32.67860700000074
1610,1713001610,13,1619.770729,8032.922241,6413.151512
1611,1713001611,12,13363.075537,13521.799533,158.7239959999988
1612,1713001612,11,7405.630928,5412.643985,-1992.9869429999999
1613,1713001613,12,10670.133108,10668.719715,-1.413393000000724
1614,1713001614,13,1264.454992,1268.707037,4.252044999999953
1615,1713001615,13,9326.184665,9326.184665,0.0
1616,1713001616,16,3540.02458,3389.082984,-150.94159599999966
1617,1713001617,12,9417.143093,6897.660856,-2519.482237
1618,1713001618,12,7051.232912,8308.625777,1257.392864999999
1619,1713001619,12,11599.486426,11599.486426,0.0
1620,1713001620,12,9934.681149,7694.231457,-2240.449692
1621,1713001621,11,9866.147423,7738.380685,-2127.7667380000003
1622,1713001622,13,9779.774755,9758.34608,-21.42867500000102
1623,1713001623,15,10237.119315,10237.119315,0.0
1624,1713001624,15,9457.211435,8576.094999,-881.1164359999984
1625,1713001625,14,9184.229343,9184.229343,0.0
1626,1713001626,11,10531.98352,10693.810129,161.82660899999973
1627,1713001627,15,9417.433647,9417.433647,0.0
1628,1713001628,14,7725.436797,7675.997224,-49.439573000000564
1629,1713001629,15,11961.101013,11961.101013,0.0
1630,1713001630,12,3301.507403,5284.680521,1983.1731180000002
1631,1713001631,14,9845.465328,9813.004761,-32.46056700000008
1632,1713001632,16,12867.00206,12867.00206,0.0
1633,1713001633,11,8171.249288,8204.428507,33.17921900000056
1634,1713001634,13,6774.7414,6704.460649,-70.28075100000024
1635,1713001635,16,14326.669708,14326.669708,0.0
1636,1713001636,10,9793.923597,8856.296394,-937.627203
1637,1713001637,16,9248.364116,9248.364116,0.0
1638,1713001638,10,11714.165453,11714.165453,0.0
1639,1713001639,12,10413.473612,10413.473612,0.0
1640,1713001640,10,7074.302329,6571.652146,-502.65018299999974
1641,1713001641,16,9949.64877,9949.64877,0.0
1642,1713001642,12,3122.453846,3177.532198,55.078351999999995
1643,1713001643,15,8662.46252,8708.849923,46.38740300000063
1644,1713001644,16,6072.111512,5949.385288,-122.726224
1645,1713001645,11,8333.19244,8333.19244,0.0
1646,1713001646,12,7579.703653,6484.212992,-1095.4906609999998
1647,1713001647,15,12098.364622,12079.475983,-18.888638999998875
1648,1713001648,13,9215.244767,7878.222959,-1337.0218080000004
1649,1713001649,13,7725.327846,7725.327846,0.0
1650,1713001650,12,10149.010395,9729.792697,-419.21769799999856
1651,1713001651,13,9529.207266,9529.207266,0.0
1652,1713001652,16,5609.979087,7267.85954,1657.8804530000007
1653,1713001653,13,11271.943837,11271.943837,0.0
1654,1713001654,11,6383.387527,6383.387527,0.0
1655,1713001655,12,9044.445528,9044.445528,0.0
1656,1713001656,15,10502.434572,10633.908327,131.47375499999907
1657,1713001657,15,8316.556231,8316.556231,0.0
1658,1713001658,16,4036.232193,4306.976034,270.74384100000043
1659,1713001659,15,10749.901351,11010.19547,260.29411900000014
1660,1713001660,10,8879.419237,8879.419237,0.0
1661,1713001661,15,6632.738019,6632.738019,0.0
1662,1713001662,12,1617.186638,1621.509844,4.323206000000027
1663,1713001663,16,5433.724458,5433.724458,0.0
1664,1713001664,11,7844.956007,7844.956007,0.0
1665,1713001665,11,10930.931762,11473.740731,542.8089689999997
1666,1713001666,15,8083.727343,8222.085556,138.35821300000043
1667,1713001667,14,10114.138419,10114.138419,0.0
1668,1713001668,11,10358.160362,10692.712402,334.55203999999867
1669,1713001669,10,8069.028506,7993.919274,-75.10923199999979
1670,1713001670,11,2987.291242,2987.291242,0.0
1671,1713001671,15,14195.720673,14177.00245,-18.718222999999853
1672,1713001672,11,8947.902577,8864.94348,-82.95909700000084
1673,1713001673,13,10319.852029,10319.852029,0.0
1674,1713001674,16,2022.32069,2790.893751,768.573061
1675,1713001675,10,9096.0858,9065.819108,-30.266692000001058
1676,1713001676,10,9573.084571,9273.438291,-299.646279999999
1677,1713001677,15,14622.847127,14622.847127,0.0
1678,1713001678,11,4330.141331,4709.378542,379.23721100000057
1679,1713001679,16,10242.325264,10242.325264,0.0
1680,1713001680,16,15427.59877,11149.694192,-4277.904578
1681,1713001681,11,9503.505525,9503.505525,0.0
1682,1713001682,13,8693.09943,9247.548504,554.4490740000001
1683,1713001683,10,12384.990653,12378.500129,-6.4905240000007325
1684,1713001684,11,9506.727837,9737.870032,231.14219500000036
1685,1713001685,16,7734.031787,7734.031787,0.0
1686,1713001686,15,9305.435383,9594.8347,289.3993169999994
1687,1713001687,10,8803.860856,8795.170263,-8.690592999999353
1688,1713001688,12,9453.950262,9927.222046,473.2717840000005
1689,1713001689,16,6711.712976,6711.712976,0.0
1690,1713001690,11,2355.436783,2406.822831,51.386047999999846
1691,1713001691,15,13752.300183,13752.300183,0.0
1692,1713001692,11,13041.305075,12953.251239,-88.05383600000096
1693,1713001693,14,7921.369242,7921.369242,0.0
1694,1713001694,10,10148.112367,10101.788019,-46.3243480000001
1695,1713001695,15,11999.637591,12001.674755,2.037163999999393
1696,1713001696,15,9950.06077,9439.235435,-510.82533499999954
1697,1713001697,10,8102.087563,8102.087563,0.0
1698,1713001698,13,11167.25688,11937.216114,769.9592339999999
1699,1713001699,16,9721.011659,9721.011659,0.0
1700,1713001700,12,7170.825501,10243.673215,3072.8477140000005
1701,1713001701,11,12017.804188,12017.804188,0.0
1702,1713001702,12,2094.205059,2094.205059,0.0
1703,1713001703,12,8180.989706,8152.353502,-28.63620400000036
1704,1713001704,13,11507.479803,10786.755227,-720.7245760000005
1705,1713001705,12,6720.72219,6785.025167,64.30297699999937
1706,1713001706,12,7281.507084,1737.384953,-5544.122131
1707,1713001707,14,11365.601615,11303.278328,-62.323286999999254
1708,1713001708,13,9338.351168,9273.774032,-64.57713599999988
1709,1713001709,11,6571.818094,9740.51004,3168.691945999999
1710,1713001710,16,3011.301645,3011.301645,0.0
1711,1713001711,16,8538.871449,8535.477807,-3.3936420000009093
1712,1713001712,16,9511.545508,10051.763552,540.2180440000011
1713,1713001713,10,11150.411862,11150.411862,0.0
1714,1713001714,10,2010.691743,2014.99596,4.3042169999998805
1715,1713001715,10,9622.684019,9590.220547,-32.463471999999456
1716,1713001716,11,12924.899278,12841.62725,-83.27202800000123
1717,1713001717,10,9116.342645,9116.342645,0.0
1718,1713001718,12,4601.559825,9018.13418,4416.574354999999
1719,1713001719,13,16051.762012,17092.07045,1040.308438
1720,1713001720,13,8031.318174,9635.718829,1604.4006549999995
1721,1713001721,10,9456.345097,8884.936832,-571.408265
1722,1713001722,10,1898.424402,1907.656698,9.232295999999906
1723,1713001723,13,9090.833841,9090.833841,0.0
1724,1713001724,16,9860.543359,9644.361287,-216.1820719999996
1725,1713001725,12,9545.027689,9545.027689,0.0
1726,1713001726,14,1721.021378,1636.315678,-84.70569999999998
1727,1713001727,16,8936.841226,8943.613119,6.7718929999991815
1728,1713001728,14,13547.925154,13228.19564,-319.72951400000056
1729,1713001729,13,8853.692347,8853.692347,0.0
1730,1713001730,15,10658.226464,10599.495577,-58.73088699999971
1731,1713001731,15,14406.376441,14406.376441,0.0
1732,1713001732,10,8957.088235,8980.035567,22.947332000001552
1733,1713001733,14,5532.973526,5532.973526,0.0
1734,1713001734,12,1730.176471,1645.676002,-84.50046900000007
1735,1713001735,16,7586.581099,7586.581099,0.0
1736,1713001736,12,9657.349352,9942.12101,284.7716580000015
1737,1713001737,14,9907.517106,9907.517106,0.0
1738,1713001738,11,5307.935815,5311.180913,3.2450980000003256
1739,1713001739,12,11499.338951,11499.338951,0.0
1740,1713001740,14,9751.325355,9981.546568,230.2212129999989
1741,1713001741,10,5329.16622,5329.16622,0.0
1742,1713001742,12,1953.647819,1953.647819,0.0
1743,1713001743,11,11160.539585,11055.251372,-105.28821299999981
1744,1713001744,16,6512.276281,4599.735454,-1912.5408270000007
1745,1713001745,12,8686.289405,8686.289405,0.0
1746,1713001746,14,10331.206881,10408.968058,77.76117700000032
1747,1713001747,16,8696.633373,8696.633373,0.0
1748,1713001748,15,9159.533564,8355.130173,-804.4033909999998
1749,1713001749,12,9559.098294,9288.573068,-270.52522599999975
1750,1713001750,16,3758.018817,3804.647046,46.62822899999992
1751,1713001751,13,9613.166263,9613.166263,0.0
1752,1713001752,14,9762.730572,6647.415054,-3115.3155180000003
1753,1713001753,10,8523.447245,8523.447245,0.0
1754,1713001754,11,4604.722656,4647.540778,42.818121999999676
1755,1713001755,11,11485.440275,11353.182658,-132.25761700000112
1756,1713001756,10,8367.245056,8367.245056,0.0
1757,1713001757,14,7902.683605,7902.683605,0.0
1758,1713001758,14,9883.865652,10140.03618,256.17052799999874
1759,1713001759,13,9770.752597,9770.752597,0.0
1760,1713001760,12,8612.248925,10758.531622,2146.2826970000006
1761,1713001761,13,11701.755575,11701.755575,0.0
1762,1713001762,15,2610.357982,2744.214202,133.85622000000012
1763,1713001763,15,11874.207391,11947.954487,73.74709600000097
1764,1713001764,15,12102.850227,12375.793397,272.94316999999864
1765,1713001765,13,8820.137565,8820.137565,0.0
1766,1713001766,12,9301.779537,9493.278997,191.4994599999991
1767,1713001767,10,10514.795096,10514.795096,0.0
1768,1713001768,14,5408.965009,5388.768349,-20.19665999999961
1769,1713001769,15,10250.468581,10250.468581,0.0
1770,1713001770,10,8005.354215,8001.116264,-4.237951000000066
1771,1713001771,13,8150.79249,8150.79249,0.0
1772,1713001772,15,8867.253505,8867.253505,0.0
1773,1713001773,14,9408.558835,9408.558835,0.0
1774,1713001774,12,1944.725972,1796.303694,-148.422278
1775,1713001775,10,11587.033677,11587.033677,0.0
1776,1713001776,12,9877.107478,9984.243355,107.13587700000062
1777,1713001777,12,9457.549563,9516.536152,58.986589000000095
1778,1713001778,16,2471.182927,2577.164239,105.98131200000034
1779,1713001779,11,13201.301641,13201.301641,0.0
1780,1713001780,10,6764.055003,9627.387963,2863.332959999999
1781,1713001781,16,9000.261342,9000.261342,0.0
1782,1713001782,15,9575.651621,5373.232296,-4202.419325000001
1783,1713001783,14,7930.276767,7899.132622,-31.144145000000208
1784,1713001784,14,11321.413908,10656.188015,-665.2258930000007
1785,1713001785,12,12792.971623,12792.971623,0.0
1786,1713001786,11,2946.004554,2946.004554,0.0
1787,1713001787,16,8676.723471,8676.723471,0.0
1788,1713001788,11,10791.494171,10932.856909,141.3627379999998
1789,1713001789,15,8859.981439,8859.981439,0.0
1790,1713001790,12,3353.050587,8585.536854,5232.486267
1791,1713001791,11,10472.384181,10760.879133,288.4949520000009
1792,1713001792,14,8553.980515,6921.634776,-1632.3457389999994
1793,1713001793,14,7478.406911,7431.221052,-47.185859000000164
1794,1713001794,12,1821.900614,1878.417098,56.51648399999999
1795,1713001795,12,9836.846185,9836.846185,0.0
1796,1713001796,10,7713.100949,6835.96032,-877.1406289999995
1797,1713001797,12,12847.155935,12006.351056,-840.8048790000012
1798,1713001798,13,2135.853511,1889.527777,-246.32573399999978
1799,1713001799,14,10855.4375,10855.4375,0.0
1800,1713001800,11,11539.615957,11289.849116,-249.76684100000057
1801,1713001801,14,6176.860082,6176.860082,0.0
1802,1713001802,12,2447.008508,2652.273956,205.2654480000001
1803,1713001803,11,9920.274774,9886.97689,-33.29788399999961
1804,1713001804,13,7367.758868,8294.308329,926.5494609999996
1805,1713001805,14,9708.251328,9708.316149,0.06482099999993807
1806,1713001806,14,10723.340152,10366.599612,-356.7405400000007
1807,1713001807,12,9139.495095,9139.495095,0.0
1808,1713001808,10,9278.736464,9201.954944,-76.78152000000046
1809,1713001809,11,11946.196742,11880.753807,-65.44293500000094
1810,1713001810,12,2041.28064,2651.832651,610.5520110000002
1811,1713001811,16,9237.907655,9113.271155,-124.63650000000052
1812,1713001812,11,12009.476176,11599.500875,-409.9753010000004
1813,1713001813,10,10080.112083,10054.342107,-25.769975999999588
1814,1713001814,11,7504.545823,2846.388207,-4658.157616
1815,1713001815,11,11596.917544,11591.978461,-4.9390829999993
1816,1713001816,13,8104.294141,8104.294141,0.0
1817,1713001817,14,8008.626767,8810.693269,802.0665019999997
1818,1713001818,14,8806.925791,8794.702793,-12.22299799999928
1819,1713001819,11,9375.01628,9375.01628,0.0
1820,1713001820,16,6939.024101,6494.990653,-444.03344800000013
1821,1713001821,15,10913.65224,10841.747467,-71.9047730000002
1822,1713001822,15,4141.018148,3941.924917,-199.0932310000003
1823,1713001823,15,9753.729427,9753.729427,0.0
1824,1713001824,13,10986.522694,12005.160438,1018.6377440000015
1825,1713001825,11,8347.359308,8347.359308,0.0
1826,1713001826,13,8328.18045,5573.925445,-2754.255005
1827,1713001827,16,16381.292812,16337.720524,-43.57228799999939
1828,1713001828,14,10796.307566,9131.260202,-1665.047364
1829,1713001829,16,5923.955265,5923.955265,0.0
1830,1713001830,13,9753.48631,9538.503504,-214.98280599999998
1831,1713001831,10,8246.587879,8246.587879,0.0
1832,1713001832,14,7746.113322,8691.234258,945.1209360000003
1833,1713001833,12,9003.60262,8960.083411,-43.519209000000046
1834,1713001834,10,2265.224874,1521.434328,-743.790546
1835,1713001835,16,10240.922451,11276.697382,1035.774931
1836,1713001836,15,11435.025253,11348.93887,-86.08638299999984
1837,1713001837,12,9068.629842,9068.629842,0.0
1838,1713001838,13,1625.851509,1518.099659,-107.7518500000001
1839,1713001839,11,11492.698288,11492.698288,0.0
1840,1713001840,15,8192.303167,8148.552354,-43.75081299999965
1841,1713001841,14,8562.940282,8524.186611,-38.753671000000395
1842,1713001842,16,3712.418871,3785.43502,73.01614900000004
1843,1713001843,16,8473.549369,8473.549369,0.0
1844,1713001844,14,12162.17964,10679.864063,-1482.3155769999994
1845,1713001845,10,9633.422587,9633.422587,0.0
1846,1713001846,13,2183.853294,2357.664254,173.8109599999998
1847,1713001847,13,10589.323677,10724.667908,135.34423099999913
1848,1713001848,13,10652.391665,10345.296502,-307.09516299999996
1849,1713001849,11,9717.038528,9717.567361,0.5288330000003043
1850,1713001850,10,9824.961815,9896.57905,71.61723499999971
1851,1713001851,11,13209.653875,13209.653875,0.0
1852,1713001852,11,5895.718997,5895.718997,0.0
1853,1713001853,11,9552.690409,9546.586346,-6.104063000000679
1854,1713001854,13,2313.306426,9051.412195,6738.105769000001
1855,1713001855,11,8580.793526,8580.793526,0.0
1856,1713001856,10,8990.3592,9649.901806,659.5426059999991
1857,1713001857,16,11385.278763,11369.637453,-15.641310000000885
1858,1713001858,10,1854.478488,1854.478488,0.0
1859,1713001859,15,9793.887908,9793.887908,0.0
1860,1713001860,11,8052.197458,7096.20151,-955.9959479999998
1861,1713001861,13,8437.769726,8437.769726,0.0
1862,1713001862,10,9546.697164,9856.107829,309.41066500000125
1863,1713001863,13,13623.765928,12235.319473,-1388.4464550000012
1864,1713001864,15,9768.64152,9768.64152,0.0
1865,1713001865,11,10943.824369,10809.774337,-134.0500319999992
1866,1713001866,16,3365.110621,3365.110621,0.0
1867,1713001867,14,9980.839836,9980.839836,0.0
1868,1713001868,15,8202.901872,8785.035144,582.1332719999991
1869,1713001869,12,8778.11643,8778.11643,0.0
1870,1713001870,10,2839.679828,2891.366397,51.68656899999996
1871,1713001871,15,10634.253037,10634.253037,0.0
1872,1713001872,16,6987.212353,8128.630746,1141.418393
1873,1713001873,12,6561.58336,6664.816313,103.23295300000063
1874,1713001874,12,6466.612962,4910.902692,-1555.7102700000005
1875,1713001875,16,14828.842509,14828.842509,0.0
1876,1713001876,11,9797.028343,4099.238584,-5697.789759
1877,1713001877,14,8624.150306,8624.150306,0.0
1878,1713001878,14,4989.272893,9222.811708,4233.538814999999
1879,1713001879,14,8857.958741,8857.958741,0.0
1880,1713001880,10,9999.603805,7541.87356,-2457.7302450000007
1881,1713001881,14,13071.330981,13071.330981,0.0
1882,1713001882,10,4330.933739,9020.807923,4689.874184
1883,1713001883,14,5345.936385,5345.936385,0.0
1884,1713001884,16,7395.088782,9529.544618,2134.455836
1885,1713001885,11,8987.087321,8729.640189,-257.44713200000115
1886,1713001886,12,8334.9774,8313.235487,-21.74191299999984
1887,1713001887,13,10793.985205,10751.588139,-42.39706600000136
1888,1713001888,13,6975.046847,6933.496499,-41.55034799999976
1889,1713001889,13,6798.456648,6798.456648,0.0
1890,1713001890,10,10559.552837,11043.758854,484.20601700000043
1891,1713001891,15,9719.771211,9719.771211,0.0
1892,1713001892,13,8714.896715,8714.896715,0.0
1893,1713001893,12,10177.494349,10177.494349,0.0
1894,1713001894,11,8704.195244,8399.738571,-304.4566730000006
1895,1713001895,16,11107.300318,11081.039446,-26.260871999998926
1896,1713001896,13,11440.665035,11453.158055,12.493019999999888
1897,1713001897,15,7578.502,7578.502,0.0
1898,1713001898,12,9459.067313,9506.615771,47.54845800000112
1899,1713001899,16,16603.51017,19683.312591,3079.8024210000003
1900,1713001900,16,6263.437835,8066.548288,1803.1104530000002
1901,1713001901,16,6740.909168,6826.36327,85.4541019999997
1902,1713001902,16,5776.112491,5887.375155,111.26266399999986
1903,1713001903,11,9502.100962,9502.100962,0.0
1904,1713001904,13,4270.702225,7358.136754,3087.434529
1905,1713001905,13,10110.883714,10110.883714,0.0
1906,1713001906,16,2876.869842,3177.3248,300.4549579999998
1907,1713001907,10,10808.848511,10415.74989,-393.098621000001
1908,1713001908,11,9797.914911,7540.886273,-2257.028638
1909,1713001909,15,9695.882346,7831.877518,-1864.004828
1910,1713001910,11,1666.69103,1739.554457,72.863427
1911,1713001911,12,7895.583067,7895.583067,0.0
1912,1713001912,14,5704.850151,6677.465656,972.6155050000007
1913,1713001913,11,8411.837388,8332.898302,-78.93908600000032
1914,1713001914,11,11677.338742,11106.206018,-571.1327239999991
1915,1713001915,14,10412.339333,10412.339333,0.0
1916,1713001916,16,4808.156771,4369.391273,-438.76549799999975
1917,1713001917,13,7999.735026,7999.735026,0.0
1918,1713001918,11,3206.071183,4233.958595,1027.887412
1919,1713001919,13,9431.028487,9431.028487,0.0
1920,1713001920,15,10244.676613,9443.783605,-800.8930079999991
1921,1713001921,15,7113.430325,7113.430325,0.0
1922,1713001922,11,2034.546057,3837.418999,1802.872942
1923,1713001923,13,11807.677223,11559.996276,-247.68094700000074
1924,1713001924,12,9739.729326,9739.729326,0.0
1925,1713001925,11,9560.545247,9560.545247,0.0
1926,1713001926,14,5894.307721,5996.088784,101.78106299999945
1927,1713001927,14,10155.402535,10155.402535,0.0
1928,1713001928,10,8988.355152,9066.122767,77.76761500000066
1929,1713001929,16,10002.765292,9993.268398,-9.496893999999884
1930,1713001930,13,2089.755436,4619.117908,2529.3624720000003
1931,1713001931,12,8309.360538,8341.710081,32.34954299999845
1932,1713001932,13,12293.532573,12274.314448,-19.218125000001237
1933,1713001933,15,9814.845938,9814.845938,0.0
1934,1713001934,16,3252.520463,3344.707489,92.18702600000006
1935,1713001935,13,5688.782814,5620.965394,-67.81742000000031
1936,1713001936,16,5204.032722,4996.530057,-207.50266499999998
1937,1713001937,13,9346.576264,9346.576264,0.0
1938,1713001938,14,10807.950224,10835.829288,27.879064000000653
1939,1713001939,15,9788.391118,9788.391118,0.0
1940,1713001940,13,8883.774529,8129.302495,-754.4720340000003
1941,1713001941,15,10162.574979,10162.574979,0.0
1942,1713001942,11,1919.837615,1968.381722,48.54410700000017
1943,1713001943,12,13074.231419,13074.231419,0.0
1944,1713001944,15,7251.354245,9224.593937,1973.2396919999992
1945,1713001945,14,8049.720606,8049.720606,0.0
1946,1713001946,12,8778.408988,8849.011212,70.6022240000002
1947,1713001947,16,11822.871975,11822.871975,0.0
1948,1713001948,13,8522.281913,6916.190327,-1606.0915860000005
1949,1713001949,10,11457.545841,11457.545841,0.0
1950,1713001950,13,5037.768383,5037.768383,0.0
1951,1713001951,15,8452.804338,8452.804338,0.0
1952,1713001952,16,8778.943597,8185.321431,-593.6221659999992
1953,1713001953,15,10240.173329,10240.173329,0.0
1954,1713001954,14,2709.245977,3368.775916,659.529939
1955,1713001955,10,8901.109349,8901.109349,0.0
1956,1713001956,13,11656.926319,11656.926319,0.0
1957,1713001957,10,8824.774854,8824.774854,0.0
1958,1713001958,10,9790.74927,9601.194989,-189.55428100000063
1959,1713001959,12,11219.752912,11462.592566,242.83965399999943
1960,1713001960,15,9638.912963,7375.06763,-2263.845333000001
1961,1713001961,12,7719.323077,7719.323077,0.0
1962,1713001962,12,11019.010466,10823.687447,-195.32301899999948
1963,1713001963,11,8148.838304,8148.838304,0.0
1964,1713001964,15,9616.469353,8653.147113,-963.3222399999995
1965,1713001965,10,10206.062492,10206.062492,0.0
1966,1713001966,13,1231.215007,1231.215007,0.0
1967,1713001967,11,9794.464793,9794.464793,0.0
1968,1713001968,11,11657.684024,10318.357579,-1339.3264450000006
1969,1713001969,16,8499.968775,8499.968775,0.0
1970,1713001970,16,2594.469371,2728.38678,133.91740899999968
1971,1713001971,15,12298.607922,11942.22841,-356.3795119999995
1972,1713001972,15,8589.002845,8553.227279,-35.77556600000025
1973,1713001973,12,8747.623565,8747.623565,0.0
1974,1713001974,14,5485.040347,8096.236151,2611.195804
1975,1713001975,12,9767.306863,9743.769992,-23.536871000000247
1976,1713001976,13,8899.428574,9016.819493,117.3909190000013
1977,1713001977,14,9222.259811,9251.202793,28.942982000000484
1978,1713001978,13,1796.904353,1796.904353,0.0
1979,1713001979,11,10182.734386,10182.734386,0.0
1980,1713001980,14,11779.612034,10968.494082,-811.1179520000005
1981,1713001981,12,9804.791175,10205.788671,400.99749599999996
1982,1713001982,12,5795.369157,5789.266962,-6.102195000000393
1983,1713001983,13,13821.324524,13821.324524,0.0
1984,1713001984,12,8231.927085,6040.846978,-2191.0801069999998
1985,1713001985,11,10072.043071,10033.73903,-38.304040999999415
1986,1713001986,15,8918.853255,8879.136569,-39.716685999999754
1987,1713001987,13,8886.166448,8886.166448,0.0
1988,1713001988,10,10390.68199,10363.894462,-26.78752799999893
1989,1713001989,15,6072.532203,6072.532203,0.0
1990,1713001990,14,5742.865493,2328.825685,-3414.0398080000004
1991,1713001991,15,9077.240497,9077.240497,0.0
1992,1713001992,10,9856.857272,10325.723135,468.8658630000009
1993,1713001993,10,9583.594942,9583.594942,0.0
1994,1713001994,15,2913.609446,6392.131001,3478.521555
1995,1713001995,16,12683.493961,12683.493961,0.0
1996,1713001996,10,9707.429546,9707.429546,0.0
1997,1713001997,13,7126.747346,8903.666321,1776.9189750000005
1998,1713001998,14,10708.933923,11564.68358,855.7496570000003
1999,1713001999,13,5543.977411,5543.977411,0.0
2000,1713002000,10,10509.522918,10290.911286,-218.6116320000001
2001,1713002001,12,12117.860837,12097.273225,-20.587611999999353
2002,1713002002,13,3453.025709,3402.849723,-50.175986000000194
2003,1713002003,16,12788.189507,11498.768356,-1289.4211509999986
2004,1713002004,13,9682.025402,9315.48243,-366.5429719999993
2005,1713002005,12,8189.26499,8189.26499,0.0
2006,1713002006,11,4624.842883,4850.438776,225.5958929999997
2007,1713002007,15,13565.723777,13565.723777,0.0
2008,1713002008,10,6753.818273,9289.321308,2535.5030350000006
2009,1713002009,10,6471.34794,6471.34794,0.0
2010,1713002010,15,2395.261114,2648.112952,252.85183800000004
2011,1713002011,15,9652.920707,9652.920707,0.0
2012,1713002012,15,7696.617599,9545.851957,1849.2343580000006
2013,1713002013,11,8900.929429,8900.929429,0.0
2014,1713002014,11,6571.325573,6571.325573,0.0
2015,1713002015,14,9626.460851,9626.460851,0.0
2016,1713002016,14,11604.596768,11502.734493,-101.8622749999995
2017,1713002017,14,9485.228193,9485.228193,0.0
2018,1713002018,11,3700.551245,3700.551245,0.0
2019,1713002019,15,18132.589073,18132.589073,0.0
2020,1713002020,14,6634.409627,6074.0668,-560.3428270000004
2021,1713002021,12,9867.3424,9867.3424,0.0
2022,1713002022,15,10132.214967,11768.49598,1636.2810129999998
2023,1713002023,15,9921.827469,9921.827469,0.0
2024,1713002024,13,10875.93737,10885.476066,9.538695999999618
2025,1713002025,13,10582.323603,10807.673886,225.35028299999976
2026,1713002026,13,1662.956286,1567.965661,-94.99062500000014
2027,1713002027,15,11689.174912,11689.174912,0.0
2028,1713002028,10,13189.526584,14731.754664,1542.2280800000008
2029,1713002029,10,10275.513589,9141.643176,-1133.8704130000006
2030,1713002030,12,9129.284108,9022.377268,-106.90683999999965
2031,1713002031,10,10630.113759,10630.113759,0.0
2032,1713002032,15,8094.149185,8094.149185,0.0
2033,1713002033,11,11150.859085,11150.859085,0.0
2034,1713002034,12,9977.442411,9945.662663,-31.779748000000836
2035,1713002035,10,9695.043974,9695.043974,0.0
2036,1713002036,12,6205.721197,8378.694521,2172.9733239999996
2037,1713002037,11,11636.649252,11768.281495,131.63224300000002
2038,1713002038,13,5387.074862,7031.527696,1644.4528339999997
2039,1713002039,11,9339.321491,9339.321491,0.0
2040,1713002040,11,5428.029596,5424.711242,-3.3183539999999994
2041,1713002041,15,6494.24416,6494.24416,0.0
2042,1713002042,10,9752.377576,9785.60063,33.22305400000005
2043,1713002043,11,13260.163305,13260.163305,0.0
2044,1713002044,14,6839.398254,6897.108467,57.710213000000294
2045,1713002045,15,9181.242806,9181.242806,0.0
2046,1713002046,16,3322.14027,3295.294907,-26.845362999999907
2047,1713002047,11,8872.384181,8841.37684,-31.007340999998632
2048,1713002048,12,9897.490056,10149.083014,251.59295799999927
2049,1713002049,12,10573.532066,10558.71307,-14.81899599999997
2050,1713002050,13,1775.81145,1736.476064,-39.33538599999997
2051,1713002051,11,10092.67248,10092.67248,0.0
2052,1713002052,10,12652.065333,14135.915883,1483.8505499999992
2053,1713002053,14,8229.158776,8229.158776,0.0
2054,1713002054,11,2068.608759,2270.857995,202.24923599999966
2055,1713002055,14,7191.340988,7191.340988,0.0
2056,1713002056,11,10323.583955,10214.652497,-108.93145800000093
2057,1713002057,11,7619.389353,7619.389353,0.0
2058,1713002058,12,11019.497409,10636.212913,-383.2844960000002
2059,1713002059,14,9623.468386,9623.468386,0.0
2060,1713002060,13,10183.576981,5643.782835,-4539.794146
2061,1713002061,11,10786.200012,10943.137808,156.93779600000016
2062,1713002062,11,3764.034689,3115.97626,-648.0584290000002
2063,1713002063,15,8397.904731,8293.507412,-104.3973189999997
2064,1713002064,15,8692.490966,8534.548588,-157.94237799999974
2065,1713002065,13,10160.139291,8852.948483,-1307.1908079999994
2066,1713002066,16,2652.516405,2652.516405,0.0
2067,1713002067,15,13099.729769,13099.729769,0.0
2068,1713002068,13,6207.03794,6638.284399,431.24645899999996
2069,1713002069,16,7887.688933,7887.688933,0.0
2070,1713002070,10,10313.349219,10480.534381,167.18516199999976
2071,1713002071,13,9547.125132,10054.68604,507.5609080000013
2072,1713002072,16,6980.707773,7131.438963,150.73118999999951
2073,1713002073,16,8770.391319,8591.819396,-178.57192299999952
2074,1713002074,13,1645.852774,1618.488365,-27.364409000000023
2075,1713002075,16,11177.598565,11177.598565,0.0
2076,1713002076,15,11820.716654,11820.716654,0.0
2077,1713002077,15,9456.85796,9456.85796,0.0
2078,1713002078,16,3630.307146,3647.155786,16.848639999999705
2079,1713002079,14,11742.551748,11742.551748,0.0
2080,1713002080,11,9659.568922,9659.568922,0.0
2081,1713002081,11,9837.389459,9837.389459,0.0
2082,1713002082,16,6318.138859,5142.843261,-1175.2955979999997
2083,1713002083,15,9784.193291,9784.193291,0.0
2084,1713002084,14,9197.953498,9575.949458,377.9959599999984
2085,1713002085,16,6335.68891,6335.68891,0.0
2086,1713002086,13,2093.717579,2975.323474,881.6058949999997
2087,1713002087,14,6864.144455,6864.144455,0.0
2088,1713002088,10,8390.524195,8725.074269,334.5500740000007
2089,1713002089,15,10411.71034,9975.401064,-436.30927599999995
2090,1713002090,16,2856.192255,2853.799466,-2.3927889999999934
2091,1713002091,14,11682.446665,11682.446665,0.0
2092,1713002092,10,7691.153056,8442.38743,751.2343740000006
2093,1713002093,12,8048.845897,8048.845897,0.0
2094,1713002094,10,9956.357539,10593.424007,637.0664679999991
2095,1713002095,10,9139.221581,9049.481977,-89.73960400000033
2096,1713002096,11,9587.782767,4729.139054,-4858.643713
2097,1713002097,11,10814.887345,10782.230233,-32.65711199999896
2098,1713002098,11,5579.33501,5579.33501,0.0
2099,1713002099,13,11472.58235,11472.58235,0.0
2100,1713002100,13,10368.249631,10808.252483,440.0028519999996
2101,1713002101,15,5797.355873,5797.355873,0.0
2102,1713002102,11,4415.010714,4553.485529,138.47481499999958
2103,1713002103,10,10805.908916,10805.908916,0.0
2104,1713002104,13,6639.328536,8564.44779,1925.1192540000002
2105,1713002105,16,8348.6202,8344.020546,-4.599653999999646
2106,1713002106,13,1366.707991,1586.144229,219.436238
2107,1713002107,13,9277.209012,9277.209012,0.0
2108,1713002108,15,6096.696299,5962.620279,-134.07602000000043
2109,1713002109,13,9891.42679,9981.817796,90.39100599999983
2110,1713002110,11,9205.317049,8883.119474,-322.19757500000014
2111,1713002111,11,7173.575062,7173.575062,0.0
2112,1713002112,13,10367.922963,10384.340831,16.417867999998634
2113,1713002113,11,9755.938116,9755.938116,0.0
2114,1713002114,14,6212.254891,2353.186613,-3859.0682779999997
2115,1713002115,10,9378.394989,9378.394989,0.0
2116,1713002116,15,9551.228445,10953.013834,1401.7853889999988
2117,1713002117,14,10585.693807,10501.715394,-83.97841299999891
2118,1713002118,15,10615.605243,12961.912129,2346.3068860000003
2119,1713002119,13,9680.542717,10030.08392,349.54120299999886
2120,1713002120,15,7610.041127,10057.681737,2447.6406100000004
2121,1713002121,11,9033.623879,9033.623879,0.0
2122,1713002122,11,1520.792057,1507.04253,-13.749527000000171
2123,1713002123,16,6824.588765,6824.588765,0.0
2124,1713002124,15,15167.267152,14780.535111,-386.7320410000011
2125,1713002125,12,10137.915604,10137.915604,0.0
2126,1713002126,12,1071.944074,1071.944074,0.0
2127,1713002127,15,6595.307174,6598.517517,3.2103430000006483
2128,1713002128,13,9581.518752,7595.231166,-1986.2875860000004
2129,1713002129,11,9790.915085,9790.915085,0.0
2130,1713002130,14,7493.317141,3640.215805,-3853.1013360000006
2131,1713002131,12,9510.249049,9442.789212,-67.45983700000033
2132,1713002132,12,11634.850378,11757.333335,122.48295700000017
2133,1713002133,13,9536.805487,9536.805487,0.0
2134,1713002134,10,1827.401709,1827.401709,0.0
2135,1713002135,16,10255.757191,10224.369599,-31.38759200000095
2136,1713002136,12,12070.777975,12070.777975,0.0
2137,1713002137,16,6652.283854,6652.283854,0.0
2138,1713002138,16,3416.404733,2543.339825,-873.0649079999998
2139,1713002139,11,9101.181662,9101.181662,0.0
2140,1713002140,12,6204.567663,7692.494542,1487.9268790000006
2141,1713002141,13,9267.340881,9189.4366,-77.90428099999917
2142,1713002142,12,2411.364154,2413.441376,2.077222000000347
2143,1713002143,14,8308.292702,8308.292702,0.0
2144,1713002144,10,10360.85453,10360.85453,0.0
2145,1713002145,14,10912.928177,10928.243146,15.314969000000929
2146,1713002146,10,1816.928915,1816.928915,0.0
2147,1713002147,13,9763.252115,9742.895763,-20.35635199999888
2148,1713002148,13,10916.833473,10836.99711,-79.83636300000035
2149,1713002149,16,6330.797482,6330.797482,0.0
2150,1713002150,12,8154.323253,1558.594662,-6595.728590999999
2151,1713002151,14,15536.123302,15536.123302,0.0
2152,1713002152,10,6379.244309,6385.500671,6.256362000000081
2153,1713002153,12,9551.166212,9663.312761,112.14654899999914
2154,1713002154,10,9381.245771,9955.025958,573.7801870000003
2155,1713002155,14,9077.474218,9077.474218,0.0
2156,1713002156,15,8322.568663,9502.258702,1179.6900389999992
2157,1713002157,12,10859.227791,10859.227791,0.0
2158,1713002158,15,3134.22513,3093.856573,-40.36855699999978
2159,1713002159,13,8949.248786,8949.248786,0.0
2160,1713002160,16,5907.442575,4469.771513,-1437.6710620000003
2161,1713002161,13,10109.304416,8852.444898,-1256.8595180000011
2162,1713002162,13,9056.267411,8990.018147,-66.24926400000004
2163,1713002163,14,11454.110156,11454.110156,0.0
2164,1713002164,15,9872.396126,8734.586375,-1137.8097509999989
2165,1713002165,12,8875.476113,8982.356678,106.88056499999948
2166,1713002166,12,10715.119617,10745.115844,29.996226999999635
2167,1713002167,15,8902.717842,8902.717842,0.0
2168,1713002168,15,7914.729243,9257.275626,1342.5463830000008
2169,1713002169,14,10911.882458,10911.882458,0.0
2170,1713002170,12,5221.649764,2422.583024,-2799.0667399999998
2171,1713002171,16,10929.990022,10929.990022,0.0
2172,1713002172,15,13161.103039,15103.568226,1942.4651869999998
2173,1713002173,12,10114.21349,10002.849502,-111.36398800000097
2174,1713002174,13,2940.975601,2885.717189,-55.258412000000135
2175,1713002175,16,8526.499819,8526.499819,0.0
2176,1713002176,11,7013.02792,7022.916375,9.88845499999934
2177,1713002177,12,9312.683817,9312.683817,0.0
2178,1713002178,13,9790.044205,9767.640942,-22.403263000000152
2179,1713002179,11,9666.453389,9666.453389,0.0
2180,1713002180,10,10492.471068,9981.217766,-511.253302000001
2181,1713002181,16,7785.312945,7785.312945,0.0
2182,1713002182,10,2470.052164,4244.303162,1774.250998
2183,1713002183,11,10019.863095,10019.863095,0.0
2184,1713002184,13,11099.315943,10913.910642,-185.40530099999887
2185,1713002185,11,8090.056587,8090.056587,0.0
2186,1713002186,14,5528.642548,5522.136444,-6.50610400000005
2187,1713002187,14,10594.677916,10656.332162,61.65424600000006
2188,1713002188,16,3739.543406,4211.227109,471.6837030000006
2189,1713002189,11,9815.970383,9815.970383,0.0
2190,1713002190,12,10626.429326,10398.061132,-228.36819399999877
2191,1713002191,13,9748.987239,9748.987239,0.0
2192,1713002192,15,6437.326181,9435.857972,2998.5317909999994
2193,1713002193,12,10634.453541,10311.081907,-323.371634000001
2194,1713002194,12,2401.032843,2347.618856,-53.413986999999906
2195,1713002195,13,11777.51165,11777.51165,0.0
2196,1713002196,11,10597.031089,10597.031089,0.0
2197,1713002197,12,8109.209737,8759.767058,650.5573209999993
2198,1713002198,16,1794.676855,1794.676855,0.0
2199,1713002199,16,4773.609903,4773.609903,0.0
2200,1713002200,15,6525.635625,4174.413198,-2351.2224269999997
2201,1713002201,14,10789.1489,10836.345174,47.1962739999999
2202,1713002202,10,12178.726692,12766.138202,587.4115099999999
2203,1713002203,16,6271.122507,6271.122507,0.0
2204,1713002204,11,8898.769781,6705.510254,-2193.259527000001
2205,1713002205,10,9774.409252,9774.409252,0.0
2206,1713002206,13,1695.737296,1626.131786,-69.6055100000001
2207,1713002207,14,9600.767999,8350.769826,-1249.998173
2208,1713002208,10,11339.442139,11202.506342,-136.9357970000001
2209,1713002209,15,6695.023679,6695.023679,0.0
2210,1713002210,14,8479.895697,3470.91416,-5008.981537
2211,1713002211,16,12860.017061,12983.577242,123.56018099999892
2212,1713002212,10,10018.42541,8702.594031,-1315.8313789999993
2213,1713002213,14,9793.186597,9530.556142,-262.63045500000044
2214,1713002214,14,12457.47026,13649.674574,1192.2043140000005
2215,1713002215,10,9951.454195,9951.454195,0.0
2216,1713002216,15,4343.802787,4146.872459,-196.93032799999946
2217,1713002217,11,11597.592673,11597.592673,0.0
2218,1713002218,16,1146.212073,1146.212073,0.0
2219,1713002219,14,9811.096659,8996.807779,-814.2888800000001
2220,1713002220,10,12547.538908,14065.916163,1518.3772549999994
2221,1713002221,16,8361.183416,8361.183416,0.0
2222,1713002222,12,11347.743167,11325.546839,-22.196327999999994
2223,1713002223,15,11951.404627,11951.404627,0.0
2224,1713002224,16,9170.502841,10868.215408,1697.7125670000005
2225,1713002225,15,9415.266926,9415.266926,0.0
2226,1713002226,13,7292.517421,7343.838083,51.320662000000084
2227,1713002227,11,9744.034244,8950.298795,-793.7354489999998
2228,1713002228,15,10654.123377,10660.154172,6.03079500000058
2229,1713002229,16,10655.017124,10655.017124,0.0
2230,1713002230,13,9069.850925,6501.51367,-2568.3372550000004
2231,1713002231,10,8884.036684,8884.036684,0.0
2232,1713002232,14,10859.066203,11956.260353,1097.1941499999994
2233,1713002233,15,8160.020721,8160.020721,0.0
2234,1713002234,10,10402.865957,10526.184749,123.31879200000003
2235,1713002235,12,11141.375365,11533.191391,391.8160260000004
2236,1713002236,13,8287.601839,8655.223484,367.62164499999926
2237,1713002237,13,9046.12958,9046.12958,0.0
2238,1713002238,15,11512.613107,11512.613107,0.0
2239,1713002239,12,8660.923407,8660.923407,0.0
2240,1713002240,16,3909.692788,3890.747057,-18.945730999999796
2241,1713002241,10,10741.367767,10625.15588,-116.21188699999948
2242,1713002242,15,4690.854317,4767.435134,76.58081700000002
2243,1713002243,14,11158.390493,11158.390493,0.0
2244,1713002244,13,11335.241834,10695.135103,-640.1067309999999
2245,1713002245,12,9233.950377,9111.972179,-121.97819799999888
2246,1713002246,11,2158.11424,2158.11424,0.0
2247,1713002247,10,12092.275524,12059.118437,-33.15708700000141
2248,1713002248,16,8212.120611,9201.584382,989.4637709999988
2249,1713002249,10,8057.48296,8057.48296,0.0
2250,1713002250,13,10500.542496,9863.121185,-637.4213110000001
2251,1713002251,14,9904.494407,9904.494407,0.0
2252,1713002252,10,10079.525235,7631.222498,-2448.302736999999
2253,1713002253,14,11219.704669,11219.704669,0.0
2254,1713002254,11,3476.68543,4427.248609,950.5631790000002
2255,1713002255,16,10940.971956,11199.223461,258.2515050000002
2256,1713002256,11,8979.419622,8910.713598,-68.70602399999916
2257,1713002257,14,9343.845377,9343.845377,0.0
2258,1713002258,16,2576.677233,2522.852372,-53.824861000000055
2259,1713002259,13,11305.535125,11305.535125,0.0
2260,1713002260,14,7937.576808,7937.576808,0.0
2261,1713002261,10,9264.58322,9272.900745,8.317525000000387
2262,1713002262,12,1648.760846,1485.361658,-163.39918799999987
2263,1713002263,11,8540.443708,8540.443708,0.0
2264,1713002264,12,9944.135381,10379.062483,434.92710199999965
2265,1713002265,11,5321.072469,5321.072469,0.0
2266,1713002266,11,6646.7793,8453.279369,1806.5000689999997
2267,1713002267,12,10416.753406,10416.753406,0.0
2268,1713002268,11,8396.032191,8304.500257,-91.53193400000055
2269,1713002269,16,6867.240832,6857.119364,-10.121468000000277
2270,1713002270,11,2218.311683,7774.765677,5556.453994
2271,1713002271,10,12686.279685,12629.06,-57.21968500000003
2272,1713002272,10,7505.83916,7505.83916,0.0
2273,1713002273,10,8547.331722,8683.946483,136.6147609999989
2274,1713002274,14,10407.786229,10733.855188,326.0689590000002
2275,1713002275,12,8518.347974,8518.347974,0.0
2276,1713002276,13,7544.671329,9350.101481,1805.430152
2277,1713002277,16,9023.705348,9023.705348,0.0
2278,1713002278,11,1964.75358,2029.384191,64.63061100000004
2279,1713002279,14,9774.690155,9711.956096,-62.73405900000034
2280,1713002280,12,4301.653764,6465.41969,2163.765926
2281,1713002281,12,8983.012197,9087.782115,104.76991799999996
2282,1713002282,13,10077.768713,10091.225569,13.456856000000698
2283,1713002283,16,16621.841282,16621.841282,0.0
2284,1713002284,14,6485.278176,5963.557524,-521.720652
2285,1713002285,13,7317.561511,7317.561511,0.0
2286,1713002286,12,10036.332363,9983.184011,-53.14835200000016
2287,1713002287,13,9325.791845,9325.791845,0.0
2288,1713002288,11,10148.073145,10148.073145,0.0
2289,1713002289,12,11876.565013,11876.565013,0.0
2290,1713002290,14,1451.338778,1451.338778,0.0
2291,1713002291,10,9741.027449,10771.194155,1030.166706
2292,1713002292,11,11132.017317,10948.586524,-183.43079299999954
2293,1713002293,12,7557.994735,7557.994735,0.0
2294,1713002294,15,2680.108967,2766.264375,86.15540800000008
2295,1713002295,13,14376.773385,14435.042836,58.26945100000012
2296,1713002296,14,9686.238351,9763.167952,76.92960099999982
2297,1713002297,10,9822.887682,9822.887682,0.0
2298,1713002298,13,8822.997804,8692.661741,-130.33606300000065
2299,1713002299,15,7886.936241,7849.316525,-37.61971600000015
2300,1713002300,11,10026.993861,7731.026823,-2295.9670380000007
2301,1713002301,16,8528.315102,8528.315102,0.0
2302,1713002302,14,1922.825453,2199.339089,276.51363600000013
2303,1713002303,11,6165.927701,6165.927701,0.0
2304,1713002304,11,12168.468294,12672.295211,503.8269170000003
2305,1713002305,15,9268.785919,9268.785919,0.0
2306,1713002306,16,3979.100417,4008.464578,29.364160999999967
2307,1713002307,15,11147.466826,11147.466826,0.0
2308,1713002308,11,9710.111677,9420.6991,-289.41257700000097
2309,1713002309,14,10432.428899,9270.303708,-1162.125191000001
2310,1713002310,14,1999.920059,1973.322882,-26.5971770000001
2311,1713002311,16,8464.635423,8464.635423,0.0
2312,1713002312,14,9739.97707,9997.181624,257.2045539999999
2313,1713002313,13,7495.82648,7495.82648,0.0
2314,1713002314,13,4236.790608,8107.420175,3870.629567
2315,1713002315,11,8943.694694,8937.746607,-5.948087000000669
2316,1713002316,16,10575.1945,11068.266954,493.072454000001
2317,1713002317,15,8182.252106,8214.164752,31.912646000000677
2318,1713002318,11,1094.434934,1116.525243,22.090308999999934
2319,1713002319,13,11026.068216,11026.068216,0.0
2320,1713002320,14,9832.354072,9579.887882,-252.4661899999992
2321,1713002321,14,8580.024983,8580.024983,0.0
2322,1713002322,14,11226.33395,11226.33395,0.0
2323,1713002323,11,8593.796859,8593.796859,0.0
2324,1713002324,15,8145.940067,9270.574453,1124.6343859999988
2325,1713002325,12,11822.022005,11793.805828,-28.216177000000243
2326,1713002326,11,4720.673031,4638.487709,-82.18532200000027
2327,1713002327,10,11847.742502,11829.604873,-18.137628999998924
2328,1713002328,11,11184.606661,10784.646554,-399.96010699999897
2329,1713002329,14,7806.42799,7806.42799,0.0
2330,1713002330,14,9180.708515,4859.75068,-4320.957835
2331,1713002331,10,13028.167156,13028.167156,0.0
2332,1713002332,10,9587.028872,9587.028872,0.0
2333,1713002333,13,10561.804764,10624.98676,63.181995999999344
2334,1713002334,14,9189.727492,9398.449581,208.72208900000078
2335,1713002335,12,8359.585921,8359.585921,0.0
2336,1713002336,13,8400.684152,6117.091136,-2283.593016
2337,1713002337,10,12205.632666,11991.144128,-214.4885379999996
2338,1713002338,11,8815.337446,8815.337446,0.0
2339,1713002339,15,9539.221113,9745.570821,206.34970799999974
2340,1713002340,11,11656.881364,10225.045186,-1431.8361780000014
2341,1713002341,14,8132.908815,8132.908815,0.0
2342,1713002342,13,1560.162711,6640.136338,5079.973627
2343,1713002343,14,11126.191329,11105.652891,-20.538437999999587
2344,1713002344,16,7078.076622,7941.163833,863.087211
2345,1713002345,10,9804.613312,9804.613312,0.0
2346,1713002346,12,9908.52253,10726.037006,817.5144760000003
2347,1713002347,13,9459.612425,9459.612425,0.0
2348,1713002348,15,8757.749708,8792.962791,35.21308300000055
2349,1713002349,15,9961.628513,9731.055429,-230.57308399999965
2350,1713002350,15,4317.843961,3370.542871,-947.3010899999995
2351,1713002351,12,7942.014994,7942.014994,0.0
2352,1713002352,15,11749.372302,11810.299813,60.92751099999987
2353,1713002353,14,9104.731911,8035.074444,-1069.657467000001
2354,1713002354,14,8777.446819,4042.450542,-4734.996277
2355,1713002355,13,11629.843154,11624.453719,-5.389435000000958
2356,1713002356,11,8222.002653,8249.032717,27.030064000000493
2357,1713002357,13,6731.459413,6731.459413,0.0
2358,1713002358,14,10275.391886,10275.391886,0.0
2359,1713002359,14,8543.029831,8543.029831,0.0
2360,1713002360,12,9403.630432,4578.07213,-4825.558302
2361,1713002361,12,10880.044313,10880.044313,0.0
2362,1713002362,15,2540.246811,2593.320498,53.073687000000064
2363,1713002363,10,9717.723454,9717.723454,0.0
2364,1713002364,10,14068.438112,13572.968564,-495.4695479999991
2365,1713002365,13,9389.083855,9417.683188,28.599333000000115
2366,1713002366,10,10146.801125,9737.019214,-409.78191100000004
2367,1713002367,12,13257.547046,13257.547046,0.0
2368,1713002368,10,7448.535913,7313.196914,-135.3389989999996
2369,1713002369,10,9210.661834,9210.661834,0.0
2370,1713002370,16,3526.998144,7169.210784,3642.2126399999997
2371,1713002371,11,8816.98234,8816.98234,0.0
2372,1713002372,11,12600.465173,12600.465173,0.0
2373,1713002373,14,11185.517408,11185.517408,0.0
2374,1713002374,12,1948.117631,1939.680835,-8.436796000000186
2375,1713002375,16,11453.752806,11453.752806,0.0
2376,1713002376,11,10531.939065,11372.531406,840.5923409999996
2377,1713002377,14,6943.787181,6943.787181,0.0
2378,1713002378,11,1327.047143,1315.11737,-11.929773000000068
2379,1713002379,11,15642.941541,15598.972988,-43.96855300000061
2380,1713002380,16,8334.573761,10362.933801,2028.3600399999996
2381,1713002381,12,9693.662941,9693.662941,0.0
2382,1713002382,15,8156.16758,8865.284029,709.1164490000001
2383,1713002383,14,8976.056645,8976.056645,0.0
2384,1713002384,13,9810.777237,9533.628355,-277.1488819999995
2385,1713002385,14,11939.95816,12030.811189,90.85302899999988
2386,1713002386,11,3438.297964,1846.097957,-1592.200007
2387,1713002387,14,8936.545388,8936.545388,0.0
2388,1713002388,15,10272.744216,9521.096406,-751.6478099999986
2389,1713002389,11,7313.775111,7362.690398,48.91528699999981
2390,1713002390,13,8231.71662,8223.937062,-7.77955799999836
2391,1713002391,15,10004.683514,10004.683514,0.0
2392,1713002392,14,9262.649764,9181.145149,-81.50461499999983
2393,1713002393,14,8091.915891,8160.689015,68.77312400000028
2394,1713002394,12,9340.457086,9382.448992,41.99190599999929
2395,1713002395,10,9370.036967,9370.036967,0.0
2396,1713002396,15,10052.475392,9885.555517,-166.9198749999996
2397,1713002397,12,11422.000112,11422.000112,0.0
2398,1713002398,14,4900.465104,4900.465104,0.0
2399,1713002399,13,10951.345925,10951.345925,0.0
2400,1713002400,12,11053.241853,10062.518351,-990.7235019999989
2401,1713002401,10,5717.84469,5717.84469,0.0
2402,1713002402,14,4111.014933,4089.838163,-21.176770000000488
2403,1713002403,16,9513.563018,9513.563018,0.0
2404,1713002404,11,9732.15825,5948.78751,-3783.3707400000003
2405,1713002405,13,10044.030931,10044.030931,0.0
2406,1713002406,12,9389.238418,10272.782058,883.5436399999999
2407,1713002407,11,9623.214142,9623.214142,0.0
2408,1713002408,16,6462.016942,6310.070886,-151.94605599999977
2409,1713002409,10,12894.866191,12841.167698,-53.69849299999987
2410,1713002410,14,2785.561727,6345.692233,3560.130506
2411,1713002411,10,6579.606654,6579.606654,0.0
2412,1713002412,12,12849.340822,12175.57642,-673.7644020000007
2413,1713002413,13,9998.182739,8367.478664,-1630.7040749999996
2414,1713002414,14,10119.508308,9973.6226,-145.8857079999998
2415,1713002415,16,16302.343593,16504.08379,201.740197000001
2416,1713002416,15,9571.28338,10210.079009,638.7956289999984
2417,1713002417,10,9221.236327,9055.733774,-165.50255300000026
2418,1713002418,10,10607.144681,10897.873111,290.728430000001
2419,1713002419,11,9423.392502,9423.785221,0.392718999999488
2420,1713002420,14,6674.615014,7544.508376,869.8933619999998
2421,1713002421,14,10229.883072,10229.883072,0.0
2422,1713002422,16,5330.089653,5926.46939,596.3797370000002
2423,1713002423,12,8035.590894,8035.590894,0.0
2424,1713002424,12,9903.619406,9013.320085,-890.2993210000004
2425,1713002425,13,7793.352023,7788.681465,-4.67055800000071
2426,1713002426,15,2221.599143,2217.587435,-4.011707999999999
2427,1713002427,15,11770.067169,11770.067169,0.0
2428,1713002428,13,6513.035637,10289.805417,3776.7697799999996
2429,1713002429,14,10301.199697,9091.520798,-1209.6788990000005
2430,1713002430,13,10119.859308,10120.492192,0.6328840000005584
2431,1713002431,10,9907.121991,9907.121991,0.0
2432,1713002432,10,9805.367443,8320.269058,-1485.0983849999993
2433,1713002433,13,10518.318779,10594.702181,76.3834020000013
2434,1713002434,16,2611.70057,2602.901637,-8.798933000000034
2435,1713002435,14,9886.036436,9454.210134,-431.8263019999995
2436,1713002436,10,10214.336572,10564.671763,350.3351910000001
2437,1713002437,11,6742.667391,6742.667391,0.0
2438,1713002438,12,1637.379835,4819.928111,3182.5482760000004
2439,1713002439,13,11411.78768,11836.059408,424.2717279999997
2440,1713002440,15,7577.707273,7472.115529,-105.59174400000029
2441,1713002441,10,9154.023703,9154.023703,0.0
2442,1713002442,13,11476.258639,12198.028431,721.769792000001
2443,1713002443,16,9372.372239,9337.643616,-34.72862300000088
2444,1713002444,12,9334.088545,9321.978971,-12.109574000000066
2445,1713002445,16,8129.021237,8129.021237,0.0
2446,1713002446,11,8541.551447,8541.551447,0.0
2447,1713002447,10,11575.928733,11575.928733,0.0
2448,1713002448,16,9858.470532,9580.441407,-278.0291249999991
2449,1713002449,12,7716.832087,7716.832087,0.0
2450,1713002450,11,5884.469758,5884.469758,0.0
2451,1713002451,11,12827.361941,12827.361941,0.0
2452,1713002452,11,9900.693209,6277.04402,-3623.649188999999
2453,1713002453,14,9364.475736,9310.526857,-53.94887899999958
2454,1713002454,13,1610.104528,1423.474853,-186.62967500000013
2455,1713002455,10,9690.190134,7643.540609,-2046.6495250000007
2456,1713002456,10,11036.849622,10175.488107,-861.3615150000005
2457,1713002457,15,11320.952501,11320.952501,0.0
2458,1713002458,16,1741.226663,1760.126003,18.899340000000166
2459,1713002459,15,8717.313563,8717.313563,0.0
2460,1713002460,15,9958.268873,10696.084408,737.8155349999997
2461,1713002461,16,7243.789538,7243.789538,0.0
2462,1713002462,12,10075.891742,10159.464396,83.5726539999996
2463,1713002463,10,12107.359141,12326.469239,219.1100979999992
2464,1713002464,13,9287.563003,7315.221076,-1972.3419269999995
2465,1713002465,14,10620.3557,10620.3557,0.0
2466,1713002466,16,1689.578079,1626.632612,-62.94546699999978
2467,1713002467,15,9067.264622,9120.486071,53.221448999998756
2468,1713002468,15,8521.837582,7019.156884,-1502.6806980000001
2469,1713002469,13,11472.676707,11472.676707,0.0
2470,1713002470,12,1636.065685,1573.486607,-62.57907799999998
2471,1713002471,10,9600.858528,9600.858528,0.0
2472,1713002472,12,12160.16366,11979.347323,-180.8163370000002
2473,1713002473,12,10737.842406,9578.434678,-1159.4077280000001
2474,1713002474,12,5806.599577,5784.316256,-22.283320999999887
2475,1713002475,10,10693.153136,11804.888263,1111.735127
2476,1713002476,10,6501.459621,6457.528134,-43.931486999999834
2477,1713002477,14,8936.718955,8936.718955,0.0
2478,1713002478,13,10330.034095,10216.062848,-113.97124700000131
2479,1713002479,14,10248.09504,9970.482286,-277.61275399999977
2480,1713002480,10,11352.692074,10993.046421,-359.6456530000014
2481,1713002481,12,9712.788358,9712.788358,0.0
2482,1713002482,16,2446.732916,2110.736125,-335.99679100000003
2483,1713002483,13,10127.727574,10098.313173,-29.414400999999998
2484,1713002484,11,14209.218702,14209.218702,0.0
2485,1713002485,11,8866.22588,8843.47694,-22.748939999999493
2486,1713002486,12,10078.680068,10885.210438,806.5303700000004
2487,1713002487,15,15744.434801,15744.434801,0.0
2488,1713002488,14,7617.874821,7527.292369,-90.58245200000056
2489,1713002489,10,7766.204274,7766.204274,0.0
2490,1713002490,14,9657.657865,9624.768118,-32.88974699999926
2491,1713002491,10,8254.825086,8254.825086,0.0
2492,1713002492,14,8334.119402,6949.28045,-1384.838952
2493,1713002493,15,7793.881278,7793.881278,0.0
2494,1713002494,14,5292.82449,2569.366914,-2723.457576
2495,1713002495,15,9197.425169,9197.425169,0.0
2496,1713002496,16,11126.147386,9189.692385,-1936.4550010000003
2497,1713002497,11,9485.667724,9485.667724,0.0
2498,1713002498,14,3216.288939,3492.548658,276.25971900000013
2499,1713002499,10,10942.389088,10942.389088,0.0
2500,1713002500,12,8819.332958,5301.634174,-3517.698784000001
2501,1713002501,11,8827.43255,8827.43255,0.0
2502,1713002502,13,1179.463065,1185.003334,5.54026900000008
2503,1713002503,16,8525.659325,8566.953539,41.294213999999556
2504,1713002504,15,9589.198962,7559.99282,-2029.206142
2505,1713002505,16,7680.854428,7680.854428,0.0
2506,1713002506,11,1342.152712,1342.152712,0.0
2507,1713002507,11,8647.673047,8636.922209,-10.75083799999993
2508,1713002508,14,13609.744407,14909.949046,1300.2046389999996
2509,1713002509,14,8399.333758,8399.333758,0.0
2510,1713002510,12,6653.634408,6648.059753,-5.574655000000348
2511,1713002511,14,8838.829369,8804.515741,-34.31362799999988
2512,1713002512,14,7904.288882,9315.538617,1411.2497350000003
2513,1713002513,16,6306.462907,6283.592255,-22.87065200000052
2514,1713002514,16,2857.353172,2783.985554,-73.36761800000022
2515,1713002515,11,9535.099531,9530.068294,-5.031236999999237
2516,1713002516,16,7356.304087,9224.103465,1867.7993779999997
2517,1713002517,12,7651.484269,7651.484269,0.0
2518,1713002518,13,2576.966732,2584.177176,7.21044400000028
2519,1713002519,12,10905.96933,10767.66582,-138.30350999999973
2520,1713002520,10,12811.621146,12811.621146,0.0
2521,1713002521,15,9060.257854,9060.257854,0.0
2522,1713002522,12,7814.500107,4098.85426,-3715.645847
2523,1713002523,11,10516.408558,10476.263227,-40.145330999999715
2524,1713002524,13,7145.942523,7145.942523,0.0
2525,1713002525,16,7072.13532,7072.13532,0.0
2526,1713002526,15,9874.223105,12675.426708,2801.2036030000017
2527,1713002527,13,9306.871931,9306.871931,0.0
2528,1713002528,12,9947.809466,9995.598075,47.78860899999927
2529,1713002529,14,10054.670303,10054.670303,0.0
2530,1713002530,11,1638.08133,1638.08133,0.0
2531,1713002531,15,11550.572951,11180.604622,-369.96832899999936
2532,1713002532,11,11319.130084,11319.130084,0.0
2533,1713002533,11,8537.379392,8537.379392,0.0
2534,1713002534,15,5482.433568,5385.462589,-96.97097900000063
2535,1713002535,11,14939.286477,14939.286477,0.0
2536,1713002536,12,9337.600367,9337.600367,0.0
2537,1713002537,13,5424.699745,5424.699745,0.0
2538,1713002538,16,2953.375667,2966.612131,13.236464000000069
2539,1713002539,10,9127.358163,9127.358163,0.0
2540,1713002540,12,9272.482101,9333.504286,61.02218499999981
2541,1713002541,14,13525.020318,13525.020318,0.0
2542,1713002542,13,6400.854274,2730.226353,-3670.6279210000002
2543,1713002543,16,7999.192299,7999.192299,0.0
2544,1713002544,14,11749.739128,11991.860651,242.12152300000162
2545,1713002545,10,9684.14335,9684.14335,0.0
2546,1713002546,12,4534.677414,4534.677414,0.0
2547,1713002547,12,13569.30501,13633.372271,64.06726100000014
2548,1713002548,16,6833.469977,9972.780586,3139.310609000001
2549,1713002549,15,9418.866401,9418.866401,0.0
2550,1713002550,16,4592.279034,4592.279034,0.0
2551,1713002551,16,6307.966703,6276.246493,-31.720210000000407
2552,1713002552,11,11757.767246,11757.767246,0.0
2553,1713002553,13,13534.93459,14290.111685,755.1770949999991
2554,1713002554,11,5861.92648,6045.648251,183.72177099999953
2555,1713002555,10,9699.699436,9699.699436,0.0
2556,1713002556,12,10493.525792,10344.775738,-148.7500540000001
2557,1713002557,15,10565.720573,10207.936154,-357.7844189999996
2558,1713002558,10,9885.258918,11206.50751,1321.248592
2559,1713002559,10,13630.575889,13630.575889,0.0
2560,1713002560,13,7546.821014,7546.821014,0.0
2561,1713002561,12,7661.865902,7661.865902,0.0
2562,1713002562,16,1495.705597,1495.705597,0.0
2563,1713002563,10,7791.072916,7791.072916,0.0
2564,1713002564,12,9427.377699,8791.468342,-635.9093570000005
2565,1713002565,15,10368.797111,10368.797111,0.0
2566,1713002566,15,2508.606425,2333.672208,-174.934217
2567,1713002567,13,10301.03004,10301.03004,0.0
2568,1713002568,12,10051.049831,10051.049831,0.0
2569,1713002569,13,6699.995962,6699.995962,0.0
2570,1713002570,16,3051.53668,3051.53668,0.0
2571,1713002571,16,17969.676208,17068.832258,-900.8439500000022
2572,1713002572,13,6706.451221,6556.192272,-150.25894900000003
2573,1713002573,16,8828.053705,8828.053705,0.0
2574,1713002574,13,2305.650311,2705.892233,400.24192200000016
2575,1713002575,10,9277.975921,9277.975921,0.0
2576,1713002576,12,4397.549112,8232.185793,3834.636681000001
2577,1713002577,15,10005.54742,10005.54742,0.0
2578,1713002578,14,2782.580454,2902.389498,119.80904400000009
2579,1713002579,12,9804.021431,9804.021431,0.0
2580,1713002580,15,9473.225651,8430.282949,-1042.9427020000003
2581,1713002581,16,7108.5654,7108.5654,0.0
2582,1713002582,12,4519.572958,1666.638367,-2852.9345909999997
2583,1713002583,12,10490.193912,10490.193912,0.0
2584,1713002584,14,5491.474307,5580.724917,89.25060999999914
2585,1713002585,11,10251.582112,10251.582112,0.0
2586,1713002586,16,5611.4243,5731.543682,120.11938200000077
2587,1713002587,13,9519.776551,8283.75463,-1236.0219210000014
2588,1713002588,15,6783.303777,4654.147628,-2129.1561490000004
2589,1713002589,13,7991.162791,7991.162791,0.0
2590,1713002590,16,3531.336551,3521.158507,-10.178043999999772
2591,1713002591,13,11543.480264,11543.480264,0.0
2592,1713002592,11,12348.357684,13725.532632,1377.1749479999999
2593,1713002593,14,8099.432481,8099.432481,0.0
2594,1713002594,10,1142.192948,1164.06789,21.874942000000146
2595,1713002595,14,12660.873623,12660.873623,0.0
2596,1713002596,12,9380.104162,9380.104162,0.0
2597,1713002597,11,8623.180425,8669.139894,45.959468999999444
2598,1713002598,13,4527.655784,1411.435445,-3116.2203389999995
2599,1713002599,10,9964.332357,9964.332357,0.0
2600,1713002600,16,4818.270422,4818.270422,0.0
2601,1713002601,10,12671.965603,12571.111788,-100.8538150000004
2602,1713002602,10,3847.404096,3837.015006,-10.389090000000124
2603,1713002603,14,12433.728247,12502.937594,69.2093470000018
2604,1713002604,16,6158.071498,6217.606567,59.53506899999957
2605,1713002605,15,6087.157531,6087.157531,0.0
2606,1713002606,13,6202.731063,6131.480399,-71.25066400000014
2607,1713002607,12,10985.334054,10982.557754,-2.7763000000013562
2608,1713002608,10,3885.227519,7675.685408,3790.4578890000003
2609,1713002609,11,10025.563989,8608.660454,-1416.9035349999995
2610,1713002610,12,11815.621554,12029.222001,213.6004470000007
2611,1713002611,11,9247.604815,9247.604815,0.0
2612,1713002612,16,5048.036516,5308.802428,260.76591199999984
2613,1713002613,14,6939.659381,6939.659381,0.0
2614,1713002614,13,9081.882186,2773.100884,-6308.781302000001
2615,1713002615,16,10183.5205,10183.5205,0.0
2616,1713002616,11,7967.452235,7967.452235,0.0
2617,1713002617,15,10195.536227,10290.729871,95.19364399999904
2618,1713002618,11,1198.478263,1140.810336,-57.66792699999996
2619,1713002619,14,9614.910765,9495.933054,-118.97771100000136
2620,1713002620,14,7054.415978,8314.995714,1260.5797360000006
2621,1713002621,14,7033.627555,7033.627555,0.0
2622,1713002622,11,11764.874771,11477.129526,-287.74524500000007
2623,1713002623,16,10353.392537,10353.392537,0.0
2624,1713002624,16,7722.766606,8131.101288,408.3346819999997
2625,1713002625,14,8462.481325,8462.481325,0.0
2626,1713002626,15,7767.507365,7767.507365,0.0
2627,1713002627,13,10180.543731,10134.368809,-46.17492200000015
2628,1713002628,10,10286.623585,10367.491756,80.86817100000007
2629,1713002629,15,6853.330353,6806.700721,-46.62963200000013
2630,1713002630,14,9418.678001,3102.436495,-6316.241506
2631,1713002631,16,7384.712461,7384.712461,0.0
2632,1713002632,10,9441.90303,9029.997839,-411.90519099999983
2633,1713002633,16,8962.342479,8962.342479,0.0
2634,1713002634,15,10296.07221,10175.08935,-120.98286000000007
2635,1713002635,11,9201.508685,9164.996316,-36.512369000000035
2636,1713002636,15,10308.538934,8777.76894,-1530.7699940000002
2637,1713002637,10,11388.741593,11374.69317,-14.048423000000184
2638,1713002638,12,3300.759479,3300.759479,0.0
2639,1713002639,12,9558.206358,9632.950153,74.74379500000032
2640,1713002640,13,12664.704972,12643.125666,-21.579305999999633
2641,1713002641,15,6099.246414,6099.246414,0.0
2642,1713002642,14,2490.896435,2226.573802,-264.3226330000002
2643,1713002643,10,12669.370002,12632.549387,-36.820615000000544
2644,1713002644,15,9571.577143,9577.790809,6.213665999999648
2645,1713002645,11,9922.058471,9922.058471,0.0
2646,1713002646,12,2600.325428,2895.156475,294.83104699999967
2647,1713002647,16,9247.649223,9247.649223,0.0
2648,1713002648,13,10863.404293,9132.002159,-1731.402134
2649,1713002649,11,11995.5386,11995.5386,0.0
2650,1713002650,14,3302.528558,3206.296743,-96.2318150000001
2651,1713002651,11,9181.051848,9181.051848,0.0
2652,1713002652,12,11319.288201,11766.194842,446.9066410000014
2653,1713002653,14,8346.256252,8346.256252,0.0
2654,1713002654,13,1380.355252,1385.171621,4.816368999999895
2655,1713002655,11,11701.832876,11886.347769,184.51489299999957
2656,1713002656,16,6448.203271,5895.895724,-552.3075470000003
2657,1713002657,11,9016.65221,9016.65221,0.0
2658,1713002658,16,3954.437027,3972.269177,17.832150000000183
2659,1713002659,13,9494.799152,8969.077202,-525.7219499999992
2660,1713002660,11,8618.395262,8618.395262,0.0
2661,1713002661,14,11867.944027,11867.944027,0.0
2662,1713002662,14,2946.787502,3003.343454,56.55595199999971
2663,1713002663,15,10681.095164,10681.095164,0.0
2664,1713002664,12,10176.736072,10037.697114,-139.03895799999918
2665,1713002665,10,9621.873628,9621.873628,0.0
2666,1713002666,13,9013.229062,5687.006424,-3326.222638
2667,1713002667,11,10289.003371,10434.455656,145.4522849999994
2668,1713002668,13,9186.120781,9186.120781,0.0
2669,1713002669,10,8948.99174,8948.99174,0.0
2670,1713002670,11,9537.381311,2877.836512,-6659.544798999999
2671,1713002671,16,7567.828081,7567.828081,0.0
2672,1713002672,13,5945.246356,6387.347154,442.1007980000004
2673,1713002673,12,11635.742445,11669.587526,33.84508099999948
2674,1713002674,14,1803.778855,1803.778855,0.0
2675,1713002675,12,9135.808808,9135.808808,0.0
2676,1713002676,14,13325.095012,13429.031453,103.93644099999983
2677,1713002677,12,7087.49298,7148.43329,60.940309999999954
2678,1713002678,14,9330.734883,9387.996033,57.26115000000027
2679,1713002679,10,13157.793301,13157.793301,0.0
2680,1713002680,11,9707.311719,9707.311719,0.0
2681,1713002681,15,12433.749602,12433.749602,0.0
2682,1713002682,16,6475.70714,6472.99101,-2.716130000000703
2683,1713002683,12,7310.368127,7310.368127,0.0
2684,1713002684,13,5256.640355,5256.640355,0.0
2685,1713002685,11,11259.455311,11478.204102,218.74879099999998
2686,1713002686,13,4760.463831,4063.790238,-696.673593
2687,1713002687,10,9900.80338,9888.463947,-12.33943299999919
2688,1713002688,12,8804.462301,8270.29244,-534.1698610000003
2689,1713002689,13,9730.522991,9730.522991,0.0
2690,1713002690,14,4196.715678,1926.198065,-2270.5176129999995
2691,1713002691,10,10434.54027,10434.54027,0.0
2692,1713002692,12,7501.711451,7553.243162,51.53171099999963
2693,1713002693,14,8112.01099,8022.393935,-89.61705499999971
2694,1713002694,16,4085.647226,9170.151181,5084.503954999999
2695,1713002695,11,10043.269631,10043.269631,0.0
2696,1713002696,11,9634.01727,8619.287306,-1014.7299640000001
2697,1713002697,16,12397.408302,12915.867485,518.4591830000008
2698,1713002698,13,2242.127866,2129.031639,-113.096227
2699,1713002699,12,11683.970226,10391.138129,-1292.8320969999986
2700,1713002700,15,11233.852083,10445.514373,-788.3377099999998
2701,1713002701,15,6952.136238,7050.35663,98.22039200000017
2702,1713002702,15,8834.387189,8769.073389,-65.3137999999999
2703,1713002703,15,12663.385129,12714.260995,50.875866000000315
2704,1713002704,10,10129.518398,9958.532301,-170.98609700000088
2705,1713002705,14,9159.924611,9242.450141,82.52552999999898
2706,1713002706,13,9528.848149,9935.994477,407.1463280000007
2707,1713002707,10,7117.347206,7117.347206,0.0
2708,1713002708,10,6047.94186,7213.853277,1165.9114170000003
2709,1713002709,14,10532.776979,10643.351898,110.57491900000059
2710,1713002710,15,2810.15717,2745.178772,-64.97839799999974
2711,1713002711,14,9396.328079,10048.291377,651.9632979999988
2712,1713002712,16,10263.364524,12243.702789,1980.3382650000003
2713,1713002713,11,9055.649489,9055.649489,0.0
2714,1713002714,12,5076.743978,5143.301018,66.55703999999969
2715,1713002715,14,15009.064512,15009.064512,0.0
2716,1713002716,11,8764.84315,9131.569547,366.72639699999854
2717,1713002717,13,6039.233293,6039.233293,0.0
2718,1713002718,13,1342.201755,1342.201755,0.0
2719,1713002719,11,8932.725123,8932.725123,0.0
2720,1713002720,14,10381.013257,10175.077957,-205.935300000001
2721,1713002721,10,10439.653343,10439.653343,0.0
2722,1713002722,10,5220.312707,5552.9415,332.62879299999986
2723,1713002723,10,10238.54634,10238.54634,0.0
2724,1713002724,11,11061.591038,10763.801677,-297.789361000001
2725,1713002725,16,7081.40088,7081.40088,0.0
2726,1713002726,12,8420.078119,5491.225792,-2928.8523269999996
2727,1713002727,14,14034.074626,14034.074626,0.0
2728,1713002728,13,7876.3021,7857.146721,-19.15537899999981
2729,1713002729,16,5404.90368,5404.90368,0.0
2730,1713002730,11,5190.818062,7856.983255,2666.165193
2731,1713002731,13,9775.467269,9775.467269,0.0
2732,1713002732,13,11118.833459,10940.983389,-177.8500699999986
2733,1713002733,16,8327.26215,8327.26215,0.0
2734,1713002734,13,2731.472572,2745.897119,14.424547000000075
2735,1713002735,16,9628.984574,9628.984574,0.0
2736,1713002736,12,8992.914081,8984.126943,-8.787138000001505
2737,1713002737,10,7662.130745,7662.130745,0.0
2738,1713002738,12,7157.041069,6505.405505,-651.6355640000002
2739,1713002739,15,10876.061824,10876.061824,0.0
2740,1713002740,16,6337.414094,6337.479492,0.06539800000064133
2741,1713002741,12,8072.499223,8072.499223,0.0
2742,1713002742,13,11876.904409,11526.628394,-350.2760150000013
2743,1713002743,15,8566.212718,8515.59996,-50.61275800000112
2744,1713002744,12,7675.421748,9383.544359,1708.1226109999998
2745,1713002745,12,11501.485705,11501.485705,0.0
2746,1713002746,15,3761.739469,3761.739469,0.0
2747,1713002747,12,11223.865768,11276.67395,52.80818200000067
2748,1713002748,12,8473.870921,8455.848078,-18.02284299999883
2749,1713002749,14,9270.441992,9270.441992,0.0
2750,1713002750,10,9790.020473,9790.020473,0.0
2751,1713002751,15,6822.188528,6822.188528,0.0
2752,1713002752,10,8930.720038,8643.340311,-287.37972699999955
2753,1713002753,14,8829.980351,8666.243106,-163.73724500000026
2754,1713002754,12,8871.200752,8871.580701,0.3799490000001242
2755,1713002755,15,9984.890924,9984.890924,0.0
2756,1713002756,14,6722.666878,4669.754097,-2052.912781
2757,1713002757,11,10443.812848,10443.812848,0.0
2758,1713002758,14,3989.413875,7992.343216,4002.929341
2759,1713002759,14,9149.377283,9149.377283,0.0
2760,1713002760,15,11054.524454,10980.586212,-73.93824200000017
2761,1713002761,12,9072.426844,9072.426844,0.0
2762,1713002762,10,4533.354026,4602.268042,68.91401599999972
2763,1713002763,15,10039.114444,9701.374376,-337.740068000001
2764,1713002764,13,9056.274851,9276.580192,220.30534099999932
2765,1713002765,16,5921.513397,5921.513397,0.0
2766,1713002766,14,8614.745019,8558.829404,-55.91561499999989
2767,1713002767,11,9380.383699,9380.383699,0.0
2768,1713002768,10,11552.411109,11222.214416,-330.19669299999987
2769,1713002769,13,10746.163356,10746.163356,0.0
2770,1713002770,15,1326.33434,1359.876304,33.54196399999978
2771,1713002771,13,13506.135625,13588.220447,82.0848219999989
2772,1713002772,12,11853.838492,11873.239413,19.40092099999856
2773,1713002773,15,7866.500702,7866.500702,0.0
2774,1713002774,11,1231.365763,1137.414286,-93.95147700000007
2775,1713002775,16,5123.273731,5123.273731,0.0
2776,1713002776,11,8736.482649,9423.464595,686.9819459999999
2777,1713002777,16,8610.672296,8610.672296,0.0
2778,1713002778,12,10043.118169,10170.624812,127.50664300000062
2779,1713002779,13,9391.048259,9391.048259,0.0
2780,1713002780,10,7119.337811,9220.784409,2101.4465979999995
2781,1713002781,12,9383.200908,9425.142894,41.941985999999815
2782,1713002782,10,2596.945897,2637.585865,40.63996799999995
2783,1713002783,16,11932.570428,11932.570428,0.0
2784,1713002784,15,13424.37607,13066.254608,-358.121462000001
2785,1713002785,16,9688.479055,9687.48217,-0.996885000000475
2786,1713002786,11,1961.924079,3119.156581,1157.2325020000003
2787,1713002787,13,13355.480009,13228.998246,-126.48176300000159
2788,1713002788,13,5737.461794,5635.233381,-102.22841299999982
2789,1713002789,16,10693.837907,10693.837907,0.0
2790,1713002790,12,9696.322452,9696.322452,0.0
2791,1713002791,14,9201.567843,9201.567843,0.0
2792,1713002792,10,8391.790566,9136.269245,744.4786789999998
2793,1713002793,13,11120.134391,11120.134391,0.0
2794,1713002794,13,5287.696841,5311.451855,23.7550140000003
2795,1713002795,16,10411.290576,10411.290576,0.0
2796,1713002796,10,10492.434078,7733.037076,-2759.3970020000006
2797,1713002797,15,8233.665043,9619.947815,1386.2827719999987
2798,1713002798,14,9042.547916,9164.840599,122.29268299999967
2799,1713002799,12,13651.612444,13651.612444,0.0
2800,1713002800,15,10148.679696,7647.663081,-2501.0166149999995
2801,1713002801,12,8827.046682,8791.577293,-35.469388999999865
2802,1713002802,12,10216.530096,10479.692585,263.1624890000003
2803,1713002803,10,8352.916511,8285.123407,-67.79310400000031
2804,1713002804,14,10259.722875,8811.43148,-1448.2913950000002
2805,1713002805,16,8087.471281,8087.471281,0.0
2806,1713002806,10,2441.741577,2418.899248,-22.84232899999961
2807,1713002807,13,8778.945769,8764.709661,-14.236107999999149
2808,1713002808,11,11547.3141,11121.358962,-425.95513799999935
2809,1713002809,16,6963.678582,6963.678582,0.0
2810,1713002810,13,8385.980066,8517.150467,131.1704009999994
2811,1713002811,16,8253.389812,8235.694459,-17.69535299999916
2812,1713002812,12,9907.369688,10092.756929,185.38724099999854
2813,1713002813,14,8241.266342,8291.66456,50.39821799999845
2814,1713002814,12,11368.935709,11582.59341,213.6577010000001
2815,1713002815,12,8939.82503,8939.82503,0.0
2816,1713002816,14,10750.34598,10970.041688,219.69570799999929
2817,1713002817,10,10569.598698,10569.598698,0.0
2818,1713002818,15,2383.717103,2383.717103,0.0
2819,1713002819,11,9130.284945,9130.284945,0.0
2820,1713002820,14,11953.492684,12424.081369,470.5886849999988
2821,1713002821,15,7612.714982,7706.778156,94.06317399999989
2822,1713002822,10,2666.454803,1584.944144,-1081.510659
2823,1713002823,12,18783.271715,18498.996345,-284.2753699999994
2824,1713002824,10,7796.087567,7290.365878,-505.72168899999997
2825,1713002825,16,4055.183716,4055.183716,0.0
2826,1713002826,10,1598.823821,3334.264458,1735.4406370000002
2827,1713002827,10,9528.838724,9528.838724,0.0
2828,1713002828,14,10062.874656,9753.183356,-309.6913000000004
2829,1713002829,15,11167.788313,11167.788313,0.0
2830,1713002830,12,1447.2091,1447.2091,0.0
2831,1713002831,14,8292.75653,8196.158586,-96.59794400000101
2832,1713002832,11,10223.805283,10169.066704,-54.738578999998936
2833,1713002833,12,10389.213852,10389.213852,0.0
2834,1713002834,16,1555.151197,1568.197356,13.046158999999989
2835,1713002835,15,7733.007086,7691.012182,-41.994903999999224
2836,1713002836,13,5700.450298,5609.618118,-90.83217999999943
2837,1713002837,13,11665.535541,11665.535541,0.0
2838,1713002838,15,8604.868208,9452.670404,847.8021960000005
2839,1713002839,12,10124.796904,8477.07484,-1647.7220640000014
2840,1713002840,14,5495.134604,5920.989229,425.85462499999994
2841,1713002841,11,9869.866028,9869.866028,0.0
2842,1713002842,12,9252.250441,9235.146912,-17.10352899999998
2843,1713002843,10,10458.049221,10458.049221,0.0
2844,1713002844,11,12831.563848,13158.09765,326.5338019999999
2845,1713002845,11,5617.08134,5618.743146,1.6618060000000696
2846,1713002846,16,1964.262707,1849.019039,-115.24366800000007
2847,1713002847,10,15388.267703,15354.936628,-33.331075000000055
2848,1713002848,14,9195.011754,9192.525416,-2.4863379999987956
2849,1713002849,11,11557.953859,11557.953859,0.0
2850,1713002850,15,10083.472389,10272.538765,189.06637599999885
2851,1713002851,13,8745.576599,8720.399195,-25.177404000000024
2852,1713002852,13,10442.601097,8328.343878,-2114.257219000001
2853,1713002853,16,9249.379438,11025.250176,1775.8707379999996
2854,1713002854,13,1390.315715,1341.850978,-48.464737000000014
2855,1713002855,14,8994.49594,8994.49594,0.0
2856,1713002856,13,10001.328672,11663.78468,1662.456008000001
2857,1713002857,12,6758.937586,6758.937586,0.0
2858,1713002858,15,9988.810135,6864.007497,-3124.802638
2859,1713002859,15,15604.430421,15407.938312,-196.4921089999989
2860,1713002860,10,8213.128635,8213.128635,0.0
2861,1713002861,14,6909.754672,6909.754672,0.0
2862,1713002862,10,2593.486283,2604.09871,10.612427000000025
2863,1713002863,15,10226.482531,10226.482531,0.0
2864,1713002864,12,8272.606653,8485.26361,212.65695699999924
2865,1713002865,10,11243.472875,11229.743125,-13.729749999998603
2866,1713002866,15,1646.148515,1607.490013,-38.658502
2867,1713002867,16,8310.370744,8310.370744,0.0
2868,1713002868,12,8790.764543,8790.764543,0.0
2869,1713002869,14,9207.292367,9065.050424,-142.2419430000009
2870,1713002870,12,8723.405822,9131.175597,407.76977499999884
2871,1713002871,12,8697.251557,8697.251557,0.0
2872,1713002872,12,8996.031088,6478.317111,-2517.7139769999994
2873,1713002873,11,8829.7672,8829.7672,0.0
2874,1713002874,13,10096.669659,9424.493512,-672.1761470000001
2875,1713002875,16,9685.774025,9685.774025,0.0
2876,1713002876,10,8963.052817,10202.001855,1238.9490380000007
2877,1713002877,15,9751.235756,9683.747035,-67.48872099999971
2878,1713002878,16,1589.165845,1589.165845,0.0
2879,1713002879,16,10627.004431,10627.004431,0.0
2880,1713002880,16,8782.321052,8782.321052,0.0
2881,1713002881,12,8228.773256,8228.773256,0.0
2882,1713002882,10,8029.474133,8001.829486,-27.644647000000077
2883,1713002883,12,10862.255346,10788.516853,-73.73849300000074
2884,1713002884,14,8304.103892,8188.596929,-115.5069629999989
2885,1713002885,10,10425.385517,10425.848591,0.46307399999932386
2886,1713002886,10,10174.473616,10146.062559,-28.411056999999346
2887,1713002887,12,10357.265705,10352.94113,-4.32457500000055
2888,1713002888,16,6628.451026,6880.250788,251.79976200000056
2889,1713002889,11,8708.460621,8695.629099,-12.831522000000405
2890,1713002890,16,2545.04184,2505.78012,-39.26171999999997
2891,1713002891,13,9901.995431,9874.820667,-27.174763999999413
2892,1713002892,11,10091.416701,10257.740947,166.32424600000013
2893,1713002893,10,9748.006315,9748.006315,0.0
2894,1713002894,15,8576.183192,8818.04855,241.8653579999991
2895,1713002895,14,11470.620497,11492.115384,21.494887000000745
2896,1713002896,11,7114.609362,7114.609362,0.0
2897,1713002897,15,8676.17067,8676.17067,0.0
2898,1713002898,13,4125.471915,1593.867882,-2531.604033
2899,1713002899,13,10020.97282,10020.97282,0.0
2900,1713002900,12,10973.829898,6932.274796,-4041.5551020000003
2901,1713002901,15,6048.928656,6048.928656,0.0
2902,1713002902,11,9148.914181,2048.895177,-7100.019004
2903,1713002903,14,10857.837595,10857.837595,0.0
2904,1713002904,10,13094.810514,13307.607441,212.7969269999994
2905,1713002905,16,7638.803512,7638.112196,-0.69131600000037
2906,1713002906,13,4944.780725,4938.537816,-6.2429089999995995
2907,1713002907,12,13783.968257,13761.858932,-22.109325000001263
2908,1713002908,14,8132.387414,7797.163813,-335.2236009999997
2909,1713002909,11,10525.382399,10525.382399,0.0
2910,1713002910,15,8011.905238,8309.540541,297.635303
2911,1713002911,13,6191.502794,6191.502794,0.0
2912,1713002912,12,10414.522768,10300.259632,-114.2631360000014
2913,1713002913,10,10104.665219,10189.280676,84.61545699999988
2914,1713002914,16,3527.174538,3105.3698,-421.80473800000027
2915,1713002915,11,11303.196691,11290.443869,-12.75282199999856
2916,1713002916,10,13273.38895,11540.165867,-1733.2230830000008
2917,1713002917,14,10323.082903,10225.853858,-97.22904500000004
2918,1713002918,12,3578.404574,3778.854008,200.44943399999966
2919,1713002919,16,15389.003622,14685.599081,-703.4045409999999
2920,1713002920,10,9324.330387,9023.704682,-300.6257050000004
2921,1713002921,11,9152.736907,9099.217935,-53.51897199999985
2922,1713002922,11,10549.287226,10838.435821,289.14859499999875
2923,1713002923,15,8732.990655,8732.990655,0.0
2924,1713002924,10,9593.15868,7365.423571,-2227.735109
2925,1713002925,14,10745.590802,10745.590802,0.0
2926,1713002926,16,6137.257196,6127.693725,-9.563470999999481
2927,1713002927,13,12057.918749,12057.918749,0.0
2928,1713002928,10,9099.152343,9837.571086,738.4187430000002
2929,1713002929,15,6492.981251,6492.981251,0.0
2930,1713002930,16,2578.107196,2578.107196,0.0
2931,1713002931,12,11483.11869,11483.11869,0.0
2932,1713002932,14,9419.338189,5205.437882,-4213.900307
2933,1713002933,15,11944.783465,11944.783465,0.0
2934,1713002934,15,1315.406559,1313.578346,-1.8282130000000052
2935,1713002935,11,9618.778163,9618.778163,0.0
2936,1713002936,13,10105.388122,9850.327169,-255.06095300000015
2937,1713002937,13,11067.102719,11067.102719,0.0
2938,1713002938,12,1925.91239,2429.16821,503.25581999999986
2939,1713002939,14,8280.343435,8384.254409,103.91097399999853
2940,1713002940,13,12759.671498,12398.354668,-361.31682999999975
2941,1713002941,14,9302.470198,9284.812746,-17.657452000001285
2942,1713002942,10,1372.685408,1396.929465,24.244056999999884
2943,1713002943,13,8459.884026,8419.798249,-40.085777000000235
2944,1713002944,10,10622.595482,8979.116818,-1643.4786640000002
2945,1713002945,15,9828.365101,9828.365101,0.0
2946,1713002946,14,2123.421985,2208.649067,85.22708199999988
2947,1713002947,10,9372.293573,9372.293573,0.0
2948,1713002948,14,9110.766109,9110.766109,0.0
2949,1713002949,11,9328.707276,9312.579555,-16.127720999998928
2950,1713002950,15,5753.995836,5753.995836,0.0
2951,1713002951,10,10038.582243,10038.582243,0.0
2952,1713002952,14,13309.572154,13027.439981,-282.13217299999997
2953,1713002953,11,8258.838739,8258.838739,0.0
2954,1713002954,11,3928.182807,4095.345577,167.1627699999999
2955,1713002955,12,10769.400567,10740.509595,-28.890972000001057
2956,1713002956,13,7569.694057,7719.164667,149.4706100000003
2957,1713002957,14,10478.035331,10478.035331,0.0
2958,1713002958,16,1538.212704,1651.080261,112.86755700000003
2959,1713002959,14,8399.783683,8399.783683,0.0
2960,1713002960,15,9134.312314,9131.13736,-3.1749540000000707
2961,1713002961,14,11451.929784,11451.929784,0.0
2962,1713002962,10,2518.234389,9341.767125,6823.532736
2963,1713002963,16,11631.239064,11631.239064,0.0
2964,1713002964,16,11933.322707,11146.04296,-787.2797469999987
2965,1713002965,13,7411.747335,7411.747335,0.0
2966,1713002966,11,2967.829714,3505.513178,537.6834640000002
2967,1713002967,10,16777.143794,16710.485536,-66.65825799999948
2968,1713002968,11,6178.90638,6178.90638,0.0
2969,1713002969,11,6937.717606,6869.658638,-68.05896800000028
2970,1713002970,14,11231.235038,11263.688308,32.453269999999975
2971,1713002971,12,9600.110473,9600.110473,0.0
2972,1713002972,14,10743.853414,10930.70511,186.85169600000154
2973,1713002973,10,12604.447428,12604.447428,0.0
2974,1713002974,12,5972.077308,5972.077308,0.0
2975,1713002975,10,9515.233307,9515.233307,0.0
2976,1713002976,14,10551.900797,10510.945916,-40.95488099999966
2977,1713002977,15,7061.768134,7061.768134,0.0
2978,1713002978,11,1718.616011,2748.108503,1029.4924919999999
2979,1713002979,16,7283.429683,7280.726954,-2.702729000000545
2980,1713002980,13,4646.946205,8738.098187,4091.1519819999994
2981,1713002981,13,10920.367075,10920.367075,0.0
2982,1713002982,12,7877.970468,7873.019868,-4.950600000000122
2983,1713002983,12,6960.736409,6960.736409,0.0
2984,1713002984,12,6803.582625,6660.80446,-142.77816499999972
2985,1713002985,15,10025.682647,10025.682647,0.0
2986,1713002986,16,2930.771958,2935.193617,4.421659000000091
2987,1713002987,11,9660.066655,9695.865597,35.79894199999944
2988,1713002988,14,10273.434828,11095.908068,822.4732400000012
2989,1713002989,12,7967.434578,7967.434578,0.0
2990,1713002990,13,7213.83287,6694.423301,-519.4095690000004
2991,1713002991,11,10504.589993,10504.589993,0.0
2992,1713002992,13,9667.56066,8280.279042,-1387.281617999999
2993,1713002993,11,9874.149283,9874.149283,0.0
2994,1713002994,12,9369.067246,9084.385069,-284.6821770000006
2995,1713002995,16,8107.71017,8107.71017,0.0
2996,1713002996,12,9307.099092,8998.685972,-308.4131200000011
2997,1713002997,12,8165.076785,8165.076785,0.0
2998,1713002998,10,2068.378071,2068.378071,0.0
2999,1713002999,14,8364.049329,8447.059179,83.00985000000037
