seed,group,field,radius,method,available,guaranteed_receive,second_received,posterior_contains_truth,posterior_radius_m,posterior_diameter_m,posterior_area_m2,clear_ready,second_action_s,predicted_radius_m,predicted_J_s,selection_s,evaluated_candidates,completed,total_virtual_s,measures,clear_attempts,error
413000,center,zero,1000.0,on_bearing,True,True,True,True,372.6196778078806,745.1723180829117,9916.607070976635,False,155.0,375.1643866002487,476.61506948562123,0.013738257999875714,1,True,331.092085,3,1,
413000,center,zero,1000.0,fixed_flank,True,True,True,True,16.073883390195974,32.14776678039186,432.12593817860756,True,179.928557,69.22655032945929,393.86496908301024,0.010796986999821456,1,True,280.056749,2,1,
413000,center,zero,1000.0,current,True,True,True,True,14.82383085661794,29.64766171323588,259.02402118583626,True,163.967406,96.18260098245374,375.04393388595076,1.2464612930000385,129,True,227.857938,2,1,
413000,center,zero,1000.0,shape,True,True,True,True,14.596652080007662,29.193304160015323,217.9285729550594,True,161.442192,107.99659286508417,375.88194457965426,0.27580661899992265,31,True,216.737535,2,1,
413001,edge,zero,1000.0,on_bearing,True,True,True,True,144.28704690798497,288.5515065698053,1517.9715141197375,False,155.0,372.50057807665513,474.7504035191173,0.011234526000180267,1,True,226.357557,3,1,
413001,edge,zero,1000.0,fixed_flank,True,True,True,True,26.75517394341344,53.51034788682688,730.5604490266812,False,179.928557,28.861281714524193,373.400066634831,0.010034252999957971,1,True,304.002649,3,1,
413001,edge,zero,1000.0,current,True,True,True,True,58.039369902108966,116.07873980421793,1689.7121997601685,False,110.176669,69.10645820462061,266.32931631724756,1.139106972000036,129,True,238.230049,3,1,
413001,edge,zero,1000.0,shape,True,True,True,True,61.61747230419017,123.23494460838012,1691.9208876943019,False,114.074166,74.96008287391422,264.64996530339977,0.24494714800016482,31,True,232.437077,3,1,
413002,rotated,zero,1000.0,on_bearing,True,True,True,True,370.0011399387756,740.0022798775511,4957.336848511278,False,155.0,375.1708004416377,476.61955917459835,0.00842231299998275,1,True,312.957519,3,1,
413002,rotated,zero,1000.0,fixed_flank,True,True,True,True,15.952681155797618,31.905362311595226,377.4821626067075,True,179.928557,69.23326144368426,393.77472709551705,0.008057272999849374,1,True,283.039731,2,1,
413002,rotated,zero,1000.0,current,True,True,True,True,14.897663087135074,29.795326174270077,239.0093379225575,True,161.426611,99.41289454531992,375.66869124887035,1.1236449269999866,129,True,227.88758,2,1,
413002,rotated,zero,1000.0,shape,True,True,True,True,15.576609390952518,31.15321878190497,225.58572663116806,True,161.419706,107.90412610062256,375.79977810687046,0.26294202000008227,31,True,222.385572,2,1,
413003,wrap,zero,1000.0,on_bearing,True,True,True,True,370.00109328936884,740.0021855841991,4957.336864598438,False,155.0,375.1554284084945,476.60879875133486,0.008276800000203366,1,True,298.066933,3,1,
413003,wrap,zero,1000.0,fixed_flank,True,True,True,True,17.10140488573128,34.20280977146247,367.4976963815083,True,179.928557,69.19852034441496,394.1632053653403,0.00790401200015367,1,True,289.744498,2,1,
413003,wrap,zero,1000.0,current,True,True,True,True,17.368167048074373,34.736334096148646,277.4284321691063,True,161.282031,99.11688973848472,375.7390147307518,1.0063858350001738,129,True,237.574719,2,1,
413003,wrap,zero,1000.0,shape,True,True,True,True,19.334367546882575,38.66873509376505,290.33794953817437,True,162.054996,107.82538498544345,377.0213925092598,0.2423882319999393,31,True,234.691155,2,1,
413004,short_range,zero,1000.0,on_bearing,True,True,True,True,370.0011308799835,740.002261759967,4957.458357632372,False,155.0,375.15548767059386,476.60884023481566,0.007044876999998451,1,True,330.186574,3,1,
413004,short_range,zero,1000.0,fixed_flank,True,True,True,True,22.586700228760193,45.17340045752039,41.54711802601706,False,179.928557,69.19240899966441,393.96668309386,0.008793448999995235,1,True,370.692302,3,1,
413004,short_range,zero,1000.0,current,True,True,True,True,26.43166646859502,52.863332937190016,53.93071553537362,False,164.431593,91.11873073700943,376.1029155464979,1.060557031999906,129,True,338.745309,3,1,
413004,short_range,zero,1000.0,shape,True,True,True,True,31.53442881093659,63.06885762187316,72.81973677293655,False,161.968301,107.89953838492572,376.89642213194344,0.24848990200007393,31,True,333.005875,3,1,
413005,center,positive,1000.0,on_bearing,True,True,True,True,11.764811231810594,23.529622463621074,13.002600799455909,True,155.0,375.1445377085704,476.60117526142903,0.010569146000079854,1,True,168.352259,2,1,
413005,center,positive,1000.0,fixed_flank,True,True,True,True,16.379309297638002,32.75861859527594,438.36372803444556,True,179.928557,69.20463252107038,394.21474884123313,0.009528426000088075,1,True,280.163759,2,1,
413005,center,positive,1000.0,current,True,True,True,True,15.130770460637605,30.261540921275163,261.38652632859504,True,163.000392,97.12048135840547,375.22434246174555,1.1083324359999551,129,True,226.80162,2,1,
413005,center,positive,1000.0,shape,True,True,True,True,14.557444095515157,29.114888191030264,216.60888904779583,True,161.535783,108.26110551948835,376.1990008118496,0.2692116549999355,31,True,216.60099,2,1,
413006,edge,positive,1000.0,on_bearing,True,True,True,True,131.82940865946227,263.65881731892455,1194.710480405479,False,155.0,372.50054885545893,474.7503830642802,0.007827110000107496,1,True,219.38335,3,1,
413006,edge,positive,1000.0,fixed_flank,True,True,True,True,24.903667102372943,49.807334204745715,670.1391458417825,False,179.928557,28.861191827368632,373.40000645918013,0.009992011000122147,1,True,301.246955,3,1,
413006,edge,positive,1000.0,current,True,True,True,True,52.274095156130215,104.54819031226043,1421.2463260843083,False,111.223158,69.16659118387616,258.11650960308117,1.0448604860000614,129,True,230.653538,3,1,
413006,edge,positive,1000.0,shape,True,True,True,True,70.91924193654563,141.83848387309104,1632.2754196412052,False,111.428766,72.54328227128246,258.16200052344766,0.2335526630001823,31,True,228.712544,3,1,
413007,rotated,positive,1000.0,on_bearing,True,True,True,True,171.27320873302958,342.54641746605915,1105.2079059940224,False,155.0,375.1643866002503,476.61506948562175,0.009801529000014852,1,True,223.057472,3,1,
413007,rotated,positive,1000.0,fixed_flank,True,True,True,True,22.853152523892724,45.70630504778544,606.6583955532165,False,179.928557,69.1916620684287,394.0423350741952,0.010001637999948798,1,True,297.891825,3,1,
413007,rotated,positive,1000.0,current,True,True,True,True,25.88144238694007,51.76288477388011,457.4730596133717,False,161.583247,103.4664868288155,375.3936653139831,1.1023661890001222,129,True,245.32391,3,1,
413007,rotated,positive,1000.0,shape,True,True,True,True,24.978663298534197,49.957326597068395,413.4034529514237,False,161.442192,107.99659286508471,375.88194457965415,0.2505314490001638,31,True,240.837695,3,1,
413008,wrap,positive,1000.0,on_bearing,True,True,True,True,141.55629070407412,283.1125814081482,827.5963890633217,False,155.0,375.1670579232269,476.6169394116929,0.009264996999945652,1,True,232.801587,3,1,
413008,wrap,positive,1000.0,fixed_flank,True,True,True,True,17.977833093128922,35.955666186257844,365.1271387531607,True,179.928557,69.22671158222543,393.6105218095937,0.007728043000042817,1,True,294.859955,2,1,
413008,wrap,positive,1000.0,current,True,True,True,True,21.481432139067312,42.962864278134575,338.3617093459424,False,162.961311,99.0760210269812,374.98221282446,0.9608100400000694,129,True,263.666771,3,1,
413008,wrap,positive,1000.0,shape,True,True,True,True,21.573665103444085,43.14733020688812,327.17320636265566,False,161.776675,108.3196756326726,376.72761435013814,0.24784486099997594,31,True,254.981868,3,1,
413009,short_range,positive,1000.0,on_bearing,True,True,True,True,351.4759629846041,702.9519259692082,3059.567701923494,False,155.0,375.15489976761165,476.60842870272387,0.007276872999909756,1,True,324.460083,3,1,
413009,short_range,positive,1000.0,fixed_flank,True,True,True,True,27.753258803881053,55.50651760776205,137.2659160308132,False,179.928557,69.19384198996521,394.02741793363845,0.008139561999996658,1,True,367.059828,3,1,
413009,short_range,positive,1000.0,current,True,True,True,True,22.082549102583343,44.16509820516663,38.39662929602526,False,162.131506,98.1923894582613,375.4793319164954,0.9824712140000429,129,True,337.524155,3,1,
413009,short_range,positive,1000.0,shape,True,True,True,True,22.1675325395813,44.3350650791626,37.93553304538354,False,161.997566,107.8278289003513,376.9009005241052,0.2645306620001975,31,True,336.974504,3,1,
413010,center,negative,1000.0,on_bearing,True,True,True,True,59.80795782778405,119.61591565556806,205.36637734977376,False,155.0,375.1497088685784,476.6047950734393,0.010590488999923764,1,True,197.520356,3,1,
413010,center,negative,1000.0,fixed_flank,True,True,True,True,16.087761792176234,32.175523584352355,375.0614884900934,True,179.928557,69.21060770702235,394.09599879077706,0.01037347999999838,1,True,283.828157,2,1,
413010,center,negative,1000.0,current,True,True,True,True,15.006304679509599,30.01260935901917,245.51168906335246,True,163.125011,96.96022751748512,375.1881923105022,1.1219795229999363,129,True,230.674054,2,1,
413010,center,negative,1000.0,shape,True,True,True,True,15.405194098257766,30.810388196515447,222.13933879164833,True,161.505864,108.09857739537834,376.05226334544017,0.3168716059999497,31,True,221.66789,2,1,
413011,edge,negative,1000.0,on_bearing,True,True,True,True,126.78474186063252,253.56948372126482,1176.0230741667456,False,155.0,372.5005593910171,474.75039043917025,0.008228372000075979,1,True,223.836619,3,1,
413011,edge,negative,1000.0,fixed_flank,True,True,True,True,22.768147312196206,45.53629462439225,623.9548782407074,False,179.928557,28.861171449786074,373.39999281724994,0.010099754000066241,1,True,301.845184,3,1,
413011,edge,negative,1000.0,current,True,True,True,True,33.72706080825248,67.45412161650475,727.2436349530285,False,109.730291,67.43800708026454,255.89951161175395,1.0806608870000218,129,True,232.893706,3,1,
413011,edge,negative,1000.0,shape,True,True,True,True,55.31021093273982,110.62042186547941,1474.5384344271672,False,110.409036,71.62756111108457,255.64809480171775,0.28779500399991775,31,True,229.277596,3,1,
413012,rotated,negative,1000.0,on_bearing,True,True,True,True,46.456663302918265,92.91332660583642,133.8568992027183,False,155.0,375.17781067642716,476.6244663389554,0.014038269000138826,1,True,192.915097,3,1,
413012,rotated,negative,1000.0,fixed_flank,True,True,True,True,15.847575946613976,31.695151893227898,379.93777217832144,True,179.928557,69.18870079415161,393.5845936332863,0.013936700000158453,1,True,282.426262,2,1,
413012,rotated,negative,1000.0,current,True,True,True,True,14.663827687840167,29.327655375680273,237.39117726415222,True,161.724855,98.78239482749592,375.57987715456545,1.2440331129998867,129,True,227.539894,2,1,
413012,rotated,negative,1000.0,shape,True,True,True,True,15.203010704379217,30.406021408758434,219.75973622524654,True,161.398469,107.82336200306476,375.72356472274606,0.3072745459999169,31,True,221.201847,2,1,
413013,wrap,negative,1000.0,on_bearing,True,True,True,True,68.66068622599961,137.3213724519991,258.7581011176311,False,155.0,375.1767647994963,476.62373422510166,0.009092544000168346,1,True,194.345754,3,1,
413013,wrap,negative,1000.0,fixed_flank,True,True,True,True,18.867286105768212,37.73457221153642,495.9285336339212,True,179.928557,69.18844691509219,393.58442045416456,0.0102087099999153,1,True,282.048746,2,1,
413013,wrap,negative,1000.0,current,True,True,True,True,18.89385458837647,37.78770917675287,323.6581730265973,True,163.376951,97.65701965867865,374.97166645066477,1.0586433989999477,129,True,230.067077,2,1,
413013,wrap,negative,1000.0,shape,True,True,True,True,18.816942171861417,37.63388434372277,282.0545830907492,True,161.689946,108.53818109117151,376.6281631131212,0.27709784299986495,31,True,220.511359,2,1,
413014,short_range,negative,1000.0,on_bearing,True,True,True,True,344.98169790364267,689.9633958072853,2984.1286642802734,False,155.0,375.16515460151396,476.6156070865072,0.01142950300004486,1,True,321.487202,3,1,
413014,short_range,negative,1000.0,fixed_flank,True,True,True,True,28.95975906500388,57.91951813000775,66.28523616332723,False,179.928557,69.22735993497938,393.85361855790325,0.011606990000018413,1,True,369.843676,3,1,
413014,short_range,negative,1000.0,current,True,True,True,True,35.1574058289733,70.31481165794658,212.56648132257226,False,163.768762,94.14393034090726,375.45475022160394,1.2064451090000148,129,True,330.182347,3,1,
413014,short_range,negative,1000.0,shape,True,True,True,True,41.77191249207085,83.54382498414164,265.18459842589425,False,161.439374,107.9683972487106,375.8742591742105,0.2993783379999968,31,True,324.659096,3,1,
413015,center,smooth,1000.0,on_bearing,True,True,True,True,57.07962869497589,114.15925738995166,189.83181527467246,False,155.0,375.17722950516145,476.62405951906806,0.009336922999864328,1,True,189.505486,3,1,
413015,center,smooth,1000.0,fixed_flank,True,True,True,True,17.61303370521355,35.22606741042705,465.5246293916763,True,179.928557,69.18851214091048,393.58446494680754,0.011283427000080337,1,True,280.907048,2,1,
413015,center,smooth,1000.0,current,True,True,True,True,16.830611355342462,33.66122271068488,281.12824808205454,True,162.206475,99.37791560448112,375.3718875983419,1.0639447119999659,129,True,225.915631,2,1,
413015,center,smooth,1000.0,shape,True,True,True,True,16.536399488253068,33.072798976506135,242.75790016227938,True,161.68634,108.56391422709368,376.63019524896004,0.27485026599993034,31,True,217.977891,2,1,
413016,edge,smooth,1000.0,on_bearing,True,True,True,True,144.10778915116708,288.21557830233417,1513.7953692719875,False,155.0,372.5005319277333,474.7503712148714,0.00795057199979965,1,True,225.732956,3,1,
413016,edge,smooth,1000.0,fixed_flank,True,True,True,True,27.12965837794749,54.259316755894794,743.1104636774526,False,179.928557,28.86123559219886,373.40003575788376,0.009266253000077995,1,True,304.656353,3,1,
413016,edge,smooth,1000.0,current,True,True,True,True,59.88895133713068,119.77790267426114,1442.5086922082721,False,117.421284,60.55061998989217,265.19593681879445,1.139530559999912,129,True,241.802735,3,1,
413016,edge,smooth,1000.0,shape,True,True,True,True,70.7316994507661,141.46339890153197,1759.2512469091885,False,113.875171,75.05754733798697,264.3091659460022,0.2562401679999766,31,True,232.927282,3,1,
413017,rotated,smooth,1000.0,on_bearing,True,True,True,True,372.6471435928323,745.2942871856645,6246.520111268801,False,155.0,375.15997449442136,476.6119810115109,0.008430463999957283,1,True,322.955828,3,1,
413017,rotated,smooth,1000.0,fixed_flank,True,True,True,True,18.02217230367318,36.04434460734636,475.1583858491166,True,179.928557,69.21568282479417,393.6029988422482,0.0088386250001804,1,True,281.243609,2,1,
413017,rotated,smooth,1000.0,current,True,True,True,True,17.455459832201207,34.91091966440241,304.5578914536038,True,163.510178,95.7900237313528,375.206137339336,1.1282425800000055,129,True,230.334776,2,1,
413017,rotated,smooth,1000.0,shape,True,True,True,True,17.16350673915591,34.32701347831182,253.65262753244804,True,161.866201,108.21779026864068,376.8481902497459,0.2522345330000917,31,True,218.934242,2,1,
413018,wrap,smooth,1000.0,on_bearing,True,True,True,True,269.9962677979501,539.9925355959002,2134.367838274242,False,155.0,375.1656011923804,476.615919700097,0.011234819999799583,1,True,267.900711,3,1,
413018,wrap,smooth,1000.0,fixed_flank,True,True,True,True,16.04573829083157,32.09147658166314,375.74308996963055,True,179.928557,69.18784984891238,393.65873894652793,0.008969243999899845,1,True,283.582878,2,1,
413018,wrap,smooth,1000.0,current,True,True,True,True,14.983272786697803,29.966545573395532,241.37427082087288,True,161.549053,98.89411048339947,375.6698837123637,1.146244508999871,129,True,228.688185,2,1,
413018,wrap,smooth,1000.0,shape,True,True,True,True,15.798886553955644,31.597773107911287,227.65587805181494,True,161.792374,108.34113625606432,376.73956324996135,0.2777729830002045,31,True,222.815955,2,1,
413019,short_range,smooth,1000.0,on_bearing,True,True,True,True,370.00223744341554,740.0044748868311,3390.2998499590317,False,155.0,375.1701313031179,476.61909077763346,0.009017858999868622,1,True,330.533897,3,1,
413019,short_range,smooth,1000.0,fixed_flank,True,True,True,True,16.571939466253784,33.14387893250757,23.803248222564154,True,179.928557,69.19004244432084,394.1778681842874,0.01094568899998194,1,True,361.142185,2,1,
413019,short_range,smooth,1000.0,current,True,True,True,True,17.417988119157148,34.83597623831428,25.045492474780833,True,162.716084,97.17916187331268,375.3670141346764,1.2762129349998759,129,True,326.202066,2,1,
413019,short_range,smooth,1000.0,shape,True,True,True,True,37.80716598752463,75.61433197504924,102.64354671219783,False,161.421949,107.92664277919985,375.8059014939415,0.30042288999993616,31,True,332.072288,3,1,
413020,center,zero,1250.0,on_bearing,True,True,True,True,370.00117414495645,740.0023482899129,4955.513725462492,False,155.0,375.16484624460327,476.61539123666955,0.01055595700017875,1,True,326.296467,3,1,
413020,center,zero,1250.0,fixed_flank,True,True,True,True,15.484856570344666,30.969713140689276,399.1438561518007,True,179.928557,69.227035088784,393.8535460535281,0.010276455000166607,1,True,280.309174,2,1,
413020,center,zero,1250.0,current,True,True,True,True,14.310995933079182,28.62199186615829,263.37924018304136,True,165.813507,90.4774855276754,375.8932417771205,1.1411033109998243,129,True,235.140545,2,1,
413020,center,zero,1250.0,shape,True,True,True,True,14.023176176372735,28.04635235274544,204.91644077813376,True,161.440501,107.979674955958,375.8773327331453,0.3916272100000242,31,True,217.269796,2,1,
413021,edge,zero,1250.0,on_bearing,True,True,True,True,250.41561987839873,500.78982092851203,4507.420206350449,False,155.0,372.5005763540742,474.7504023133106,0.008784265000031155,1,True,277.373754,3,1,
413021,edge,zero,1250.0,fixed_flank,True,True,True,True,31.875437594708565,63.75087518941713,956.0729088697957,False,179.928557,44.11182694112398,381.02531104447814,0.010524316000100953,1,True,331.413302,3,1,
413021,edge,zero,1250.0,current,True,True,True,True,49.17942590633418,98.35885181266826,1526.5178394104887,False,137.125458,79.30060775209303,316.2948058011829,1.0978696249999302,129,True,286.330093,3,1,
413021,edge,zero,1250.0,shape,True,True,True,True,56.09761588350173,112.19523176700346,1693.0875289446317,False,136.169052,90.47341151162615,316.5810448026886,0.29220044299995607,31,True,279.73842,3,1,
413022,rotated,zero,1250.0,on_bearing,True,True,True,True,370.0011650026099,740.0023300052198,4939.901697831672,False,155.0,375.15014981785265,476.6051037379318,0.011768701999926634,1,True,330.163698,3,1,
413022,rotated,zero,1250.0,fixed_flank,True,True,True,True,15.430016250043264,30.860032500086525,409.21002686195413,True,179.928557,69.21110480992886,394.0960683542968,0.00955462499996429,1,True,279.989087,2,1,
413022,rotated,zero,1250.0,current,True,True,True,True,13.904608614812362,27.80921722962472,243.58067355991193,True,162.650623,97.17348762716027,375.394982971853,1.1944169500000044,129,True,226.263539,2,1,
413022,rotated,zero,1250.0,shape,True,True,True,True,13.843278978601512,27.686557957203025,205.40102075665266,True,161.503572,108.0758821201352,376.04602819291824,0.3121621539999069,31,True,216.585476,2,1,
413023,wrap,zero,1250.0,on_bearing,True,True,True,True,370.0011038703293,740.0022077406585,4957.336864451817,False,155.0,375.1546258143705,476.6082369354514,0.008527850999826114,1,True,308.171253,3,1,
413023,wrap,zero,1250.0,fixed_flank,True,True,True,True,16.237859335818303,32.47571867163652,373.0332806379166,True,179.928557,69.20065182725223,393.59274579839587,0.008975358000043343,1,True,284.704233,2,1,
413023,wrap,zero,1250.0,current,True,True,True,True,15.487131162309973,30.974262324619865,248.24408582115484,True,161.327817,99.09526052574752,375.7234876767312,1.068618878000052,129,True,230.431932,2,1,
413023,wrap,zero,1250.0,shape,True,True,True,True,16.70056020568431,33.40112041136862,243.84326253678913,True,162.02565,107.89688695842625,376.9714421312524,0.2857986230001188,31,True,226.110666,2,1,
413024,short_range,zero,1250.0,on_bearing,True,True,True,True,370.0011012014278,740.0022024028556,4957.458336961304,False,155.0,375.1537762725954,476.60764225625553,0.010545389000071737,1,True,325.970209,3,1,
413024,short_range,zero,1250.0,fixed_flank,True,True,True,True,28.65026476219218,57.30052952438436,85.62729463396249,False,179.928557,69.21513887682465,394.02582749318276,0.012432622999995147,1,True,368.165862,3,1,
413024,short_range,zero,1250.0,current,True,True,True,True,37.514501710326066,75.02900342065209,109.46319545906954,False,163.373299,94.67204033729718,375.59049335089185,1.269436153000015,128,True,334.288506,3,1,
413024,short_range,zero,1250.0,shape,True,True,True,True,42.65217037690495,85.3043407538099,129.04940107729072,False,161.485854,108.03307339603441,375.97654174299674,0.3015527600000496,31,True,329.957999,3,1,
413025,center,positive,1250.0,on_bearing,True,True,True,True,203.3688784206832,406.7377568413664,1424.599753006667,False,155.0,375.15491810498395,476.60844153888445,0.008996569999908388,1,True,233.126982,3,1,
413025,center,positive,1250.0,fixed_flank,True,True,True,True,23.591108267681793,47.182216535363494,629.0597266949446,False,179.928557,69.20297600917347,393.59433118910925,0.010863167000024987,1,True,299.178527,3,1,
413025,center,positive,1250.0,current,True,True,True,True,27.2138713360796,54.4277426721592,504.45634398099503,False,161.362991,101.24680165660688,375.5439345247425,1.1482214829998156,129,True,249.040785,3,1,
413025,center,positive,1250.0,shape,True,True,True,True,26.10730816498464,52.21461632996917,437.5612664201444,False,161.996345,107.83632464443329,376.90161629312047,0.26319686100009676,31,True,242.487273,3,1,
413026,edge,positive,1250.0,on_bearing,True,True,True,True,195.09619186662107,390.1920449112184,2741.02729396417,False,155.0,372.5005319277327,474.75037121487185,0.010662562000106846,1,True,250.448709,3,1,
413026,edge,positive,1250.0,fixed_flank,True,True,True,True,34.77338316028364,69.5467663205671,1035.8622763525395,False,179.928557,35.066135766286614,376.5024858449278,0.00817987000004905,1,True,318.795265,3,1,
413026,edge,positive,1250.0,current,True,True,True,True,43.308999451416085,86.61799890283217,1198.318895306475,False,126.842697,71.53642747055754,288.6374806449267,1.1265999550000743,129,True,261.39948,3,1,
413026,edge,positive,1250.0,shape,True,True,True,True,68.88722380539407,137.77444761078792,2065.3523709741808,False,124.602001,81.58545223461662,289.01614569764615,0.293809395000153,31,True,255.185391,3,1,
413027,rotated,positive,1250.0,on_bearing,True,True,True,True,372.61881144255307,745.2373062021512,7140.447414550879,False,155.0,375.17371308954966,476.6215980281388,0.010299827999915578,1,True,286.27975,3,1,
413027,rotated,positive,1250.0,fixed_flank,True,True,True,True,34.310469492044184,68.62093898408826,1002.5238062232663,False,179.928557,69.18929786262213,394.25567908706523,0.011086477999924682,1,True,317.393277,3,1,
413027,rotated,positive,1250.0,current,True,True,True,True,48.74067319901823,97.48134639803631,1149.9076415184963,False,162.040925,101.2951416680827,375.2375510363329,1.2480359050000516,129,True,275.492794,3,1,
413027,rotated,positive,1250.0,shape,True,True,True,True,46.62631745311175,93.25263490622349,1014.251045933683,False,161.410191,107.94138857108369,375.79667062279015,0.37090079799986597,31,True,267.209198,3,1,
413028,wrap,positive,1250.0,on_bearing,True,True,True,True,168.915299887045,337.83059977408993,1082.4852228234774,False,155.0,375.1751222963937,476.62258447293027,0.012213301999963733,1,True,244.706513,3,1,
413028,wrap,positive,1250.0,fixed_flank,True,True,True,True,18.960483188376546,37.92096637675304,361.93017405150965,True,179.928557,69.23772782283464,393.71897688527406,0.01172538900004838,1,True,300.595399,2,1,
413028,wrap,positive,1250.0,current,True,True,True,True,23.645626536061187,47.291253072122316,363.5135004744644,False,163.402652,97.59053441757422,374.95055642746956,1.353666363000002,129,True,273.825393,3,1,
413028,wrap,positive,1250.0,shape,True,True,True,True,26.111064708603543,52.22212941720703,388.19456504477654,False,161.405721,107.89641677722386,375.74069893584885,0.30155227399995965,31,True,268.802693,3,1,
413029,short_range,positive,1250.0,on_bearing,True,True,True,True,361.68558637048136,723.3711727409627,3178.662639760323,False,155.0,375.15582367008955,476.6090754344644,0.010169783000037569,1,True,328.637268,3,1,
413029,short_range,positive,1250.0,fixed_flank,True,True,True,True,28.234626886322314,56.469253772644606,110.36114246058855,False,179.928557,69.19186878739926,393.95446155796077,0.013064387000213173,1,True,369.935555,3,1,
413029,short_range,positive,1250.0,current,True,True,True,True,36.522778364347246,73.04555672869449,158.09349018626858,False,163.741506,94.23892189313605,375.50982162677917,1.197879796000052,129,True,335.878149,3,1,
413029,short_range,positive,1250.0,shape,True,True,True,True,13.611136446436998,27.22227289287397,15.88557686135212,True,161.956119,107.98458120425,376.9036424680798,0.27821081800016145,31,True,325.335272,2,1,
413030,center,negative,1250.0,on_bearing,True,True,True,True,5.792229851256716,11.58445970251342,4.28094825294556,True,155.0,375.1546612705446,476.60826175477416,0.010080024999979287,1,True,167.157694,2,1,
413030,center,negative,1250.0,fixed_flank,True,True,True,True,15.427611512666305,30.855223025332602,410.0093365793207,True,179.928557,69.20112014064749,393.59306524843373,0.009089284999845404,1,True,279.975052,2,1,
413030,center,negative,1250.0,current,True,True,True,True,13.949078018244098,27.888468151015147,241.23333398089312,True,163.23359,98.21508700414829,374.9848549052292,1.1873113480000939,129,True,225.350656,2,1,
413030,center,negative,1250.0,shape,True,True,True,True,13.877785931659542,27.755571863319084,206.0226141062257,True,162.019541,107.80718400071204,376.95417389953843,0.2913802430000487,31,True,216.95974,2,1,
413031,edge,negative,1250.0,on_bearing,True,True,True,True,122.94906715951258,245.89813431902485,1010.381674612423,False,155.0,372.50057183913617,474.7503991528539,0.011244598000075712,1,True,214.869792,3,1,
413031,edge,negative,1250.0,fixed_flank,True,True,True,True,23.377219131603642,46.754438263207284,622.5135895832105,False,179.928557,28.861275480600064,373.40006246148243,0.01028662799990343,1,True,299.334612,3,1,
413031,edge,negative,1250.0,current,True,True,True,True,57.79241948017362,115.58483896034714,1563.7920104838608,False,104.722783,76.6441963953994,256.0154573942177,1.0880306649999056,129,True,223.232671,3,1,
413031,edge,negative,1250.0,shape,True,True,True,True,70.33138740501659,140.66277481003286,1521.9252350020893,False,109.690819,70.70559715888996,253.7458510736634,0.2682312990000355,31,True,224.08072,3,1,
413032,rotated,negative,1250.0,on_bearing,True,True,True,True,12.65129081568633,25.3025816313726,14.650791895482058,True,155.0,375.15414687714167,476.60790167943844,0.011216311999987738,1,True,168.529556,2,1,
413032,rotated,negative,1250.0,fixed_flank,True,True,True,True,15.464236872786266,30.928473745572422,401.9617381999687,True,179.928557,69.19635275468666,393.79318558488256,0.014904572999967058,1,True,280.188823,2,1,
413032,rotated,negative,1250.0,current,True,True,True,True,13.864227484065356,27.728454968130713,228.21229071317563,True,161.646557,100.8873446203358,375.49680459655633,1.3894432530000813,129,True,222.599368,2,1,
413032,rotated,negative,1250.0,shape,True,True,True,True,13.93160582377482,27.863211647549555,204.56424369735885,True,161.484143,108.01608150244942,375.9718834807916,0.3214377350000177,31,True,216.902862,2,1,
413033,wrap,negative,1250.0,on_bearing,True,True,True,True,240.30764727284318,480.61529454568625,1811.5574648289903,False,155.0,375.1732206837814,476.6212533440942,0.011948650000022099,1,True,245.450751,3,1,
413033,wrap,negative,1250.0,fixed_flank,True,True,True,True,24.271420837440058,48.54284167488004,650.1605711818638,False,179.928557,69.18803348419056,393.584138439528,0.010598374999972293,1,True,300.654809,3,1,
413033,wrap,negative,1250.0,current,True,True,True,True,27.880182028148326,55.76036405629665,535.0540583453464,False,163.350531,97.72763312500891,374.9926513124667,1.2612974770001983,129,True,253.730858,3,1,
413033,wrap,negative,1250.0,shape,True,True,True,True,27.852584481528947,55.70516896305781,477.53555121047066,False,161.718814,108.46521117092043,376.67616162684794,0.29844511299984333,31,True,244.262897,3,1,
413034,short_range,negative,1250.0,on_bearing,True,True,True,True,354.8148833728949,709.6297667457898,3098.451455437171,False,155.0,375.17799330938004,476.6245941820225,0.010819837999861193,1,True,325.610229,3,1,
413034,short_range,negative,1250.0,fixed_flank,True,True,True,True,20.36585936085509,40.731718721710166,34.429656143330064,False,179.928557,69.188676041767,393.5845767488846,0.010983924999891315,1,True,374.120169,3,1,
413034,short_range,negative,1250.0,current,True,True,True,True,20.50729010106027,41.014580202120506,33.2486853502165,False,161.534814,103.51261297769797,375.3960219585154,1.2106857920000493,129,True,336.255931,3,1,
413034,short_range,negative,1250.0,shape,True,True,True,True,20.375861279802734,40.75172255960541,32.59360196293694,False,161.397912,107.81774365513313,375.7230237053048,0.28816284700019423,31,True,335.91816,3,1,
413035,center,smooth,1250.0,on_bearing,True,True,True,True,372.6294252152273,745.2588504304545,7026.43346542256,False,155.0,375.1545997756366,476.60821870833524,0.010538102999817056,1,True,286.158881,3,1,
413035,center,smooth,1250.0,fixed_flank,True,True,True,True,36.729464674240965,73.45892934848192,1097.112392604088,False,179.928557,69.19929706890801,394.18806919464697,0.010678224000002956,1,True,320.158537,3,1,
413035,center,smooth,1250.0,current,True,True,True,True,44.788460437548274,89.57692087509646,1088.6956541327963,False,163.974217,93.82338403623956,375.4040435448244,1.0769276820001323,129,True,280.385272,3,1,
413035,center,smooth,1250.0,shape,True,True,True,True,49.24513562124751,98.49027124249491,1094.42655445451,False,162.043986,107.76962246331793,376.9616905578532,0.2611057009999058,31,True,269.741384,3,1,
413036,edge,smooth,1250.0,on_bearing,True,True,True,True,280.34443458392326,560.6865967539834,5636.31024435928,False,155.0,372.5005719952657,474.75039926214436,0.00900567200005753,1,True,295.241011,4,1,
413036,edge,smooth,1250.0,fixed_flank,True,True,True,True,47.86017382248677,95.72034764497354,1572.2175180495663,False,179.928557,49.63604706642311,383.78744828083586,0.008477627000047505,1,True,336.207682,3,1,
413036,edge,smooth,1250.0,current,True,True,True,True,75.67132416344111,151.34264832688217,2572.5775381645494,False,143.864623,84.02850122058896,330.4381088432767,1.0699888259998716,129,True,292.787829,3,1,
413036,edge,smooth,1250.0,shape,True,True,True,True,84.58919209181494,169.17838418362987,2806.7597887868683,False,142.33739,94.70372705624432,331.0347993135149,0.2989220489998843,31,True,286.8807,3,1,
413037,rotated,smooth,1250.0,on_bearing,True,True,True,True,372.6240473404685,745.2480946809369,3740.196437137056,False,155.0,375.1599809612575,476.6119855383233,0.010180934000118214,1,True,289.215585,3,1,
413037,rotated,smooth,1250.0,fixed_flank,True,True,True,True,28.501507608568676,57.00301521713735,789.976884544302,False,179.928557,69.1933429172527,393.94620846188957,0.009695803999875352,1,True,307.723427,3,1,
413037,rotated,smooth,1250.0,current,True,True,True,True,37.513131579341724,75.02626315868322,818.2333533901389,False,163.656144,96.77714838178335,374.9734079931484,1.2504644159998861,129,True,267.664479,3,1,
413037,rotated,smooth,1250.0,shape,True,True,True,True,35.17546192405837,70.35092384811662,671.4992132901237,False,161.459144,108.03303247000615,375.94912570262966,0.3277386800000386,31,True,253.928576,3,1,
413038,wrap,smooth,1250.0,on_bearing,True,True,True,True,245.0673366684991,490.1346733369982,1862.6707433852162,False,155.0,375.14471732824563,476.6013009952017,0.012009542999976475,1,True,248.123754,3,1,
413038,wrap,smooth,1250.0,fixed_flank,True,True,True,True,24.12602953266318,48.25205906532636,645.6159183460195,False,179.928557,69.20484560725542,394.21476629162,0.0101778819998799,1,True,300.231727,3,1,
413038,wrap,smooth,1250.0,current,True,True,True,True,26.834128273048126,53.66825654609617,507.79645368698016,False,163.649274,97.48079617998101,375.0655184301798,1.273754105999842,129,True,252.634074,3,1,
413038,wrap,smooth,1250.0,shape,True,True,True,True,25.89678270180463,51.79356540360926,433.1678769140624,False,161.534628,108.24973137565198,376.1958664331896,0.2961781559999963,31,True,241.461676,3,1,
413039,short_range,smooth,1250.0,on_bearing,True,True,True,True,370.0010740422839,740.0021480845678,4955.513720324119,False,155.0,375.1511645014781,476.6058140164713,0.010594821999802662,1,True,324.349996,3,1,
413039,short_range,smooth,1250.0,fixed_flank,True,True,True,True,27.746009036246942,55.492018072493885,137.65707964477275,False,179.928557,69.21224286520582,394.07254649939955,0.011321003999910317,1,True,366.282511,3,1,
413039,short_range,smooth,1250.0,current,True,True,True,True,35.211752710601154,70.42350542120231,143.6442934976808,False,164.973353,90.58437395300555,376.00433002227976,1.3002118480001172,129,True,335.501727,3,1,
413039,short_range,smooth,1250.0,shape,True,True,True,True,44.01364876444345,88.0272975288869,189.90461347255575,False,161.49842,108.15773046002666,376.054199663302,0.3044897569998284,31,True,327.65756,3,1,
413040,center,zero,1500.0,on_bearing,True,True,True,True,372.6181389735096,745.1293450611822,9916.247867274928,False,155.0,375.1474950599381,476.6032454073896,0.010745831999884103,1,True,330.901689,4,1,
413040,center,zero,1500.0,fixed_flank,True,True,True,True,67.3162820041262,134.6325640082524,2536.7207735225124,False,179.928557,69.20140514268668,394.20206559425174,0.010605459000089468,1,True,362.421698,3,1,
413040,center,zero,1500.0,current,True,True,True,True,89.74173189474112,179.48346378948224,3364.284294863818,False,163.487229,96.66334512273075,375.04633127159536,1.190454391000003,129,True,330.233007,3,1,
413040,center,zero,1500.0,shape,True,True,True,True,96.10254768521371,192.2050953704272,3653.297100027035,False,161.51792,108.21777532099449,376.12895333829385,0.29659341000001405,31,True,323.699972,3,1,
413041,edge,zero,1500.0,on_bearing,True,True,True,True,292.99996680441757,585.9425616889229,6154.710168835565,False,155.0,372.50054888085106,474.7503830820518,0.010377620000099341,1,True,303.099388,4,1,
413041,edge,zero,1500.0,fixed_flank,True,True,True,True,50.05569798668948,100.11139597337876,1786.3873184721951,False,179.928557,52.12396319710425,385.03140199011534,0.009667212999829644,1,True,342.48376,3,1,
413041,edge,zero,1500.0,current,True,True,True,True,74.42827093866251,148.85654187732501,2639.8850583026647,False,144.435424,96.71904427230156,337.0708101196459,1.0929952379999577,129,True,293.764907,3,1,
413041,edge,zero,1500.0,shape,True,True,True,True,74.38949261324441,148.77898522648863,2622.270758199337,False,145.444977,96.28846814107547,338.04574240606644,0.2753907410001375,31,True,293.616334,3,1,
413042,rotated,zero,1500.0,on_bearing,True,True,True,True,372.5951065650278,745.117901822176,9917.04375297793,False,155.0,375.1562132224795,476.6093481211389,0.008535473000165439,1,True,287.460098,3,1,
413042,rotated,zero,1500.0,fixed_flank,True,True,True,True,40.43440595976492,80.86881191952973,1248.2600705888353,False,179.928557,69.19136202597306,393.9303450440086,0.010861136999892551,1,True,325.12284,3,1,
413042,rotated,zero,1500.0,current,True,True,True,True,54.093512843109316,108.18702568621852,1403.6757526843228,False,163.476328,95.84074502001604,375.22947085608735,1.1644637350000266,129,True,287.099256,3,1,
413042,rotated,zero,1500.0,shape,True,True,True,True,61.248108950797295,122.49621790159459,1507.6858416197852,False,161.943945,107.93733896260441,376.84473075716346,0.2725703070000236,31,True,279.613498,3,1,
413043,wrap,zero,1500.0,on_bearing,True,True,True,True,370.00114004029336,740.0022800805867,4957.458357049266,False,155.0,375.1564280810185,476.6094985221171,0.009652713999912521,1,True,290.784031,3,1,
413043,wrap,zero,1500.0,fixed_flank,True,True,True,True,18.084776062098285,36.16955212419652,364.84996505612537,True,179.928557,69.19112118925207,393.91831705088515,0.008616315000153918,1,True,295.48415,2,1,
413043,wrap,zero,1500.0,current,True,True,True,True,19.475159042076065,38.95031808415208,309.3155383537648,True,161.410498,99.08323488286734,375.73953407035117,1.1726497449999442,129,True,245.714028,2,1,
413043,wrap,zero,1500.0,shape,True,True,True,True,22.06098981697144,44.12197963394283,335.44306909720933,False,161.937861,107.97989125129385,376.84836553573945,0.2783566670000255,31,True,254.482033,3,1,
413044,short_range,zero,1500.0,on_bearing,True,True,True,True,370.0011432880354,740.0022865760708,4957.4583567715035,False,155.0,375.1568979628144,476.6098274393763,0.010209567999936553,1,True,330.917738,3,1,
413044,short_range,zero,1500.0,fixed_flank,True,True,True,True,18.54639916460638,37.09279832921276,29.09262788573309,True,179.928557,69.2093883717626,393.5987052361708,0.009444328999961726,1,True,360.802656,2,1,
413044,short_range,zero,1500.0,current,True,True,True,True,23.381357244559283,46.76271448911853,42.83938134866435,False,164.031253,93.73769673412274,375.4517222633358,1.2023627809999198,129,True,338.580784,3,1,
413044,short_range,zero,1500.0,shape,True,True,True,True,27.608853753023894,55.21770750604779,56.82280208480589,False,161.925697,108.06501204553923,376.85473405520156,0.2862365039998167,31,True,333.921618,3,1,
413045,center,positive,1500.0,on_bearing,True,True,True,True,51.51066452358971,103.02132904717934,159.5603839099026,False,155.0,375.1645422187671,476.6151784185653,0.01045306400010304,1,True,190.644229,3,1,
413045,center,positive,1500.0,fixed_flank,True,True,True,True,18.47168501168548,36.94337002337096,486.0657953162477,True,179.928557,69.2230874591614,393.6080497163862,0.0106987899998785,1,True,281.654971,2,1,
413045,center,positive,1500.0,current,True,True,True,True,17.69629688886422,35.39259377772837,303.9132324290506,True,163.364461,96.96953929985209,375.1072701262714,1.1467481810000208,129,True,229.375628,2,1,
413045,center,positive,1500.0,shape,True,True,True,True,17.559831555802823,35.11966311160565,260.10953067430205,True,161.804458,108.25565625549348,376.732013310501,0.27759908600000927,31,True,219.259667,2,1,
413046,edge,positive,1500.0,on_bearing,True,True,True,True,105.59190956327409,211.18381912654797,783.0321895149573,False,155.0,372.5005552648508,474.75038755085393,0.008063762999881874,1,True,210.834871,3,1,
413046,edge,positive,1500.0,fixed_flank,True,True,True,True,22.984549321276443,45.969098642552886,610.6087679735288,False,179.928557,28.86123965078106,373.400038474933,0.011346532000061416,1,True,298.090583,3,1,
413046,edge,positive,1500.0,current,True,True,True,True,44.96222636084726,89.92445272169441,1098.7078503155706,False,103.336338,68.95720262486884,246.30565618289475,1.2101501129998269,129,True,219.213368,3,1,
413046,edge,positive,1500.0,shape,True,True,True,True,61.48381908427041,122.9676381685407,1488.8633510682791,False,106.096174,68.09721543896951,245.25523304475985,0.26126225500001965,31,True,218.289622,3,1,
413047,rotated,positive,1500.0,on_bearing,True,True,True,True,372.6492764949754,745.2948495067573,9539.702641134645,False,155.0,375.15989885524607,476.6119280640884,0.008834564999915528,1,True,301.562936,3,1,
413047,rotated,positive,1500.0,fixed_flank,True,True,True,True,53.7566618801113,107.5133237602224,1847.7745594528535,False,179.928557,69.21554633609101,393.60290573996394,0.010149949000151537,1,True,361.010659,4,1,
413047,rotated,positive,1500.0,current,True,True,True,True,77.96522123645256,155.9304424729049,2294.0262338841894,False,162.802398,100.43259301006715,374.95823369860557,1.1740705300001082,129,True,308.69389,3,1,
413047,rotated,positive,1500.0,shape,True,True,True,True,84.49200717045912,168.98401434091804,2422.963404449886,False,161.867413,108.20926179329317,376.84744990347184,0.2632386719999431,31,True,304.858592,3,1,
413048,wrap,positive,1500.0,on_bearing,True,True,True,True,338.7215991014672,677.4431982029341,2911.6504778514973,False,155.0,375.1737130895507,476.62159802813915,0.01069436499983567,1,True,281.441814,3,1,
413048,wrap,positive,1500.0,fixed_flank,True,True,True,True,26.21414173095891,52.42828346191774,712.6201225736277,False,179.928557,69.23627582183536,393.74130629808616,0.010996837999982745,1,True,303.89304,3,1,
413048,wrap,positive,1500.0,current,True,True,True,True,31.086207584453348,62.172415168906696,622.1744416904465,False,163.411102,97.69539205715711,375.0065061930602,1.277192113999945,129,True,258.059299,3,1,
413048,wrap,positive,1500.0,shape,True,True,True,True,33.625372192438405,67.25074438487671,630.226237570434,False,161.410191,107.94138857108966,375.7966706227913,0.32186024799989355,31,True,251.300894,3,1,
413049,short_range,positive,1500.0,on_bearing,True,True,True,True,344.98177913230245,689.9635582646048,2984.1286577093533,False,155.0,375.15634053101496,476.6094372371142,0.010952820000056818,1,True,321.47218,3,1,
413049,short_range,positive,1500.0,fixed_flank,True,True,True,True,27.35429308839032,54.70858617678064,158.18291460269177,False,179.928557,69.2079693337633,393.5977372727601,0.010056248999944728,1,True,364.656345,3,1,
413049,short_range,positive,1500.0,current,True,True,True,True,36.64139685630834,73.28279371261667,224.18941058628087,False,162.109367,98.75983801904557,375.3871037357777,1.1771191129998897,129,True,326.572932,3,1,
413049,short_range,positive,1500.0,shape,True,True,True,True,42.30719431692334,84.61438863384669,270.10758003583567,False,161.940294,107.96286968724647,376.84691098576627,0.2922567319999416,31,True,325.584449,3,1,
413050,center,negative,1500.0,on_bearing,True,True,True,True,37.509669621136595,75.01933924227319,92.83116728007053,False,155.0,375.15924220179414,476.61146840667004,0.009943513000052917,1,True,187.787335,3,1,
413050,center,negative,1500.0,fixed_flank,True,True,True,True,17.35042936400971,34.700858728019405,459.4972945509717,True,179.928557,69.21433299524296,393.60207809024496,0.010493537000002107,1,True,280.712314,2,1,
413050,center,negative,1500.0,current,True,True,True,True,16.783288488993872,33.566576977987616,291.9107584326882,True,164.168108,95.43817441070088,375.05722656639114,1.2355980380000346,129,True,230.083764,2,1,
413050,center,negative,1500.0,shape,True,True,True,True,16.54070287771066,33.081405755421265,243.58515389579412,True,161.878329,108.13251528310845,376.7955769234226,0.28288686200016855,31,True,218.313015,2,1,
413051,edge,negative,1500.0,on_bearing,True,True,True,True,289.79462622615256,579.5892486974832,5996.852281747053,False,155.0,372.50057152416855,474.75039893237647,0.009018473999958587,1,True,298.804768,4,1,
413051,edge,negative,1500.0,fixed_flank,True,True,True,True,49.20686140386079,98.41372280772158,1756.2793824075222,False,179.928557,51.47401386167217,384.70643159867575,0.009453240999846457,1,True,342.838925,3,1,
413051,edge,negative,1500.0,current,True,True,True,True,62.237171490279216,124.47434298055833,2124.071904061687,False,143.441194,91.56691069336192,335.4247965324802,1.3318448269999408,129,True,293.684943,3,1,
413051,edge,negative,1500.0,shape,True,True,True,True,87.03106743352707,174.06213486705414,2878.0877810878105,False,144.301648,95.37915038721947,335.3032868439725,0.29126597999993464,31,True,292.662792,3,1,
413052,rotated,negative,1500.0,on_bearing,True,True,True,True,372.6291503730709,745.2407582583392,9211.21312816957,False,155.0,375.1572055973361,476.61004278354176,0.010785018000206037,1,True,295.199883,3,1,
413052,rotated,negative,1500.0,fixed_flank,True,True,True,True,49.80076044963989,99.60152089927968,1661.19063537974,False,179.928557,69.21011595831378,393.59920154200404,0.00904166600003009,1,True,339.570951,3,1,
413052,rotated,negative,1500.0,current,True,True,True,True,69.73138520280222,139.46277040560443,1922.1568912762386,False,162.094637,102.3229870664291,375.1888114848395,1.170887372999914,129,True,298.030052,3,1,
413052,rotated,negative,1500.0,shape,True,True,True,True,85.27191206940763,170.54382413881515,2457.292999998618,False,161.918403,108.11609490393734,376.90446559807583,0.3214466770000399,31,True,304.978443,3,1,
413053,wrap,negative,1500.0,on_bearing,True,True,True,True,72.59493981258605,145.1898796251721,283.86365314211446,False,155.0,375.1657759409678,476.6160420241257,0.009780502000012348,1,True,202.633218,3,1,
413053,wrap,negative,1500.0,fixed_flank,True,True,True,True,16.371124240005653,32.742248480011305,371.6402774024399,True,179.928557,69.19121652012986,394.0810160936495,0.009894158999941283,1,True,285.482062,2,1,
413053,wrap,negative,1500.0,current,True,True,True,True,16.306044359713972,32.61208871942786,262.24632480886544,True,163.461881,97.56701987269341,374.9270354160253,1.2777782349999143,129,True,234.788206,2,1,
413053,wrap,negative,1500.0,shape,True,True,True,True,16.930839943121388,33.861679886242776,248.5482237234752,True,161.437121,107.94584399094087,375.8238845659105,0.3426036760001807,31,True,226.779521,2,1,
413054,short_range,negative,1500.0,on_bearing,True,True,True,True,370.0023108437384,740.0046216874767,3305.241337994412,False,155.0,375.1622191856631,476.61355229538646,0.014093614000103116,1,True,332.825078,3,1,
413054,short_range,negative,1500.0,fixed_flank,True,True,True,True,2.2918500466784266,4.583700093356853,1.0846703017718011,True,179.928557,69.21949450549619,393.605598880725,0.011505445000011605,1,True,363.604787,2,1,
413054,short_range,negative,1500.0,current,True,True,True,True,39.133928544550315,78.26785708910062,120.50352281741061,False,163.352707,96.98740545654562,375.114923467596,1.1885993870000675,129,True,339.109373,3,1,
413054,short_range,negative,1500.0,shape,True,True,True,True,2.3462181287504076,4.692436257500815,1.0296863033543153,True,161.83349,108.18321646003773,376.7353998491275,0.28908773900002416,31,True,327.257643,2,1,
413055,center,smooth,1500.0,on_bearing,True,True,True,True,372.6548528015005,745.2627542901329,9917.780885333708,False,155.0,375.15528433491386,476.6086978998383,0.00829166699986672,1,True,318.157892,4,1,
413055,center,smooth,1500.0,fixed_flank,True,True,True,True,60.74915004871721,121.49830009743424,2193.859111159511,False,179.928557,69.1928070516227,393.99084344300167,0.012183629999981349,1,True,355.868765,3,1,
413055,center,smooth,1500.0,current,True,True,True,True,88.46366029265873,176.92732058531726,2771.109269929001,False,161.815204,100.86500646031082,375.3952077746669,1.1706623630000195,129,True,315.686593,3,1,
413055,center,smooth,1500.0,shape,True,True,True,True,93.0773712934586,186.1547425869172,2798.2382012189146,False,161.976832,107.97228585327777,376.9123101236574,0.2676836530001765,31,True,309.95881,3,1,
413056,edge,smooth,1500.0,on_bearing,True,True,True,True,279.0624787507581,558.1030095262478,5586.129118114799,False,155.0,372.50056563546053,474.7503948102806,0.008828113000163285,1,True,294.944928,4,1,
413056,edge,smooth,1500.0,fixed_flank,True,True,True,True,46.796828640939815,93.59365728187963,1524.199708321573,False,179.928557,49.37598945986945,383.6573991752829,0.0099496079999426,1,True,334.504541,3,1,
413056,edge,smooth,1500.0,current,True,True,True,True,80.19932649587903,160.39865299175784,2752.9370199030805,False,141.674568,94.77958608745624,330.25929357186,1.2634003750001739,129,True,285.907513,3,1,
413056,edge,smooth,1500.0,shape,True,True,True,True,80.30928813765993,160.61857627531964,2747.5481939463634,False,142.064767,94.84499933598876,330.5443021593184,0.2788787360000242,31,True,285.721001,3,1,
413057,rotated,smooth,1500.0,on_bearing,True,True,True,True,372.66144770454105,745.295290866048,9917.722096948031,False,155.0,375.16168662636505,476.6131795038767,0.010907704000146623,1,True,285.772938,3,1,
413057,rotated,smooth,1500.0,fixed_flank,True,True,True,True,39.70774762043707,79.41549524087394,1218.038497120996,False,179.928557,69.18840510380618,393.7402580694702,0.01076048200002333,1,True,324.473063,3,1,
413057,rotated,smooth,1500.0,current,True,True,True,True,54.32737494741447,108.65474989482894,1414.7509542872342,False,162.909211,96.08016640962656,375.478925910259,1.2484022450000793,129,True,288.691781,3,1,
413057,rotated,smooth,1500.0,shape,True,True,True,True,56.827521319442575,113.65504263888508,1348.5429028769431,False,161.840755,108.26451517831818,376.7975750808862,0.2623149739999917,31,True,275.123149,3,1,
413058,wrap,smooth,1500.0,on_bearing,True,True,True,True,372.63162635718334,745.2328247532344,9917.99131678875,False,155.0,375.15127917126983,476.60589428532523,0.011190956000064034,1,True,320.914783,4,1,
413058,wrap,smooth,1500.0,fixed_flank,True,True,True,True,63.09724949708306,126.19449899416593,2314.5255015481534,False,179.928557,69.21237098877418,394.07256585011464,0.0093251399998735,1,True,357.874281,3,1,
413058,wrap,smooth,1500.0,current,True,True,True,True,95.43438289894438,190.86876579788876,3158.3161214248903,False,163.717886,97.44015541714707,375.1886596918274,1.3190490769998178,129,True,328.336947,3,1,
413058,wrap,smooth,1500.0,shape,True,True,True,True,100.63693983250526,201.2738796650103,3145.8591572766663,False,161.497848,108.15206232546757,376.0528699384353,0.3099731280001379,31,True,316.744653,3,1,
413059,short_range,smooth,1500.0,on_bearing,True,True,True,True,370.00134466160466,740.0026893232093,4897.950935032685,False,155.0,375.17441460902637,476.62208909177275,0.011504619000106686,1,True,324.974834,3,1,
413059,short_range,smooth,1500.0,fixed_flank,True,True,True,True,27.495156161246076,54.99031232249215,150.9388130602709,False,179.928557,69.23699914468192,393.7301322674293,0.009578431000136334,1,True,364.839667,3,1,
413059,short_range,smooth,1500.0,current,True,True,True,True,36.918940962800534,73.83788192560107,192.91029209644523,False,163.231705,96.4164212193901,375.2066373203836,1.3246821340001134,129,True,329.615851,3,1,
413059,short_range,smooth,1500.0,shape,True,True,True,True,36.87972819409893,73.75945638819783,97.9360591837539,False,161.407955,107.91890124399174,375.7905658944983,0.32877949699991404,31,True,332.939501,3,1,
413060,center,zero,1000.0,on_bearing,True,True,True,True,370.0010774037638,740.0021548075276,4957.336842102455,False,155.0,375.1474950599384,476.60324540738964,0.010372836999977153,1,True,304.649447,3,1,
413060,center,zero,1000.0,fixed_flank,True,True,True,True,16.493930221030656,32.987860442061205,370.604924416761,True,179.928557,69.20140514268569,394.20206559425134,0.013126412000019627,1,True,286.198845,2,1,
413060,center,zero,1000.0,current,True,True,True,True,16.80160208721295,33.6032041744259,263.69637027855947,True,162.994318,100.29542905834373,375.1586310803996,1.4964487089998784,129,True,233.737608,2,1,
413060,center,zero,1000.0,shape,True,True,True,True,17.338724246715127,34.677448493430155,255.1200275610631,True,161.51792,108.21777532099603,376.1289533382938,0.3471789790000912,31,True,227.938054,2,1,
413061,edge,zero,1000.0,on_bearing,True,True,True,True,108.67329648794629,217.33419933617117,870.5272572633821,False,155.0,372.5005821237069,474.75040635205306,0.011682807999932265,1,True,212.936634,3,1,
413061,edge,zero,1000.0,fixed_flank,True,True,True,True,23.32179653765824,46.64359307531648,620.824384401726,False,179.928557,28.861285759242712,373.40006934259935,0.011643860000049244,1,True,298.863628,3,1,
413061,edge,zero,1000.0,current,True,True,True,True,52.481479640596625,104.96295928119318,1378.2029803744285,False,105.221851,67.78385915077277,247.3819061264871,1.3435588080001253,129,True,221.030249,3,1,
413061,edge,zero,1000.0,shape,True,True,True,True,53.774258242655115,107.54851648531005,1375.216623754442,False,106.730041,69.76951841214292,247.34662935410586,0.3048719490000167,31,True,219.368694,3,1,
413062,rotated,zero,1000.0,on_bearing,True,True,True,True,370.0011783456818,740.0023566913635,4956.97233767128,False,155.0,375.17322068378184,476.62125334409427,0.010893916999975772,1,True,321.784351,3,1,
413062,rotated,zero,1000.0,fixed_flank,True,True,True,True,15.59221010164987,31.184420203299652,390.0770343622595,True,179.928557,69.18803348419107,393.58413843952815,0.012258736000148929,1,True,280.935766,2,1,
413062,rotated,zero,1000.0,current,True,True,True,True,14.251829094512054,28.503658189024094,238.36904436626082,True,162.761232,97.0888031896865,375.33283784613093,1.4436413509999966,129,True,227.637842,2,1,
413062,rotated,zero,1000.0,shape,True,True,True,True,14.469290952137428,28.93858190427483,207.2477022250372,True,161.718814,108.46521117092058,376.676161626848,0.3657023430000663,31,True,218.407012,2,1,
413063,wrap,zero,1000.0,on_bearing,True,True,True,True,370.00111889712247,740.0022377942448,4955.513742564422,False,155.0,375.1554284084944,476.6087987513347,0.009333960000049046,1,True,323.997474,3,1,
413063,wrap,zero,1000.0,fixed_flank,True,True,True,True,15.532961236203212,31.065922472406424,394.3069645363288,True,179.928557,69.19720640821996,394.13814407648385,0.013045963999957166,1,True,280.589947,2,1,
413063,wrap,zero,1000.0,current,True,True,True,True,13.943374632914193,27.886749265828385,232.56636202714253,True,161.282031,99.11688973848516,375.7390147307418,1.4051849110001058,129,True,224.502603,2,1,
413063,wrap,zero,1000.0,shape,True,True,True,True,14.300984612295586,28.601969224591112,206.60148056867294,True,162.054996,107.8253849854386,377.02139250925916,0.3460126269999364,31,True,218.384866,2,1,
413064,short_range,zero,1000.0,on_bearing,True,True,True,True,370.0011165113403,740.0022330226806,4957.458358158191,False,155.0,375.1547588301054,476.60833004646776,0.011919489000092653,1,True,331.197783,3,1,
413064,short_range,zero,1000.0,fixed_flank,True,True,True,True,17.137694000114394,34.27538800022873,25.26537763058408,True,179.928557,69.1944290369063,394.0518321140363,0.013018327999816393,1,True,361.044875,2,1,
413064,short_range,zero,1000.0,current,True,True,True,True,22.928013696132496,45.85602739226494,41.063391391102115,False,162.025424,99.01241767638616,375.4405188242957,1.559370768000008,129,True,334.80512,3,1,
413064,short_range,zero,1000.0,shape,True,True,True,True,26.13044532153054,52.26089064306104,51.319839416425054,False,162.00855,107.88359707073954,376.96057826482746,0.3392786710001019,31,True,334.48769,3,1,
413065,center,positive,1000.0,on_bearing,True,True,True,True,42.01416737753688,84.02833475507364,112.7415461666055,False,155.0,375.17284486375803,476.62099027008367,0.01192532899995058,1,True,191.420761,3,1,
413065,center,positive,1000.0,fixed_flank,True,True,True,True,15.640771044232698,31.281542088465397,387.4007920491023,True,179.928557,69.18946176404552,394.23619478410853,0.011331973000096696,1,True,281.219202,2,1,
413065,center,positive,1000.0,current,True,True,True,True,14.781306755203264,29.562613510406454,239.21538665890006,True,163.127512,98.00163397291847,375.0102948744959,1.7775134539999726,129,True,228.645933,2,1,
413065,center,positive,1000.0,shape,True,True,True,True,14.578325056877336,29.156650113754655,210.53696079047518,True,161.412987,107.96950175365549,375.8043060523517,0.40926681199994164,31,True,219.130661,2,1,
413066,edge,positive,1000.0,on_bearing,True,True,True,True,158.23674663151047,316.4734932630207,1695.9238405280344,False,155.0,372.5005739129544,474.7504006045265,0.011396975000025122,1,True,227.50839,3,1,
413066,edge,positive,1000.0,fixed_flank,True,True,True,True,26.80064866518232,53.60129733036459,732.0787148599453,False,179.928557,29.888965650880316,373.9138824131313,0.01219113499996638,1,True,305.218281,3,1,
413066,edge,positive,1000.0,current,True,True,True,True,63.776356396889675,127.55271279377935,1847.7591942072545,False,113.637482,75.65368513906088,272.22005811349004,1.4097079910000048,129,True,241.431554,3,1,
413066,edge,positive,1000.0,shape,True,True,True,True,73.47443024250792,146.94886048501564,1670.2701479592845,False,116.908662,76.41810517012203,271.03514660713046,0.2974121769998419,31,True,235.944318,3,1,
413067,rotated,positive,1000.0,on_bearing,True,True,True,True,250.01751003913998,500.03502007827984,1916.099838349357,False,155.0,375.1581819247853,476.61072621276037,0.012944949000029737,1,True,248.807021,3,1,
413067,rotated,positive,1000.0,fixed_flank,True,True,True,True,24.68396099939789,49.36792199879578,663.1572702318336,False,179.928557,69.21224286598805,393.6006523605209,0.01652700299996468,1,True,300.964871,3,1,
413067,rotated,positive,1000.0,current,True,True,True,True,29.091740992411758,58.18348198482338,572.3876173944004,False,161.266977,98.61334699143522,375.88907021078825,1.3357141960000263,129,True,254.273739,3,1,
413067,rotated,positive,1000.0,shape,True,True,True,True,28.151502398914122,56.303004797828144,485.83510577095285,False,161.897749,108.12854967778678,376.8507434282961,0.30234812100002273,31,True,244.961612,3,1,
413068,wrap,positive,1000.0,on_bearing,True,True,True,True,115.1818295686406,230.3636591372812,600.0083866497434,False,155.0,375.16662147036493,476.6166338946874,0.01206947100013167,1,True,206.974134,3,1,
413068,wrap,positive,1000.0,fixed_flank,True,True,True,True,21.03820425151034,42.07640850302068,553.9141087245885,False,179.928557,69.2254309384311,393.6096482550304,0.012937676000092324,1,True,295.277978,3,1,
413068,wrap,positive,1000.0,current,True,True,True,True,21.896870187339697,43.793740374679395,381.9245590591062,False,162.9527,99.09931858421874,374.9891642971078,1.1654379609999523,129,True,244.195107,3,1,
413068,wrap,positive,1000.0,shape,True,True,True,True,21.696232933725728,43.39246586745137,339.0443626111186,False,161.786335,108.38388443795627,376.7430970334897,0.27267623500006266,31,True,236.400942,3,1,
413069,short_range,positive,1000.0,on_bearing,True,True,True,True,361.6854098190022,723.3708196380044,3178.6626353831493,False,155.0,375.150936318199,476.60565428817534,0.011276886000132436,1,True,329.127376,3,1,
413069,short_range,positive,1000.0,fixed_flank,True,True,True,True,28.379200654767928,56.758401309535856,101.91760399254426,False,179.928557,69.211987621863,394.0725085559992,0.01151348100006544,1,True,370.818547,3,1,
413069,short_range,positive,1000.0,current,True,True,True,True,10.861534661108578,21.723069322217153,10.99947487489416,True,163.459581,96.69494745178413,375.06449218041774,1.2246611449998,129,True,328.924121,2,1,
413069,short_range,positive,1000.0,shape,True,True,True,True,10.800383858849374,21.600767717698744,10.685180594910442,True,161.499564,108.16906727356802,376.05685976234395,0.2803542110000308,31,True,324.964547,2,1,
413070,center,negative,1000.0,on_bearing,True,True,True,True,63.137318539747824,126.2746370794956,224.9240189817815,False,155.0,375.15621322247887,476.60934812113874,0.007519728000033865,1,True,198.757012,3,1,
413070,center,negative,1000.0,fixed_flank,True,True,True,True,16.159373125169285,32.31874625033852,374.0222825378105,True,179.928557,69.191362025972,393.9303450440083,0.0095574150000175,1,True,284.246132,2,1,
413070,center,negative,1000.0,current,True,True,True,True,15.110781266585928,30.2215625331718,256.8209792777228,True,164.125723,93.5376442712397,375.4553619586095,1.0462296719999813,129,True,234.919857,2,1,
413070,center,negative,1000.0,shape,True,True,True,True,15.713341328698831,31.426682657397663,226.70236423221684,True,161.943945,107.93733896260225,376.8447307571627,0.25031911800010676,31,True,222.782916,2,1,
413071,edge,negative,1000.0,on_bearing,True,True,True,True,145.0506853019406,290.10137060388104,1485.9342312352273,False,155.0,372.50055773339557,474.75038927883526,0.008317435999970257,1,True,225.842866,3,1,
413071,edge,negative,1000.0,fixed_flank,True,True,True,True,26.72277906998805,53.44555813997606,729.4798510216102,False,179.928557,28.861261382988584,373.40005302372765,0.009409355999878244,1,True,304.385563,3,1,
413071,edge,negative,1000.0,current,True,True,True,True,52.243187048838514,104.48637409767694,1383.697155515309,False,113.927956,75.16359584579723,264.7479262820234,1.0838504010000634,129,True,233.17504,3,1,
413071,edge,negative,1000.0,shape,True,True,True,True,69.80910298743528,139.61820597487053,1740.6282412968367,False,114.275867,73.91279693317021,264.5381849376032,0.2536842209999577,31,True,233.381362,3,1,
413072,rotated,negative,1000.0,on_bearing,True,True,True,True,63.708156887764154,127.41631377552827,228.34147162559475,False,155.0,375.1646926443506,476.6152837164927,0.009540368999978455,1,True,193.100446,3,1,
413072,rotated,negative,1000.0,fixed_flank,True,True,True,True,18.616171444145635,37.23234288829127,489.6401782995482,True,179.928557,69.19156071615045,394.06175283759063,0.010715096000012636,1,True,281.795547,2,1,
413072,rotated,negative,1000.0,current,True,True,True,True,18.455245711955087,36.91049142391017,318.3956045187369,True,163.667725,96.7877982736001,374.9700739129538,1.1320034150000993,129,True,230.4937,2,1,
413072,rotated,negative,1000.0,shape,True,True,True,True,18.742436777462714,37.48487355492543,283.3289423115288,True,161.441065,107.98531407921702,375.8788698142315,0.2797670580000613,31,True,220.718099,2,1,
413073,wrap,negative,1000.0,on_bearing,True,True,True,True,73.49559334533171,146.99118669066343,289.72348425939106,False,155.0,375.15872691752435,476.6111077077097,0.010229371999912473,1,True,202.995252,3,1,
413073,wrap,negative,1000.0,fixed_flank,True,True,True,True,16.38962072891464,32.779241457829194,371.4707609033284,True,179.928557,69.19390587893923,393.90775906160053,0.00988485299990316,1,True,285.59002,2,1,
413073,wrap,negative,1000.0,current,True,True,True,True,16.363171658345305,32.72634331669061,263.1988055239653,True,163.5128,97.56558314625845,374.911202517683,1.1106392550000237,129,True,235.035656,2,1,
413073,wrap,negative,1000.0,shape,True,True,True,True,17.00817397363369,34.016347947267285,249.70309141886318,True,161.464244,108.0838768201712,375.96301825320575,0.2971239369999239,31,True,226.974727,2,1,
413074,short_range,negative,1000.0,on_bearing,True,True,True,True,335.67536705546985,671.3507341109397,2876.4707220752025,False,155.0,375.1743677784377,476.6220563103558,0.0073563329999615235,1,True,317.616543,3,1,
413074,short_range,negative,1000.0,fixed_flank,True,True,True,True,28.471437657912205,56.94287531582439,96.44191858905697,False,179.928557,69.23627582293602,393.63750857582545,0.010003218999827368,1,True,366.941111,3,1,
413074,short_range,negative,1000.0,current,True,True,True,True,37.36051853273436,74.72103706546869,101.29589936526338,False,162.280305,102.0038529314073,375.12072572216016,1.0639938360000087,129,True,337.205181,3,1,
413074,short_range,negative,1000.0,shape,True,True,True,True,37.34603905801229,74.69207811602455,100.11823147481172,False,161.709187,108.53377570904681,376.68233390842045,0.26205936600013047,31,True,335.862179,3,1,
413075,center,smooth,1000.0,on_bearing,True,True,True,True,54.07371307945924,108.14742615891835,173.24632882129788,False,155.0,375.1576457664129,476.6103509018979,0.00892713600001116,1,True,190.882323,3,1,
413075,center,smooth,1000.0,fixed_flank,True,True,True,True,15.452121941542313,30.904243883084558,403.99849891386935,True,179.928557,69.21110481069331,393.5998760638503,0.008840625999937402,1,True,280.118112,2,1,
413075,center,smooth,1000.0,current,True,True,True,True,13.831579962194787,27.663159924389575,235.39652681221992,True,161.438134,98.99339469640154,375.714649187552,1.0440029940000386,129,True,224.204885,2,1,
413075,center,smooth,1000.0,shape,True,True,True,True,13.997739563656282,27.995479127312514,204.20843827428303,True,161.908681,108.05187358686466,376.8441396186088,0.2722817579999628,31,True,217.178088,2,1,
413076,edge,smooth,1000.0,on_bearing,True,True,True,True,153.8464139597099,307.64799259838105,1722.229477156156,False,155.0,372.5005721496355,474.7503993702037,0.011068776999991314,1,True,227.552296,3,1,
413076,edge,smooth,1000.0,fixed_flank,True,True,True,True,26.72277906998767,53.44555813997516,729.4798510215705,False,179.928557,29.361339508911463,373.6500830525426,0.00974930100005622,1,True,303.974131,3,1,
413076,edge,smooth,1000.0,current,True,True,True,True,74.41670379735493,148.83340759470963,1765.0506511561096,False,114.501873,74.70190582616418,269.4377639129341,1.1958046520001062,129,True,236.371554,3,1,
413076,edge,smooth,1000.0,shape,True,True,True,True,76.02754607088694,152.05509214177388,1739.0207521459363,False,116.254004,76.08552889516295,269.5479340978469,0.2798177800000303,31,True,234.840914,3,1,
413077,rotated,smooth,1000.0,on_bearing,True,True,True,True,291.1159845646076,582.2319691292151,2369.2391492703755,False,155.0,375.1549369778844,476.60845474991527,0.0075428220000048896,1,True,260.342104,3,1,
413077,rotated,smooth,1000.0,fixed_flank,True,True,True,True,17.991037894063435,35.98207578812687,365.0934031985036,True,179.928557,69.20307703201003,393.59440009962884,0.009799520999877132,1,True,294.937028,2,1,
413077,rotated,smooth,1000.0,current,True,True,True,True,19.698065539848354,39.3961310796967,317.061276195987,True,163.421073,96.85904962065943,375.11123531358066,1.1466285750000225,129,True,248.704169,2,1,
413077,rotated,smooth,1000.0,shape,True,True,True,True,22.47605072530032,44.95210145060061,342.0715772004824,False,161.995125,107.84482060393599,376.90233227489546,0.2708940929999244,31,True,256.038273,3,1,
413078,wrap,smooth,1000.0,on_bearing,True,True,True,True,351.4759593295277,702.9519186590554,3059.5676979266445,False,155.0,375.1454512236934,476.60181472201594,0.010121981000111191,1,True,289.583386,3,1,
413078,wrap,smooth,1000.0,fixed_flank,True,True,True,True,24.10462777627731,48.20925555255462,644.948534594255,False,179.928557,69.20348446830917,394.2387441035009,0.010343553999973665,1,True,300.514211,3,1,
413078,wrap,smooth,1000.0,current,True,True,True,True,28.100827015805212,56.20165403161034,540.8767919023437,False,163.657837,97.4599077220252,375.0684439166098,1.154276555000024,129,True,254.350005,3,1,
413078,wrap,smooth,1000.0,shape,True,True,True,True,27.719178717364713,55.438357434729426,476.53291024025333,False,161.530012,108.20424210133129,376.13882843115323,0.28443437199985055,31,True,243.695778,3,1,
413079,short_range,smooth,1000.0,on_bearing,True,True,True,True,370.0013712276667,740.0027424553334,4845.650481713965,False,155.0,375.15389942200324,476.6077284608412,0.010050743999954648,1,True,324.240961,3,1,
413079,short_range,smooth,1000.0,fixed_flank,True,True,True,True,28.440611576741265,56.88122315348253,98.27964305672651,False,179.928557,69.19650495356558,393.7739535750674,0.011370125999974334,1,True,368.384207,3,1,
413079,short_range,smooth,1000.0,current,True,True,True,True,27.16525817801649,54.330516356032966,56.477528714565416,False,164.064853,93.65543296726433,375.45812577799506,1.1538172049999957,129,True,339.04521,3,1,
413079,short_range,smooth,1000.0,shape,True,True,True,True,29.819698371537193,59.63939674307437,65.64857686067373,False,161.485283,108.02740925036115,375.9749887875105,0.2736493419999988,31,True,332.881363,3,1,
413080,center,zero,1250.0,on_bearing,True,True,True,True,372.5971499991713,745.1218855112022,9917.004325981732,False,155.0,375.1585634626575,476.6109932892723,0.009531149999929767,1,True,287.898371,3,1,
413080,center,zero,1250.0,fixed_flank,True,True,True,True,41.17078455801623,82.34156911603242,1279.1650448657183,False,179.928557,69.21301662639742,393.60118016210197,0.010504393000019263,1,True,326.228784,3,1,
413080,center,zero,1250.0,current,True,True,True,True,55.54653935576683,111.09307871153366,1450.3708366501683,False,163.580518,96.27514708847751,375.1114775433682,1.0057539599999927,129,True,288.033716,3,1,
413080,center,zero,1250.0,shape,True,True,True,True,62.87390850938119,125.74781701876238,1566.2826000804566,False,161.890464,108.04726199854251,376.7889481353243,0.23894522800014784,31,True,281.05247,3,1,
413081,edge,zero,1250.0,on_bearing,True,True,True,True,189.4300468014027,378.80739870829,2595.610868479559,False,155.0,372.5005401959214,474.7503770026035,0.007502832000000126,1,True,251.632238,3,1,
413081,edge,zero,1250.0,fixed_flank,True,True,True,True,25.71856529550909,51.43713059101797,647.8018502592694,False,179.928557,34.268701101631464,376.10376991290127,0.008603360999813958,1,True,315.805477,3,1,
413081,edge,zero,1250.0,current,True,True,True,True,48.978855519776296,97.95771103955259,1335.5008117154355,False,122.538358,80.55295959195547,286.6265283853581,0.9063223640000615,129,True,255.982743,3,1,
413081,edge,zero,1250.0,shape,True,True,True,True,49.8023380350713,99.60467607014252,1346.6671400319997,False,123.296358,81.72879574450279,286.47469674587455,0.21848421400000007,31,True,255.190859,3,1,
413082,rotated,zero,1250.0,on_bearing,True,True,True,True,372.5952489437328,745.1174345302385,9917.041352796485,False,155.0,375.1559349127504,476.6091533043279,0.008978641000112475,1,True,316.317536,3,1,
413082,rotated,zero,1250.0,fixed_flank,True,True,True,True,19.26464812085242,38.52929624170484,506.06982403267284,True,179.928557,69.20682360583673,393.59695574096156,0.00823764800020399,1,True,282.470702,2,1,
413082,rotated,zero,1250.0,current,True,True,True,True,19.336095408253207,38.67219081650629,346.6410099029001,True,163.122462,95.10538379362961,375.5403560707068,1.0658608900000672,129,True,233.219955,2,1,
413082,rotated,zero,1250.0,shape,True,True,True,True,19.198883604745838,38.39776720949156,290.26627752814176,True,161.952466,108.01009825961646,376.9058127182687,0.23979932700012796,31,True,221.415691,2,1,
413083,wrap,zero,1250.0,on_bearing,True,True,True,True,370.0011246699955,740.002249339991,4957.458357905991,False,155.0,375.1550840830162,476.6085577235083,0.006875615999888396,1,True,316.471488,3,1,
413083,wrap,zero,1250.0,fixed_flank,True,True,True,True,15.784858342588484,31.569716685176967,381.74014009220684,True,179.928557,69.20379355950213,393.59488886310885,0.008974861000069723,1,True,282.060198,2,1,
413083,wrap,zero,1250.0,current,True,True,True,True,14.48725333393429,28.97450666786858,235.1787225234001,True,161.364522,99.10412208739237,375.7544983159981,1.0594738810000308,129,True,226.646103,2,1,
413083,wrap,zero,1250.0,shape,True,True,True,True,15.186954795645171,30.373909591290268,218.33746229671374,True,161.986586,107.90429835305831,376.90735010444945,0.255868812000017,31,True,221.147203,2,1,
413084,short_range,zero,1250.0,on_bearing,True,True,True,True,370.0011400402934,740.0022800805868,4957.458357049331,False,155.0,375.15642808101774,476.6094985221169,0.008034414000121615,1,True,325.817154,3,1,
413084,short_range,zero,1250.0,fixed_flank,True,True,True,True,28.62678599571974,57.25357199143947,87.06218159083619,False,179.928557,69.19112118925229,393.91831705088515,0.010434229999873423,1,True,368.024986,3,1,
413084,short_range,zero,1250.0,current,True,True,True,True,39.70739880040896,79.4147976008179,117.05460125492607,False,161.993382,99.61674747291583,375.41268358433376,1.0794911579998825,129,True,331.29729,3,1,
413084,short_range,zero,1250.0,shape,True,True,True,True,43.305690750959954,86.61138150191988,132.72888217202717,False,161.937861,107.9798912512949,376.84836553573956,0.25522239999986596,31,True,330.743053,3,1,
413085,center,positive,1250.0,on_bearing,True,True,True,True,372.622331032346,745.2446620646919,5102.0582484990955,False,155.0,375.15564897623193,476.6089531487628,0.009482147999960944,1,True,290.461402,3,1,
413085,center,positive,1250.0,fixed_flank,True,True,True,True,29.201813644544746,58.40362728908949,814.4227487341317,False,179.928557,69.19213471216254,393.9665501030172,0.009801000999914322,1,True,309.099552,3,1,
413085,center,positive,1250.0,current,True,True,True,True,35.788433646966105,71.5768672939322,789.9312797870589,False,163.824761,94.05365342115466,375.4259231151381,1.0833925909998925,129,True,268.423654,3,1,
413085,center,positive,1250.0,shape,True,True,True,True,40.18498058252644,80.3699611650528,811.7488919230333,False,161.962209,107.94205709644243,376.90002964010955,0.2563977459999478,31,True,259.073414,3,1,
413086,edge,positive,1250.0,on_bearing,True,True,True,True,206.20961610076245,412.41923220152466,3065.3191853677927,False,155.0,372.5005821130055,474.7504063445623,0.007535304000157339,1,True,268.539397,4,1,
413086,edge,positive,1250.0,fixed_flank,True,True,True,True,32.01455690954956,64.02911381909888,1035.555176184072,False,179.928557,36.75684152549216,377.34782249135833,0.008360443999890776,1,True,320.340402,3,1,
413086,edge,positive,1250.0,current,True,True,True,True,41.73009833687718,83.46019667375428,1078.855013433042,False,125.632066,79.61788852258843,294.8256177204337,0.9591759850000017,129,True,264.823455,3,1,
413086,edge,positive,1250.0,shape,True,True,True,True,65.95191591147369,131.90383182294715,2039.315198658587,False,126.951451,83.0018199197902,294.42472889480905,0.22104066699989744,31,True,260.798014,3,1,
413087,rotated,positive,1250.0,on_bearing,True,True,True,True,7.9406026864592105,15.881205372918421,6.9278754449394455,True,155.0,375.158120209504,476.6106830120635,0.008021828999972058,1,True,167.587409,2,1,
413087,rotated,positive,1250.0,fixed_flank,True,True,True,True,15.419647667289405,30.834503953789557,415.2719583404404,True,179.928557,69.18977786020251,393.8465364217642,0.00881654900013018,1,True,279.942542,2,1,
413087,rotated,positive,1250.0,current,True,True,True,True,13.842479581062099,27.68495916212416,226.29211817658972,True,161.813503,101.74471078250221,375.30712192540216,1.0434061240000574,129,True,221.661237,2,1,
413087,rotated,positive,1250.0,shape,True,True,True,True,13.900708710561684,27.801417421123368,204.746243783664,True,161.898963,108.1200292455037,376.85000882017334,0.24158999899987066,31,True,216.849384,2,1,
413088,wrap,positive,1250.0,on_bearing,True,True,True,True,4.188570446718795,8.37714089343759,2.6958479198573837,True,155.0,375.16527787701017,476.61569337933713,0.008659100000159015,1,True,166.836942,2,1,
413088,wrap,positive,1250.0,fixed_flank,True,True,True,True,15.704288379658335,31.40857675931667,424.86422450592505,True,179.928557,69.22417171260783,393.6087893096578,0.008558659000073021,1,True,279.97694,2,1,
413088,wrap,positive,1250.0,current,True,True,True,True,13.940324678801034,27.88064935760203,238.88923278034395,True,162.944092,99.12263635580337,375.0339553750917,1.0784803530000318,129,True,224.402522,2,1,
413088,wrap,positive,1250.0,shape,True,True,True,True,13.951415755771563,27.90283151154309,209.61212781751905,True,161.795999,108.3154899653042,376.73729603096115,0.26015888500000983,31,True,216.456189,2,1,
413089,short_range,positive,1250.0,on_bearing,True,True,True,True,354.81494312528514,709.6298862505703,3098.4514576536003,False,155.0,375.15710091037306,476.6099695026679,0.013189591999889672,1,True,326.137852,3,1,
413089,short_range,positive,1250.0,fixed_flank,True,True,True,True,28.002535934826554,56.00507186965311,123.56368870164579,False,179.928557,69.20987209111503,393.59903519382107,0.010559353999951782,1,True,368.555925,3,1,
413089,short_range,positive,1250.0,current,True,True,True,True,17.636578877507358,35.27315775501471,25.394950272022555,True,162.729713,101.20323979358092,375.0765864875321,1.068151460000081,129,True,326.149981,2,1,
413089,short_range,positive,1250.0,shape,True,True,True,True,43.60231482169729,87.20462964339455,225.12927856785245,False,161.920834,108.09906641915137,376.90300623210805,0.2642001839999466,31,True,329.959408,3,1,
413090,center,negative,1250.0,on_bearing,True,True,True,True,65.11956442122367,130.23912884244734,236.87163690079478,False,155.0,375.1530454703834,476.60713069470603,0.01014925200001926,1,True,199.381701,3,1,
413090,center,negative,1250.0,fixed_flank,True,True,True,True,16.193509519690434,32.38701903938078,373.5745332713693,True,179.928557,69.21433299442842,394.0374645536973,0.008968109000079494,1,True,284.445376,2,1,
413090,center,negative,1250.0,current,True,True,True,True,15.12195438357024,30.243908767140393,266.33244760642833,True,164.958619,90.64086762962673,376.01856575211514,1.1839934309998625,129,True,238.605538,2,1,
413090,center,negative,1250.0,shape,True,True,True,True,15.667819587862397,31.33563917572469,226.55274271460206,True,161.489277,108.06706207492293,375.98499921758605,0.32593616400004066,31,True,222.553626,2,1,
413091,edge,negative,1250.0,on_bearing,True,True,True,True,146.6251201638398,293.2502403276796,1530.199029059111,False,155.0,372.5005392430006,474.7503763355586,0.00830594000012752,1,True,227.544147,3,1,
413091,edge,negative,1250.0,fixed_flank,True,True,True,True,27.371187728297127,54.742375456594026,751.2611358387626,False,179.928557,28.86124290325046,373.4000406523238,0.009580171999914455,1,True,305.400306,3,1,
413091,edge,negative,1250.0,current,True,True,True,True,47.03149614656243,94.06299229312486,1322.7794398689623,False,113.836984,65.95240265369938,266.50313725380363,1.1237484490000043,129,True,241.095486,3,1,
413091,edge,negative,1250.0,shape,True,True,True,True,68.11209896784078,136.22419793568147,1769.5848806633448,False,114.512995,74.65163216326323,265.35687428509465,0.2986825600000884,31,True,234.231769,3,1,
413092,rotated,negative,1250.0,on_bearing,True,True,True,True,372.62645699805523,745.2496418015412,8995.06032319172,False,155.0,375.1569706407003,476.6098783139315,0.010613118000037502,1,True,291.48076,3,1,
413092,rotated,negative,1250.0,fixed_flank,True,True,True,True,46.375999507778225,92.75199901555644,1505.3421546772056,False,179.928557,69.2186263832264,393.96783632768313,0.009827980999943975,1,True,334.592981,3,1,
413092,rotated,negative,1250.0,current,True,True,True,True,64.45556033272345,128.91112066544687,1718.3325874514699,False,161.436055,102.4692006537081,375.45371918221684,1.273339162999946,129,True,292.389563,3,1,
413092,rotated,negative,1250.0,shape,True,True,True,True,67.74751324165663,135.49502648331327,1755.0815592820338,False,161.471623,108.02448782590018,375.96044082873425,0.2406159290001142,31,True,289.065805,3,1,
413093,wrap,negative,1250.0,on_bearing,True,True,True,True,11.490189540080987,22.980379080161875,12.509951545169727,True,155.0,375.17210786604454,476.6204743716761,0.008446549000154846,1,True,168.297321,2,1,
413093,wrap,negative,1250.0,fixed_flank,True,True,True,True,15.456961533475125,30.91392306695025,403.1404335919585,True,179.928557,69.18793848884951,393.5840736401154,0.010065669000141497,1,True,280.146359,2,1,
413093,wrap,negative,1250.0,current,True,True,True,True,14.028024419091695,28.05604883818334,237.48582521978932,True,163.341732,97.75121146347557,374.9996750744733,1.1198241920001237,129,True,226.136303,2,1,
413093,wrap,negative,1250.0,shape,True,True,True,True,13.86989872907279,27.739797458145574,204.20186130614917,True,161.728446,108.39666066711914,376.62445701454703,0.22352069800012941,31,True,216.487785,2,1,
413094,short_range,negative,1250.0,on_bearing,True,True,True,True,368.82560814009423,737.6512162801885,3262.2962161449395,False,155.0,375.16624599300184,476.6163710605492,0.008383198999808883,1,True,331.959,3,1,
413094,short_range,negative,1250.0,fixed_flank,True,True,True,True,5.272747905016484,10.545495810032941,3.5776459680071473,True,179.928557,69.22850743862625,393.8308646917322,0.009110540999927252,1,True,363.089601,2,1,
413094,short_range,negative,1250.0,current,True,True,True,True,41.40552200828539,82.81104401657078,148.5212523082298,False,161.691849,103.09995171676444,375.34309576469207,1.1851610200001232,129,True,334.405559,3,1,
413094,short_range,negative,1250.0,shape,True,True,True,True,44.371652256999575,88.74330451399913,166.92348766696773,False,161.435432,107.9289309342656,375.81985871377077,0.2940413039998475,31,True,333.642367,3,1,
413095,center,smooth,1250.0,on_bearing,True,True,True,True,138.87046572468824,277.74093144937643,803.5333105435748,False,155.0,375.1678378888489,476.61748538764414,0.00884683899994343,1,True,214.557038,3,1,
413095,center,smooth,1250.0,fixed_flank,True,True,True,True,15.966877132878322,31.933754265756644,377.1938232636513,True,179.928557,69.23017517650003,393.80829951980866,0.008110622000003787,1,True,283.122589,2,1,
413095,center,smooth,1250.0,current,True,True,True,True,14.952910355640247,29.90582071128044,224.1097037109388,True,161.139206,104.99441207196054,375.6306366310139,1.18884687700006,129,True,222.76841,2,1,
413095,center,smooth,1250.0,shape,True,True,True,True,15.228410543676596,30.456821087353138,219.91314727420212,True,161.429808,108.00547374054588,375.87095757779093,0.29213113999981033,31,True,221.227956,2,1,
413096,edge,smooth,1250.0,on_bearing,True,True,True,True,283.90491800103166,567.7343336561081,5780.385851024315,False,155.0,372.5005791685755,474.7504042834612,0.00910477700017509,1,True,293.175186,4,1,
413096,edge,smooth,1250.0,fixed_flank,True,True,True,True,46.219887625643786,92.43977525128756,1498.3679154493739,False,179.928557,50.28062640518452,384.10972185252024,0.011044795999850976,1,True,334.119726,3,1,
413096,edge,smooth,1250.0,current,True,True,True,True,66.77784770650372,133.55569541300744,2404.1074023896876,False,144.137729,84.83502961535486,332.32638495902825,1.0913389269999243,129,True,294.546632,3,1,
413096,edge,smooth,1250.0,shape,True,True,True,True,93.3599082109423,186.7198164218846,2755.421318170342,False,143.317945,95.00153663500309,333.1400737431349,0.2541846079998322,31,True,288.256639,3,1,
413097,rotated,smooth,1250.0,on_bearing,True,True,True,True,372.6249159589796,745.2374895465357,9237.58830761057,False,155.0,375.1756571096147,476.62295884218554,0.01391623599988634,1,True,311.111017,3,1,
413097,rotated,smooth,1250.0,fixed_flank,True,True,True,True,20.836756261039028,41.673512522078056,548.2831339429467,False,179.928557,69.18896671520965,394.29467833049915,0.010054326000044966,1,True,295.480631,3,1,
413097,rotated,smooth,1250.0,current,True,True,True,True,21.91832472671829,43.83664945343658,367.08477938340695,False,161.682728,103.16182366839682,375.39728105003536,1.1925107209999624,129,True,239.824861,3,1,
413097,rotated,smooth,1250.0,shape,True,True,True,True,22.009380404439895,44.018760808879776,348.6798279494357,False,161.404046,107.87955530365566,375.7363571819038,0.2636676820000048,31,True,236.083455,3,1,
413098,wrap,smooth,1250.0,on_bearing,True,True,True,True,194.79400987565464,389.58801975130916,1337.556685257809,False,155.0,375.15578766026044,476.6090502275837,0.007648327999959292,1,True,242.110919,3,1,
413098,wrap,smooth,1250.0,fixed_flank,True,True,True,True,15.687103426303167,31.37420685260626,385.2803642241324,True,179.928557,69.20637468276861,393.5966495183719,0.007777984999847831,1,True,281.489631,2,1,
413098,wrap,smooth,1250.0,current,True,True,True,True,14.202071289491517,28.404142578982974,232.9226210228624,True,161.392095,99.01397652321934,375.6915701403901,0.9262682769999628,129,True,225.580527,2,1,
413098,wrap,smooth,1250.0,shape,True,True,True,True,14.788651904525915,29.57730380905183,212.29495763501257,True,161.957337,107.97607595093048,376.90291947691287,0.25899960700007796,31,True,219.812135,2,1,
413099,short_range,smooth,1250.0,on_bearing,True,True,True,True,370.0012485845745,740.002497169149,4880.345438420375,False,155.0,375.1545986680528,476.6082179330282,0.008305371000005835,1,True,330.162107,3,1,
413099,short_range,smooth,1250.0,fixed_flank,True,True,True,True,25.880539665408072,51.76107933081611,53.32498059154179,False,179.928557,69.20001023946014,394.2129676100199,0.007729894000021886,1,True,370.057679,3,1,
413099,short_range,smooth,1250.0,current,True,True,True,True,30.347688537728953,60.695377075457884,69.00816308344474,False,162.822391,97.72043656701642,375.21547281337666,0.9819286840001951,129,True,334.8153,3,1,
413099,short_range,smooth,1250.0,shape,True,True,True,True,34.22257666739202,68.44515333478401,84.92644406429798,False,162.034205,107.83749084671636,376.96718211477173,0.2635083239999858,31,True,332.67758,3,1,
413100,center,zero,1500.0,on_bearing,True,True,True,True,372.6042748032408,745.1355987110884,9916.866764626931,False,155.0,375.1674069452222,476.61718372709066,0.009161580000181857,1,True,289.013749,3,1,
413100,center,zero,1500.0,fixed_flank,True,True,True,True,30.493531339106852,60.98706267821359,860.3972167871605,False,179.928557,69.22719734554242,393.610853159032,0.0077685910000582226,1,True,309.808656,3,1,
413100,center,zero,1500.0,current,True,True,True,True,36.5691575333017,73.13831506660337,819.7296861637866,False,164.146253,93.33073887923202,375.46360325904493,0.9826707520001037,129,True,269.571187,3,1,
413100,center,zero,1500.0,shape,True,True,True,True,40.99328579660822,81.98657159321634,833.9934096585657,False,161.773054,108.34533964936722,376.7298924137572,0.2436310330001561,31,True,258.50639,3,1,
413101,edge,zero,1500.0,on_bearing,True,True,True,True,187.04780680228004,374.0744557061369,2531.4405245252274,False,155.0,372.5005820463693,474.7504062979167,0.009105031999979474,1,True,247.69435,3,1,
413101,edge,zero,1500.0,fixed_flank,True,True,True,True,33.90663405148831,67.81326810297652,987.0638563427276,False,179.928557,33.918022059965125,375.9284143302639,0.010221251000075426,1,True,315.12839,3,1,
413101,edge,zero,1500.0,current,True,True,True,True,53.63254597773521,107.26509195547033,1615.6084223563344,False,125.886132,70.6415322552784,286.1255397541612,1.0196544739999354,129,True,257.020047,3,1,
413101,edge,zero,1500.0,shape,True,True,True,True,59.93250798961524,119.86501597923048,1752.9615826473023,False,123.077225,81.18399461006729,285.75316587674024,0.2476372859998719,31,True,251.758908,3,1,
413102,rotated,zero,1500.0,on_bearing,True,True,True,True,370.0011537289016,740.0023074578032,4957.336853898629,False,155.0,375.17336219608916,476.62135240270993,0.00794284699986747,1,True,302.84869,3,1,
413102,rotated,zero,1500.0,fixed_flank,True,True,True,True,16.641937444806512,33.28387488961294,369.5949038158237,True,179.928557,69.23502289399033,393.61619112176083,0.00816174599981423,1,True,287.06272,2,1,
413102,rotated,zero,1500.0,current,True,True,True,True,16.531486112467558,33.062972224935116,266.86507093989644,True,162.281181,97.84428379245722,375.5037010558249,0.9669193870001891,129,True,235.775749,2,1,
413102,rotated,zero,1500.0,shape,True,True,True,True,17.923238083651857,35.846476167303635,264.4455882450305,True,161.717611,108.47378097059152,376.676932415842,0.26975239900002634,31,True,229.549851,2,1,
413103,wrap,zero,1500.0,on_bearing,True,True,True,True,372.5951157458816,745.1176937072269,9917.043166756084,False,155.0,375.1560907337077,476.60926237899815,0.009469741999964754,1,True,287.038768,3,1,
413103,wrap,zero,1500.0,fixed_flank,True,True,True,True,32.93359425454654,65.8671885090929,950.2147513402124,False,179.928557,69.20727788209096,393.5972656150443,0.008437388999936957,1,True,313.615426,3,1,
413103,wrap,zero,1500.0,current,True,True,True,True,43.065500146596925,86.13100029319364,990.4547748601599,False,161.401295,99.11322214833503,375.74785812168943,0.9720445570001175,129,True,270.554871,3,1,
413103,wrap,zero,1500.0,shape,True,True,True,True,45.81304012121331,91.62608024242643,983.2645562203426,False,161.947597,108.04412402309345,376.9087093640584,0.3045186560000275,31,True,264.068463,3,1,
413104,short_range,zero,1500.0,on_bearing,True,True,True,True,370.001059275384,740.002118550768,4957.458335770502,False,155.0,375.1464032808179,476.6024811620044,0.011069401999975526,1,True,326.149681,3,1,
413104,short_range,zero,1500.0,fixed_flank,True,True,True,True,28.68164200290996,57.36328400581992,83.70259255038582,False,179.928557,69.20247591273474,394.17812663019043,0.01445167500014577,1,True,368.340748,3,1,
413104,short_range,zero,1500.0,current,True,True,True,True,39.192815580808755,78.38563116161747,111.72162900999204,False,163.514525,96.85260779227461,374.9800897549517,1.3021132069998202,129,True,334.682898,3,1,
413104,short_range,zero,1500.0,shape,True,True,True,True,42.28656406810655,84.57312813621307,126.91493320431222,False,161.524249,108.14739692708652,376.1236766147148,0.2531905190000998,31,True,330.074159,3,1,
413105,center,positive,1500.0,on_bearing,True,True,True,True,344.9817296767489,689.9634593534977,2984.128654172123,False,155.0,375.1751222963934,476.62258447293016,0.011661912000135999,1,True,283.684139,3,1,
413105,center,positive,1500.0,fixed_flank,True,True,True,True,26.377474592818952,52.75494918563782,718.012039816414,False,179.928557,69.23772782283388,393.7189768852737,0.011066924000033396,1,True,304.06835,3,1,
413105,center,positive,1500.0,current,True,True,True,True,31.735751489885455,63.47150297977091,631.822650262352,False,163.06421,99.05669346839021,374.9893414162074,1.1910009399998671,129,True,257.434002,3,1,
413105,center,positive,1500.0,shape,True,True,True,True,34.011466716471844,68.02293343294359,640.776280216355,False,161.405721,107.89641677722334,375.7406989358485,0.2506051049999769,31,True,251.787428,3,1,
413106,edge,positive,1500.0,on_bearing,True,True,True,True,252.18639108611575,504.3557674866837,4555.855639116722,False,155.0,372.50058149680706,474.7504059132226,0.00682506199996169,1,True,285.114864,4,1,
413106,edge,positive,1500.0,fixed_flank,True,True,True,True,44.25506653962785,88.51013307925562,1411.5835995646653,False,179.928557,44.42380622058967,381.1813294671008,0.009558534000007057,1,True,333.034556,3,1,
413106,edge,positive,1500.0,current,True,True,True,True,52.919975181588626,105.83995036317712,1694.082784831017,False,135.941673,81.61342270051422,317.4472761413829,1.0103665299998283,129,True,283.058815,3,1,
413106,edge,positive,1500.0,shape,True,True,True,True,78.69139050790204,157.38278101580377,2543.860537003705,False,136.466956,89.88900450934817,316.8893409416426,0.23945668900000783,31,True,277.998691,3,1,
413107,rotated,positive,1500.0,on_bearing,True,True,True,True,122.96727259984019,245.93454519968034,665.0668428419704,False,155.0,375.17279936031605,476.62095841766774,0.00825901000007434,1,True,209.173399,3,1,
413107,rotated,positive,1500.0,fixed_flank,True,True,True,True,21.340879715383526,42.68175943076704,562.4625558177762,False,179.928557,69.23431429796312,393.61570777500765,0.00827806999996028,1,True,295.662219,3,1,
413107,rotated,positive,1500.0,current,True,True,True,True,21.890522060431454,43.78104412086291,398.2352691317882,False,163.448177,95.84026131584585,375.2710858084778,0.9799271519998456,129,True,248.046307,3,1,
413107,rotated,positive,1500.0,shape,True,True,True,True,22.23261902067877,44.46523804135752,349.958117799086,False,161.722426,108.43950308760841,376.6738505391119,0.23414001100013593,31,True,236.994452,3,1,
413108,wrap,positive,1500.0,on_bearing,True,True,True,True,169.69410261017777,339.38820522035553,1089.978333241324,False,155.0,375.1670371224996,476.6169248511988,0.010145879999981844,1,True,245.01533,3,1,
413108,wrap,positive,1500.0,fixed_flank,True,True,True,True,18.98662464349346,37.97324928698692,361.81783265165035,True,179.928557,69.22933712415156,393.81957207209376,0.010324821000040174,1,True,300.747979,2,1,
413108,wrap,positive,1500.0,current,True,True,True,True,23.721186002235047,47.442372004470094,364.3658149951138,False,163.453408,97.58836491774422,374.934163678396,1.2660816639997847,129,True,274.14027,3,1,
413108,wrap,positive,1500.0,shape,True,True,True,True,26.226123443620615,52.452246887241174,389.53506238516866,False,161.432619,107.90074609896962,375.8121786358098,0.3239845080001942,31,True,269.09388,3,1,
413109,short_range,positive,1500.0,on_bearing,True,True,True,True,358.2175348836081,716.4350697672162,3138.1418058039317,False,155.0,375.16443926693233,476.61510635228063,0.0072247839998453856,1,True,327.610439,3,1,
413109,short_range,positive,1500.0,fixed_flank,True,True,True,True,28.189341773889357,56.378683547778714,112.9711649428069,False,179.928557,69.18794919261488,393.6819221287917,0.008321078999870224,1,True,369.67136,3,1,
413109,short_range,positive,1500.0,current,True,True,True,True,14.237906951843561,28.475813903687115,17.509488824641835,True,162.26322,98.5065529108113,375.36192513040794,1.1455166390001068,129,True,325.888792,2,1,
413109,short_range,positive,1500.0,shape,True,True,True,True,14.342084557204334,28.684169114408668,17.40093544327368,True,161.805667,108.24710945512872,376.73125948842744,0.296748695000133,31,True,324.893211,2,1,
413110,center,negative,1500.0,on_bearing,True,True,True,True,18.355539196812156,36.7110783936242,27.307591184677655,True,155.0,375.177699031139,476.62438818725354,0.009944290000021283,1,True,169.670473,2,1,
413110,center,negative,1500.0,fixed_flank,True,True,True,True,16.308548061150532,32.61709612230103,436.90012074115646,True,179.928557,69.24032037127867,393.6855361469429,0.010206144999983735,1,True,280.135866,2,1,
413110,center,negative,1500.0,current,True,True,True,True,15.575928528180738,31.151857056361475,268.5234065368562,True,163.301629,96.75698860855547,375.1458280091023,1.1648677969999426,129,True,227.493293,2,1,
413110,center,negative,1500.0,shape,True,True,True,True,15.293267359737696,30.5865347194753,227.17409345755027,True,161.396178,107.8188835750814,375.72376499169036,0.23731171299982634,31,True,217.228052,2,1,
413111,edge,negative,1500.0,on_bearing,True,True,True,True,250.1166356613357,500.2332713226712,4443.352365329822,False,155.0,372.50057746618376,474.7504030917868,0.009242299000106868,1,True,279.288862,4,1,
413111,edge,negative,1500.0,fixed_flank,True,True,True,True,42.239320432088284,84.47864086417654,1324.5026134910474,False,179.928557,44.04588225649359,380.9923668024263,0.009546799999952782,1,True,328.455009,3,1,
413111,edge,negative,1500.0,current,True,True,True,True,86.69394356827223,173.38788713654444,2449.967806215988,False,135.707248,87.91326617005522,315.9033705263905,1.1782386949998909,129,True,277.748102,3,1,
413111,edge,negative,1500.0,shape,True,True,True,True,88.01138695666342,176.0227739133266,2467.850079406116,False,136.224697,89.45373974133908,316.1689400111914,0.23733110299986038,31,True,276.823699,3,1,
413112,rotated,negative,1500.0,on_bearing,True,True,True,True,372.6191852777106,745.238370555421,5475.441277138656,False,155.0,375.159032956945,476.6113219352747,0.007413616000121692,1,True,289.616548,3,1,
413112,rotated,negative,1500.0,fixed_flank,True,True,True,True,29.966154757424437,59.932309514848875,841.4909990012458,False,179.928557,69.2139345712419,393.60180631531307,0.00957344599987664,1,True,309.458674,3,1,
413112,rotated,negative,1500.0,current,True,True,True,True,36.037206553199,72.07441310639798,746.9863270506308,False,163.027468,100.17531358786452,375.1592348101485,1.1766618120000203,129,True,262.467166,3,1,
413112,rotated,negative,1500.0,shape,True,True,True,True,41.79065272928123,83.58130545856235,858.823511435428,False,161.881969,108.10693701955744,376.79365994187907,0.23658385899989298,31,True,260.753192,3,1,
413113,wrap,negative,1500.0,on_bearing,True,True,True,True,135.77723609814234,271.5544721962846,776.051037125844,False,155.0,375.1699850603942,476.6189884077164,0.011843137000141724,1,True,230.120912,3,1,
413113,wrap,negative,1500.0,fixed_flank,True,True,True,True,18.320126920111075,36.6402538402221,364.19707701970566,True,179.928557,69.1878127204356,393.5839878493849,0.011066393999954016,1,True,296.857825,2,1,
413113,wrap,negative,1500.0,current,True,True,True,True,20.928039339952697,41.856078679905394,331.00136799454833,False,162.987171,99.00624964197532,374.96144472454046,1.1359827510000287,129,True,261.598321,3,1,
413113,wrap,negative,1500.0,shape,True,True,True,True,20.990974983655647,41.981949967311245,317.5622866190694,False,161.747724,108.39237611146015,376.6795591932381,0.24183490299992627,31,True,252.958654,3,1,
413114,short_range,negative,1500.0,on_bearing,True,True,True,True,344.98165126449754,689.9633025289951,2984.128656259367,False,155.0,375.1545209506599,476.60816353090104,0.010665087000006679,1,True,321.397229,3,1,
413114,short_range,negative,1500.0,fixed_flank,True,True,True,True,28.927646806480443,57.855293612960885,68.32926575720711,False,179.928557,69.19612696532762,393.793031851662,0.009713004999866826,1,True,369.641337,3,1,
413114,short_range,negative,1500.0,current,True,True,True,True,36.03052662058317,72.06105324116632,221.2551667303306,False,162.590271,97.23755479918333,375.42344149501713,1.1895097139999962,129,True,327.470769,3,1,
413114,short_range,negative,1500.0,shape,True,True,True,True,29.75551408807324,59.51102817614648,65.38632040038378,False,161.482434,108.13198676092509,376.03367479229996,0.30208106099985343,31,True,335.648763,3,1,
413115,center,smooth,1500.0,on_bearing,True,True,True,True,372.65147534389786,745.2666335807468,9917.408523669557,False,155.0,375.164542218767,476.6151784185653,0.007358056000157376,1,True,315.372449,4,1,
413115,center,smooth,1500.0,fixed_flank,True,True,True,True,60.363139729421476,120.72627945884273,2174.231926050729,False,179.928557,69.18793848891283,393.68191753362055,0.0083460070000001,1,True,356.278993,3,1,
413115,center,smooth,1500.0,current,True,True,True,True,90.96933192815249,181.93866385630477,2969.944155805556,False,163.81488,96.51991328045592,374.95050556424854,1.0438261350000175,129,True,329.042348,3,1,
413115,center,smooth,1500.0,shape,True,True,True,True,89.58425333128004,179.16850666255988,2640.1313308253584,False,161.804458,108.25565625549363,376.7320133105011,0.27642501299988,31,True,307.314566,3,1,
413116,edge,smooth,1500.0,on_bearing,True,True,True,True,285.4398239108473,570.8445187408652,5842.269787602496,False,155.0,372.50055939059047,474.75039043887165,0.009241589000112072,1,True,302.292188,4,1,
413116,edge,smooth,1500.0,fixed_flank,True,True,True,True,29.681284565454817,59.36256913090945,862.5911504705027,False,179.928557,50.59824750513741,384.2685414190716,0.008960891000015181,1,True,340.501065,3,1,
413116,edge,smooth,1500.0,current,True,True,True,True,39.86997065215608,79.73994130431215,1088.4778077505348,False,145.029897,83.38341566053008,333.0630179180002,1.1598847419998037,129,True,300.315111,3,1,
413116,edge,smooth,1500.0,shape,True,True,True,True,45.43194618348528,90.86389236697035,1206.586156359166,False,143.809599,95.4351916370084,334.34479901074224,0.22413946100004978,31,True,293.320858,3,1,
413117,rotated,smooth,1500.0,on_bearing,True,True,True,True,372.63589026213924,745.2375804356858,9918.09829744167,False,155.0,375.17584984904965,476.623093759787,0.010986408999997366,1,True,286.732285,3,1,
413117,rotated,smooth,1500.0,fixed_flank,True,True,True,True,32.95256028364374,65.90512056728727,950.9275064494551,False,179.928557,69.23809417128663,393.66134371074565,0.0118836439999086,1,True,314.188359,3,1,
413117,rotated,smooth,1500.0,current,True,True,True,True,38.413554311006145,76.82710862201228,842.3704997536557,False,163.050231,97.63970793589881,375.1509856601767,1.1040029380001215,129,True,267.401969,3,1,
413117,rotated,smooth,1500.0,shape,True,True,True,True,44.99169837907178,89.98339675814348,954.968885363544,False,161.697159,108.48672075059056,376.62367826052116,0.22219747799999823,31,True,262.846999,3,1,
413118,wrap,smooth,1500.0,on_bearing,True,True,True,True,370.00141078971836,740.0028215794367,4837.889628397329,False,155.0,375.1703726428596,476.61925971544304,0.008052221000070858,1,True,285.279668,3,1,
413118,wrap,smooth,1500.0,fixed_flank,True,True,True,True,19.445637699117217,38.89127539823438,359.5334139018476,True,179.928557,69.2311918846974,393.6135779161163,0.008264697999948112,1,True,303.427105,2,1,
413118,wrap,smooth,1500.0,current,True,True,True,True,23.138118060255454,46.27623612051091,360.60489873140796,False,163.970037,97.1668820478089,375.5269028538967,0.9797676499999852,129,True,271.870057,3,1,
413118,wrap,smooth,1500.0,shape,True,True,True,True,25.511729999663082,51.023459999326164,382.96385309280595,False,161.744108,108.41806312863912,376.6818562297509,0.26645201099995575,31,True,265.220795,3,1,
413119,short_range,smooth,1500.0,on_bearing,True,True,True,True,370.00204629084357,740.0040925816871,3624.04856566416,False,155.0,375.14769857574674,476.6033878684558,0.009765992999973605,1,True,331.244312,3,1,
413119,short_range,smooth,1500.0,fixed_flank,True,True,True,True,17.7021169666418,35.40423393328354,26.76692508847469,True,179.928557,69.20831957569402,394.1432746734955,0.007905332000063936,1,True,360.947802,2,1,
413119,short_range,smooth,1500.0,current,True,True,True,True,21.395603189538,42.791206379076,36.09176755101681,False,163.256457,99.0707290903108,375.0768817706245,1.1181696670000747,129,True,337.554195,3,1,
413119,short_range,smooth,1500.0,shape,True,True,True,True,31.803782530507007,63.607565061013986,74.04109631535894,False,161.51677,108.2064196807059,376.12582961253673,0.35696051099989745,31,True,333.147583,3,1,
