problem,seed,N,C,completion,cleared_fraction,virtual_time_s,time_per_clear_s,elapsed_s,path_length_m,measures,switches,clear_failures,probe_macros,macro_steps,decision_max_s,decision_p95_s,error,total_s,last_clear_s,last_discovery_s,tail_s,tail_fraction,last_discovery_to_end_s,discovered_by_6000,cleared_by_6000,all_found_by_6000,all_cleared_by_6000,all_done_5000_6000,tail_measures,tail_no_signal,after_6000_measures,after_6000_no_signal,discovered_total,cleared_total,all_move_s,all_measure_s,all_switch_s,all_clear_s,tail_move_s,tail_measure_s,tail_switch_s,tail_clear_s,after_6000_s,after_6000_tail_s,cost_accounting_error,absent_channel_measures,after_6000_absent_channel_measures,after_6000_clear_successes,after_6000_clear_failures,after6000_discovery_count,variant,overrides,scheduling_overrides,route_overrides,scenario_sha256
4,1712000000,10,10,True,1.0,9288.871534,928.8871534,0.13723231805488467,34989.357665866504,378,348,1,2,42,0.0034922626800835133,0.0027818587142974137,,9288.871534,6056.887185,1786.314961,3231.9843490000003,0.3479415488921327,7502.556573,10,9,True,False,False,110,110,110,110,10,10,6997.871534,1890.0,348.0,53.0,2582.9843490000003,550.0,99.0,0.0,3288.871534,3231.9843490000003,0.0,310,110,1,0,0,baseline,0,0,0,0972cdf7c19301781b65f7c1f16cd29c3cbae9f91d8da747b3bf85f620c63605
4,1712000000,10,10,True,1.0,9715.068467,971.5068466999999,0.1634138342924416,35775.34233176024,423,395,0,1,42,0.0037951511330902576,0.003326467704027888,,9715.068467,9715.068467,3472.388332,0.0,0.0,6242.680134999999,10,6,True,False,False,0,0,117,115,10,10,7155.068466999999,2115.0,395.0,50.0,0,0,0,0,3715.068466999999,0.0,0.0,310,108,4,0,0,route,8,0,8,0972cdf7c19301781b65f7c1f16cd29c3cbae9f91d8da747b3bf85f620c63605
4,1712000000,10,10,True,1.0,8894.20569,889.4205690000001,0.15433722687885165,32751.028430488997,387,356,1,3,42,0.003871158231049776,0.003091404447332024,,8894.20569,5916.286777,4345.279712,2977.9189130000004,0.334815611061048,4548.925978000001,10,10,True,True,False,110,110,104,104,10,10,6550.205690000001,1935.0,356.0,53.0,2328.9189130000004,550.0,99.0,0.0,2894.2056900000007,2894.2056900000007,0.0,310,104,0,0,0,schedule,2,2,0,0972cdf7c19301781b65f7c1f16cd29c3cbae9f91d8da747b3bf85f620c63605
4,1712000000,10,10,True,1.0,9187.584948,918.7584948,0.18175180908292532,33137.92473391947,423,395,0,1,42,0.004083407111465931,0.0038050571223720874,,9187.584948,8032.705502,3472.388332,1154.879446,0.12570000196312742,5715.196615999999,10,7,True,False,False,40,40,123,121,10,10,6627.584948,2115.0,395.0,50.0,918.8794459999999,200.0,36.0,0.0,3187.5849479999997,1154.879446,0.0,310,114,3,0,0,combined,8,1,7,0972cdf7c19301781b65f7c1f16cd29c3cbae9f91d8da747b3bf85f620c63605
4,1712000001,16,16,True,1.0,10058.111087,628.6319429375,0.34391254372894764,36910.555544960516,330,295,217,8,58,0.013934134971350431,0.004869589116424317,,10058.111087,10058.111087,5167.7817,0.0,0.0,4890.329387,16,9,True,False,False,0,0,33,32,16,16,7382.111086999999,1650.0,295.0,731.0,0,0,0,0,4058.1110869999993,0.0,0.0,68,0,7,191,0,baseline,0,0,0,90c3c0a8dd8d1d963e23b2d0c8d224a335ad3e73ccbc775277880f8a1a29e1ea
4,1712000001,16,16,True,1.0,9423.99108,588.9994425,0.23727189702913165,34744.95534323783,379,353,49,6,48,0.0158699881285429,0.0029400996165350078,,9423.99108,9423.99108,8321.698017,0.0,0.0,1102.2930629999992,12,7,False,False,False,0,0,76,66,16,16,6948.99108,1895.0,353.0,227.0,0,0,0,0,3423.99108,0.0,0.0,96,24,9,48,4,route,7,0,7,90c3c0a8dd8d1d963e23b2d0c8d224a335ad3e73ccbc775277880f8a1a29e1ea
4,1712000001,16,16,True,1.0,10103.374579,631.4609111875,0.46933447290211916,37136.87300085961,330,295,217,8,58,0.03150968672707677,0.005295887100510292,,10103.374579,10103.374579,5275.829226,0.0,0.0,4827.5453529999995,16,9,True,False,False,0,0,33,32,16,16,7427.374578999999,1650.0,295.0,731.0,0,0,0,0,4103.374578999999,0.0,0.0,68,0,7,193,0,schedule,1,1,0,90c3c0a8dd8d1d963e23b2d0c8d224a335ad3e73ccbc775277880f8a1a29e1ea
4,1712000001,16,16,True,1.0,9405.001955,587.8126221875,0.21941260900348425,34580.00971351539,378,351,56,7,48,0.013288797810673714,0.003131108637899159,,9405.001955,9405.001955,8302.708892,0.0,0.0,1102.2930629999992,12,7,False,False,False,0,0,75,66,16,16,6916.001955,1890.0,351.0,248.0,0,0,0,0,3405.0019549999997,0.0,0.0,96,24,9,55,4,combined,8,1,7,90c3c0a8dd8d1d963e23b2d0c8d224a335ad3e73ccbc775277880f8a1a29e1ea
4,1712000002,15,15,True,1.0,8402.579685,560.1719790000001,0.1742852502502501,35022.898430634974,224,194,3,3,47,0.010154454037547112,0.003099145274609327,,8402.579685,5041.582136,688.298262,3360.9975490000006,0.3999959149450185,7714.281423,15,15,True,True,False,70,70,55,55,15,15,7004.579685000001,1120.0,194.0,84.0,2954.9975490000006,350.0,56.0,0.0,2402.5796850000006,2402.5796850000006,0.0,155,55,0,0,0,baseline,0,0,0,fa2a1e55c8bddaf2596a819a0a9fb52d7352b55ebdb2e672c4294fdbf9f3a5af
4,1712000002,15,15,True,1.0,8404.389931,560.2926620666666,0.190556975081563,34846.94965966175,230,201,3,3,47,0.010096708312630653,0.0034025977831333874,,8404.389931,7500.934169,688.298262,903.4557619999996,0.10749807772097285,7716.0916689999995,15,14,True,False,False,20,20,56,55,15,15,6969.389931,1150.0,201.0,84.0,787.4557619999996,100.0,16.0,0.0,2404.3899309999997,903.4557619999996,0.0,155,50,1,1,0,route,6,0,6,fa2a1e55c8bddaf2596a819a0a9fb52d7352b55ebdb2e672c4294fdbf9f3a5af
4,1712000002,15,15,True,1.0,8789.72495,585.9816633333334,0.175853599794209,36673.62474272832,233,203,4,3,47,0.009877234697341919,0.0039572632871568165,,8789.72495,6086.698841,837.75306,2703.0261089999995,0.3075211254477308,7951.97189,15,14,True,False,False,50,50,50,50,15,15,7334.72495,1165.0,203.0,87.0,2413.0261089999995,250.0,40.0,0.0,2789.72495,2703.0261089999995,0.0,155,50,1,2,0,schedule,5,5,0,fa2a1e55c8bddaf2596a819a0a9fb52d7352b55ebdb2e672c4294fdbf9f3a5af
4,1712000002,15,15,True,1.0,8367.577959,557.8385306,0.17808202002197504,35402.88979053107,205,175,4,3,47,0.00940951518714428,0.0030618188437074416,,8367.577959,2774.178069,837.75306,5593.399890000001,0.6684610430170956,7529.824899,15,15,True,True,False,120,120,55,55,15,15,7080.577959,1025.0,175.0,87.0,4897.399890000001,600.0,96.0,0.0,2367.577959,2367.577959,0.0,155,55,0,0,0,combined,18,5,13,fa2a1e55c8bddaf2596a819a0a9fb52d7352b55ebdb2e672c4294fdbf9f3a5af
4,1712000003,14,14,True,1.0,10255.464887,732.5332062142858,0.2431013328023255,38017.3244343211,435,404,1,9,46,0.008328984957188368,0.005999464308843017,,10255.464887,9664.909756,7876.6839,590.555131000001,0.05758443303224592,2378.780987,11,8,False,False,False,12,12,124,113,14,14,7603.464887,2175.0,404.0,73.0,520.555131000001,60.0,10.0,0.0,4255.464887,590.555131000001,0.0,186,84,6,0,3,baseline,0,0,0,e6b4f26960003b30ae838d5193f21382d3b2edc69a3b01784f884411d0223e18
4,1712000003,14,14,True,1.0,11038.800603,788.4857573571428,0.2512057381682098,41254.003013114954,458,428,0,10,46,0.007740733679383993,0.006030305870808661,,11038.800603,10795.517297,9512.788572,243.28330599999936,0.02203892567222227,1526.0120310000002,8,3,False,False,False,6,6,118,101,14,14,8250.800603,2290.0,428.0,70.0,208.28330599999936,30.0,5.0,0.0,5038.800603,243.28330599999936,0.0,186,72,11,0,6,route,8,0,8,e6b4f26960003b30ae838d5193f21382d3b2edc69a3b01784f884411d0223e18
4,1712000003,14,14,True,1.0,10083.177194,720.2269424285714,0.19177804607897997,37155.88596873854,435,404,1,9,46,0.006105037871748209,0.004183188662864268,,10083.177194,9604.076666,8097.932152,479.10052799999903,0.04751483771257021,1985.2450419999996,11,8,False,False,False,12,12,124,113,14,14,7431.177194,2175.0,404.0,73.0,409.10052799999903,60.0,10.0,0.0,4083.177194,479.10052799999903,0.0,186,84,6,0,3,schedule,1,1,0,e6b4f26960003b30ae838d5193f21382d3b2edc69a3b01784f884411d0223e18
4,1712000003,14,14,True,1.0,10748.198888,767.7284920000001,0.24702475033700466,39800.994440440525,458,428,0,10,46,0.008188493549823761,0.006638725521042943,,10748.198888,10504.915582,9222.186857,243.28330600000118,0.022634797563303256,1526.0120310000002,8,4,False,False,False,6,6,134,116,14,14,7960.198888000001,2290.0,428.0,70.0,208.28330600000118,30.0,5.0,0.0,4748.198888000001,243.28330600000118,0.0,186,78,10,0,6,combined,9,1,8,e6b4f26960003b30ae838d5193f21382d3b2edc69a3b01784f884411d0223e18
4,1712000004,12,12,True,1.0,11569.853755,964.1544795833333,0.2800603611394763,42809.269015643404,443,412,107,4,48,0.022226412314921618,0.0032952839275822033,,11569.853755,11569.853755,2897.327568,0.0,0.0,8672.526187,12,5,True,False,False,0,0,120,118,12,12,8561.853755,2215.0,412.0,381.0,0,0,0,0,5569.853755,0.0,0.0,248,87,7,107,0,baseline,0,0,0,972bd5a24a5a666e5b35231601e13ae2ef8c378a1e9b7d31e31a1898d5941109
4,1712000004,12,12,True,1.0,11733.926737,977.8272280833334,0.30238923290744424,43539.63392665539,446,415,107,4,48,0.02347357803955674,0.0038259320892393587,,11733.926737,11733.926737,7033.335456,0.0,0.0,4700.591281,11,7,False,False,False,0,0,152,147,12,12,8707.926737,2230.0,415.0,381.0,0,0,0,0,5733.926737,0.0,0.0,248,112,5,107,1,route,8,0,8,972bd5a24a5a666e5b35231601e13ae2ef8c378a1e9b7d31e31a1898d5941109
4,1712000004,12,12,True,1.0,11676.010017,973.0008347500001,0.2624745820648968,43325.050326374745,443,412,108,4,48,0.01907968195155263,0.0029863697709515686,,11676.010017,11676.010017,2963.228726,0.0,0.0,8712.781291000001,12,6,True,False,False,0,0,122,120,12,12,8665.010017,2215.0,412.0,384.0,0,0,0,0,5676.0100170000005,0.0,0.0,248,88,6,108,0,schedule,1,1,0,972bd5a24a5a666e5b35231601e13ae2ef8c378a1e9b7d31e31a1898d5941109
4,1712000004,12,12,True,1.0,11590.512319,965.8760265833333,0.25359229603782296,42407.56183776697,460,428,107,4,48,0.018632681109011173,0.0030144508462399246,,11590.512319,11590.512319,8250.258159,0.0,0.0,3340.2541599999986,8,5,False,False,False,0,0,151,140,12,12,8481.512319,2300.0,428.0,381.0,0,0,0,0,5590.5123189999995,0.0,0.0,248,104,7,107,4,combined,10,3,7,972bd5a24a5a666e5b35231601e13ae2ef8c378a1e9b7d31e31a1898d5941109
4,1712000005,13,13,True,1.0,9238.068645,710.6206649999999,0.182607710827142,34525.34322451613,382,352,2,3,45,0.00834591779857874,0.0043498480692505835,,9238.068645,6239.249009,1967.0,2998.8196359999993,0.32461543112943597,7271.068644999999,13,12,True,False,False,70,70,77,77,13,13,6905.068644999999,1910.0,352.0,71.0,2588.8196359999993,350.0,60.0,0.0,3238.0686449999994,2998.8196359999993,0.0,217,77,1,0,0,baseline,0,0,0,271b08c05a4bc3913ecdedc71008aa558e8f9739125edb48d5d8b72e5b3b5a50
4,1712000005,13,13,True,1.0,9256.468663,712.0360509999999,0.17005286226049066,33582.34329711303,415,385,5,6,45,0.004582192748785019,0.0036760736256837845,,9256.468663,7283.644689,6920.604769,1972.823974,0.21312922301414808,2335.863894,11,9,False,False,False,49,49,96,88,13,13,6716.468663,2075.0,385.0,80.0,1685.823974,245.0,42.0,0.0,3256.4686629999997,1972.823974,0.0,217,84,4,1,2,route,7,0,7,271b08c05a4bc3913ecdedc71008aa558e8f9739125edb48d5d8b72e5b3b5a50
4,1712000005,13,13,True,1.0,9238.068645,710.6206649999999,0.18299216497689486,34525.34322451613,382,352,2,3,45,0.00810854509472847,0.004424395412206649,,9238.068645,6239.249009,1967.0,2998.8196359999993,0.32461543112943597,7271.068644999999,13,12,True,False,False,70,70,77,77,13,13,6905.068644999999,1910.0,352.0,71.0,2588.8196359999993,350.0,60.0,0.0,3238.0686449999994,2998.8196359999993,0.0,217,77,1,0,0,schedule,0,0,0,271b08c05a4bc3913ecdedc71008aa558e8f9739125edb48d5d8b72e5b3b5a50
4,1712000005,13,13,True,1.0,9256.468663,712.0360509999999,0.17817532317712903,33582.34329711303,415,385,5,6,45,0.004437662195414305,0.0038575598970055575,,9256.468663,7283.644689,6920.604769,1972.823974,0.21312922301414808,2335.863894,11,9,False,False,False,49,49,96,88,13,13,6716.468663,2075.0,385.0,80.0,1685.823974,245.0,42.0,0.0,3256.4686629999997,1972.823974,0.0,217,84,4,1,2,combined,7,0,7,271b08c05a4bc3913ecdedc71008aa558e8f9739125edb48d5d8b72e5b3b5a50
4,1712000006,10,10,True,1.0,8393.44516,839.3445159999999,0.15515711577609181,31697.22579296172,339,309,0,2,42,0.011665773577988148,0.0019768342608585954,,8393.44516,1428.352981,668.01899,6965.092178999999,0.8298251845610438,7725.426169999999,10,10,True,True,False,270,270,100,100,10,10,6339.445159999999,1695.0,309.0,50.0,5372.092178999999,1350.0,243.0,0.0,2393.4451599999993,2393.4451599999993,0.0,310,100,0,0,0,baseline,0,0,0,1f7a8eb045c7b57050756cf186af91fb6d8ee8bd832714411e7a1591cf8b6cca
4,1712000006,10,10,True,1.0,8527.082374,852.7082373999999,0.16263488307595253,32160.411865365742,346,315,0,1,42,0.009895983152091503,0.00292880495544523,,8527.082374,1815.818923,671.0,6711.263451,0.7870527287813439,7856.082374,10,10,True,True,False,260,260,100,100,10,10,6432.082374,1730.0,315.0,50.0,5177.263451,1300.0,234.0,0.0,2527.0823739999996,2527.0823739999996,0.0,310,100,0,0,0,route,6,0,6,1f7a8eb045c7b57050756cf186af91fb6d8ee8bd832714411e7a1591cf8b6cca
4,1712000006,10,10,True,1.0,8366.856351,836.6856351,0.14259529625996947,31564.281746386638,339,309,0,2,42,0.01105133630335331,0.0027097391895949817,,8366.856351,1401.764172,720.652983,6965.092179,0.8324622638187803,7646.203368,10,10,True,True,False,270,270,98,98,10,10,6312.856351,1695.0,309.0,50.0,5372.092179,1350.0,243.0,0.0,2366.8563510000004,2366.8563510000004,0.0,310,98,0,0,0,schedule,2,2,0,1f7a8eb045c7b57050756cf186af91fb6d8ee8bd832714411e7a1591cf8b6cca
4,1712000006,10,10,True,1.0,8559.885795,855.9885795,0.1616702531464398,32354.42897387813,345,314,0,1,42,0.009087182115763426,0.0027366985799744726,,8559.885795,1848.622344,671.0,6711.263451,0.7840365644738138,7888.885795,10,10,True,True,False,260,260,100,100,10,10,6470.885795,1725.0,314.0,50.0,5177.263451,1300.0,234.0,0.0,2559.885795,2559.885795,0.0,310,100,0,0,0,combined,12,6,6,1f7a8eb045c7b57050756cf186af91fb6d8ee8bd832714411e7a1591cf8b6cca
4,1712000007,11,11,True,1.0,12151.50116,1104.6819236363635,0.2767399367876351,44172.505609608736,464,432,170,5,46,0.020848670974373817,0.002933145733550191,,12151.50116,12151.50116,8850.097787,0.0,0.0,3301.403372999999,9,5,False,False,False,0,0,125,119,11,11,8834.50116,2320.0,432.0,565.0,0,0,0,0,6151.50116,0.0,0.0,279,99,6,167,2,baseline,0,0,0,e866622ab1df5c4c24cac1b50ceb60bc0d3900f3f9c76c98d6e04439b078783c
4,1712000007,11,11,True,1.0,11270.71512,1024.6104654545454,0.24549959180876613,40433.57548924621,481,448,92,6,46,0.018369438592344522,0.0025714169023558497,,11270.71512,11270.71512,8442.384515,0.0,0.0,2828.330605000001,9,6,False,False,False,0,0,149,144,11,11,8086.715120000001,2405.0,448.0,331.0,0,0,0,0,5270.715120000001,0.0,0.0,279,108,5,92,2,route,10,0,10,e866622ab1df5c4c24cac1b50ceb60bc0d3900f3f9c76c98d6e04439b078783c
4,1712000007,11,11,True,1.0,12151.50116,1104.6819236363635,0.27727451268583536,44172.505609608736,464,432,170,5,46,0.018911954946815968,0.0029428713023662567,,12151.50116,12151.50116,8850.097787,0.0,0.0,3301.403372999999,9,5,False,False,False,0,0,125,119,11,11,8834.50116,2320.0,432.0,565.0,0,0,0,0,6151.50116,0.0,0.0,279,99,6,167,2,schedule,0,0,0,e866622ab1df5c4c24cac1b50ceb60bc0d3900f3f9c76c98d6e04439b078783c
4,1712000007,11,11,True,1.0,11211.0891,1019.1899181818181,0.2744604437611997,40135.4453885898,481,448,92,6,46,0.02161376690492034,0.0028710971819236875,,11211.0891,11211.0891,8382.758495,0.0,0.0,2828.330604999999,9,6,False,False,False,0,0,149,144,11,11,8027.089099999999,2405.0,448.0,331.0,0,0,0,0,5211.089099999999,0.0,0.0,279,108,5,92,2,combined,11,1,10,e866622ab1df5c4c24cac1b50ceb60bc0d3900f3f9c76c98d6e04439b078783c
4,1712000008,10,10,True,1.0,10208.859318,1020.8859318000001,0.15973472129553556,39209.296589006044,390,361,2,5,42,0.006482509896159172,0.0039868733612820504,,10208.859318,6026.078859,3207.592576,4182.7804590000005,0.40972064838086547,7001.266742000001,10,9,True,False,False,120,120,120,120,10,10,7841.859318000001,1950.0,361.0,56.0,3474.7804590000005,600.0,108.0,0.0,4208.859318000001,4182.7804590000005,0.0,310,120,1,0,0,baseline,0,0,0,5b74820ce7c14f7625e72cace58bcaf4abe001085543ca2be5d8a67b2e2012ac
4,1712000008,10,10,True,1.0,10039.726364,1003.9726364,0.20739922672510147,36573.63182570423,450,419,2,3,42,0.009493447840213776,0.005412752949632703,,10039.726364,10039.726364,3026.35193,0.0,0.0,7013.374434,10,7,True,False,False,0,0,152,146,10,10,7314.726364,2250.0,419.0,56.0,0,0,0,0,4039.726364,0.0,0.0,310,130,3,0,0,route,10,0,10,5b74820ce7c14f7625e72cace58bcaf4abe001085543ca2be5d8a67b2e2012ac
4,1712000008,10,10,True,1.0,9264.002438,926.4002438,0.16833273507654667,34650.01217897105,383,354,5,4,42,0.007099229842424393,0.004344828217290341,,9264.002438,4905.093373,3290.362762,4358.909065,0.47052114830196895,5973.639675999999,10,10,True,True,False,160,160,120,120,10,10,6930.0024379999995,1915.0,354.0,65.0,3414.909065,800.0,144.0,0.0,3264.0024379999995,3264.0024379999995,0.0,310,120,0,0,0,schedule,1,1,0,5b74820ce7c14f7625e72cace58bcaf4abe001085543ca2be5d8a67b2e2012ac
4,1712000008,10,10,True,1.0,9829.496194,982.9496194,0.17996332189068198,35552.48097595273,449,418,2,4,42,0.00903396401554346,0.004888858972117303,,9829.496194,8472.320799,3026.35193,1357.1753950000002,0.13807171478721672,6803.144264,10,7,True,False,False,50,50,151,146,10,10,7110.496193999999,2245.0,418.0,56.0,1062.1753950000002,250.0,45.0,0.0,3829.4961939999994,1357.1753950000002,0.0,310,130,3,0,0,combined,10,1,9,5b74820ce7c14f7625e72cace58bcaf4abe001085543ca2be5d8a67b2e2012ac
4,1712000009,14,14,True,1.0,9688.985205,692.0703717857143,0.17794825416058302,35449.926012192365,424,394,5,4,46,0.004876859951764345,0.0038436941104009748,,9688.985205,9688.985205,4162.167639,0.0,0.0,5526.817566000001,14,9,True,False,False,0,0,96,91,14,14,7089.985205000001,2120.0,394.0,85.0,0,0,0,0,3688.985205000001,0.0,0.0,186,66,5,1,0,baseline,0,0,0,3cff9e58ff2a162f86c56d308633f33d775daa8e3eb764801dcc69cb4b3a5551
4,1712000009,14,14,True,1.0,9760.973668,697.2124048571429,0.17937006568536162,35009.86834822135,451,422,4,6,46,0.005649209953844547,0.003799630096182227,,9760.973668,9760.973668,7542.22771,0.0,0.0,2218.7459580000004,10,6,False,False,False,0,0,129,112,14,14,7001.9736680000005,2255.0,422.0,82.0,0,0,0,0,3760.9736680000005,0.0,0.0,186,78,8,2,4,route,6,0,6,3cff9e58ff2a162f86c56d308633f33d775daa8e3eb764801dcc69cb4b3a5551
4,1712000009,14,14,True,1.0,9688.985205,692.0703717857143,0.17154052341356874,35449.926012192365,424,394,5,4,46,0.0052916789427399635,0.0036505168536677957,,9688.985205,9688.985205,4162.167639,0.0,0.0,5526.817566000001,14,9,True,False,False,0,0,96,91,14,14,7089.985205000001,2120.0,394.0,85.0,0,0,0,0,3688.985205000001,0.0,0.0,186,66,5,1,0,schedule,0,0,0,3cff9e58ff2a162f86c56d308633f33d775daa8e3eb764801dcc69cb4b3a5551
4,1712000009,14,14,True,1.0,9760.973668,697.2124048571429,0.17921527288854122,35009.86834822135,451,422,4,6,46,0.00558476010337472,0.003842888749204576,,9760.973668,9760.973668,7542.22771,0.0,0.0,2218.7459580000004,10,6,False,False,False,0,0,129,112,14,14,7001.9736680000005,2255.0,422.0,82.0,0,0,0,0,3760.9736680000005,0.0,0.0,186,78,8,2,4,combined,6,0,6,3cff9e58ff2a162f86c56d308633f33d775daa8e3eb764801dcc69cb4b3a5551
4,1712000010,12,12,True,1.0,9914.859413,826.2382844166667,0.2552417106926441,38559.297190554586,322,290,81,5,47,0.02155399974435568,0.004481228487566108,,9914.859413,9914.859413,119.0,0.0,0.0,9795.859413,12,11,True,False,False,0,0,102,102,12,12,7711.859413,1610.0,290.0,303.0,0,0,0,0,3914.859413,0.0,0.0,248,88,1,80,0,baseline,0,0,0,571cefdc33dd6ed3d59219adc7d7e9b05b9bb9e553e54fe93a3d27d0dbfd66ae
4,1712000010,12,12,True,1.0,10101.521463,841.79345525,0.2506073690019548,38087.60744508205,369,336,81,5,47,0.020932773128151894,0.0038309411145746658,,10101.521463,10101.521463,119.0,0.0,0.0,9982.521463,12,11,True,False,False,0,0,111,111,12,12,7617.521462999999,1845.0,336.0,303.0,0,0,0,0,4101.521462999999,0.0,0.0,248,96,1,80,0,route,12,0,12,571cefdc33dd6ed3d59219adc7d7e9b05b9bb9e553e54fe93a3d27d0dbfd66ae
4,1712000010,12,12,True,1.0,9956.338128,829.694844,0.26255444483831525,38791.690772944115,321,290,81,5,47,0.021703565027564764,0.004483138909563415,,9956.338128,9956.338128,119.0,0.0,0.0,9837.338128,12,11,True,False,False,0,0,102,102,12,12,7758.338127999999,1605.0,290.0,303.0,0,0,0,0,3956.3381279999994,0.0,0.0,248,88,1,80,0,schedule,4,4,0,571cefdc33dd6ed3d59219adc7d7e9b05b9bb9e553e54fe93a3d27d0dbfd66ae
4,1712000010,12,12,True,1.0,10347.469832,862.2891526666667,0.2949388502165675,38612.34928462591,393,360,80,5,47,0.021726770792156458,0.0044097837060689885,,10347.469832,10347.469832,119.0,0.0,0.0,10228.469832,12,9,True,False,False,0,0,115,113,12,12,7722.469832000001,1965.0,360.0,300.0,0,0,0,0,4347.469832000001,0.0,0.0,248,90,3,80,0,combined,14,2,12,571cefdc33dd6ed3d59219adc7d7e9b05b9bb9e553e54fe93a3d27d0dbfd66ae
4,1712000011,15,15,True,1.0,11083.070465,738.8713643333334,0.25256534619256854,40200.35218922371,452,420,96,11,50,0.01076079299673438,0.004190366296097636,,11083.070465,11083.070465,9054.492261,0.0,0.0,2028.5782040000013,8,6,False,False,False,0,0,121,102,15,15,8040.070465000001,2260.0,420.0,363.0,0,0,0,0,5083.070465000001,0.0,0.0,155,65,9,96,7,baseline,0,0,0,a4aa05fdd798bcac81c8b433a436a776c417c497a9e37c3222ac95c6bc869d29
4,1712000011,15,15,True,1.0,10060.213974,670.6809316,0.19632304506376386,36566.069870364576,448,417,5,13,47,0.005096693057566881,0.004672799305990337,,10060.213974,10060.213974,9461.041169,0.0,0.0,599.1728050000002,9,7,False,False,False,0,0,128,109,15,15,7313.213974,2240.0,417.0,90.0,0,0,0,0,4060.2139740000002,0.0,0.0,155,60,8,4,6,route,9,0,9,a4aa05fdd798bcac81c8b433a436a776c417c497a9e37c3222ac95c6bc869d29
4,1712000011,15,15,True,1.0,11083.070465,738.8713643333334,0.2549917921423912,40200.35218922371,452,420,96,11,50,0.010971387848258018,0.004344729124568402,,11083.070465,11083.070465,9054.492261,0.0,0.0,2028.5782040000013,8,6,False,False,False,0,0,121,102,15,15,8040.070465000001,2260.0,420.0,363.0,0,0,0,0,5083.070465000001,0.0,0.0,155,65,9,96,7,schedule,0,0,0,a4aa05fdd798bcac81c8b433a436a776c417c497a9e37c3222ac95c6bc869d29
4,1712000011,15,15,True,1.0,10060.213974,670.6809316,0.18896319065243006,36566.069870364576,448,417,5,13,47,0.005056822672486305,0.004498097393661737,,10060.213974,10060.213974,9461.041169,0.0,0.0,599.1728050000002,9,7,False,False,False,0,0,128,109,15,15,7313.213974,2240.0,417.0,90.0,0,0,0,0,4060.2139740000002,0.0,0.0,155,60,8,4,6,combined,9,0,9,a4aa05fdd798bcac81c8b433a436a776c417c497a9e37c3222ac95c6bc869d29
4,1712000012,16,16,True,1.0,7851.249358,490.703084875,0.18568578222766519,28596.246791406207,341,320,9,13,44,0.008044821675866842,0.003885134146548808,,7851.249358,7851.249358,5911.368139,0.0,0.0,1939.8812189999999,16,7,True,False,False,0,0,18,10,16,16,5719.249358,1705.0,320.0,107.0,0,0,0,0,1851.249358,0.0,0.0,76,0,9,5,0,baseline,0,0,0,acdd7d59388375a7ff577b339bffbf1481e8fe23c149952497699bacf01d9b59
4,1712000012,16,16,True,1.0,8619.338223,538.7086389375,0.33650696463882923,32016.691167866367,314,287,93,12,48,0.021557755302637815,0.014890416897833329,,8619.338223,8619.338223,6926.147515,0.0,0.0,1693.190708000001,13,11,False,False,False,0,0,45,39,16,16,6403.338223000001,1570.0,287.0,359.0,0,0,0,0,2619.3382230000007,0.0,0.0,84,16,5,92,3,route,8,0,8,acdd7d59388375a7ff577b339bffbf1481e8fe23c149952497699bacf01d9b59
4,1712000012,16,16,True,1.0,7851.249358,490.703084875,0.18619729671627283,28596.246791406207,341,320,9,13,44,0.007957082707434893,0.0039622392272576695,,7851.249358,7851.249358,5911.368139,0.0,0.0,1939.8812189999999,16,7,True,False,False,0,0,18,10,16,16,5719.249358,1705.0,320.0,107.0,0,0,0,0,1851.249358,0.0,0.0,76,0,9,5,0,schedule,0,0,0,acdd7d59388375a7ff577b339bffbf1481e8fe23c149952497699bacf01d9b59
4,1712000012,16,16,True,1.0,10854.563578,678.410223625,0.3448943607509136,40942.81804196438,364,334,144,12,51,0.019358621910214424,0.005591719876974821,,10854.563578,10854.563578,8690.581288,0.0,0.0,2163.98229,13,10,False,False,False,0,0,86,81,16,16,8188.563577999999,1820.0,334.0,512.0,0,0,0,0,4854.563577999999,0.0,0.0,104,33,6,144,3,combined,11,2,9,acdd7d59388375a7ff577b339bffbf1481e8fe23c149952497699bacf01d9b59
4,1712000013,12,12,True,1.0,10059.423351,838.2852792499999,0.2125445930287242,36807.11669929455,420,388,50,8,47,0.014941784087568521,0.004341006232425563,,10059.423351,10059.423351,4974.358872,0.0,0.0,5085.064479,12,10,True,False,False,0,0,103,102,12,12,7361.4233509999995,2100.0,388.0,210.0,0,0,0,0,4059.4233509999995,0.0,0.0,248,88,2,48,0,baseline,0,0,0,85144e108df8a9504811d43d4d3b3cc277dd3f6752d3e1124674f32bf05a00b3
4,1712000013,12,12,True,1.0,10929.307853,910.7756544166667,0.2448266949504614,39371.53920618781,460,428,89,7,47,0.015834464225918055,0.002973526995629069,,10929.307853,10929.307853,7068.889207,0.0,0.0,3860.418646,8,7,False,False,False,0,0,137,129,12,12,7874.307853,2300.0,428.0,327.0,0,0,0,0,4929.307853,0.0,0.0,248,104,5,86,4,route,11,0,11,85144e108df8a9504811d43d4d3b3cc277dd3f6752d3e1124674f32bf05a00b3
4,1712000013,12,12,True,1.0,10059.423351,838.2852792499999,0.21580658480525017,36807.11669929455,420,388,50,8,47,0.014874950982630253,0.0044399579521268535,,10059.423351,10059.423351,4974.358872,0.0,0.0,5085.064479,12,10,True,False,False,0,0,103,102,12,12,7361.4233509999995,2100.0,388.0,210.0,0,0,0,0,4059.4233509999995,0.0,0.0,248,88,2,48,0,schedule,0,0,0,85144e108df8a9504811d43d4d3b3cc277dd3f6752d3e1124674f32bf05a00b3
4,1712000013,12,12,True,1.0,10929.307853,910.7756544166667,0.24647323181852698,39371.53920618781,460,428,89,7,47,0.014998617116361856,0.0032189080491662014,,10929.307853,10929.307853,7068.889207,0.0,0.0,3860.418646,8,7,False,False,False,0,0,137,129,12,12,7874.307853,2300.0,428.0,327.0,0,0,0,0,4929.307853,0.0,0.0,248,104,5,86,4,combined,11,0,11,85144e108df8a9504811d43d4d3b3cc277dd3f6752d3e1124674f32bf05a00b3
4,1712000014,10,10,True,1.0,8662.073802,866.2073802000001,0.17875614296644926,32685.369000962517,351,320,0,2,42,0.009593667928129435,0.007033096952363845,,8662.073802,2120.249109,329.0,6541.8246930000005,0.7552261551373006,8333.073802,10,10,True,True,False,250,250,100,100,10,10,6537.073802000001,1755.0,320.0,50.0,5066.824693000001,1250.0,225.0,0.0,2662.073802000001,2662.073802000001,0.0,310,100,0,0,0,baseline,0,0,0,3869a3c01aed018dc8a43d8950b21c9a964ae4da42e914ec900dfeb41c07ce7b
4,1712000014,10,10,True,1.0,9288.861602,928.8861602000001,0.17049457086250186,34124.30801081367,407,376,1,1,42,0.005673364736139774,0.0037457962986081803,,9288.861602,9288.861602,5645.876778,0.0,0.0,3642.984824000001,10,9,True,False,False,0,0,132,130,10,10,6824.861602000001,2035.0,376.0,53.0,0,0,0,0,3288.861602000001,0.0,0.0,310,120,1,1,0,route,8,0,8,3869a3c01aed018dc8a43d8950b21c9a964ae4da42e914ec900dfeb41c07ce7b
4,1712000014,10,10,True,1.0,8662.073802,866.2073802000001,0.16296512121334672,32685.369000962517,351,320,0,2,42,0.008649843744933605,0.006797166285105043,,8662.073802,2120.249109,329.0,6541.8246930000005,0.7552261551373006,8333.073802,10,10,True,True,False,250,250,100,100,10,10,6537.073802000001,1755.0,320.0,50.0,5066.824693000001,1250.0,225.0,0.0,2662.073802000001,2662.073802000001,0.0,310,100,0,0,0,schedule,0,0,0,3869a3c01aed018dc8a43d8950b21c9a964ae4da42e914ec900dfeb41c07ce7b
4,1712000014,10,10,True,1.0,9072.079173,907.2079173,0.1737506901845336,33400.395871524626,395,364,1,1,42,0.0056578973308205605,0.0032690726919099664,,9072.079173,5877.923044,5359.873198,3194.156129,0.35208644766971764,3712.205975,10,10,True,True,False,120,120,120,120,10,10,6680.079173,1975.0,364.0,53.0,2486.156129,600.0,108.0,0.0,3072.079173,3072.079173,0.0,310,120,0,0,0,combined,10,1,9,3869a3c01aed018dc8a43d8950b21c9a964ae4da42e914ec900dfeb41c07ce7b
4,1712000015,16,16,True,1.0,13449.525089,840.5953180625,0.5916347471065819,47832.62526396181,452,415,376,11,59,0.023711152374744415,0.016232876200228896,,13449.525089,13449.525089,8036.279363,0.0,0.0,5413.245726000001,8,5,False,False,False,0,0,127,113,16,16,9566.525089,2260.0,415.0,1208.0,0,0,0,0,7449.525089000001,0.0,0.0,100,28,11,376,8,baseline,0,0,0,a622be903c10654e2139f9f1032c4f73d2eeef97e8af115ba81e6f81712968be
4,1712000015,16,16,True,1.0,14695.784451,918.4865281875,0.5544746019877493,54438.92211303885,432,395,391,12,57,0.04640498710796237,0.0035819379612803456,,14695.784451,14695.784451,9481.870136,0.0,0.0,5213.914315,11,7,False,False,False,0,0,151,139,16,16,10887.784451,2160.0,395.0,1253.0,0,0,0,0,8695.784451,0.0,0.0,112,44,9,391,5,route,11,0,11,a622be903c10654e2139f9f1032c4f73d2eeef97e8af115ba81e6f81712968be
4,1712000015,16,16,True,1.0,14187.464655,886.7165409375,0.5519023030065,51382.323125255236,449,413,391,11,57,0.04427387425675988,0.0037009458057582377,,14187.464655,14187.464655,8407.537416,0.0,0.0,5779.927239000001,8,7,False,False,False,0,0,127,113,16,16,10276.464655,2245.0,413.0,1253.0,0,0,0,0,8187.464655,0.0,0.0,108,36,9,391,8,schedule,2,2,0,a622be903c10654e2139f9f1032c4f73d2eeef97e8af115ba81e6f81712968be
4,1712000015,16,16,True,1.0,14639.621331,914.9763331875,0.6226284457370639,54158.106513098086,432,395,391,12,57,0.05539935687556863,0.003919584490358829,,14639.621331,14639.621331,9425.707016,0.0,0.0,5213.914315,11,7,False,False,False,0,0,151,139,16,16,10831.621331,2160.0,395.0,1253.0,0,0,0,0,8639.621331,0.0,0.0,112,44,9,391,5,combined,12,1,11,a622be903c10654e2139f9f1032c4f73d2eeef97e8af115ba81e6f81712968be
4,1712000016,15,15,True,1.0,8909.495668,593.9663778666667,0.15849176282063127,36162.478332918516,270,240,4,5,47,0.0030828402377665043,0.002821905119344592,,8909.495668,6105.522566,5127.589515,2803.973102,0.31471737643590264,3781.906153,15,14,True,False,False,60,60,62,62,15,15,7232.495668,1350.0,240.0,87.0,2455.973102,300.0,48.0,0.0,2909.4956679999996,2803.973102,0.0,155,62,1,0,0,baseline,0,0,0,0c4d1a90967a47e2e5c80dacd93fd4f7500713bfc401745744a354379f955986
4,1712000016,15,15,True,1.0,9412.262613,627.4841742000001,0.19358457624912262,36291.313069261785,350,320,3,3,47,0.00438933027908206,0.00342797990888357,,9412.262613,8875.908102,5685.550302,536.3545110000014,0.05698465215571024,3726.712311000001,15,12,True,False,False,10,10,85,82,15,15,7258.262613000001,1750.0,320.0,84.0,478.35451100000137,50.0,8.0,0.0,3412.262613000001,536.3545110000014,0.0,155,65,3,0,0,route,6,0,6,0c4d1a90967a47e2e5c80dacd93fd4f7500713bfc401745744a354379f955986
4,1712000016,15,15,True,1.0,9264.131867,617.6087911333333,0.182423229329288,37790.65933148538,276,248,1,3,47,0.003940580878406763,0.003615066455677151,,9264.131867,5759.108466,5209.385536,3505.0234010000004,0.3783434272438774,4054.7463310000003,15,15,True,True,False,65,65,60,60,15,15,7558.131867,1380.0,248.0,78.0,3127.0234010000004,325.0,53.0,0.0,3264.131867,3264.131867,0.0,155,60,0,0,0,schedule,4,4,0,0c4d1a90967a47e2e5c80dacd93fd4f7500713bfc401745744a354379f955986
4,1712000016,15,15,True,1.0,9286.905445,619.1270296666667,0.1820013029500842,35829.52722252697,344,314,4,4,47,0.003663053270429373,0.0028920939192175867,,9286.905445,8750.550934,5734.111775,536.3545109999995,0.05775384644287175,3552.79367,15,12,True,False,False,10,10,82,80,15,15,7165.905445,1720.0,314.0,87.0,478.35451099999955,50.0,8.0,0.0,3286.9054450000003,536.3545109999995,0.0,155,65,3,0,0,combined,12,5,7,0c4d1a90967a47e2e5c80dacd93fd4f7500713bfc401745744a354379f955986
4,1712000017,13,13,True,1.0,9553.628668,734.8945129230768,0.18802887294441462,35403.14334556815,404,376,4,10,45,0.006628334056586027,0.004789281357079743,,9553.628668,6899.851021,2589.40584,2653.777646999999,0.27777693054879354,6964.222828,13,8,True,False,False,63,63,83,82,13,13,7080.628667999999,2020.0,376.0,77.0,2283.777646999999,315.0,55.0,0.0,3553.6286679999994,2653.777646999999,0.0,217,77,5,3,0,baseline,0,0,0,7d70b1f07762016fda15817fba7a1598db6d4705296a14a7157f3a11fc286fc4
4,1712000017,13,13,True,1.0,9757.259766,750.5584435384615,0.1938012600876391,36606.298803707505,394,365,12,6,45,0.0069930399768054485,0.0048550146631896485,,9757.259766,9757.259766,6970.615157,0.0,0.0,2786.644608999999,12,8,False,False,False,0,0,107,103,13,13,7321.259765999999,1970.0,365.0,101.0,0,0,0,0,3757.259765999999,0.0,0.0,217,84,5,3,1,route,7,0,7,7d70b1f07762016fda15817fba7a1598db6d4705296a14a7157f3a11fc286fc4
4,1712000017,13,13,True,1.0,9553.628668,734.8945129230768,0.22676966898143291,35403.14334556815,404,376,4,10,45,0.006751975044608116,0.005178562458604573,,9553.628668,6899.851021,2589.40584,2653.777646999999,0.27777693054879354,6964.222828,13,8,True,False,False,63,63,83,82,13,13,7080.628667999999,2020.0,376.0,77.0,2283.777646999999,315.0,55.0,0.0,3553.6286679999994,2653.777646999999,0.0,217,77,5,3,0,schedule,0,0,0,7d70b1f07762016fda15817fba7a1598db6d4705296a14a7157f3a11fc286fc4
4,1712000017,13,13,True,1.0,9512.699286,731.7460989230768,0.22349215997382998,35578.496404497964,388,359,11,6,45,0.008296723011881113,0.006654505804181095,,9512.699286,8028.639968,6970.615157,1484.0593179999987,0.1560082236788578,2542.084128999999,12,8,False,False,False,42,42,101,97,13,13,7115.699285999999,1940.0,359.0,98.0,1238.0593179999987,210.0,36.0,0.0,3512.699285999999,1484.0593179999987,0.0,217,84,5,2,1,combined,8,1,7,7d70b1f07762016fda15817fba7a1598db6d4705296a14a7157f3a11fc286fc4
4,1712000018,12,12,True,1.0,8516.087288,709.6739406666667,0.16798419086262584,33540.43643888711,296,265,1,3,44,0.011699925176799297,0.003763364092446865,,8516.087288,1994.296506,1025.0,6521.790782000001,0.7658200957134201,7491.087288000001,12,12,True,True,False,208,208,80,80,12,12,6708.087288000001,1480.0,265.0,63.0,5299.790782000001,1040.0,182.0,0.0,2516.0872880000006,2516.0872880000006,0.0,248,80,0,0,0,baseline,0,0,0,c7ea8f410add12df4cefadb17830b68c10e78a26c6f8cef3e39cf2c0928c56a5
4,1712000018,12,12,True,1.0,9356.448825,779.7040687499999,0.190234221983701,33582.24413819172,434,404,2,2,44,0.012481501791626215,0.0036874662619084124,,9356.448825,6174.124472,3533.0,3182.324352999999,0.34012095962059613,5823.4488249999995,12,11,True,False,False,104,104,113,112,12,12,6716.4488249999995,2170.0,404.0,66.0,2571.324352999999,520.0,91.0,0.0,3356.4488249999995,3182.324352999999,0.0,248,112,1,0,0,route,10,0,10,c7ea8f410add12df4cefadb17830b68c10e78a26c6f8cef3e39cf2c0928c56a5
4,1712000018,12,12,True,1.0,8517.018577,709.7515480833334,0.15740647120401263,33545.09288438101,296,265,1,3,44,0.01082262210547924,0.0034742750227451337,,8517.018577,1995.227795,1031.028226,6521.790782000001,0.7657363575103542,7485.990351,12,12,True,True,False,208,208,80,80,12,12,6709.018577000001,1480.0,265.0,63.0,5299.790782000001,1040.0,182.0,0.0,2517.0185770000007,2517.0185770000007,0.0,248,80,0,0,0,schedule,1,1,0,c7ea8f410add12df4cefadb17830b68c10e78a26c6f8cef3e39cf2c0928c56a5
4,1712000018,12,12,True,1.0,9035.096147,752.9246789166667,0.19132382981479168,32820.480737264435,407,376,0,5,44,0.012208158150315285,0.0034023977583274257,,9035.096147,4845.908672,3533.0,4189.187475000001,0.46365721037633584,5502.096147,12,12,True,True,False,136,136,104,104,12,12,6564.096147,2035.0,376.0,60.0,3390.1874750000006,680.0,119.0,0.0,3035.096147,3035.096147,0.0,248,104,0,0,0,combined,13,3,10,c7ea8f410add12df4cefadb17830b68c10e78a26c6f8cef3e39cf2c0928c56a5
4,1712000019,14,14,True,1.0,9808.777611,700.6269722142857,0.1661287136375904,35283.88804597106,451,421,2,3,46,0.003403229173272848,0.0030737915076315403,,9808.777611,9808.777611,7245.873701,0.0,0.0,2562.903909999999,10,5,False,False,False,0,0,107,94,14,14,7056.7776109999995,2255.0,421.0,76.0,0,0,0,0,3808.7776109999995,0.0,0.0,186,72,9,2,4,baseline,0,0,0,bd502106d8e25824e27ce398c10c0379339075cc0306c3f0f5d6e17660d34236
4,1712000019,14,14,True,1.0,9716.888163,694.0634402142857,0.17522780690342188,35459.44081189821,430,399,2,5,47,0.003845605067908764,0.0032582713756710287,,9716.888163,8322.571836,7726.104951,1394.3163270000005,0.14349412112298288,1990.7832119999994,10,6,False,False,False,36,36,119,106,14,14,7091.888163,2150.0,399.0,76.0,1184.3163270000005,180.0,30.0,0.0,3716.8881629999996,1394.3163270000005,0.0,186,78,8,2,4,route,8,0,8,bd502106d8e25824e27ce398c10c0379339075cc0306c3f0f5d6e17660d34236
4,1712000019,14,14,True,1.0,9781.015751,698.6439822142858,0.17201299592852592,35145.07874822758,451,421,2,3,46,0.0035556978546082973,0.0031785116298124194,,9781.015751,8386.699424,7790.232539,1394.3163270000005,0.1425533260037381,1990.7832120000012,10,5,False,False,False,36,36,136,120,14,14,7029.015751000001,2255.0,421.0,76.0,1184.3163270000005,180.0,30.0,0.0,3781.015751000001,1394.3163270000005,0.0,186,84,9,2,4,schedule,2,2,0,bd502106d8e25824e27ce398c10c0379339075cc0306c3f0f5d6e17660d34236
4,1712000019,14,14,True,1.0,9619.267787,687.0905562142858,0.18107059504836798,34621.33893403091,441,411,3,4,46,0.004287382122129202,0.0034714387729763985,,9619.267787,9160.95146,6239.08131,458.31632700000046,0.04764565631693859,3380.186477000001,13,7,False,False,False,12,12,108,99,14,14,6924.267787000001,2205.0,411.0,79.0,388.31632700000046,60.0,10.0,0.0,3619.2677870000007,458.31632700000046,0.0,186,72,7,2,1,combined,10,2,8,bd502106d8e25824e27ce398c10c0379339075cc0306c3f0f5d6e17660d34236
4,1712000020,11,11,True,1.0,9734.543007,884.9584551818182,0.17245510313659906,36907.71504023184,387,357,2,3,43,0.005489695351570845,0.004259750945493578,,9734.543007,9734.543007,1649.0,0.0,0.0,8085.543007,11,7,True,False,False,0,0,99,99,11,11,7381.543007,1935.0,357.0,61.0,0,0,0,0,3734.543007,0.0,0.0,279,99,4,0,0,baseline,0,0,0,1c5660e9d611db3d8c568abbd16c5a0e6e68e314ca2b6358c71f0861f2f74e9c
4,1712000020,11,11,True,1.0,9579.332364,870.8483967272728,0.1839374490082264,36606.66182801639,372,343,0,1,43,0.006625251844525337,0.004928560229018329,,9579.332364,6933.670152,2405.505779,2645.662212,0.27618440528722427,7173.826585,11,9,True,False,False,90,90,120,119,11,11,7321.332364,1860.0,343.0,55.0,2115.662212,450.0,80.0,0.0,3579.332364,2645.662212,0.0,279,117,2,0,0,route,9,0,9,1c5660e9d611db3d8c568abbd16c5a0e6e68e314ca2b6358c71f0861f2f74e9c
4,1712000020,11,11,True,1.0,9491.240492,862.8400447272728,0.1863856790587306,35721.20246651251,386,356,2,4,43,0.00645775580778718,0.005078786425292491,,9491.240492,8459.508968,1649.0,1031.7315240000007,0.1087035488005629,7842.240492000001,11,9,True,False,False,27,27,109,108,11,11,7144.240492000001,1930.0,356.0,61.0,872.7315240000007,135.0,24.0,0.0,3491.240492000001,1031.7315240000007,0.0,279,108,2,0,0,schedule,2,2,0,1c5660e9d611db3d8c568abbd16c5a0e6e68e314ca2b6358c71f0861f2f74e9c
4,1712000020,11,11,True,1.0,9534.181589,866.7437808181818,0.182458839379251,35785.90794758129,391,361,2,3,43,0.005936936009675264,0.004826297983527183,,9534.181589,9534.181589,2576.747445,0.0,0.0,6957.434144,11,9,True,False,False,0,0,105,104,11,11,7157.181589,1955.0,361.0,61.0,0,0,0,0,3534.181589,0.0,0.0,279,104,2,0,0,combined,10,2,8,1c5660e9d611db3d8c568abbd16c5a0e6e68e314ca2b6358c71f0861f2f74e9c
4,1712000021,15,15,True,1.0,9604.827629,640.3218419333333,0.18532654363662004,37169.13814105029,354,323,1,6,47,0.006189746782183647,0.004167075548321006,,9604.827629,7274.45531,2915.141843,2330.372318999999,0.2426251057295262,6689.685786,15,12,True,False,False,40,40,60,58,15,15,7433.827628999999,1770.0,323.0,78.0,2098.372318999999,200.0,32.0,0.0,3604.8276289999994,2330.372318999999,0.0,155,55,3,0,0,baseline,0,0,0,8d68d7f76c7aa15a1b96ca68627afa3c1f79212d6432fcc0b7b12b74012af9c0
4,1712000021,15,15,True,1.0,9900.779535,660.051969,0.17834818130359054,39473.89767724559,327,296,0,5,47,0.0046101040206849575,0.0041275694966316214,,9900.779535,9900.779535,6640.435338,0.0,0.0,3260.3441969999994,13,11,False,False,False,0,0,76,70,15,15,7894.779535,1635.0,296.0,75.0,0,0,0,0,3900.7795349999997,0.0,0.0,155,65,4,0,2,route,8,0,8,8d68d7f76c7aa15a1b96ca68627afa3c1f79212d6432fcc0b7b12b74012af9c0
4,1712000021,15,15,True,1.0,9604.827629,640.3218419333333,0.1804468259215355,37169.13814105029,354,323,1,6,47,0.006011202931404114,0.0043247630354017,,9604.827629,7274.45531,2915.141843,2330.372318999999,0.2426251057295262,6689.685786,15,12,True,False,False,40,40,60,58,15,15,7433.827628999999,1770.0,323.0,78.0,2098.372318999999,200.0,32.0,0.0,3604.8276289999994,2330.372318999999,0.0,155,55,3,0,0,schedule,0,0,0,8d68d7f76c7aa15a1b96ca68627afa3c1f79212d6432fcc0b7b12b74012af9c0
4,1712000021,15,15,True,1.0,9218.085186,614.5390124,0.1964745600707829,34995.42592346686,361,330,3,5,47,0.0088243018835783,0.0044537510722875585,,9218.085186,8614.758612,5073.858389,603.3265740000006,0.0654503144445123,4144.226797,15,11,True,False,False,15,15,86,82,15,15,6999.085186,1805.0,330.0,84.0,516.3265740000006,75.0,12.0,0.0,3218.0851860000002,603.3265740000006,0.0,155,65,4,2,0,combined,11,3,8,8d68d7f76c7aa15a1b96ca68627afa3c1f79212d6432fcc0b7b12b74012af9c0
4,1712000022,14,14,True,1.0,12061.497284,861.5355202857143,0.4299289099872112,45542.48643374937,380,344,213,7,55,0.022267381194978952,0.009204261051490855,,12061.497284,12061.497284,2123.0,0.0,0.0,9938.497284,14,8,True,False,False,0,0,105,104,14,14,9108.497284,1900.0,344.0,709.0,0,0,0,0,6061.497283999999,0.0,0.0,186,66,6,212,0,baseline,0,0,0,d63a9f8199f60bf879cf34ad2a31c4cb5d8465c2512a4f98bd3fb173d7e0df26
4,1712000022,14,14,True,1.0,12277.174317,876.9410226428572,0.5280790477991104,44955.87177926943,386,350,312,8,55,0.060884456150233746,0.004170973412692544,,12277.174317,12277.174317,3618.0,0.0,0.0,8659.174317,14,11,True,False,False,0,0,117,117,14,14,8991.174317,1930.0,350.0,1006.0,0,0,0,0,6277.174317000001,0.0,0.0,186,72,3,311,0,route,6,0,6,d63a9f8199f60bf879cf34ad2a31c4cb5d8465c2512a4f98bd3fb173d7e0df26
4,1712000022,14,14,True,1.0,12123.883903,865.9917073571429,0.4650820167735219,45834.41952525815,381,346,212,7,55,0.02223411202430725,0.009688872238621069,,12123.883903,12123.883903,1853.102431,0.0,0.0,10270.781472,14,8,True,False,False,0,0,105,104,14,14,9166.883903,1905.0,346.0,706.0,0,0,0,0,6123.883903,0.0,0.0,186,66,6,212,0,schedule,1,1,0,d63a9f8199f60bf879cf34ad2a31c4cb5d8465c2512a4f98bd3fb173d7e0df26
4,1712000022,14,14,True,1.0,12421.053319,887.2180942142858,0.5315293758176267,46290.26679507996,366,330,311,8,55,0.06099848821759224,0.004151701508089896,,12421.053319,12421.053319,5276.870868,0.0,0.0,7144.182451000001,14,11,True,False,False,0,0,117,117,14,14,9258.053319,1830.0,330.0,1003.0,0,0,0,0,6421.053319000001,0.0,0.0,186,72,3,311,0,combined,10,4,6,d63a9f8199f60bf879cf34ad2a31c4cb5d8465c2512a4f98bd3fb173d7e0df26
4,1712000023,15,15,True,1.0,10340.283474,689.3522316,0.21574895875528455,39026.41736236658,412,385,5,9,47,0.006563548929989338,0.005421673972159624,,10340.283474,8597.669698,7675.576707,1742.6137760000001,0.16852669275283352,2664.7067669999997,12,7,False,False,False,25,25,89,76,15,15,7805.283474,2060.0,385.0,90.0,1597.6137760000001,125.0,20.0,0.0,4340.283474,1742.6137760000001,0.0,155,60,8,1,3,baseline,0,0,0,173c653406a07ba7281558419a57732a85cff6dc73418568156c76d8f5258ffc
4,1712000023,15,15,True,1.0,10931.521631,728.7681087333333,0.225135977845639,41387.608154961854,434,406,1,8,47,0.006829456891864538,0.005450190044939518,,10931.521631,10931.521631,8104.654211,0.0,0.0,2826.8674199999996,13,6,False,False,False,0,0,122,110,15,15,8277.521631,2170.0,406.0,78.0,0,0,0,0,4931.521631,0.0,0.0,155,65,9,1,2,route,5,0,5,173c653406a07ba7281558419a57732a85cff6dc73418568156c76d8f5258ffc
4,1712000023,15,15,True,1.0,10340.283474,689.3522316,0.21436669491231441,39026.41736236658,412,385,5,9,47,0.006766584236174822,0.005525084305554628,,10340.283474,8597.669698,7675.576707,1742.6137760000001,0.16852669275283352,2664.7067669999997,12,7,False,False,False,25,25,89,76,15,15,7805.283474,2060.0,385.0,90.0,1597.6137760000001,125.0,20.0,0.0,4340.283474,1742.6137760000001,0.0,155,60,8,1,3,schedule,0,0,0,173c653406a07ba7281558419a57732a85cff6dc73418568156c76d8f5258ffc
4,1712000023,15,15,True,1.0,9910.870646,660.7247097333333,0.20386677514761686,38654.35322112031,354,326,3,10,47,0.005944631062448025,0.00534188007004559,,9910.870646,8962.642626,8107.046216,948.2280199999987,0.09567555201446414,1803.8244299999997,14,9,False,False,False,15,15,75,67,15,15,7730.870645999999,1770.0,326.0,84.0,860.2280199999987,75.0,13.0,0.0,3910.8706459999994,948.2280199999987,0.0,155,60,6,0,1,combined,11,2,9,173c653406a07ba7281558419a57732a85cff6dc73418568156c76d8f5258ffc
4,1712000024,16,16,True,1.0,5275.548922,329.721807625,0.24858562089502811,20887.74462884257,131,123,80,9,31,0.021288469899445772,0.010049485135823488,,5275.548922,5275.548922,2020.011121,0.0,0.0,3255.537801,16,16,True,True,True,0,0,0,0,16,16,4177.548922,655.0,123.0,320.0,0,0,0,0,0.0,0.0,0.0,26,0,0,0,0,baseline,0,0,0,3cff5b0c03d553400f34b40cebfc6e5a9955fce8f4ad5a8b2bed30d4d4fc9581
4,1712000024,16,16,True,1.0,7804.958654,487.809915875,0.20833080867305398,29434.793272695955,307,288,5,4,41,0.007012411952018738,0.0054421089589595795,,7804.958654,7804.958654,6371.289924,0.0,0.0,1433.6687300000003,15,7,False,False,False,0,0,19,13,16,16,5886.958654,1535.0,288.0,95.0,0,0,0,0,1804.958654,0.0,0.0,86,6,9,5,1,route,8,0,8,3cff5b0c03d553400f34b40cebfc6e5a9955fce8f4ad5a8b2bed30d4d4fc9581
4,1712000024,16,16,True,1.0,4964.664015,310.2915009375,0.14706648793071508,19278.320068431374,173,161,1,4,31,0.007398569956421852,0.005946058314293623,,4964.664015,4964.664015,4284.627588,0.0,0.0,680.036427,16,16,True,True,False,0,0,0,0,16,16,3855.6640150000003,865.0,161.0,83.0,0,0,0,0,0.0,0.0,0.0,50,0,0,0,0,schedule,1,1,0,3cff5b0c03d553400f34b40cebfc6e5a9955fce8f4ad5a8b2bed30d4d4fc9581
4,1712000024,16,16,True,1.0,5949.968119,371.8730074375,0.16888620983809233,22839.840593082256,217,202,5,5,34,0.006389165297150612,0.004975335812196134,,5949.968119,5949.968119,4738.556472,0.0,0.0,1211.411647,16,16,True,True,True,0,0,0,0,16,16,4567.968119,1085.0,202.0,95.0,0,0,0,0,0.0,0.0,0.0,56,0,0,0,0,combined,8,3,5,3cff5b0c03d553400f34b40cebfc6e5a9955fce8f4ad5a8b2bed30d4d4fc9581
4,1712000025,10,10,True,1.0,9476.599489,947.6599489,0.14758274098858237,34627.997444233726,421,390,2,5,42,0.0057178097777068615,0.0036222816677764008,,9476.599489,9476.599489,3490.400759,0.0,0.0,5986.19873,10,8,True,False,False,0,0,111,110,10,10,6925.599489,2105.0,390.0,56.0,0,0,0,0,3476.599489,0.0,0.0,310,100,2,0,0,baseline,0,0,0,4199662ebb0c7535681135791a54a97ef390ffd488844b0708119f673ef4051d
4,1712000025,10,10,True,1.0,9871.228999,987.1228999000001,0.16593619203194976,34616.14499042257,486,456,4,5,42,0.006321884226053953,0.002694666408933699,,9871.228999,7690.903232,6451.18329,2180.325767000001,0.22087682974641534,3420.045709000001,8,5,False,False,False,80,80,153,147,10,10,6923.228999000001,2430.0,456.0,62.0,1708.3257670000012,400.0,72.0,0.0,3871.228999000001,2180.325767000001,0.0,310,140,5,3,2,route,9,0,9,4199662ebb0c7535681135791a54a97ef390ffd488844b0708119f673ef4051d
4,1712000025,10,10,True,1.0,9476.599489,947.6599489,0.14988924702629447,34627.997444233726,421,390,2,5,42,0.005902076605707407,0.003607113310135897,,9476.599489,9476.599489,3490.400759,0.0,0.0,5986.19873,10,8,True,False,False,0,0,111,110,10,10,6925.599489,2105.0,390.0,56.0,0,0,0,0,3476.599489,0.0,0.0,310,100,2,0,0,schedule,0,0,0,4199662ebb0c7535681135791a54a97ef390ffd488844b0708119f673ef4051d
4,1712000025,10,10,True,1.0,10654.876997,1065.4876997,0.17373282415792346,37384.38497948685,525,494,3,5,42,0.004046141169965267,0.003148904629051684,,10654.876997,10654.876997,6454.892431,0.0,0.0,4199.984565999999,9,4,False,False,False,0,0,175,169,10,10,7476.876996999999,2625.0,494.0,59.0,0,0,0,0,4654.876996999999,0.0,0.0,310,130,6,2,1,combined,12,1,11,4199662ebb0c7535681135791a54a97ef390ffd488844b0708119f673ef4051d
4,1712000026,16,16,True,1.0,3081.265629,192.5791018125,0.38095483276993036,10731.32839918477,74,65,140,2,27,0.03381602978333831,0.028384690824896086,,3081.265629,3081.265629,1158.800197,0.0,0.0,1922.465432,16,16,True,True,False,0,0,0,0,16,16,2146.265629,370.0,65.0,500.0,0,0,0,0,0.0,0.0,0.0,13,0,0,0,0,baseline,0,0,0,f5852da9324162a8426f3dade022a7720a8461e6b0a7ac841aba2ef35f6f5d76
4,1712000026,16,16,True,1.0,3081.265629,192.5791018125,0.3001200770959258,10731.32839918477,74,65,140,2,27,0.02901420369744301,0.018448232207447283,,3081.265629,3081.265629,1158.800197,0.0,0.0,1922.465432,16,16,True,True,False,0,0,0,0,16,16,2146.265629,370.0,65.0,500.0,0,0,0,0,0.0,0.0,0.0,13,0,0,0,0,route,0,0,0,f5852da9324162a8426f3dade022a7720a8461e6b0a7ac841aba2ef35f6f5d76
4,1712000026,16,16,True,1.0,3085.694316,192.85589475,0.40882738260552287,10748.47183783288,74,66,140,2,27,0.03245220705866814,0.02328700078651309,,3085.694316,3085.694316,1340.119895,0.0,0.0,1745.574421,16,16,True,True,False,0,0,0,0,16,16,2149.694316,370.0,66.0,500.0,0,0,0,0,0.0,0.0,0.0,13,0,0,0,0,schedule,6,6,0,f5852da9324162a8426f3dade022a7720a8461e6b0a7ac841aba2ef35f6f5d76
4,1712000026,16,16,True,1.0,3085.694316,192.85589475,0.39189151115715504,10748.47183783288,74,66,140,2,27,0.03199210297316313,0.02699604919180273,,3085.694316,3085.694316,1340.119895,0.0,0.0,1745.574421,16,16,True,True,False,0,0,0,0,16,16,2149.694316,370.0,66.0,500.0,0,0,0,0,0.0,0.0,0.0,13,0,0,0,0,combined,6,6,0,f5852da9324162a8426f3dade022a7720a8461e6b0a7ac841aba2ef35f6f5d76
4,1712000027,11,11,True,1.0,10496.550147,954.2318315454545,0.2179936645552516,36547.75072542238,513,480,29,3,46,0.014028734061866999,0.0040333145298063755,,10496.550147,10496.550147,7653.641097,0.0,0.0,2842.90905,5,3,False,False,False,0,0,164,152,11,11,7309.550147,2565.0,480.0,142.0,0,0,0,0,4496.550147,0.0,0.0,279,108,8,29,6,baseline,0,0,0,9f410d9f80e5703d4479742bf1afc4b2346b1cd82d4d0b19160098ef86f468ef
4,1712000027,11,11,True,1.0,10856.565798,986.9605270909091,0.23221919173374772,38437.82898193682,510,477,29,3,46,0.013787080999463797,0.004423596081323922,,10856.565798,10856.565798,8447.910466,0.0,0.0,2408.6553320000003,5,3,False,False,False,0,0,191,177,11,11,7687.565798,2550.0,477.0,142.0,0,0,0,0,4856.565798,0.0,0.0,279,116,8,29,6,route,8,0,8,9f410d9f80e5703d4479742bf1afc4b2346b1cd82d4d0b19160098ef86f468ef
4,1712000027,11,11,True,1.0,10585.687733,962.3352484545455,0.2225366597995162,36993.43865937499,513,480,29,3,46,0.014437607023864985,0.0044437129981815815,,10585.687733,10585.687733,7653.641097,0.0,0.0,2932.046636000001,5,3,False,False,False,0,0,164,152,11,11,7398.687733000001,2565.0,480.0,142.0,0,0,0,0,4585.687733000001,0.0,0.0,279,108,8,29,6,schedule,1,1,0,9f410d9f80e5703d4479742bf1afc4b2346b1cd82d4d0b19160098ef86f468ef
4,1712000027,11,11,True,1.0,10734.489243,975.8626584545455,0.2318524830043316,37857.44621329525,509,476,29,3,46,0.014128559734672308,0.004490157007239759,,10734.489243,10734.489243,8299.993841,0.0,0.0,2434.4954020000005,6,3,False,False,False,0,0,174,161,11,11,7571.489243,2545.0,476.0,142.0,0,0,0,0,4734.489243,0.0,0.0,279,108,8,29,5,combined,10,2,8,9f410d9f80e5703d4479742bf1afc4b2346b1cd82d4d0b19160098ef86f468ef
4,1712000028,11,11,True,1.0,9448.021447,858.9110406363635,0.16269790893420577,34710.10722835029,413,383,1,4,43,0.004821477923542261,0.0038077846169471724,,9448.021447,6582.696758,1907.613658,2865.324688999999,0.30327245816210724,7540.407788999999,11,10,True,False,False,99,99,119,118,11,11,6942.021446999999,2065.0,383.0,58.0,2282.324688999999,495.0,88.0,0.0,3448.021446999999,2865.324688999999,0.0,279,117,1,0,0,baseline,0,0,0,a04eb35bd6e9ddc0af1a7f4fcaae31a0b245f537cd8f66539c65217eda94d44d
4,1712000028,11,11,True,1.0,9466.758176,860.6143796363635,0.17495282087475061,35648.79087392851,385,354,1,5,43,0.005644837860018015,0.00401452393271029,,9466.758176,7357.734877,3545.804027,2109.0232989999995,0.22278199778534194,5920.954148999999,11,10,True,False,False,72,72,112,111,11,11,7129.758175999999,1925.0,354.0,58.0,1685.0232989999995,360.0,64.0,0.0,3466.7581759999994,2109.0232989999995,0.0,279,108,1,0,0,route,9,0,9,a04eb35bd6e9ddc0af1a7f4fcaae31a0b245f537cd8f66539c65217eda94d44d
4,1712000028,11,11,True,1.0,9448.021447,858.9110406363635,0.1920652980916202,34710.10722835029,413,383,1,4,43,0.005280885845422745,0.004580797022208571,,9448.021447,6582.696758,1907.613658,2865.324688999999,0.30327245816210724,7540.407788999999,11,10,True,False,False,99,99,119,118,11,11,6942.021446999999,2065.0,383.0,58.0,2282.324688999999,495.0,88.0,0.0,3448.021446999999,2865.324688999999,0.0,279,117,1,0,0,schedule,0,0,0,a04eb35bd6e9ddc0af1a7f4fcaae31a0b245f537cd8f66539c65217eda94d44d
4,1712000028,11,11,True,1.0,8974.277298,815.8433907272728,0.20535645773634315,32571.386477890464,405,374,2,5,43,0.005458313040435314,0.003925424721091986,,8974.277298,6231.343622,3570.145866,2742.9336760000006,0.30564396273015637,5404.131432000001,11,9,True,False,False,90,90,101,99,11,11,6514.277298000001,2025.0,374.0,61.0,2212.9336760000006,450.0,80.0,0.0,2974.277298000001,2742.9336760000006,0.0,279,99,2,1,0,combined,4,1,3,a04eb35bd6e9ddc0af1a7f4fcaae31a0b245f537cd8f66539c65217eda94d44d
4,1712000029,14,14,True,1.0,9430.887924,673.6348517142858,0.19303961424157023,35489.439611564514,381,352,2,3,46,0.008374558296054602,0.005411125370301306,,9430.887924,9430.887924,4188.497826,0.0,0.0,5242.390098000001,14,12,True,False,False,0,0,82,80,14,14,7097.887924000001,1905.0,352.0,76.0,0,0,0,0,3430.8879240000006,0.0,0.0,186,66,2,1,0,baseline,0,0,0,513c2c935aa6029649d895b48ef956f0b135a5e757f79ad1e035ba82f9b427fc
4,1712000029,14,14,True,1.0,9452.643967,675.1888547857143,0.24788241693750024,35613.21983402673,380,351,3,3,46,0.010301872622221708,0.007298590731807053,,9452.643967,8452.153053,4708.880625,1000.490914,0.10584244127810172,4743.763342,14,11,True,False,False,24,24,100,94,14,14,7122.643967,1900.0,351.0,79.0,860.490914,120.0,20.0,0.0,3452.643967,1000.490914,0.0,186,78,3,0,0,route,8,0,8,513c2c935aa6029649d895b48ef956f0b135a5e757f79ad1e035ba82f9b427fc
4,1712000029,14,14,True,1.0,9416.445058,672.6032184285714,0.20461554173380136,35417.225281177496,381,352,2,3,46,0.00890445290133357,0.005961712449789047,,9416.445058,9123.447999,4188.497826,292.99705899999935,0.031115464190074115,5227.9472319999995,14,12,True,False,False,6,6,82,80,14,14,7083.445057999999,1905.0,352.0,76.0,257.99705899999935,30.0,5.0,0.0,3416.4450579999993,292.99705899999935,0.0,186,66,2,1,0,schedule,1,1,0,513c2c935aa6029649d895b48ef956f0b135a5e757f79ad1e035ba82f9b427fc
4,1712000029,14,14,True,1.0,9310.309505,665.0221075,0.22529178485274315,34901.54752391196,380,351,3,3,46,0.006403813138604164,0.00561597035266459,,9310.309505,8309.818591,4708.880625,1000.490914,0.10746054290275714,4601.4288799999995,14,11,True,False,False,24,24,100,94,14,14,6980.309504999999,1900.0,351.0,79.0,860.490914,120.0,20.0,0.0,3310.3095049999993,1000.490914,0.0,186,78,3,0,0,combined,8,1,7,513c2c935aa6029649d895b48ef956f0b135a5e757f79ad1e035ba82f9b427fc
4,1712000030,15,15,True,1.0,8648.645881,576.5763920666667,0.16135943727567792,35908.22940046835,237,207,0,2,47,0.006428658962249756,0.003101815795525908,,8648.645881,8648.645881,989.315642,0.0,0.0,7659.330239000001,15,14,True,False,False,0,0,60,59,15,15,7181.645881,1185.0,207.0,75.0,0,0,0,0,2648.6458810000004,0.0,0.0,155,50,1,0,0,baseline,0,0,0,c094c5ee35b7709b52fc01e65395c62e32bc1a850184568cb184cb4ebd7008ca
4,1712000030,15,15,True,1.0,8470.977701,564.7318467333333,0.1697748419828713,34929.88850145351,239,209,2,2,47,0.008327716961503029,0.003396936552599069,,8470.977701,6200.865436,1247.0,2270.1122649999998,0.2679870429516079,7223.977701,15,14,True,False,False,45,45,45,45,15,15,6985.977701,1195.0,209.0,81.0,2009.1122649999998,225.0,36.0,0.0,2470.977701,2270.1122649999998,0.0,155,45,1,0,0,route,9,0,9,c094c5ee35b7709b52fc01e65395c62e32bc1a850184568cb184cb4ebd7008ca
4,1712000030,15,15,True,1.0,8721.258544,581.4172362666667,0.1801229566335678,36241.29272087379,238,208,0,3,47,0.008736065123230219,0.0033903309144079673,,8721.258544,8721.258544,2757.339307,0.0,0.0,5963.919237,15,14,True,False,False,0,0,66,65,15,15,7248.258544,1190.0,208.0,75.0,0,0,0,0,2721.2585440000003,0.0,0.0,155,55,1,0,0,schedule,4,4,0,c094c5ee35b7709b52fc01e65395c62e32bc1a850184568cb184cb4ebd7008ca
4,1712000030,15,15,True,1.0,8664.13253,577.6088353333333,0.19966103183105588,35910.662638981434,239,209,1,2,47,0.009450073819607496,0.004020838811993595,,8664.13253,6394.020265,1247.0,2270.1122650000007,0.26201264317456147,7417.132530000001,15,14,True,False,False,45,45,51,50,15,15,7182.132530000001,1195.0,209.0,78.0,2009.1122650000007,225.0,36.0,0.0,2664.1325300000008,2270.1122650000007,0.0,155,50,1,0,0,combined,16,7,9,c094c5ee35b7709b52fc01e65395c62e32bc1a850184568cb184cb4ebd7008ca
4,1712000031,16,16,True,1.0,7532.482355,470.7801471875,0.2591604981571436,28087.411784785225,268,246,83,7,43,0.016217438969761133,0.004722150648012757,,7532.482355,7532.482355,3260.68768,0.0,0.0,4271.794675,16,12,True,False,False,0,0,6,6,16,16,5617.482355,1340.0,246.0,329.0,0,0,0,0,1532.482355,0.0,0.0,44,0,4,83,0,baseline,0,0,0,9f12de78b722fab2ecb6ee683b795ff716b6f5c94555226d3828d106754d13b7
4,1712000031,16,16,True,1.0,7802.131858,487.633241125,0.21548486407846212,29755.659319530834,277,254,44,7,42,0.01208076672628522,0.00556598508264869,,7802.131858,7802.131858,6025.200215,0.0,0.0,1776.931643,13,10,False,False,False,0,0,23,15,16,16,5951.131858,1385.0,254.0,212.0,0,0,0,0,1802.1318579999997,0.0,0.0,72,1,6,44,3,route,5,0,5,9f12de78b722fab2ecb6ee683b795ff716b6f5c94555226d3828d106754d13b7
4,1712000031,16,16,True,1.0,7532.482355,470.7801471875,0.26655609207227826,28087.411784785225,268,246,83,7,43,0.01684897020459175,0.005102561134845017,,7532.482355,7532.482355,3260.68768,0.0,0.0,4271.794675,16,12,True,False,False,0,0,6,6,16,16,5617.482355,1340.0,246.0,329.0,0,0,0,0,1532.482355,0.0,0.0,44,0,4,83,0,schedule,0,0,0,9f12de78b722fab2ecb6ee683b795ff716b6f5c94555226d3828d106754d13b7
4,1712000031,16,16,True,1.0,7802.131858,487.633241125,0.2066930769942701,29755.659319530834,277,254,44,7,42,0.011784804053604603,0.003962813178077339,,7802.131858,7802.131858,6025.200215,0.0,0.0,1776.931643,13,10,False,False,False,0,0,23,15,16,16,5951.131858,1385.0,254.0,212.0,0,0,0,0,1802.1318579999997,0.0,0.0,72,1,6,44,3,combined,5,0,5,9f12de78b722fab2ecb6ee683b795ff716b6f5c94555226d3828d106754d13b7
4,1712000032,12,12,True,1.0,9624.936171,802.0780142499999,0.17699034605175257,37769.68085590265,340,311,0,3,44,0.011118747293949127,0.0066082008415833116,,9624.936171,9624.936171,1652.270315,0.0,0.0,7972.665856,12,11,True,False,False,0,0,96,96,12,12,7553.936170999999,1700.0,311.0,60.0,0,0,0,0,3624.9361709999994,0.0,0.0,248,96,1,0,0,baseline,0,0,0,5c237f0d0754f5def55e7874ce3d83fe98dfc1bf03a9e5a397a6bc99b084a3e8
4,1712000032,12,12,True,1.0,9627.243734,802.2703111666666,0.19603787222877145,36801.218661247105,373,342,0,1,44,0.009048022795468569,0.007305638073012235,,9627.243734,9627.243734,3497.053491,0.0,0.0,6130.190242999999,12,8,True,False,False,0,0,99,97,12,12,7360.243734,1865.0,342.0,60.0,0,0,0,0,3627.2437339999997,0.0,0.0,248,93,4,0,0,route,11,0,11,5c237f0d0754f5def55e7874ce3d83fe98dfc1bf03a9e5a397a6bc99b084a3e8
4,1712000032,12,12,True,1.0,9689.790154,807.4825128333333,0.18584677297621965,37553.95076480981,358,329,0,3,44,0.011234800796955824,0.006657502613961697,,9689.790154,9689.790154,1652.270315,0.0,0.0,8037.5198390000005,12,11,True,False,False,0,0,108,107,12,12,7510.790154,1790.0,329.0,60.0,0,0,0,0,3689.7901540000003,0.0,0.0,248,96,1,0,0,schedule,1,1,0,5c237f0d0754f5def55e7874ce3d83fe98dfc1bf03a9e5a397a6bc99b084a3e8
4,1712000032,12,12,True,1.0,8994.835751,749.5696459166667,0.19904144806787372,33759.17875421075,368,337,2,2,44,0.009658404160290956,0.008263727626763286,,8994.835751,7562.88167,2544.75685,1431.9540810000008,0.15919735731036594,6450.078901000001,12,9,True,False,False,48,48,98,96,12,12,6751.8357510000005,1840.0,337.0,66.0,1149.9540810000008,240.0,42.0,0.0,2994.8357510000005,1431.9540810000008,0.0,248,88,3,0,0,combined,9,2,7,5c237f0d0754f5def55e7874ce3d83fe98dfc1bf03a9e5a397a6bc99b084a3e8
4,1712000033,12,12,True,1.0,9812.257339,817.6881115833334,0.1871942998841405,35791.286688692955,436,405,3,5,44,0.0059861489571630955,0.005043771979399026,,9812.257339,7107.281625,5418.12274,2704.975714,0.2756731321394057,4394.134599,12,9,True,False,False,64,64,96,93,12,12,7158.257339,2180.0,405.0,69.0,2328.975714,320.0,56.0,0.0,3812.257339,2704.975714,0.0,248,91,3,1,0,baseline,0,0,0,a13c79944a1b517cff2eb2aba0537fc6788e89e79722f7d2359009ffddc01457
4,1712000033,12,12,True,1.0,9733.617277,811.1347730833332,0.18339336710050702,36148.08638299959,410,379,5,7,44,0.005929730832576752,0.0045166928088292485,,9733.617277,9733.617277,6660.825552,0.0,0.0,3072.791724999999,8,7,False,False,False,0,0,111,102,12,12,7229.617276999999,2050.0,379.0,75.0,0,0,0,0,3733.6172769999994,0.0,0.0,248,96,5,3,4,route,6,0,6,a13c79944a1b517cff2eb2aba0537fc6788e89e79722f7d2359009ffddc01457
4,1712000033,12,12,True,1.0,9746.017125,812.16809375,0.196983371861279,35460.085618216945,436,405,3,5,44,0.006335054989904165,0.0053841205546632425,,9746.017125,7041.041411,5351.882526,2704.975714,0.2775467844255404,4394.134599,12,9,True,False,False,64,64,92,90,12,12,7092.017125,2180.0,405.0,69.0,2328.975714,320.0,56.0,0.0,3746.0171250000003,2704.975714,0.0,248,88,3,1,0,schedule,1,1,0,a13c79944a1b517cff2eb2aba0537fc6788e89e79722f7d2359009ffddc01457
4,1712000033,12,12,True,1.0,9472.109144,789.3424286666667,0.18040855322033167,34870.54571937921,409,378,5,7,44,0.005772063974291086,0.00446879006922245,,9472.109144,7741.663297,6937.448246,1730.445847,0.18268854599253972,2534.660898,8,8,False,False,False,56,56,123,114,12,12,6974.109144,2045.0,378.0,75.0,1401.445847,280.0,49.0,0.0,3472.109144,1730.445847,0.0,248,104,4,3,4,combined,8,1,7,a13c79944a1b517cff2eb2aba0537fc6788e89e79722f7d2359009ffddc01457
4,1712000034,16,16,True,1.0,4885.780483,305.3612801875,0.1204055231064558,19883.90241646598,141,124,0,3,35,0.012910843826830387,0.0023056769277900444,,4885.780483,4885.780483,4494.017428,0.0,0.0,391.76305499999944,16,16,True,True,False,0,0,0,0,16,16,3976.7804829999995,705.0,124.0,80.0,0,0,0,0,0.0,0.0,0.0,68,0,0,0,0,baseline,0,0,0,923a3b5c5261da3149989f4b0aeac9679c8f8be83a9f5671b0ba46f164e463a9
4,1712000034,16,16,True,1.0,7309.67841,456.854900625,0.14126809872686863,30518.392059191734,192,166,0,3,44,0.006810625083744526,0.002602830622345209,,7309.67841,7309.67841,6917.915355,0.0,0.0,391.76305500000035,15,14,False,False,False,0,0,25,23,16,16,6103.67841,960.0,166.0,80.0,0,0,0,0,1309.6784100000004,0.0,0.0,104,16,2,0,1,route,11,0,11,923a3b5c5261da3149989f4b0aeac9679c8f8be83a9f5671b0ba46f164e463a9
4,1712000034,16,16,True,1.0,4834.872495,302.1795309375,0.12490691104903817,19629.362476572107,141,124,0,3,35,0.014140476007014513,0.002420905511826276,,4834.872495,4834.872495,4443.10944,0.0,0.0,391.76305499999944,16,16,True,True,False,0,0,0,0,16,16,3925.8724949999996,705.0,124.0,80.0,0,0,0,0,0.0,0.0,0.0,68,0,0,0,0,schedule,2,2,0,923a3b5c5261da3149989f4b0aeac9679c8f8be83a9f5671b0ba46f164e463a9
4,1712000034,16,16,True,1.0,7345.444457,459.0902785625,0.1461049197241664,30697.222290910966,192,166,0,3,44,0.006775585934519768,0.0026009900961071254,,7345.444457,7345.444457,6953.681402,0.0,0.0,391.76305499999944,15,14,False,False,False,0,0,28,26,16,16,6139.444457,960.0,166.0,80.0,0,0,0,0,1345.4444569999996,0.0,0.0,104,17,2,0,1,combined,17,6,11,923a3b5c5261da3149989f4b0aeac9679c8f8be83a9f5671b0ba46f164e463a9
4,1712000035,14,14,True,1.0,9395.113698,671.0795498571428,0.17345590563490987,35825.56848151817,365,335,0,7,46,0.006726901978254318,0.005388843012042344,,9395.113698,7241.367338,6640.12028,2153.746359999999,0.2292411171626887,2754.993417999999,12,11,False,False,False,42,42,73,69,14,14,7165.113697999999,1825.0,335.0,70.0,1908.7463599999992,210.0,35.0,0.0,3395.113697999999,2153.746359999999,0.0,186,66,3,0,2,baseline,0,0,0,e39dec90f8886e09705f90937da5ef78a38f1200d8c5df89a035e7da057ac9b6
4,1712000035,14,14,True,1.0,9109.18034,650.6557385714286,0.19934611627832055,34565.90168819738,358,327,3,9,46,0.008451550267636776,0.005995365558192134,,9109.18034,7787.207323,7509.513161,1321.9730170000012,0.14512535350683387,1599.667179000001,13,11,False,False,False,30,30,84,80,14,14,6913.180340000001,1790.0,327.0,79.0,1146.9730170000012,150.0,25.0,0.0,3109.180340000001,1321.9730170000012,0.0,186,72,3,0,1,route,7,0,7,e39dec90f8886e09705f90937da5ef78a38f1200d8c5df89a035e7da057ac9b6
4,1712000035,14,14,True,1.0,9395.113698,671.0795498571428,0.17404807871207595,35825.56848151817,365,335,0,7,46,0.006459562107920647,0.005561127909459174,,9395.113698,7241.367338,6640.12028,2153.746359999999,0.2292411171626887,2754.993417999999,12,11,False,False,False,42,42,73,69,14,14,7165.113697999999,1825.0,335.0,70.0,1908.7463599999992,210.0,35.0,0.0,3395.113697999999,2153.746359999999,0.0,186,66,3,0,2,schedule,0,0,0,e39dec90f8886e09705f90937da5ef78a38f1200d8c5df89a035e7da057ac9b6
4,1712000035,14,14,True,1.0,10099.79216,721.4137257142858,0.201307721901685,38468.96079389058,394,363,1,8,46,0.008294039871543646,0.005701172980479896,,10099.79216,10099.79216,7143.360243,0.0,0.0,2956.431917000001,13,8,False,False,False,0,0,99,95,14,14,7693.792160000001,1970.0,363.0,73.0,0,0,0,0,4099.792160000001,0.0,0.0,186,66,6,0,1,combined,8,1,7,e39dec90f8886e09705f90937da5ef78a38f1200d8c5df89a035e7da057ac9b6
4,1712000036,15,15,True,1.0,9557.256303,637.1504202,0.17898804508149624,38351.28149536396,307,277,0,3,48,0.012308401055634022,0.004808366415090858,,9557.256303,9557.256303,1626.570519,0.0,0.0,7930.685784,15,11,True,False,False,0,0,70,68,15,15,7670.256303,1535.0,277.0,75.0,0,0,0,0,3557.256303,0.0,0.0,155,56,4,0,0,baseline,0,0,0,64e2d367bc1467ad4805e0536ed2fa21a9633a088187718537a27f8b103ff7d7
4,1712000036,15,15,True,1.0,9764.425701,650.9617134,0.17982840165495872,39617.128506919835,297,269,4,4,48,0.012662725057452917,0.004236592957749963,,9764.425701,9764.425701,4613.388758,0.0,0.0,5151.036943,15,10,True,False,False,0,0,61,60,15,15,7923.425701,1485.0,269.0,87.0,0,0,0,0,3764.425701,0.0,0.0,155,50,5,2,0,route,8,0,8,64e2d367bc1467ad4805e0536ed2fa21a9633a088187718537a27f8b103ff7d7
4,1712000036,15,15,True,1.0,9939.614932,662.6409954666667,0.17432946991175413,41078.07465993739,279,248,2,3,48,0.012702867854386568,0.003980330610647798,,9939.614932,9939.614932,2495.212867,0.0,0.0,7444.402065,15,12,True,False,False,0,0,67,66,15,15,8215.614932,1395.0,248.0,81.0,0,0,0,0,3939.6149320000004,0.0,0.0,155,55,3,0,0,schedule,3,3,0,64e2d367bc1467ad4805e0536ed2fa21a9633a088187718537a27f8b103ff7d7
4,1712000036,15,15,True,1.0,9559.712646,637.3141764,0.18260831059888005,38623.563231125445,297,269,2,4,48,0.012486338149756193,0.00440651981625706,,9559.712646,9559.712646,4666.658693,0.0,0.0,4893.053953,15,14,True,False,False,0,0,73,72,15,15,7724.712646,1485.0,269.0,81.0,0,0,0,0,3559.712646,0.0,0.0,155,60,1,0,0,combined,9,2,7,64e2d367bc1467ad4805e0536ed2fa21a9633a088187718537a27f8b103ff7d7
4,1712000037,16,16,True,1.0,7121.446119,445.0903824375,0.17489372519776225,26452.230617695146,272,253,46,7,39,0.012900633737444878,0.0037504286970943216,,7121.446119,7121.446119,4446.571757,0.0,0.0,2674.8743620000005,16,14,True,False,False,0,0,3,3,16,16,5290.446119,1360.0,253.0,218.0,0,0,0,0,1121.4461190000002,0.0,0.0,59,0,2,40,0,baseline,0,0,0,41f241cebb97a25171d394fed56fc2e6907381fc77d6e59967176cdf187c2da6
4,1712000037,16,16,True,1.0,8619.303742,538.706483875,0.16040788870304823,33896.51869146354,294,266,8,8,46,0.004904184024780989,0.0032835056772455573,,8619.303742,8619.303742,8348.008554,0.0,0.0,271.29518800000005,15,13,False,False,False,0,0,44,41,16,16,6779.303742,1470.0,266.0,104.0,0,0,0,0,2619.303742,0.0,0.0,108,32,3,1,1,route,5,0,5,41f241cebb97a25171d394fed56fc2e6907381fc77d6e59967176cdf187c2da6
4,1712000037,16,16,True,1.0,7121.446119,445.0903824375,0.18118577636778355,26452.230617695146,272,253,46,7,39,0.013038332108408213,0.003763031493872405,,7121.446119,7121.446119,4446.571757,0.0,0.0,2674.8743620000005,16,14,True,False,False,0,0,3,3,16,16,5290.446119,1360.0,253.0,218.0,0,0,0,0,1121.4461190000002,0.0,0.0,59,0,2,40,0,schedule,0,0,0,41f241cebb97a25171d394fed56fc2e6907381fc77d6e59967176cdf187c2da6
4,1712000037,16,16,True,1.0,8562.101431,535.1313394375,0.16078388877213,33610.50713742739,294,266,8,8,46,0.004672646056860685,0.002798150642774999,,8562.101431,8562.101431,8290.806243,0.0,0.0,271.29518799999823,15,13,False,False,False,0,0,38,35,16,16,6722.101430999999,1470.0,266.0,104.0,0,0,0,0,2562.101430999999,0.0,0.0,108,28,3,1,1,combined,5,1,4,41f241cebb97a25171d394fed56fc2e6907381fc77d6e59967176cdf187c2da6
4,1712000038,14,14,True,1.0,8123.748727,580.2677662142858,0.1518675829283893,33603.743642128946,227,198,0,2,46,0.014928836841136217,0.0023957639932632446,,8123.748727,1645.112568,437.0,6478.636159,0.7974934204288812,7686.748727,14,14,True,True,False,162,162,54,54,14,14,6720.748727,1135.0,198.0,70.0,5532.636159000001,810.0,136.0,0.0,2123.748727,2123.748727,0.0,186,54,0,0,0,baseline,0,0,0,f1eb68680396eb790e74fe7cceb78f530c64f0801332787fd7c0f7a2c6aec278
4,1712000038,14,14,True,1.0,8218.129574,587.0092552857143,0.22963351989164948,31860.647872276753,301,271,0,2,46,0.017495735082775354,0.012433820753358305,,8218.129574,3196.079067,329.0,5022.050507,0.6110941013741674,7889.1295740000005,14,14,True,True,False,132,132,60,60,14,14,6372.1295740000005,1505.0,271.0,70.0,4251.050507000001,660.0,111.0,0.0,2218.1295740000005,2218.1295740000005,0.0,186,60,0,0,0,route,8,0,8,f1eb68680396eb790e74fe7cceb78f530c64f0801332787fd7c0f7a2c6aec278
4,1712000038,14,14,True,1.0,8205.416404,586.1011717142857,0.15571556380018592,34012.08202338382,227,198,0,2,46,0.014879599679261446,0.0024783052504062653,,8205.416404,1574.190883,437.0,6631.225520999999,0.8081522246412005,7768.416404,14,14,True,True,False,162,162,54,54,14,14,6802.416404,1135.0,198.0,70.0,5685.225520999999,810.0,136.0,0.0,2205.4164039999996,2205.4164039999996,0.0,186,54,0,0,0,schedule,3,3,0,f1eb68680396eb790e74fe7cceb78f530c64f0801332787fd7c0f7a2c6aec278
4,1712000038,14,14,True,1.0,8294.519753,592.4656966428572,0.2304842579178512,32272.59876598394,300,270,0,3,46,0.017859283834695816,0.0126959114568308,,8294.519753,3389.7365,329.0,4904.7832530000005,0.5913281780088613,7965.5197530000005,14,14,True,True,False,126,126,60,60,14,14,6454.5197530000005,1500.0,270.0,70.0,4169.7832530000005,630.0,105.0,0.0,2294.5197530000005,2294.5197530000005,0.0,186,60,0,0,0,combined,10,2,8,f1eb68680396eb790e74fe7cceb78f530c64f0801332787fd7c0f7a2c6aec278
4,1712000039,16,16,True,1.0,6554.925977,409.6828735625,0.2016460169106722,23394.629853236194,288,269,29,8,41,0.007711844053119421,0.0062110451981425285,,6554.925977,6554.925977,5309.982016,0.0,0.0,1244.943961,16,13,True,False,False,0,0,3,0,16,16,4678.925977,1440.0,269.0,167.0,0,0,0,0,554.9259769999999,0.0,0.0,68,0,3,2,0,baseline,0,0,0,88498267a14b9a2047d3f1e8fe1e0b826cecd578d6274c123a947c3fcec602cf
4,1712000039,16,16,True,1.0,7615.413263,475.9633289375,0.17374494625255466,29532.066306016713,274,253,2,7,43,0.0071576437912881374,0.0037298737093806266,,7615.413263,7615.413263,7257.56312,0.0,0.0,357.85014300000057,14,13,False,False,False,0,0,37,31,16,16,5906.413263,1370.0,253.0,86.0,0,0,0,0,1615.4132630000004,0.0,0.0,95,22,3,2,2,route,8,0,8,88498267a14b9a2047d3f1e8fe1e0b826cecd578d6274c123a947c3fcec602cf
4,1712000039,16,16,True,1.0,6554.925977,409.6828735625,0.20023093884810805,23394.629853236194,288,269,29,8,41,0.00813363492488861,0.005966512951999903,,6554.925977,6554.925977,5309.982016,0.0,0.0,1244.943961,16,13,True,False,False,0,0,3,0,16,16,4678.925977,1440.0,269.0,167.0,0,0,0,0,554.9259769999999,0.0,0.0,68,0,3,2,0,schedule,0,0,0,88498267a14b9a2047d3f1e8fe1e0b826cecd578d6274c123a947c3fcec602cf
4,1712000039,16,16,True,1.0,7615.413263,475.9633289375,0.17937260400503874,29532.066306016713,274,253,2,7,43,0.0068875630386173725,0.003712245263159275,,7615.413263,7615.413263,7257.56312,0.0,0.0,357.85014300000057,14,13,False,False,False,0,0,37,31,16,16,5906.413263,1370.0,253.0,86.0,0,0,0,0,1615.4132630000004,0.0,0.0,95,22,3,2,2,combined,8,0,8,88498267a14b9a2047d3f1e8fe1e0b826cecd578d6274c123a947c3fcec602cf
4,1712000040,16,16,True,1.0,5989.444222,374.340263875,0.18178383726626635,24207.221168152355,143,131,74,3,32,0.015378354117274284,0.0038484256248921154,,5989.444222,5989.444222,2012.590196,0.0,0.0,3976.854026,16,16,True,True,True,0,0,0,0,16,16,4841.444222,715.0,131.0,302.0,0,0,0,0,0.0,0.0,0.0,27,0,0,0,0,baseline,0,0,0,7620dfc4ccb8357cab587d3572e632773125fe6f298aa5d569a77baa34b37801
4,1712000040,16,16,True,1.0,4869.301724,304.33135775,0.131481705699116,19871.508621367542,137,127,1,2,32,0.00711053004488349,0.0037897893926128745,,4869.301724,4869.301724,1993.840276,0.0,0.0,2875.461448,16,16,True,True,False,0,0,0,0,16,16,3974.301724,685.0,127.0,83.0,0,0,0,0,0.0,0.0,0.0,26,0,0,0,0,route,2,0,2,7620dfc4ccb8357cab587d3572e632773125fe6f298aa5d569a77baa34b37801
4,1712000040,16,16,True,1.0,6218.663313,388.6664570625,0.19151079468429089,25358.316617762208,143,130,74,4,33,0.015447030775249004,0.0036629157140851015,,6218.663313,6218.663313,1813.685699,0.0,0.0,4404.977613999999,16,15,True,False,False,0,0,0,0,16,16,5071.663313,715.0,130.0,302.0,0,0,0,0,218.66331300000002,0.0,0.0,23,0,1,0,0,schedule,1,1,0,7620dfc4ccb8357cab587d3572e632773125fe6f298aa5d569a77baa34b37801
4,1712000040,16,16,True,1.0,5793.592623,362.0995389375,0.1838218430057168,22777.96315036103,177,162,37,3,35,0.015234839171171188,0.004754067165777078,,5793.592623,5793.592623,3525.462595,0.0,0.0,2268.1300279999996,16,16,True,True,True,0,0,0,0,16,16,4555.592623,885.0,162.0,191.0,0,0,0,0,0.0,0.0,0.0,41,0,0,0,0,combined,7,4,3,7620dfc4ccb8357cab587d3572e632773125fe6f298aa5d569a77baa34b37801
4,1712000041,12,12,True,1.0,9528.197308,794.0164423333334,0.20403347490355372,33930.98652688953,452,422,0,1,44,0.010195600800216198,0.0069008029531687515,,9528.197308,7923.841522,1343.0,1604.355786000001,0.16837978204470666,8185.197308000001,12,7,True,False,False,48,48,123,115,12,12,6786.197308000001,2260.0,422.0,60.0,1321.355786000001,240.0,43.0,0.0,3528.1973080000007,1604.355786000001,0.0,248,96,5,0,0,baseline,0,0,0,fca68f089f9e89ace919ebb772d39412e995200f91c66e2bd127f7990d43362f
4,1712000041,12,12,True,1.0,9740.537973,811.71149775,0.2111959862522781,34982.68985961816,452,421,1,4,44,0.009873142000287771,0.00701457872055471,,9740.537973,9740.537973,3666.009999,0.0,0.0,6074.5279740000005,12,4,True,False,False,0,0,130,126,12,12,6996.537973,2260.0,421.0,63.0,0,0,0,0,3740.5379730000004,0.0,0.0,248,96,8,0,0,route,7,0,7,fca68f089f9e89ace919ebb772d39412e995200f91c66e2bd127f7990d43362f
4,1712000041,12,12,True,1.0,9528.197308,794.0164423333334,0.2089979648590088,33930.98652688953,452,422,0,1,44,0.01052476605400443,0.007347379298880698,,9528.197308,7923.841522,1343.0,1604.355786000001,0.16837978204470666,8185.197308000001,12,7,True,False,False,48,48,123,115,12,12,6786.197308000001,2260.0,422.0,60.0,1321.355786000001,240.0,43.0,0.0,3528.1973080000007,1604.355786000001,0.0,248,96,5,0,0,schedule,0,0,0,fca68f089f9e89ace919ebb772d39412e995200f91c66e2bd127f7990d43362f
4,1712000041,12,12,True,1.0,9733.745573,811.1454644166666,0.20866203168407083,34948.72785965135,452,421,1,4,44,0.009616414085030556,0.006145590194500984,,9733.745573,9733.745573,3666.009999,0.0,0.0,6067.735574,12,4,True,False,False,0,0,130,126,12,12,6989.745573,2260.0,421.0,63.0,0,0,0,0,3733.745573,0.0,0.0,248,96,8,0,0,combined,8,1,7,fca68f089f9e89ace919ebb772d39412e995200f91c66e2bd127f7990d43362f
4,1712000042,12,12,True,1.0,8952.444372,746.037031,0.1471548369154334,35177.22186498389,314,284,1,5,44,0.006835804786533117,0.00300605851225555,,8952.444372,7307.58049,983.0,1644.8638819999996,0.1837334937421714,7969.444372,12,11,True,False,False,48,48,93,92,12,12,7035.444372,1570.0,284.0,63.0,1362.8638819999996,240.0,42.0,0.0,2952.444372,1644.8638819999996,0.0,248,88,1,0,0,baseline,0,0,0,338f0e52bf66ea513cc4c920c2ed89a233fbc4ccfd17716cee224fdf2abd269b
4,1712000042,12,12,True,1.0,8838.042018,736.5035015,0.16693125991150737,34630.21009027172,313,284,1,4,44,0.007234213873744011,0.003372589754872025,,8838.042018,6029.773594,1020.992067,2808.268424,0.31774780186386753,7817.049951,12,11,True,False,False,88,88,88,88,12,12,6926.042018,1565.0,284.0,63.0,2291.268424,440.0,77.0,0.0,2838.042018,2808.268424,0.0,248,88,1,0,0,route,8,0,8,338f0e52bf66ea513cc4c920c2ed89a233fbc4ccfd17716cee224fdf2abd269b
4,1712000042,12,12,True,1.0,9086.852696,757.2377246666666,0.15123781096190214,36104.26348300176,305,275,2,5,44,0.007409863173961639,0.0031335434410721067,,9086.852696,6030.162414,1714.622686,3056.6902819999996,0.33638602762269315,7372.23001,12,11,True,False,False,88,88,88,88,12,12,7220.852696,1525.0,275.0,66.0,2539.6902819999996,440.0,77.0,0.0,3086.852696,3056.6902819999996,0.0,248,88,1,0,0,schedule,5,5,0,338f0e52bf66ea513cc4c920c2ed89a233fbc4ccfd17716cee224fdf2abd269b
4,1712000042,12,12,True,1.0,9196.193549,766.3494624166666,0.17173918895423412,36270.967751489,318,289,1,3,44,0.0073079210706055164,0.0035386473638936884,,9196.193549,6141.925125,1332.341046,3054.268424,0.33212311242972076,7863.852503,12,11,True,False,False,96,96,96,96,12,12,7254.193549,1590.0,289.0,63.0,2490.268424,480.0,84.0,0.0,3196.1935489999996,3054.268424,0.0,248,96,1,0,0,combined,12,4,8,338f0e52bf66ea513cc4c920c2ed89a233fbc4ccfd17716cee224fdf2abd269b
4,1712000043,15,15,True,1.0,9629.966491,641.9977660666666,0.16993262013420463,35619.83244436753,410,381,0,8,47,0.004044520203024149,0.0030325098894536493,,9629.966491,8738.649577,7909.06973,891.3169139999991,0.09255659558452342,1720.896760999999,11,8,False,False,False,15,15,87,77,15,15,7123.966490999999,2050.0,381.0,75.0,804.3169139999991,75.0,12.0,0.0,3629.966490999999,891.3169139999991,0.0,155,55,7,0,4,baseline,0,0,0,6ce3c259f21a0e6b71d747404761e9be69f8b77c3555d1870796be66cdd46b1d
4,1712000043,15,15,True,1.0,9951.269141,663.4179427333333,0.18706274591386318,37461.34570473779,402,374,0,8,47,0.004569731652736664,0.0036913950927555538,,9951.269141,9951.269141,8579.778274,0.0,0.0,1371.4908670000004,12,7,False,False,False,0,0,94,86,15,15,7492.269141000001,2010.0,374.0,75.0,0,0,0,0,3951.2691410000007,0.0,0.0,155,57,8,0,3,route,7,0,7,6ce3c259f21a0e6b71d747404761e9be69f8b77c3555d1870796be66cdd46b1d
4,1712000043,15,15,True,1.0,9629.966491,641.9977660666666,0.17052212310954928,35619.83244436753,410,381,0,8,47,0.004059669096022844,0.002918075444176793,,9629.966491,8738.649577,7909.06973,891.3169139999991,0.09255659558452342,1720.896760999999,11,8,False,False,False,15,15,87,77,15,15,7123.966490999999,2050.0,381.0,75.0,804.3169139999991,75.0,12.0,0.0,3629.966490999999,891.3169139999991,0.0,155,55,7,0,4,schedule,0,0,0,6ce3c259f21a0e6b71d747404761e9be69f8b77c3555d1870796be66cdd46b1d
4,1712000043,15,15,True,1.0,10326.398316,688.4265544000001,0.19036802323535085,39486.991584293995,396,368,2,7,47,0.004700537770986557,0.003403470618650317,,10326.398316,10326.398316,8341.229338,0.0,0.0,1985.1689780000015,12,9,False,False,False,0,0,93,85,15,15,7897.398316000001,1980.0,368.0,81.0,0,0,0,0,4326.398316000001,0.0,0.0,155,60,6,0,3,combined,8,1,7,6ce3c259f21a0e6b71d747404761e9be69f8b77c3555d1870796be66cdd46b1d
4,1712000044,12,12,True,1.0,9618.884385,801.57369875,0.1673960299231112,36939.42192424771,367,336,0,3,44,0.0078016347251832485,0.005159492581151426,,9618.884385,8718.690217,2673.85245,900.194168,0.0935861303628716,6945.031934999999,12,9,True,False,False,24,24,88,85,12,12,7387.884384999999,1835.0,336.0,60.0,759.194168,120.0,21.0,0.0,3618.8843849999994,900.194168,0.0,248,85,3,0,0,baseline,0,0,0,65614017202432ce767d9290dbea5fc98f652f2d195bee4f1617879d0e369f66
4,1712000044,12,12,True,1.0,8869.738215,739.14485125,0.18126285308972,33568.691061612524,354,323,1,2,44,0.00967238424345851,0.004749766550958157,,8869.738215,6492.975574,5945.176171,2376.7626409999993,0.2679631104535366,2924.5620439999993,12,9,True,False,False,80,80,90,88,12,12,6713.738214999999,1770.0,323.0,63.0,1906.7626409999993,400.0,70.0,0.0,2869.7382149999994,2376.7626409999993,0.0,248,88,3,1,0,route,5,0,5,65614017202432ce767d9290dbea5fc98f652f2d195bee4f1617879d0e369f66
4,1712000044,12,12,True,1.0,9030.744881,752.5620734166667,0.16550753405317664,34398.72439979957,353,323,1,3,44,0.007794272154569626,0.005388073180802167,,9030.744881,6718.418854,2698.266919,2312.326027000001,0.256050420809136,6332.477962000001,12,11,True,False,False,80,80,102,102,12,12,6879.7448810000005,1765.0,323.0,63.0,1842.326027000001,400.0,70.0,0.0,3030.7448810000005,2312.326027000001,0.0,248,102,1,0,0,schedule,1,1,0,65614017202432ce767d9290dbea5fc98f652f2d195bee4f1617879d0e369f66
4,1712000044,12,12,True,1.0,8852.311998,737.6926665,0.18378663109615445,33326.55998981768,359,329,1,3,44,0.009673388209193945,0.00540410988032818,,8852.311998,8090.23915,4702.620249,762.0728479999989,0.08608743661228545,4149.691749,12,8,True,False,False,24,24,95,93,12,12,6665.311997999999,1795.0,329.0,63.0,621.0728479999989,120.0,21.0,0.0,2852.311997999999,762.0728479999989,0.0,248,88,4,0,0,combined,9,2,7,65614017202432ce767d9290dbea5fc98f652f2d195bee4f1617879d0e369f66
4,1712000045,13,13,True,1.0,10734.158644,825.704511076923,0.22991050127893686,39940.793224766516,450,419,4,8,46,0.019450692925602198,0.005874419352039695,,10734.158644,10734.158644,7563.661895,0.0,0.0,3170.496748999999,12,6,False,False,False,0,0,128,120,13,13,7988.158643999999,2250.0,419.0,77.0,0,0,0,0,4734.158643999999,0.0,0.0,217,84,7,2,1,baseline,0,0,0,777904376ed447b608f018255e4c67e1c542f4bd8e30a5e4df517d7244908bff
4,1712000045,13,13,True,1.0,10958.12712,842.9328553846153,0.20986765576526523,39380.63560279717,505,474,6,9,46,0.013502073008567095,0.005746480077505112,,10958.12712,10958.12712,9287.295626,0.0,0.0,1670.831494,9,1,False,False,False,0,0,149,132,13,13,7876.127119999999,2525.0,474.0,83.0,0,0,0,0,4958.127119999999,0.0,0.0,217,85,12,6,4,route,8,0,8,777904376ed447b608f018255e4c67e1c542f4bd8e30a5e4df517d7244908bff
4,1712000045,13,13,True,1.0,10754.900299,827.300023,0.1871731006540358,40044.50149501882,450,419,4,8,46,0.011138965375721455,0.0042427199659869075,,10754.900299,10754.900299,7584.40355,0.0,0.0,3170.496749000001,12,6,False,False,False,0,0,128,120,13,13,8008.900299000001,2250.0,419.0,77.0,0,0,0,0,4754.900299000001,0.0,0.0,217,84,7,2,1,schedule,1,1,0,777904376ed447b608f018255e4c67e1c542f4bd8e30a5e4df517d7244908bff
4,1712000045,13,13,True,1.0,10991.673339,845.5133337692308,0.2171763670630753,39548.36669510698,505,474,6,9,46,0.013413801789283752,0.00539539847522974,,10991.673339,10991.673339,9320.841845,0.0,0.0,1670.831494,9,1,False,False,False,0,0,149,132,13,13,7909.673339000001,2525.0,474.0,83.0,0,0,0,0,4991.673339000001,0.0,0.0,217,85,12,6,4,combined,10,2,8,777904376ed447b608f018255e4c67e1c542f4bd8e30a5e4df517d7244908bff
4,1712000046,13,13,True,1.0,9502.9421,730.9955461538461,0.23191912798210979,37244.710366632375,290,257,94,4,48,0.018350032158195972,0.003290267521515487,,9502.9421,9502.9421,437.0,0.0,0.0,9065.9421,13,12,True,False,False,0,0,75,75,13,13,7448.9421,1450.0,257.0,347.0,0,0,0,0,3502.9421,0.0,0.0,217,63,1,93,0,baseline,0,0,0,38dd05c08b074e5ac411ba08eb27e86f778fc15444949216f712666dde058439
4,1712000046,13,13,True,1.0,10116.300331,778.1769485384616,0.2516931649297476,37771.50152861637,375,343,93,3,48,0.018130251206457615,0.0031162195373326523,,10116.300331,10116.300331,3070.16414,0.0,0.0,7046.1361910000005,13,11,True,False,False,0,0,97,97,13,13,7554.300331,1875.0,343.0,344.0,0,0,0,0,4116.300331,0.0,0.0,217,72,2,93,0,route,10,0,10,38dd05c08b074e5ac411ba08eb27e86f778fc15444949216f712666dde058439
4,1712000046,13,13,True,1.0,9593.467768,737.9590590769232,0.23080576490610838,37727.3387058168,289,256,94,5,48,0.017930774949491024,0.003348726546391843,,9593.467768,9593.467768,437.0,0.0,0.0,9156.467768,13,12,True,False,False,0,0,75,75,13,13,7545.467768,1445.0,256.0,347.0,0,0,0,0,3593.4677680000004,0.0,0.0,217,63,1,93,0,schedule,2,2,0,38dd05c08b074e5ac411ba08eb27e86f778fc15444949216f712666dde058439
4,1712000046,13,13,True,1.0,10245.813226,788.1394789230769,0.2509122430346906,39004.06601142886,355,323,94,3,48,0.018288528081029654,0.003260004334151743,,10245.813226,10245.813226,3228.612338,0.0,0.0,7017.200888,13,12,True,False,False,0,0,91,91,13,13,7800.813226,1775.0,323.0,347.0,0,0,0,0,4245.813226,0.0,0.0,217,77,1,93,0,combined,16,6,10,38dd05c08b074e5ac411ba08eb27e86f778fc15444949216f712666dde058439
4,1712000047,12,12,True,1.0,9988.231216,832.3526013333334,0.19454284012317657,36961.15607123401,428,396,0,3,47,0.010755332186818123,0.004071918595582247,,9988.231216,9516.254524,4343.119345,471.9766920000002,0.047253280565226374,5645.111871,12,10,True,False,False,16,16,126,118,12,12,7392.231216,2140.0,396.0,60.0,377.9766920000002,80.0,14.0,0.0,3988.231216,471.9766920000002,0.0,248,104,2,0,0,baseline,0,0,0,f661f61a9a17dda975638f4952939e7fe84f2d64e8affc04ae2015e38813b736
4,1712000047,12,12,True,1.0,10047.091585,837.2576320833333,0.17368478095158935,38620.45791873889,381,349,3,6,47,0.005628789775073528,0.004762533726170656,,10047.091585,10047.091585,4151.914398,0.0,0.0,5895.177187,12,9,True,False,False,0,0,104,104,12,12,7724.091585,1905.0,349.0,69.0,0,0,0,0,4047.091585,0.0,0.0,248,104,3,0,0,route,11,0,11,f661f61a9a17dda975638f4952939e7fe84f2d64e8affc04ae2015e38813b736
4,1712000047,12,12,True,1.0,9988.231216,832.3526013333334,0.19668621383607388,36961.15607123401,428,396,0,3,47,0.010337743908166885,0.004329857369884849,,9988.231216,9516.254524,4343.119345,471.9766920000002,0.047253280565226374,5645.111871,12,10,True,False,False,16,16,126,118,12,12,7392.231216,2140.0,396.0,60.0,377.9766920000002,80.0,14.0,0.0,3988.231216,471.9766920000002,0.0,248,104,2,0,0,schedule,0,0,0,f661f61a9a17dda975638f4952939e7fe84f2d64e8affc04ae2015e38813b736
4,1712000047,12,12,True,1.0,9631.398766,802.6165638333333,0.17797604529187083,35106.993832587534,430,400,0,4,44,0.005512175150215626,0.005145883094519378,,9631.398766,9178.493604,7980.395546,452.9051620000009,0.04702382000824333,1651.0032200000005,9,6,False,False,False,16,16,120,107,12,12,7021.398766,2150.0,400.0,60.0,357.9051620000009,80.0,15.0,0.0,3631.3987660000003,452.9051620000009,0.0,248,88,6,0,3,combined,9,1,8,f661f61a9a17dda975638f4952939e7fe84f2d64e8affc04ae2015e38813b736
4,1712000048,10,10,True,1.0,10126.317645,1012.6317644999999,0.16006580600515008,35711.588226199674,492,462,4,8,43,0.012346410658210516,0.002788908826187253,,10126.317645,10126.317645,7894.660073,0.0,0.0,2231.657571999999,9,6,False,False,False,0,0,171,165,10,10,7142.317644999999,2460.0,462.0,62.0,0,0,0,0,4126.317644999999,0.0,0.0,310,130,4,3,1,baseline,0,0,0,3c28df59408d1f537747810ef29aa998804faa2aaa2cb4320f88303fd92c0a4e
4,1712000048,10,10,True,1.0,11736.491555,1173.6491555,0.17824354534968734,42082.457775689465,550,520,0,6,43,0.01234418572857976,0.0033991046249866484,,11736.491555,11736.491555,8076.830639,0.0,0.0,3659.6609160000007,7,3,False,False,False,0,0,187,177,10,10,8416.491555,2750.0,520.0,50.0,0,0,0,0,5736.4915550000005,0.0,0.0,310,123,7,0,3,route,7,0,7,3c28df59408d1f537747810ef29aa998804faa2aaa2cb4320f88303fd92c0a4e
4,1712000048,10,10,True,1.0,10126.317645,1012.6317644999999,0.16539232479408383,35711.588226199674,492,462,4,8,43,0.01263366173952818,0.003007762972265482,,10126.317645,10126.317645,7894.660073,0.0,0.0,2231.657571999999,9,6,False,False,False,0,0,171,165,10,10,7142.317644999999,2460.0,462.0,62.0,0,0,0,0,4126.317644999999,0.0,0.0,310,130,4,3,1,schedule,0,0,0,3c28df59408d1f537747810ef29aa998804faa2aaa2cb4320f88303fd92c0a4e
4,1712000048,10,10,True,1.0,11430.671935,1143.0671935,0.1822697469033301,41198.35967800171,528,498,1,6,43,0.012284019961953163,0.003294274257495999,,11430.671935,11430.671935,8867.60403,0.0,0.0,2563.067905,7,3,False,False,False,0,0,165,155,10,10,8239.671935,2640.0,498.0,53.0,0,0,0,0,5430.671935,0.0,0.0,310,123,7,1,3,combined,10,2,8,3c28df59408d1f537747810ef29aa998804faa2aaa2cb4320f88303fd92c0a4e
4,1712000049,12,12,True,1.0,10620.874876,885.0729063333333,0.16580171324312687,39919.374377270055,412,382,45,6,44,0.006120768841356039,0.002633132436312735,,10620.874876,10620.874876,4802.022568,0.0,0.0,5818.8523079999995,12,8,True,False,False,0,0,99,99,12,12,7983.874876,2060.0,382.0,195.0,0,0,0,0,4620.874876,0.0,0.0,248,88,4,39,0,baseline,0,0,0,4304b388e4a0b41a95aae1e727bdaac762f68d43a53036c8751f5010929c93c6
4,1712000049,12,12,True,1.0,10628.015059,885.6679215833333,0.18438752507790923,37775.07529888089,486,457,42,6,45,0.005899814423173666,0.0030284615233540533,,10628.015059,10628.015059,7190.993327,0.0,0.0,3437.0217319999992,9,5,False,False,False,0,0,146,137,12,12,7555.015058999999,2430.0,457.0,186.0,0,0,0,0,4628.015058999999,0.0,0.0,248,104,7,40,3,route,6,0,6,4304b388e4a0b41a95aae1e727bdaac762f68d43a53036c8751f5010929c93c6
4,1712000049,12,12,True,1.0,10613.730217,884.4775180833334,0.17040250869467854,39883.65108430915,412,382,45,6,44,0.005762523040175438,0.002690024953335524,,10613.730217,10613.730217,4974.145647,0.0,0.0,5639.58457,12,9,True,False,False,0,0,108,108,12,12,7976.730217,2060.0,382.0,195.0,0,0,0,0,4613.730217,0.0,0.0,248,96,3,39,0,schedule,1,1,0,4304b388e4a0b41a95aae1e727bdaac762f68d43a53036c8751f5010929c93c6
4,1712000049,12,12,True,1.0,10628.015059,885.6679215833333,0.18186190724372864,37775.07529888089,486,457,42,6,45,0.005566443782299757,0.002871215436607599,,10628.015059,10628.015059,7190.993327,0.0,0.0,3437.0217319999992,9,5,False,False,False,0,0,146,137,12,12,7555.015058999999,2430.0,457.0,186.0,0,0,0,0,4628.015058999999,0.0,0.0,248,104,7,40,3,combined,6,0,6,4304b388e4a0b41a95aae1e727bdaac762f68d43a53036c8751f5010929c93c6
4,1712000050,13,13,True,1.0,8049.483397,619.1910305384615,0.14085186878219247,32482.41698407678,253,223,0,2,45,0.0075951372273266315,0.0021641920320689665,,8049.483397,1317.575917,329.0,6731.90748,0.8363154687055999,7720.483397,13,13,True,True,False,196,196,63,63,13,13,6496.483397,1265.0,223.0,65.0,5582.90748,980.0,169.0,0.0,2049.483397,2049.483397,0.0,217,63,0,0,0,baseline,0,0,0,94db5282cccf43fa690581012bc5a62a0a41c472966d18a3c59233583bdb62da
4,1712000050,13,13,True,1.0,8291.870787,637.8362143846153,0.17320576775819063,32259.353937937154,301,270,0,1,45,0.007409390062093735,0.002886434178799391,,8291.870787,5413.01083,329.0,2878.8599569999997,0.3471906438186999,7962.870787,13,13,True,True,False,84,84,70,70,13,13,6451.870787,1505.0,270.0,65.0,2386.8599569999997,420.0,72.0,0.0,2291.870787,2291.870787,0.0,217,70,0,0,0,route,13,0,13,94db5282cccf43fa690581012bc5a62a0a41c472966d18a3c59233583bdb62da
4,1712000050,13,13,True,1.0,8060.528669,620.0406668461538,0.1439010868780315,32537.643347316447,253,223,0,2,45,0.007308686152100563,0.002252466045320034,,8060.528669,1328.621189,329.0,6731.90748,0.8351694729267887,7731.528669,13,13,True,True,False,196,196,63,63,13,13,6507.528669,1265.0,223.0,65.0,5582.90748,980.0,169.0,0.0,2060.5286690000003,2060.5286690000003,0.0,217,63,0,0,0,schedule,2,2,0,94db5282cccf43fa690581012bc5a62a0a41c472966d18a3c59233583bdb62da
4,1712000050,13,13,True,1.0,8410.154947,646.9349959230769,0.18113843211904168,32865.77473506143,300,269,1,2,45,0.007480375934392214,0.0034838383086025714,,8410.154947,5531.29499,329.0,2878.8599570000006,0.3423076001741113,8081.154947000001,13,13,True,True,False,84,84,72,72,13,13,6573.154947000001,1500.0,269.0,68.0,2386.8599570000006,420.0,72.0,0.0,2410.154947000001,2410.154947000001,0.0,217,72,0,0,0,combined,14,1,13,94db5282cccf43fa690581012bc5a62a0a41c472966d18a3c59233583bdb62da
4,1712000051,10,10,True,1.0,9417.079888,941.7079888000001,0.2042103330604732,32250.399443591126,491,462,0,1,42,0.007172387093305588,0.00548429095651954,,9417.079888,7891.631932,5044.369494,1525.447956,0.16198736488832896,4372.710394000001,10,6,True,False,False,50,50,144,135,10,10,6450.079888,2455.0,462.0,50.0,1230.447956,250.0,45.0,0.0,3417.079888,1525.447956,0.0,310,120,4,0,0,baseline,0,0,0,7a457bc29aa2ea36ece8d6e3aa61c5d976b56941bd962a7224c93c01b2795abf
4,1712000051,10,10,True,1.0,9309.980349,930.9980349,0.19447553995996714,32354.90173338157,470,439,0,4,42,0.006064990069717169,0.004461200931109487,,9309.980349,8156.209222,5908.272895,1153.771126999999,0.12392841700508289,3401.7074539999994,10,4,True,False,False,40,40,129,122,10,10,6470.9803489999995,2350.0,439.0,50.0,917.7711269999991,200.0,36.0,0.0,3309.9803489999995,1153.771126999999,0.0,310,110,6,0,0,route,4,0,4,7a457bc29aa2ea36ece8d6e3aa61c5d976b56941bd962a7224c93c01b2795abf
4,1712000051,10,10,True,1.0,9417.079888,941.7079888000001,0.2044666577130556,32250.399443591126,491,462,0,1,42,0.007150842808187008,0.005555030191317196,,9417.079888,7891.631932,5044.369494,1525.447956,0.16198736488832896,4372.710394000001,10,6,True,False,False,50,50,144,135,10,10,6450.079888,2455.0,462.0,50.0,1230.447956,250.0,45.0,0.0,3417.079888,1525.447956,0.0,310,120,4,0,0,schedule,0,0,0,7a457bc29aa2ea36ece8d6e3aa61c5d976b56941bd962a7224c93c01b2795abf
4,1712000051,10,10,True,1.0,9289.381212,928.9381212000001,0.19236404681578279,32251.906048588648,470,439,0,4,42,0.0061094691045582294,0.004669986176304517,,9289.381212,8135.610085,5887.673758,1153.771127,0.12420322739146082,3401.7074540000003,10,4,True,False,False,40,40,129,122,10,10,6450.381212,2350.0,439.0,50.0,917.771127,200.0,36.0,0.0,3289.3812120000002,1153.771127,0.0,310,110,6,0,0,combined,6,1,5,7a457bc29aa2ea36ece8d6e3aa61c5d976b56941bd962a7224c93c01b2795abf
4,1712000052,15,15,True,1.0,9760.615372,650.7076914666667,0.14089497970417142,39413.076848504665,305,275,1,4,47,0.0033690198324620724,0.002595868986099957,,9760.615372,9760.615372,2006.836291,0.0,0.0,7753.779081000001,15,14,True,False,False,0,0,61,61,15,15,7882.615372,1525.0,275.0,78.0,0,0,0,0,3760.615372,0.0,0.0,155,61,1,0,0,baseline,0,0,0,aa3c3f7af05668c162e94a4635b73eda0b4c9f17b6182aec1c237841a49c14c5
4,1712000052,15,15,True,1.0,9911.468816,660.7645877333333,0.17248380603268743,37642.34407839607,388,359,3,4,47,0.004282520152628422,0.0033691415097564454,,9911.468816,9911.468816,3494.300208,0.0,0.0,6417.168608,15,6,True,False,False,0,0,85,80,15,15,7528.4688160000005,1940.0,359.0,84.0,0,0,0,0,3911.4688160000005,0.0,0.0,155,55,9,1,0,route,7,0,7,aa3c3f7af05668c162e94a4635b73eda0b4c9f17b6182aec1c237841a49c14c5
4,1712000052,15,15,True,1.0,9581.534005,638.7689336666666,0.14153230702504516,38517.670014460164,305,275,1,4,47,0.0032954011112451553,0.0026316316332668063,,9581.534005,5949.643867,1973.849117,3631.8901379999998,0.3790510095883128,7607.684888,15,15,True,True,False,65,65,65,65,15,15,7703.5340049999995,1525.0,275.0,78.0,3254.8901379999998,325.0,52.0,0.0,3581.5340049999995,3581.5340049999995,0.0,155,65,0,0,0,schedule,2,2,0,aa3c3f7af05668c162e94a4635b73eda0b4c9f17b6182aec1c237841a49c14c5
4,1712000052,15,15,True,1.0,9411.029041,627.4019360666666,0.1723877522163093,35780.14520208022,366,338,4,6,47,0.004407989326864481,0.003331963578239083,,9411.029041,9095.869192,4096.441631,315.15984899999967,0.033488351552946785,5314.58741,15,10,True,False,False,5,5,88,85,15,15,7156.029041,1830.0,338.0,87.0,286.15984899999967,25.0,4.0,0.0,3411.029041,315.15984899999967,0.0,155,60,5,2,0,combined,11,3,8,aa3c3f7af05668c162e94a4635b73eda0b4c9f17b6182aec1c237841a49c14c5
4,1712000053,16,16,True,1.0,5632.7702,352.0481375,0.16776880016550422,19303.85100183772,282,264,6,7,36,0.00887312600389123,0.005454753525555134,,5632.7702,5632.7702,5293.786507,0.0,0.0,338.98369300000013,16,16,True,True,True,0,0,0,0,16,16,3860.7702,1410.0,264.0,98.0,0,0,0,0,0.0,0.0,0.0,69,0,0,0,0,baseline,0,0,0,06b06578e2bcd25c57cf0dea4079e7b26430aea805d98e9fddeeabc008fede9e
4,1712000053,16,16,True,1.0,7720.055773,482.5034858125,0.22098517790436745,29535.278755846914,260,238,65,5,40,0.009499759878963232,0.009170840051956473,,7720.055773,7720.055773,5159.913187,0.0,0.0,2560.142586,16,12,True,False,False,0,0,3,3,16,16,5907.055773,1300.0,238.0,275.0,0,0,0,0,1720.055773,0.0,0.0,69,0,4,60,0,route,7,0,7,06b06578e2bcd25c57cf0dea4079e7b26430aea805d98e9fddeeabc008fede9e
4,1712000053,16,16,True,1.0,5632.7702,352.0481375,0.16989521495997906,19303.85100183772,282,264,6,7,36,0.008704734966158867,0.00573144992813468,,5632.7702,5632.7702,5293.786507,0.0,0.0,338.98369300000013,16,16,True,True,True,0,0,0,0,16,16,3860.7702,1410.0,264.0,98.0,0,0,0,0,0.0,0.0,0.0,69,0,0,0,0,schedule,0,0,0,06b06578e2bcd25c57cf0dea4079e7b26430aea805d98e9fddeeabc008fede9e
4,1712000053,16,16,True,1.0,7800.06325,487.503953125,0.25579312397167087,30060.316135102767,236,216,104,6,42,0.012298406101763248,0.009406778239645064,,7800.06325,7800.06325,4879.538457,0.0,0.0,2920.5247930000005,16,13,True,False,False,0,0,4,3,16,16,6012.06325,1180.0,216.0,392.0,0,0,0,0,1800.0632500000002,0.0,0.0,57,0,3,98,0,combined,9,2,7,06b06578e2bcd25c57cf0dea4079e7b26430aea805d98e9fddeeabc008fede9e
4,1712000054,14,14,True,1.0,8424.533052,601.7523608571429,0.13877552095800638,34307.665261343005,254,223,0,4,46,0.009993270970880985,0.002206602366641164,,8424.533052,8135.675107,2178.150334,288.85794500000065,0.03428770986083617,6246.382718000001,14,13,True,False,False,6,6,69,68,14,14,6861.533052000001,1270.0,223.0,70.0,253.85794500000065,30.0,5.0,0.0,2424.5330520000007,288.85794500000065,0.0,186,60,1,0,0,baseline,0,0,0,b0ccf9d99106d6c0816a7d50b12d2c6b8dd418391a5c53baba4e424c0158308e
4,1712000054,14,14,True,1.0,8501.541389,607.2529563571428,0.15591738000512123,35252.706933821275,235,206,0,2,46,0.00890490785241127,0.002768014441244304,,8501.541389,2685.005333,2247.48056,5816.536056,0.6841742914438924,6254.060829,14,14,True,True,False,144,144,66,66,14,14,7050.541389,1175.0,206.0,70.0,4976.536056,720.0,120.0,0.0,2501.541389,2501.541389,0.0,186,66,0,0,0,route,12,0,12,b0ccf9d99106d6c0816a7d50b12d2c6b8dd418391a5c53baba4e424c0158308e
4,1712000054,14,14,True,1.0,8346.960535,596.2114667857143,0.14957799622789025,33689.802674172315,261,231,1,4,46,0.010060984175652266,0.0024149444652721286,,8346.960535,8346.960535,1010.62466,0.0,0.0,7336.335875000001,14,13,True,False,False,0,0,63,63,14,14,6737.960535,1305.0,231.0,73.0,0,0,0,0,2346.960535,0.0,0.0,186,54,1,1,0,schedule,1,1,0,b0ccf9d99106d6c0816a7d50b12d2c6b8dd418391a5c53baba4e424c0158308e
4,1712000054,14,14,True,1.0,8501.541389,607.2529563571428,0.15239444421604276,35252.706933821275,235,206,0,2,46,0.008963119704276323,0.0028529870323836803,,8501.541389,2685.005333,2247.48056,5816.536056,0.6841742914438924,6254.060829,14,14,True,True,False,144,144,66,66,14,14,7050.541389,1175.0,206.0,70.0,4976.536056,720.0,120.0,0.0,2501.541389,2501.541389,0.0,186,66,0,0,0,combined,12,0,12,b0ccf9d99106d6c0816a7d50b12d2c6b8dd418391a5c53baba4e424c0158308e
4,1712000055,13,13,True,1.0,10030.915427,771.608879,0.21399988885968924,36154.57717708166,429,398,64,8,48,0.01834128424525261,0.002962324162945151,,10030.915427,10030.915427,4525.060371,0.0,0.0,5505.855056,13,11,True,False,False,0,0,102,102,13,13,7230.915427,2145.0,398.0,257.0,0,0,0,0,4030.915427,0.0,0.0,217,77,2,64,0,baseline,0,0,0,6f5298aacb8ccfcdf4d897e3054f61032349bc39c78d6c00cfd334c252c18c22
4,1712000055,13,13,True,1.0,10756.786884,827.4451449230769,0.22399175399914384,40088.934466520346,422,390,58,8,48,0.018513786140829325,0.0032700743526220323,,10756.786884,10756.786884,5559.110723,0.0,0.0,5197.676160999999,13,8,True,False,False,0,0,133,130,13,13,8017.786883999999,2110.0,390.0,239.0,0,0,0,0,4756.786883999999,0.0,0.0,217,91,5,58,0,route,5,0,5,6f5298aacb8ccfcdf4d897e3054f61032349bc39c78d6c00cfd334c252c18c22
4,1712000055,13,13,True,1.0,10030.915427,771.608879,0.21874231426045299,36154.57717708166,429,398,64,8,48,0.017982190009206533,0.0028963791672140357,,10030.915427,10030.915427,4525.060371,0.0,0.0,5505.855056,13,11,True,False,False,0,0,102,102,13,13,7230.915427,2145.0,398.0,257.0,0,0,0,0,4030.915427,0.0,0.0,217,77,2,64,0,schedule,0,0,0,6f5298aacb8ccfcdf4d897e3054f61032349bc39c78d6c00cfd334c252c18c22
4,1712000055,13,13,True,1.0,10722.129539,824.7791953076922,0.2263250518590212,39915.64774565111,422,390,58,8,48,0.018203527200967073,0.003346357098780572,,10722.129539,10722.129539,5559.110723,0.0,0.0,5163.018816,13,8,True,False,False,0,0,133,130,13,13,7983.129539,2110.0,390.0,239.0,0,0,0,0,4722.129539,0.0,0.0,217,91,5,58,0,combined,6,1,5,6f5298aacb8ccfcdf4d897e3054f61032349bc39c78d6c00cfd334c252c18c22
4,1712000056,12,12,True,1.0,9882.199693,823.5166410833334,0.18651221366599202,36915.99845845063,411,381,1,4,44,0.007427362259477377,0.005165416514500977,,9882.199693,9337.142914,7998.894947,545.0567790000005,0.05515541032692228,1883.3047460000007,10,7,False,False,False,16,16,125,115,12,12,7383.1996930000005,2055.0,381.0,63.0,450.05677900000046,80.0,15.0,0.0,3882.1996930000005,545.0567790000005,0.0,248,96,5,0,2,baseline,0,0,0,bc0639983b1b722c8d8f28b57085b786f1b8d412f50f58288bba24663808b9fd
4,1712000056,12,12,True,1.0,9949.745808,829.145484,0.2058077729307115,35738.729038472455,461,431,2,7,44,0.008601116947829723,0.004810376302339138,,9949.745808,8891.536257,7709.50164,1058.209551,0.10635543574883656,2240.2441679999993,9,4,False,False,False,32,32,135,120,12,12,7147.745808,2305.0,431.0,66.0,870.2095509999999,160.0,28.0,0.0,3949.7458079999997,1058.209551,0.0,248,96,8,1,3,route,7,0,7,bc0639983b1b722c8d8f28b57085b786f1b8d412f50f58288bba24663808b9fd
4,1712000056,12,12,True,1.0,9634.187265,802.84893875,0.18799745524302125,35675.9363178644,411,381,1,4,44,0.008087747730314732,0.005140994396060707,,9634.187265,9089.130486,7750.882519,545.0567790000005,0.05657527345146539,1883.3047460000007,10,8,False,False,False,16,16,133,123,12,12,7135.1872650000005,2055.0,381.0,63.0,450.05677900000046,80.0,15.0,0.0,3634.1872650000005,545.0567790000005,0.0,248,102,4,0,2,schedule,1,1,0,bc0639983b1b722c8d8f28b57085b786f1b8d412f50f58288bba24663808b9fd
4,1712000056,12,12,True,1.0,9928.818722,827.4015601666666,0.19915132224559784,35809.09360415632,455,426,2,6,44,0.008388456888496876,0.004806818417273462,,9928.818722,8880.013795,8316.743939,1048.8049269999992,0.1056323976059797,1612.074783,9,4,False,False,False,32,32,129,114,12,12,7161.818722,2275.0,426.0,66.0,860.8049269999992,160.0,28.0,0.0,3928.818722,1048.8049269999992,0.0,248,96,8,1,3,combined,10,2,8,bc0639983b1b722c8d8f28b57085b786f1b8d412f50f58288bba24663808b9fd
4,1712000057,13,13,True,1.0,11138.618857,856.8168351538461,0.33681720588356256,40468.09437028015,425,393,154,2,48,0.020167089067399502,0.003905105567537248,,11138.618857,11138.618857,7743.473565,0.0,0.0,3395.1452919999992,12,7,False,False,False,0,0,126,120,13,13,8093.6188569999995,2125.0,393.0,527.0,0,0,0,0,5138.6188569999995,0.0,0.0,217,91,6,154,1,baseline,0,0,0,5738c6643cbcb1bf082f9554f5a4c457ad500e17db8846fe21ff853eea942ef7
4,1712000057,13,13,True,1.0,10435.720941,802.7477646923077,0.25519475480541587,38838.60470868541,420,389,38,3,48,0.020640297792851925,0.004215525230392814,,10435.720941,10435.720941,6408.026914,0.0,0.0,4027.6940269999996,12,9,False,False,False,0,0,122,115,13,13,7767.720941,2100.0,389.0,179.0,0,0,0,0,4435.720941,0.0,0.0,217,84,4,38,1,route,6,0,6,5738c6643cbcb1bf082f9554f5a4c457ad500e17db8846fe21ff853eea942ef7
4,1712000057,13,13,True,1.0,11138.618857,856.8168351538461,0.3410957553423941,40468.09437028015,425,393,154,2,48,0.02039876114577055,0.0039375309832394125,,11138.618857,11138.618857,7743.473565,0.0,0.0,3395.1452919999992,12,7,False,False,False,0,0,126,120,13,13,8093.6188569999995,2125.0,393.0,527.0,0,0,0,0,5138.6188569999995,0.0,0.0,217,91,6,154,1,schedule,0,0,0,5738c6643cbcb1bf082f9554f5a4c457ad500e17db8846fe21ff853eea942ef7
4,1712000057,13,13,True,1.0,10484.107166,806.469782,0.25594070088118315,39080.53583831246,420,389,38,3,48,0.020208504050970078,0.0041484105400741095,,10484.107166,10484.107166,6456.413139,0.0,0.0,4027.6940269999996,12,9,False,False,False,0,0,122,115,13,13,7816.107166,2100.0,389.0,179.0,0,0,0,0,4484.107166,0.0,0.0,217,84,4,38,1,combined,7,1,6,5738c6643cbcb1bf082f9554f5a4c457ad500e17db8846fe21ff853eea942ef7
4,1712000058,13,13,True,1.0,9970.55419,766.9657069230769,0.21283493377268314,39007.77102264832,328,296,56,5,49,0.021791341248899698,0.003571140300482506,,9970.55419,9970.55419,3237.83274,0.0,0.0,6732.721450000001,13,12,True,False,False,0,0,99,99,13,13,7801.554190000001,1640.0,296.0,233.0,0,0,0,0,3970.5541900000007,0.0,0.0,217,84,1,56,0,baseline,0,0,0,894a8ae0c1cfdec0b87e148bdab5d21763eb437e91fbbe7691d93a654f5182a8
4,1712000058,13,13,True,1.0,9978.537237,767.5797874615384,0.23843196220695972,37232.68626730112,388,356,57,5,49,0.022436282131820917,0.00451275035738945,,9978.537237,9978.537237,3956.678424,0.0,0.0,6021.858813000001,13,12,True,False,False,0,0,107,107,13,13,7446.5372370000005,1940.0,356.0,236.0,0,0,0,0,3978.5372370000005,0.0,0.0,217,91,1,56,0,route,12,0,12,894a8ae0c1cfdec0b87e148bdab5d21763eb437e91fbbe7691d93a654f5182a8
4,1712000058,13,13,True,1.0,9970.55419,766.9657069230769,0.21434670221060514,39007.77102264832,328,296,56,5,49,0.02189671713858843,0.003661157749593253,,9970.55419,9970.55419,3237.83274,0.0,0.0,6732.721450000001,13,12,True,False,False,0,0,99,99,13,13,7801.554190000001,1640.0,296.0,233.0,0,0,0,0,3970.5541900000007,0.0,0.0,217,84,1,56,0,schedule,0,0,0,894a8ae0c1cfdec0b87e148bdab5d21763eb437e91fbbe7691d93a654f5182a8
4,1712000058,13,13,True,1.0,11608.449647,892.9576651538462,0.34332636510953307,42382.248463444026,438,403,158,5,50,0.0350669133476913,0.004581632395274936,,11608.449647,11608.449647,4124.840234,0.0,0.0,7483.609412999999,13,9,True,False,False,0,0,137,136,13,13,8476.449647,2190.0,403.0,539.0,0,0,0,0,5608.4496469999995,0.0,0.0,217,84,4,158,0,combined,17,5,12,894a8ae0c1cfdec0b87e148bdab5d21763eb437e91fbbe7691d93a654f5182a8
4,1712000059,10,10,True,1.0,9666.643166,966.6643166,0.1779466518200934,34808.21580554538,447,417,1,1,42,0.009959425777196884,0.005369956558570258,,9666.643166,8100.034428,3236.247691,1566.608738,0.1620633668893618,6430.395474999999,10,8,True,False,False,50,50,116,115,10,10,6961.643166,2235.0,417.0,53.0,1271.608738,250.0,45.0,0.0,3666.643166,1566.608738,0.0,310,110,2,1,0,baseline,0,0,0,5809f7449749efce79e303f4ef6348ddfa729df555ad4105e48c688992360f0d
4,1712000059,10,10,True,1.0,9565.201193,956.5201193,0.18987852428108454,34411.005964341064,444,413,0,3,42,0.006345218978822231,0.0049528011353686405,,9565.201193,9565.201193,8020.61068,0.0,0.0,1544.590513000001,9,6,False,False,False,0,0,129,123,10,10,6882.201193000001,2220.0,413.0,50.0,0,0,0,0,3565.201193000001,0.0,0.0,310,110,4,0,1,route,7,0,7,5809f7449749efce79e303f4ef6348ddfa729df555ad4105e48c688992360f0d
4,1712000059,10,10,True,1.0,9666.643166,966.6643166,0.1768843661993742,34808.21580554538,447,417,1,1,42,0.010366810020059347,0.0038533562794327725,,9666.643166,8100.034428,3236.247691,1566.608738,0.1620633668893618,6430.395474999999,10,8,True,False,False,50,50,116,115,10,10,6961.643166,2235.0,417.0,53.0,1271.608738,250.0,45.0,0.0,3666.643166,1566.608738,0.0,310,110,2,1,0,schedule,0,0,0,5809f7449749efce79e303f4ef6348ddfa729df555ad4105e48c688992360f0d
4,1712000059,10,10,True,1.0,9231.373768,923.1373768,0.18466315977275372,32756.868839879142,443,412,1,3,42,0.005133979022502899,0.004611019603908059,,9231.373768,8988.121252,8110.285897,243.25251599999865,0.026350630156826586,1121.0878709999997,9,7,False,False,False,10,10,128,123,10,10,6551.3737679999995,2215.0,412.0,53.0,184.25251599999865,50.0,9.0,0.0,3231.3737679999995,243.25251599999865,0.0,310,110,3,1,1,combined,8,1,7,5809f7449749efce79e303f4ef6348ddfa729df555ad4105e48c688992360f0d
4,1712000060,11,11,True,1.0,9487.617036,862.5106396363636,0.1409476869739592,35493.08516124401,393,363,2,2,43,0.004504101816564798,0.0027174589224159716,,9487.617036,8184.788412,2832.516449,1302.8286239999998,0.13731884613981796,6655.100586999999,11,8,True,False,False,45,45,122,119,11,11,7098.617036,1965.0,363.0,61.0,1037.8286239999998,225.0,40.0,0.0,3487.6170359999996,1302.8286239999998,0.0,279,108,3,1,0,baseline,0,0,0,78d4812bbf2e919c6ed59bd397d0d422077d12e925cdb275a8a5b2b0b558cab5
4,1712000060,11,11,True,1.0,9516.435607,865.1305097272726,0.15414362028241158,34647.17802807013,427,397,0,3,43,0.0039322879165410995,0.0033758782781660554,,9516.435607,8885.541748,3995.945057,630.8938589999998,0.06629518498879282,5520.4905499999995,11,9,True,False,False,27,27,137,135,11,11,6929.435606999999,2135.0,397.0,55.0,471.8938589999998,135.0,24.0,0.0,3516.4356069999994,630.8938589999998,0.0,279,117,2,0,0,route,7,0,7,78d4812bbf2e919c6ed59bd397d0d422077d12e925cdb275a8a5b2b0b558cab5
4,1712000060,11,11,True,1.0,10411.597498,946.5088634545453,0.154780438169837,39707.9874724017,407,377,1,2,43,0.005727867130190134,0.0035203099250793453,,10411.597498,6295.240378,3164.510345,4116.357119999999,0.39536268289191207,7247.087152999999,11,9,True,False,False,117,117,117,117,11,11,7941.597497999999,2035.0,377.0,58.0,3426.3571199999988,585.0,105.0,0.0,4411.597497999999,4116.357119999999,0.0,279,117,2,1,0,schedule,2,2,0,78d4812bbf2e919c6ed59bd397d0d422077d12e925cdb275a8a5b2b0b558cab5
4,1712000060,11,11,True,1.0,9516.194325,865.1085750000001,0.16140918666496873,34185.97161122046,442,411,1,3,43,0.0045786043629050255,0.004079605638980865,,9516.194325,8885.300466,7887.343287,630.8938589999998,0.06629686589549544,1628.8510380000007,10,8,False,False,False,27,27,145,142,11,11,6837.194325,2210.0,411.0,58.0,471.8938589999998,135.0,24.0,0.0,3516.1943250000004,630.8938589999998,0.0,279,118,3,1,1,combined,9,3,6,78d4812bbf2e919c6ed59bd397d0d422077d12e925cdb275a8a5b2b0b558cab5
4,1712000061,16,16,True,1.0,10153.184059,634.5740036875,0.45225073071196675,35810.9205243014,289,266,400,7,46,0.018595777917653322,0.007605598308146,,10153.184059,10153.184059,4950.978267,0.0,0.0,5202.205791999999,16,9,True,False,False,0,0,8,6,16,16,7162.184058999999,1445.0,266.0,1280.0,0,0,0,0,4153.184058999999,0.0,0.0,67,0,7,317,0,baseline,0,0,0,652dd54b38d861cd9ed20a1802ed63bc23623e710280042746d6485a60860f18
4,1712000061,16,16,True,1.0,13818.906536,863.6816585,0.4386262660846114,50644.53270520196,457,422,301,6,58,0.01783128222450614,0.004160545207560054,,13818.906536,13818.906536,7790.430453,0.0,0.0,6028.4760830000005,14,4,False,False,False,0,0,107,96,16,16,10128.906536,2285.0,422.0,983.0,0,0,0,0,7818.906536,0.0,0.0,97,21,12,300,2,route,7,0,7,652dd54b38d861cd9ed20a1802ed63bc23623e710280042746d6485a60860f18
4,1712000061,16,16,True,1.0,10063.983658,628.998978625,0.4426043936982751,35364.91851506633,289,266,400,7,46,0.01808176701888442,0.007617461145855486,,10063.983658,10063.983658,4956.365565,0.0,0.0,5107.618092999999,16,10,True,False,False,0,0,8,6,16,16,7072.983657999999,1445.0,266.0,1280.0,0,0,0,0,4063.983657999999,0.0,0.0,67,0,6,318,0,schedule,1,1,0,652dd54b38d861cd9ed20a1802ed63bc23623e710280042746d6485a60860f18
4,1712000061,16,16,True,1.0,12266.742607,766.6714129375,0.36200205609202385,44568.713228345376,449,416,204,6,56,0.019876770675182343,0.004726343904621899,,12266.742607,12266.742607,7657.863956,0.0,0.0,4608.878651,14,4,False,False,False,0,0,99,88,16,16,8913.742607,2245.0,416.0,692.0,0,0,0,0,6266.742607,0.0,0.0,97,21,12,203,2,combined,9,1,8,652dd54b38d861cd9ed20a1802ed63bc23623e710280042746d6485a60860f18
4,1712000062,11,11,True,1.0,8446.702742,767.8820674545454,0.14967546937987208,32513.51369804675,320,289,0,1,43,0.008848074823617935,0.0028222374618053422,,8446.702742,1722.393161,119.0,6724.3095809999995,0.7960869212982185,8327.702742,11,11,True,True,False,234,234,81,81,11,11,6502.7027419999995,1600.0,289.0,55.0,5346.3095809999995,1170.0,208.0,0.0,2446.7027419999995,2446.7027419999995,0.0,279,81,0,0,0,baseline,0,0,0,9389c0e3c335e2e55ce3e8085de50656f8d3eb53e384efdb92810b3c0eaa7f9c
4,1712000062,11,11,True,1.0,8642.21214,785.655649090909,0.18128232611343265,31601.060686769022,381,350,4,1,43,0.011647955048829317,0.003798997309058904,,8642.21214,3972.263203,119.0,4669.948936999999,0.5403649969879123,8523.21214,11,11,True,True,False,171,171,99,99,11,11,6320.21214,1905.0,350.0,67.0,3662.9489369999997,855.0,152.0,0.0,2642.2121399999996,2642.2121399999996,0.0,279,99,0,0,0,route,12,0,12,9389c0e3c335e2e55ce3e8085de50656f8d3eb53e384efdb92810b3c0eaa7f9c
4,1712000062,11,11,True,1.0,8446.702742,767.8820674545454,0.15096857398748398,32513.51369804675,320,289,0,1,43,0.009041489101946354,0.0029195311013609153,,8446.702742,1722.393161,119.0,6724.3095809999995,0.7960869212982185,8327.702742,11,11,True,True,False,234,234,81,81,11,11,6502.7027419999995,1600.0,289.0,55.0,5346.3095809999995,1170.0,208.0,0.0,2446.7027419999995,2446.7027419999995,0.0,279,81,0,0,0,schedule,0,0,0,9389c0e3c335e2e55ce3e8085de50656f8d3eb53e384efdb92810b3c0eaa7f9c
4,1712000062,11,11,True,1.0,8642.21214,785.655649090909,0.18116502976045012,31601.060686769022,381,350,4,1,43,0.011893019080162048,0.003985233698040247,,8642.21214,3972.263203,119.0,4669.948936999999,0.5403649969879123,8523.21214,11,11,True,True,False,171,171,99,99,11,11,6320.21214,1905.0,350.0,67.0,3662.9489369999997,855.0,152.0,0.0,2642.2121399999996,2642.2121399999996,0.0,279,99,0,0,0,combined,12,0,12,9389c0e3c335e2e55ce3e8085de50656f8d3eb53e384efdb92810b3c0eaa7f9c
4,1712000063,13,13,True,1.0,9135.892256,702.7609427692307,0.169096149969846,33704.461283342855,393,365,0,3,45,0.0072507839649915695,0.003843770083039998,,9135.892256,7959.251712,7246.712511,1176.640543999999,0.1287931721422437,1889.1797449999995,12,10,False,False,False,28,28,87,83,13,13,6740.892255999999,1965.0,365.0,65.0,1012.640543999999,140.0,24.0,0.0,3135.892255999999,1176.640543999999,0.0,217,78,3,0,1,baseline,0,0,0,d13d66c892eb76b29702ca310065f4a40d512b140b80648cfddbb6b6cc8e41a9
4,1712000063,13,13,True,1.0,9526.794501,732.8303462307692,0.1726781572215259,35758.9725078821,390,360,0,5,45,0.0062430789694190025,0.0034927078522741777,,9526.794501,8562.664673,6364.433605,964.129828000001,0.10120191297280517,3162.360896,12,8,False,False,False,21,21,94,88,13,13,7151.794501,1950.0,360.0,65.0,841.129828000001,105.0,18.0,0.0,3526.7945010000003,964.129828000001,0.0,217,77,5,0,1,route,9,0,9,d13d66c892eb76b29702ca310065f4a40d512b140b80648cfddbb6b6cc8e41a9
4,1712000063,13,13,True,1.0,9135.892256,702.7609427692307,0.17100102314725518,33704.461283342855,393,365,0,3,45,0.007194691803306341,0.003680838458240032,,9135.892256,7959.251712,7246.712511,1176.640543999999,0.1287931721422437,1889.1797449999995,12,10,False,False,False,28,28,87,83,13,13,6740.892255999999,1965.0,365.0,65.0,1012.640543999999,140.0,24.0,0.0,3135.892255999999,1176.640543999999,0.0,217,78,3,0,1,schedule,0,0,0,d13d66c892eb76b29702ca310065f4a40d512b140b80648cfddbb6b6cc8e41a9
4,1712000063,13,13,True,1.0,9526.794501,732.8303462307692,0.17313421936705709,35758.9725078821,390,360,0,5,45,0.006516695022583008,0.003517288621515033,,9526.794501,8562.664673,6364.433605,964.129828000001,0.10120191297280517,3162.360896,12,8,False,False,False,21,21,94,88,13,13,7151.794501,1950.0,360.0,65.0,841.129828000001,105.0,18.0,0.0,3526.7945010000003,964.129828000001,0.0,217,77,5,0,1,combined,9,0,9,d13d66c892eb76b29702ca310065f4a40d512b140b80648cfddbb6b6cc8e41a9
4,1712000064,10,10,True,1.0,10479.45319,1047.945319,0.16178988385945559,38082.265955966905,469,435,11,5,45,0.01316125225275755,0.0024185668677091598,,10479.45319,10479.45319,6525.68372,0.0,0.0,3953.76947,9,4,False,False,False,0,0,154,151,10,10,7616.45319,2345.0,435.0,83.0,0,0,0,0,4479.45319,0.0,0.0,310,120,6,11,1,baseline,0,0,0,67ad542c6b5d51ad7955b15d7eec40553cda3fe6ef47c86a989bb57169bd1123
4,1712000064,10,10,True,1.0,10699.599803,1069.9599802999999,0.21167075028643012,39152.999019993615,442,411,66,4,45,0.012890031095594168,0.003279570583254099,,10699.599803,10699.599803,6634.572031,0.0,0.0,4065.0277719999995,9,7,False,False,False,0,0,147,144,10,10,7830.599802999999,2210.0,411.0,248.0,0,0,0,0,4699.599802999999,0.0,0.0,310,140,3,66,1,route,8,0,8,67ad542c6b5d51ad7955b15d7eec40553cda3fe6ef47c86a989bb57169bd1123
4,1712000064,10,10,True,1.0,11079.08948,1107.908948,0.2001633862964809,41000.44740604608,445,412,64,5,45,0.013043670915067196,0.0027032123878598206,,11079.08948,11079.08948,7253.135701,0.0,0.0,3825.9537790000004,9,4,False,False,False,0,0,130,127,10,10,8200.08948,2225.0,412.0,242.0,0,0,0,0,5079.089480000001,0.0,0.0,310,120,6,64,1,schedule,1,1,0,67ad542c6b5d51ad7955b15d7eec40553cda3fe6ef47c86a989bb57169bd1123
4,1712000064,10,10,True,1.0,10736.301565,1073.6301564999999,0.20500079402700067,39336.50782966019,442,411,66,4,45,0.01336022512987256,0.0032046224921941746,,10736.301565,10736.301565,6671.273793,0.0,0.0,4065.0277719999995,9,7,False,False,False,0,0,147,144,10,10,7867.301565,2210.0,411.0,248.0,0,0,0,0,4736.301565,0.0,0.0,310,140,3,66,1,combined,9,1,8,67ad542c6b5d51ad7955b15d7eec40553cda3fe6ef47c86a989bb57169bd1123
4,1712000065,13,13,True,1.0,9262.335344,712.4873341538461,0.17105850810185075,34456.676699787444,389,358,1,2,45,0.008956569246947765,0.0039990877732634525,,9262.335344,7422.435423,1667.0,1839.8999209999993,0.19864319879023368,7595.335343999999,13,12,True,False,False,49,49,77,77,13,13,6891.335343999999,1945.0,358.0,68.0,1552.8999209999993,245.0,42.0,0.0,3262.335343999999,1839.8999209999993,0.0,217,77,1,0,0,baseline,0,0,0,d76096b1d727ae122e3061827ed1da1f5890210738e3789358305f70d5dfd122
4,1712000065,13,13,True,1.0,9920.40635,763.1081807692307,0.17866818560287356,36697.0317400847,423,392,3,4,45,0.009544981177896261,0.004060277715325354,,9920.40635,9920.40635,3504.189361,0.0,0.0,6416.216988999999,13,5,True,False,False,0,0,101,95,13,13,7339.406349999999,2115.0,392.0,74.0,0,0,0,0,3920.4063499999993,0.0,0.0,217,77,8,3,0,route,7,0,7,d76096b1d727ae122e3061827ed1da1f5890210738e3789358305f70d5dfd122
4,1712000065,13,13,True,1.0,9262.335344,712.4873341538461,0.17421070020645857,34456.676699787444,389,358,1,2,45,0.008957451209425926,0.004034251440316437,,9262.335344,7422.435423,1667.0,1839.8999209999993,0.19864319879023368,7595.335343999999,13,12,True,False,False,49,49,77,77,13,13,6891.335343999999,1945.0,358.0,68.0,1552.8999209999993,245.0,42.0,0.0,3262.335343999999,1839.8999209999993,0.0,217,77,1,0,0,schedule,0,0,0,d76096b1d727ae122e3061827ed1da1f5890210738e3789358305f70d5dfd122
4,1712000065,13,13,True,1.0,9103.934714,700.3026703076923,0.17899172892794013,32614.673558614166,423,392,3,4,45,0.009712468832731247,0.0041011783294379696,,9103.934714,7654.990235,3535.226791,1448.9444790000007,0.15915585123560022,5568.707923000001,13,6,True,False,False,42,42,101,95,13,13,6522.934714000001,2115.0,392.0,74.0,1202.9444790000007,210.0,36.0,0.0,3103.934714000001,1448.9444790000007,0.0,217,77,7,3,0,combined,8,1,7,d76096b1d727ae122e3061827ed1da1f5890210738e3789358305f70d5dfd122
4,1712000066,11,11,True,1.0,8907.052506,809.732046,0.14575562393292785,33070.26252644927,378,348,0,5,43,0.0057018231600522995,0.003068001475185156,,8907.052506,8907.052506,437.0,0.0,0.0,8470.052506,11,9,True,False,False,0,0,110,109,11,11,6614.052506,1890.0,348.0,55.0,0,0,0,0,2907.052506,0.0,0.0,279,99,2,0,0,baseline,0,0,0,b18b47dc15613d579cce732575e950347dc1d1d4b8f0fbf4bf12951d5d929227
4,1712000066,11,11,True,1.0,8748.503394,795.3184903636363,0.16816742764785886,31767.5169686886,394,364,2,6,43,0.007769920863211155,0.0047038875985890615,,8748.503394,4289.969165,437.0,4458.534228999999,0.5096339371666476,8311.503394,11,11,True,True,False,162,162,99,99,11,11,6353.503393999999,1970.0,364.0,61.0,3503.534228999999,810.0,145.0,0.0,2748.5033939999994,2748.5033939999994,0.0,279,99,0,0,0,route,7,0,7,b18b47dc15613d579cce732575e950347dc1d1d4b8f0fbf4bf12951d5d929227
4,1712000066,11,11,True,1.0,9042.439562,822.0399601818182,0.1459394278936088,33747.19780562138,378,348,0,5,43,0.005678026936948299,0.003137830086052417,,9042.439562,9042.439562,437.0,0.0,0.0,8605.439562,11,9,True,False,False,0,0,110,109,11,11,6749.439562,1890.0,348.0,55.0,0,0,0,0,3042.4395619999996,0.0,0.0,279,99,2,0,0,schedule,1,1,0,b18b47dc15613d579cce732575e950347dc1d1d4b8f0fbf4bf12951d5d929227
4,1712000066,11,11,True,1.0,8748.503394,795.3184903636363,0.16937624802812934,31767.5169686886,394,364,2,6,43,0.007709119934588671,0.004705205978825687,,8748.503394,4289.969165,437.0,4458.534228999999,0.5096339371666476,8311.503394,11,11,True,True,False,162,162,99,99,11,11,6353.503393999999,1970.0,364.0,61.0,3503.534228999999,810.0,145.0,0.0,2748.5033939999994,2748.5033939999994,0.0,279,99,0,0,0,combined,7,0,7,b18b47dc15613d579cce732575e950347dc1d1d4b8f0fbf4bf12951d5d929227
4,1712000067,16,16,True,1.0,10382.54707,648.909191875,0.45390184596180916,35677.73559041119,313,288,438,8,45,0.015318703837692738,0.01127627566456792,,10382.54707,10382.54707,5667.267699,0.0,0.0,4715.2793710000005,16,13,True,False,False,0,0,9,9,16,16,7135.5470700000005,1565.0,288.0,1394.0,0,0,0,0,4382.5470700000005,0.0,0.0,76,0,3,437,0,baseline,0,0,0,bbfeec2a0fa1c955cbec57c87dcfbed4831f947b7b69ab30476ecee2ff8fcf11
4,1712000067,16,16,True,1.0,10303.95755,643.997346875,0.32234941981732845,36679.78776994462,385,354,203,7,52,0.01467390637844801,0.0034125552279874673,,10303.95755,10303.95755,8310.570255,0.0,0.0,1993.3872949999986,14,9,False,False,False,0,0,95,89,16,16,7335.957549999999,1925.0,354.0,689.0,0,0,0,0,4303.957549999999,0.0,0.0,110,34,7,203,2,route,6,0,6,bbfeec2a0fa1c955cbec57c87dcfbed4831f947b7b69ab30476ecee2ff8fcf11
4,1712000067,16,16,True,1.0,10382.54707,648.909191875,0.5443644751794636,35677.73559041119,313,288,438,8,45,0.015405317768454552,0.011619552597403496,,10382.54707,10382.54707,5667.267699,0.0,0.0,4715.2793710000005,16,13,True,False,False,0,0,9,9,16,16,7135.5470700000005,1565.0,288.0,1394.0,0,0,0,0,4382.5470700000005,0.0,0.0,76,0,3,437,0,schedule,0,0,0,bbfeec2a0fa1c955cbec57c87dcfbed4831f947b7b69ab30476ecee2ff8fcf11
4,1712000067,16,16,True,1.0,10303.95755,643.997346875,0.3225628579966724,36679.78776994462,385,354,203,7,52,0.014124223962426186,0.00349778749514371,,10303.95755,10303.95755,8310.570255,0.0,0.0,1993.3872949999986,14,9,False,False,False,0,0,95,89,16,16,7335.957549999999,1925.0,354.0,689.0,0,0,0,0,4303.957549999999,0.0,0.0,110,34,7,203,2,combined,6,0,6,bbfeec2a0fa1c955cbec57c87dcfbed4831f947b7b69ab30476ecee2ff8fcf11
4,1712000068,11,11,True,1.0,9765.762533,887.7965939090908,0.19755001366138458,36788.81264982597,396,367,2,4,43,0.010488829109817743,0.00566415530629456,,9765.762533,7489.626652,3495.34122,2276.1358809999992,0.2330730317585124,6270.421312999999,11,9,True,False,False,63,63,118,114,11,11,7357.762532999999,1980.0,367.0,61.0,1904.1358809999992,315.0,57.0,0.0,3765.762532999999,2276.1358809999992,0.0,279,108,2,1,0,baseline,0,0,0,6b0961e8904cb8685b4b55e5df332a1ff16bd73233351dc3c0c1a9f575bf5c83
4,1712000068,11,11,True,1.0,9415.419873,855.9472611818182,0.19973311806097627,34577.09935474498,412,382,1,4,43,0.008845929056406021,0.007359288819134232,,9415.419873,9415.419873,6291.151886,0.0,0.0,3124.267987000001,10,6,False,False,False,0,0,126,120,11,11,6915.419873000001,2060.0,382.0,58.0,0,0,0,0,3415.4198730000007,0.0,0.0,279,105,5,0,1,route,9,0,9,6b0961e8904cb8685b4b55e5df332a1ff16bd73233351dc3c0c1a9f575bf5c83
4,1712000068,11,11,True,1.0,9220.48089,838.2255354545455,0.18543185712769628,34112.404448879795,395,365,1,4,43,0.0059751104563474655,0.004885645490139722,,9220.48089,8111.388782,2344.801637,1109.0921080000007,0.12028571190932762,6875.679253,11,9,True,False,False,45,45,114,109,11,11,6822.480890000001,1975.0,365.0,58.0,844.0921080000007,225.0,40.0,0.0,3220.4808900000007,1109.0921080000007,0.0,279,105,2,0,0,schedule,1,1,0,6b0961e8904cb8685b4b55e5df332a1ff16bd73233351dc3c0c1a9f575bf5c83
4,1712000068,11,11,True,1.0,9101.679946,827.4254496363636,0.17643974488601089,33383.39972213269,400,370,0,1,43,0.00806088000535965,0.004726912081241607,,9101.679946,7453.146328,4093.921268,1648.5336180000004,0.18112410321838407,5007.758678,11,8,True,False,False,63,63,111,107,11,11,6676.679946,2000.0,370.0,55.0,1277.5336180000004,315.0,56.0,0.0,3101.679946,1648.5336180000004,0.0,279,107,3,0,0,combined,9,2,7,6b0961e8904cb8685b4b55e5df332a1ff16bd73233351dc3c0c1a9f575bf5c83
4,1712000069,10,10,True,1.0,9442.47815,944.2478150000001,0.14623539568856359,33167.390746171775,465,434,0,1,42,0.006656118668615818,0.0032232457073405364,,9442.47815,7181.241558,1673.0,2261.236592000001,0.23947490860754608,7769.478150000001,10,6,True,False,False,80,80,130,126,10,10,6633.478150000001,2325.0,434.0,50.0,1789.236592000001,400.0,72.0,0.0,3442.478150000001,2261.236592000001,0.0,310,120,4,0,0,baseline,0,0,0,72b2dc4cde51457022efbf24ea184807673f9d2a08e3632600b3b5b7dc88900d
4,1712000069,10,10,True,1.0,9557.666027,955.7666026999999,0.16056036576628685,33518.33013585037,471,440,3,3,42,0.004250690806657076,0.0036097823875024908,,9557.666027,7707.035206,6720.582424,1850.6308209999997,0.19362790201834282,2837.083602999999,8,6,False,False,False,70,70,149,143,10,10,6703.666026999999,2355.0,440.0,59.0,1437.6308209999997,350.0,63.0,0.0,3557.6660269999993,1850.6308209999997,0.0,310,130,4,2,2,route,10,0,10,72b2dc4cde51457022efbf24ea184807673f9d2a08e3632600b3b5b7dc88900d
4,1712000069,10,10,True,1.0,9442.47815,944.2478150000001,0.1471941228955984,33167.390746171775,465,434,0,1,42,0.004753808956593275,0.003298777295276521,,9442.47815,7181.241558,1673.0,2261.236592000001,0.23947490860754608,7769.478150000001,10,6,True,False,False,80,80,130,126,10,10,6633.478150000001,2325.0,434.0,50.0,1789.236592000001,400.0,72.0,0.0,3442.478150000001,2261.236592000001,0.0,310,120,4,0,0,schedule,0,0,0,72b2dc4cde51457022efbf24ea184807673f9d2a08e3632600b3b5b7dc88900d
4,1712000069,10,10,True,1.0,9625.242688,962.5242688000001,0.15906386589631438,33856.21344182709,471,440,3,3,42,0.00416874885559082,0.0036084517370909433,,9625.242688,7774.611867,6788.159085,1850.6308210000007,0.19226848412946745,2837.083603,8,5,False,False,False,70,70,149,143,10,10,6771.242688,2355.0,440.0,59.0,1437.6308210000007,350.0,63.0,0.0,3625.2426880000003,1850.6308210000007,0.0,310,130,5,2,2,combined,11,1,10,72b2dc4cde51457022efbf24ea184807673f9d2a08e3632600b3b5b7dc88900d
4,1712000070,16,16,True,1.0,2496.702262,156.043891375,0.08719135029241443,9583.511308436557,82,78,4,5,24,0.004983281716704369,0.003034249716438352,,2496.702262,2496.702262,2065.541965,0.0,0.0,431.1602969999999,16,16,True,True,False,0,0,0,0,16,16,1916.7022619999998,410.0,78.0,92.0,0,0,0,0,0.0,0.0,0.0,23,0,0,0,0,baseline,0,0,0,d8e7395a35dad070e1ed60a3d88baec460908ad81eace103af683256492dcedc
4,1712000070,16,16,True,1.0,4115.646006,257.227875375,0.11630443902686238,13548.23002930407,223,211,0,6,29,0.004383259918540716,0.0041603329591453075,,4115.646006,4115.646006,3245.0,0.0,0.0,870.6460059999999,16,16,True,True,False,0,0,0,0,16,16,2709.646006,1115.0,211.0,80.0,0,0,0,0,0.0,0.0,0.0,44,0,0,0,0,route,6,0,6,d8e7395a35dad070e1ed60a3d88baec460908ad81eace103af683256492dcedc
4,1712000070,16,16,True,1.0,2496.702262,156.043891375,0.08708351710811257,9583.511308436557,82,78,4,5,24,0.005045662168413401,0.00302056090440601,,2496.702262,2496.702262,2065.541965,0.0,0.0,431.1602969999999,16,16,True,True,False,0,0,0,0,16,16,1916.7022619999998,410.0,78.0,92.0,0,0,0,0,0.0,0.0,0.0,23,0,0,0,0,schedule,0,0,0,d8e7395a35dad070e1ed60a3d88baec460908ad81eace103af683256492dcedc
4,1712000070,16,16,True,1.0,4198.513361,262.4070850625,0.1168839568272233,13962.566801005489,223,211,0,6,29,0.004377584904432297,0.00424475623294711,,4198.513361,4198.513361,3245.0,0.0,0.0,953.5133610000003,16,16,True,True,False,0,0,0,0,16,16,2792.5133610000003,1115.0,211.0,80.0,0,0,0,0,0.0,0.0,0.0,44,0,0,0,0,combined,9,3,6,d8e7395a35dad070e1ed60a3d88baec460908ad81eace103af683256492dcedc
4,1712000071,14,14,True,1.0,9905.195024,707.5139302857143,0.17715176474303007,35515.97513800363,459,428,3,11,46,0.005399155896157026,0.00379888410679996,,9905.195024,9122.883656,8407.938419,782.3113680000006,0.07897990560554162,1497.2566050000005,10,7,False,False,False,18,18,120,105,14,14,7103.195024000001,2295.0,428.0,79.0,677.3113680000006,90.0,15.0,0.0,3905.1950240000006,782.3113680000006,0.0,186,72,7,1,4,baseline,0,0,0,3bec69058336bb8e2b5fda3a3e00ae9a5c63e9bcd1480f24e1eee344d6befc1a
4,1712000071,14,14,True,1.0,9867.600995,704.8286425,0.1768999327905476,36773.00497695664,409,380,6,8,46,0.004612957127392292,0.003166605718433857,,9867.600995,9395.478881,8718.404863,472.1221140000016,0.04784568348874564,1149.196132000001,11,7,False,False,False,12,12,108,96,14,14,7354.600995000001,2045.0,380.0,88.0,402.1221140000016,60.0,10.0,0.0,3867.6009950000007,472.1221140000016,0.0,186,72,7,3,3,route,6,0,6,3bec69058336bb8e2b5fda3a3e00ae9a5c63e9bcd1480f24e1eee344d6befc1a
4,1712000071,14,14,True,1.0,9895.886012,706.8490008571429,0.17926177801564336,35469.43008388503,459,428,3,11,46,0.005592267028987408,0.0038312977412715554,,9895.886012,9113.574644,8398.629407,782.3113680000006,0.07905420161988023,1497.2566050000005,10,7,False,False,False,18,18,120,105,14,14,7093.886012000001,2295.0,428.0,79.0,677.3113680000006,90.0,15.0,0.0,3895.886012000001,782.3113680000006,0.0,186,72,7,1,4,schedule,1,1,0,3bec69058336bb8e2b5fda3a3e00ae9a5c63e9bcd1480f24e1eee344d6befc1a
4,1712000071,14,14,True,1.0,9944.049606,710.2892575714286,0.17891239328309894,37185.248038452504,409,380,4,9,46,0.00464196503162384,0.003686045529320836,,9944.049606,9471.927492,8794.853474,472.1221139999998,0.047477851851737814,1149.196132000001,10,8,False,False,False,12,12,120,106,14,14,7437.0496060000005,2045.0,380.0,82.0,402.1221139999998,60.0,10.0,0.0,3944.0496060000005,472.1221139999998,0.0,186,78,6,1,4,combined,8,1,7,3bec69058336bb8e2b5fda3a3e00ae9a5c63e9bcd1480f24e1eee344d6befc1a
4,1712000072,16,16,True,1.0,7088.241561,443.0150975625,0.16392088495194912,27141.207814834805,264,248,4,13,36,0.009806688874959946,0.006010312703438103,,7088.241561,7088.241561,4282.613934,0.0,0.0,2805.627627,16,13,True,False,False,0,0,3,3,16,16,5428.241561,1320.0,248.0,92.0,0,0,0,0,1088.2415609999998,0.0,0.0,54,0,3,2,0,baseline,0,0,0,b8c9cb6ec8e3122d80753e17c72dded2f4d305e639bdbbdf20bd13caa6f8b151
4,1712000072,16,16,True,1.0,7600.962455,475.0601534375,0.16793097415938973,28904.812275714747,292,274,2,10,38,0.0069255768321454525,0.003968684212304649,,7600.962455,7600.962455,6043.692364,0.0,0.0,1557.2700909999994,15,11,False,False,False,0,0,14,8,16,16,5780.962455,1460.0,274.0,86.0,0,0,0,0,1600.9624549999999,0.0,0.0,65,1,5,2,1,route,8,0,8,b8c9cb6ec8e3122d80753e17c72dded2f4d305e639bdbbdf20bd13caa6f8b151
4,1712000072,16,16,True,1.0,7088.241561,443.0150975625,0.16733052115887403,27141.207814834805,264,248,4,13,36,0.009972692932933569,0.006193108623847365,,7088.241561,7088.241561,4282.613934,0.0,0.0,2805.627627,16,13,True,False,False,0,0,3,3,16,16,5428.241561,1320.0,248.0,92.0,0,0,0,0,1088.2415609999998,0.0,0.0,54,0,3,2,0,schedule,0,0,0,b8c9cb6ec8e3122d80753e17c72dded2f4d305e639bdbbdf20bd13caa6f8b151
4,1712000072,16,16,True,1.0,7570.11263,473.132039375,0.16708485689014196,28750.563149478043,292,274,2,10,38,0.00670875608921051,0.004210812645033,,7570.11263,7570.11263,6012.842539,0.0,0.0,1557.2700909999994,15,11,False,False,False,0,0,13,7,16,16,5750.11263,1460.0,274.0,86.0,0,0,0,0,1570.1126299999996,0.0,0.0,65,1,5,2,1,combined,9,1,8,b8c9cb6ec8e3122d80753e17c72dded2f4d305e639bdbbdf20bd13caa6f8b151
4,1712000073,13,13,True,1.0,9466.674992,728.2057686153846,0.14062385307624936,34903.3749591445,408,378,1,2,46,0.0033816639333963394,0.002146783168427646,,9466.674992,9466.674992,5312.863389,0.0,0.0,4153.811603,13,9,True,False,False,0,0,91,89,13,13,6980.674992,2040.0,378.0,68.0,0,0,0,0,3466.674992,0.0,0.0,217,77,4,0,0,baseline,0,0,0,f8580fb84b9f46fb64436cb90cb8a75b7e2f4f7be4d816a5812df5971b763608
4,1712000073,13,13,True,1.0,10203.345201,784.8727077692308,0.18637227127328515,36206.72599766907,487,456,2,4,45,0.005611803848296404,0.0037579288706183402,,10203.345201,10203.345201,7109.175682,0.0,0.0,3094.169519,12,3,False,False,False,0,0,121,113,13,13,7241.345201,2435.0,456.0,71.0,0,0,0,0,4203.345201,0.0,0.0,217,78,10,2,1,route,4,0,4,f8580fb84b9f46fb64436cb90cb8a75b7e2f4f7be4d816a5812df5971b763608
4,1712000073,13,13,True,1.0,9313.247835,716.4036796153846,0.15402078395709395,34136.239176980365,408,378,1,2,46,0.0037034000270068645,0.0021969459485262632,,9313.247835,9313.247835,5312.863389,0.0,0.0,4000.384446,13,9,True,False,False,0,0,91,89,13,13,6827.247835,2040.0,378.0,68.0,0,0,0,0,3313.247835,0.0,0.0,217,77,4,0,0,schedule,1,1,0,f8580fb84b9f46fb64436cb90cb8a75b7e2f4f7be4d816a5812df5971b763608
4,1712000073,13,13,True,1.0,9529.195099,733.0150076153847,0.16976945800706744,32835.97548950947,487,456,2,4,45,0.004673590883612633,0.0032950642518699146,,9529.195099,8952.888291,7325.062138,576.3068080000012,0.060478015405569685,2204.1329610000003,12,4,False,False,False,21,21,136,127,13,13,6567.1950990000005,2435.0,456.0,71.0,453.3068080000012,105.0,18.0,0.0,3529.1950990000005,576.3068080000012,0.0,217,84,9,2,1,combined,5,1,4,f8580fb84b9f46fb64436cb90cb8a75b7e2f4f7be4d816a5812df5971b763608
4,1712000074,16,16,True,1.0,2823.140628,176.44628925,0.12783013004809618,10460.703148053242,107,101,5,9,24,0.009756985120475292,0.008228579140268264,,2823.140628,2823.140628,1595.0,0.0,0.0,1228.140628,16,16,True,True,False,0,0,0,0,16,16,2092.140628,535.0,101.0,95.0,0,0,0,0,0.0,0.0,0.0,23,0,0,0,0,baseline,0,0,0,600e663406ce652f05512b357a3387db471d99f5e207e617a15570e6e346d2b3
4,1712000074,16,16,True,1.0,3634.708604,227.16928775,0.18035531416535378,12343.543029367764,177,168,11,7,27,0.013833309058099985,0.011244704853743313,,3634.708604,3634.708604,2333.0,0.0,0.0,1301.708604,16,16,True,True,False,0,0,0,0,16,16,2468.708604,885.0,168.0,113.0,0,0,0,0,0.0,0.0,0.0,31,0,0,0,0,route,5,0,5,600e663406ce652f05512b357a3387db471d99f5e207e617a15570e6e346d2b3
4,1712000074,16,16,True,1.0,2847.32372,177.9577325,0.1316860718652606,10551.618612083268,107,101,7,9,24,0.010443798266351223,0.008291192771866915,,2847.32372,2847.32372,1612.300577,0.0,0.0,1235.023143,16,16,True,True,False,0,0,0,0,16,16,2110.32372,535.0,101.0,101.0,0,0,0,0,0.0,0.0,0.0,23,0,0,0,0,schedule,2,2,0,600e663406ce652f05512b357a3387db471d99f5e207e617a15570e6e346d2b3
4,1712000074,16,16,True,1.0,3702.586563,231.4116601875,0.1862977659329772,12682.93282432701,177,168,11,7,27,0.013633797876536846,0.011520104203373193,,3702.586563,3702.586563,2333.0,0.0,0.0,1369.5865629999998,16,16,True,True,False,0,0,0,0,16,16,2536.586563,885.0,168.0,113.0,0,0,0,0,0.0,0.0,0.0,31,0,0,0,0,combined,6,1,5,600e663406ce652f05512b357a3387db471d99f5e207e617a15570e6e346d2b3
4,1712000075,14,14,True,1.0,9554.836589,682.4883277857143,0.1908691469579935,35874.182933775905,390,360,0,2,46,0.006155922077596188,0.0047305714106187224,,9554.836589,8710.337214,3517.565275,844.4993750000012,0.0883844916795574,6037.2713140000005,14,11,True,False,False,24,24,73,73,14,14,7174.8365890000005,1950.0,360.0,70.0,704.4993750000012,120.0,20.0,0.0,3554.8365890000005,844.4993750000012,0.0,186,66,3,0,0,baseline,0,0,0,acab9ebdeb30b474aa238d8a2994e8e10632bea4f6c8437fc7c5029cf3b8daec
4,1712000075,14,14,True,1.0,9871.641976,705.117284,0.18933403305709362,36878.20987900133,409,378,1,3,46,0.0071769338101148605,0.003591371118091047,,9871.641976,9387.069418,7088.173147,484.57255800000166,0.04908733108211355,2783.4688290000004,13,8,False,False,False,12,12,85,80,14,14,7375.641976000001,2045.0,378.0,73.0,414.57255800000166,60.0,10.0,0.0,3871.641976000001,484.57255800000166,0.0,186,70,6,0,1,route,11,0,11,acab9ebdeb30b474aa238d8a2994e8e10632bea4f6c8437fc7c5029cf3b8daec
4,1712000075,14,14,True,1.0,9554.836589,682.4883277857143,0.19564847089350224,35874.182933775905,390,360,0,2,46,0.006268313154578209,0.004871962359175086,,9554.836589,8710.337214,3517.565275,844.4993750000012,0.0883844916795574,6037.2713140000005,14,11,True,False,False,24,24,73,73,14,14,7174.8365890000005,1950.0,360.0,70.0,704.4993750000012,120.0,20.0,0.0,3554.8365890000005,844.4993750000012,0.0,186,66,3,0,0,schedule,0,0,0,acab9ebdeb30b474aa238d8a2994e8e10632bea4f6c8437fc7c5029cf3b8daec
4,1712000075,14,14,True,1.0,9771.094205,697.9353003571429,0.19045916479080915,36375.47102735251,409,378,1,3,46,0.005995453801006079,0.003520518308505416,,9771.094205,9286.521647,7110.696759,484.57255799999984,0.04959245585331043,2660.397445999999,13,8,False,False,False,12,12,85,80,14,14,7275.094204999999,2045.0,378.0,73.0,414.57255799999984,60.0,10.0,0.0,3771.0942049999994,484.57255799999984,0.0,186,70,6,0,1,combined,12,1,11,acab9ebdeb30b474aa238d8a2994e8e10632bea4f6c8437fc7c5029cf3b8daec
4,1712000076,16,16,True,1.0,16094.907159,1005.9316974375,0.6916637709364295,57869.53582910367,431,393,631,10,63,0.01901103090494871,0.014747631968930364,,16094.907159,16094.907159,8361.515688,0.0,0.0,7733.391471000001,15,5,False,False,False,0,0,118,114,16,16,11573.907159,2155.0,393.0,1973.0,0,0,0,0,10094.907159,0.0,0.0,100,28,11,631,1,baseline,0,0,0,61160b7a85fb420a754c4290472964bff88779082d5715739840db6b585e588e
4,1712000076,16,16,True,1.0,14466.313435,904.1445896875,0.6418935488909483,51941.56725844,423,386,499,11,61,0.018512435257434845,0.014408085960894823,,14466.313435,14466.313435,7923.260754,0.0,0.0,6543.052681,10,5,False,False,False,0,0,104,94,16,16,10388.313435,2115.0,386.0,1577.0,0,0,0,0,8466.313435,0.0,0.0,99,27,11,499,6,route,7,0,7,61160b7a85fb420a754c4290472964bff88779082d5715739840db6b585e588e
4,1712000076,16,16,True,1.0,16494.924236,1030.93276475,0.6124812150374055,61209.621245805014,454,412,497,10,67,0.08924622740596533,0.002686072373762727,,16494.924236,16494.924236,6082.756488,0.0,0.0,10412.167748,15,5,False,False,False,0,0,135,132,16,16,12241.924235999999,2270.0,412.0,1571.0,0,0,0,0,10494.924235999999,0.0,0.0,72,0,11,497,1,schedule,2,2,0,61160b7a85fb420a754c4290472964bff88779082d5715739840db6b585e588e
4,1712000076,16,16,True,1.0,15855.196006,990.949750375,0.8100470909848809,55295.98008759537,425,386,735,12,63,0.020402756985276937,0.01648971349932253,,15855.196006,15855.196006,8082.832852,0.0,0.0,7772.363154000001,10,5,False,False,False,0,0,106,97,16,16,11059.196006,2125.0,386.0,2285.0,0,0,0,0,9855.196006,0.0,0.0,99,27,11,735,6,combined,9,2,7,61160b7a85fb420a754c4290472964bff88779082d5715739840db6b585e588e
4,1712000077,16,16,True,1.0,5583.111953,348.9444970625,0.1594477673061192,19705.559767490948,261,245,4,6,35,0.007858632132411003,0.005706363357603544,,5583.111953,5583.111953,5209.559264,0.0,0.0,373.5526889999992,16,16,True,True,True,0,0,0,0,16,16,3941.1119529999996,1305.0,245.0,92.0,0,0,0,0,0.0,0.0,0.0,64,0,0,0,0,baseline,0,0,0,d77d72d0e234040ca9acfcdde5c4d539127c39e8e38d0ae443fb137138fc8f65
4,1712000077,16,16,True,1.0,7432.371903,464.5232439375,0.2070513991639018,28291.85942774608,260,241,51,11,38,0.01452681515365839,0.006665538810193538,,7432.371903,7432.371903,3819.552947,0.0,0.0,3612.818956,16,9,True,False,False,0,0,2,0,16,16,5658.371903,1300.0,241.0,233.0,0,0,0,0,1432.3719030000002,0.0,0.0,52,0,7,40,0,route,5,0,5,d77d72d0e234040ca9acfcdde5c4d539127c39e8e38d0ae443fb137138fc8f65
4,1712000077,16,16,True,1.0,5583.111953,348.9444970625,0.15971457166597247,19705.559767490948,261,245,4,6,35,0.007793030235916376,0.005869106948375697,,5583.111953,5583.111953,5209.559264,0.0,0.0,373.5526889999992,16,16,True,True,True,0,0,0,0,16,16,3941.1119529999996,1305.0,245.0,92.0,0,0,0,0,0.0,0.0,0.0,64,0,0,0,0,schedule,0,0,0,d77d72d0e234040ca9acfcdde5c4d539127c39e8e38d0ae443fb137138fc8f65
4,1712000077,16,16,True,1.0,8100.025583,506.2515989375,0.1879108687862754,30195.127896023576,327,307,13,9,42,0.006966609042137861,0.005195290152914821,,8100.025583,8100.025583,7567.888169,0.0,0.0,532.1374139999998,14,10,False,False,False,0,0,39,32,16,16,6039.025583,1635.0,307.0,119.0,0,0,0,0,2100.0255829999996,0.0,0.0,93,21,6,11,2,combined,7,1,6,d77d72d0e234040ca9acfcdde5c4d539127c39e8e38d0ae443fb137138fc8f65
4,1712000078,11,11,True,1.0,8553.321764,777.5747058181819,0.13357131090015173,33166.60882847764,315,284,2,4,43,0.005681131035089493,0.002461696695536374,,8553.321764,1958.329558,683.0,6594.992206000001,0.771044558823638,7870.321764,11,11,True,True,False,234,234,96,96,11,11,6633.321764,1575.0,284.0,61.0,5216.992206000001,1170.0,208.0,0.0,2553.3217640000003,2553.3217640000003,0.0,279,96,0,0,0,baseline,0,0,0,3e5d78dbcc44c0cfc0d511ef2ed558e1ad92af4bd8fa6c89e1347aa369f6b2f2
4,1712000078,11,11,True,1.0,8920.746225,810.9769295454546,0.18005311023443937,33008.73113010669,382,351,1,1,43,0.006578410975635052,0.004977610101923346,,8920.746225,3997.84643,743.0,4922.899795000001,0.5518484295858334,8177.746225000001,11,11,True,True,False,171,171,108,108,11,11,6601.746225000001,1910.0,351.0,58.0,3915.8997950000007,855.0,152.0,0.0,2920.746225000001,2920.746225000001,0.0,279,108,0,0,0,route,12,0,12,3e5d78dbcc44c0cfc0d511ef2ed558e1ad92af4bd8fa6c89e1347aa369f6b2f2
4,1712000078,11,11,True,1.0,9165.256026,833.2050932727271,0.17402084032073617,35731.28013742178,331,300,3,4,43,0.00841829227283597,0.004401166457682845,,9165.256026,5363.921285,788.222051,3801.3347409999988,0.41475488848498854,8377.033974999998,11,11,True,True,False,126,126,108,108,11,11,7146.256025999999,1655.0,300.0,64.0,3059.3347409999988,630.0,112.0,0.0,3165.256025999999,3165.256025999999,0.0,279,108,0,0,0,schedule,4,4,0,3e5d78dbcc44c0cfc0d511ef2ed558e1ad92af4bd8fa6c89e1347aa369f6b2f2
4,1712000078,11,11,True,1.0,8712.672926,792.061175090909,0.15214941604062915,33783.36463068731,321,290,2,4,43,0.004528733901679516,0.002628048928454518,,8712.672926,2117.68072,743.0,6594.992205999999,0.7569424747162832,7969.672925999999,11,11,True,True,False,234,234,99,99,11,11,6756.672925999999,1605.0,290.0,61.0,5216.992206,1170.0,208.0,0.0,2712.6729259999993,2712.6729259999993,0.0,279,99,0,0,0,combined,9,3,6,3e5d78dbcc44c0cfc0d511ef2ed558e1ad92af4bd8fa6c89e1347aa369f6b2f2
4,1712000079,10,10,True,1.0,13373.014593,1337.3014593,0.5116240410134196,46005.07284816575,527,491,332,5,51,0.04958494985476136,0.003010678105056286,,13373.014593,13373.014593,8272.348121,0.0,0.0,5100.666471999999,9,5,False,False,False,0,0,164,161,10,10,9201.014593,2635.0,491.0,1046.0,0,0,0,0,7373.014593,0.0,0.0,310,113,5,332,1,baseline,0,0,0,54afa6915b20f1eb203e03bc553ab9f3634fea4fbd2a7b7a356afadfaffce5d5
4,1712000079,10,10,True,1.0,12683.910818,1268.3910818,0.4156013731844723,44884.55406594282,511,475,209,4,51,0.048823035787791014,0.0023295795544981956,,12683.910818,12683.910818,7495.532991,0.0,0.0,5188.377827,8,4,False,False,False,0,0,177,171,10,10,8976.910818,2555.0,475.0,677.0,0,0,0,0,6683.910818,0.0,0.0,310,120,6,209,2,route,9,0,9,54afa6915b20f1eb203e03bc553ab9f3634fea4fbd2a7b7a356afadfaffce5d5
4,1712000079,10,10,True,1.0,13358.578968,1335.8578968,0.6686442489735782,45932.89472096123,527,491,332,5,51,0.13521821331232786,0.003547066356986761,,13358.578968,13358.578968,8257.912496,0.0,0.0,5100.666471999999,9,5,False,False,False,0,0,164,161,10,10,9186.578968,2635.0,491.0,1046.0,0,0,0,0,7358.578968,0.0,0.0,310,113,5,332,1,schedule,1,1,0,54afa6915b20f1eb203e03bc553ab9f3634fea4fbd2a7b7a356afadfaffce5d5
4,1712000079,10,10,True,1.0,12683.910818,1268.3910818,0.4185323668643832,44884.55406594282,511,475,209,4,51,0.048760646022856236,0.0023948391899466515,,12683.910818,12683.910818,7495.532991,0.0,0.0,5188.377827,8,4,False,False,False,0,0,177,171,10,10,8976.910818,2555.0,475.0,677.0,0,0,0,0,6683.910818,0.0,0.0,310,120,6,209,2,combined,9,0,9,54afa6915b20f1eb203e03bc553ab9f3634fea4fbd2a7b7a356afadfaffce5d5
4,1712000080,11,11,True,1.0,9556.939266,868.8126605454545,0.18423733999952674,34984.69631315297,420,390,5,6,43,0.006607065908610821,0.004125739121809601,,9556.939266,9556.939266,4230.554615,0.0,0.0,5326.384650999999,11,9,True,False,False,0,0,120,119,11,11,6996.939265999999,2100.0,390.0,70.0,0,0,0,0,3556.9392659999994,0.0,0.0,279,108,2,1,0,baseline,0,0,0,e6415c960c0d520925571568ddea7e5304ed24fa9001fc9825e1612aa7445107
4,1712000080,11,11,True,1.0,9839.989186,894.5444714545455,0.21420340985059738,35289.94592448988,456,426,7,8,43,0.007884472142904997,0.006189086986705661,,9839.989186,9839.989186,6253.694228,0.0,0.0,3586.2949580000004,10,6,False,False,False,0,0,136,129,11,11,7057.989186000001,2280.0,426.0,76.0,0,0,0,0,3839.9891860000007,0.0,0.0,279,108,5,1,1,route,8,0,8,e6415c960c0d520925571568ddea7e5304ed24fa9001fc9825e1612aa7445107
4,1712000080,11,11,True,1.0,9633.725214,875.7932012727273,0.18252164497971535,35323.6260449994,422,392,4,6,43,0.006702236831188202,0.004354569362476467,,9633.725214,9633.725214,3239.709409,0.0,0.0,6394.015805,11,8,True,False,False,0,0,120,119,11,11,7064.725214,2110.0,392.0,67.0,0,0,0,0,3633.725214,0.0,0.0,279,108,3,1,0,schedule,1,1,0,e6415c960c0d520925571568ddea7e5304ed24fa9001fc9825e1612aa7445107
4,1712000080,11,11,True,1.0,9839.989186,894.5444714545455,0.2116736420430243,35289.94592448988,456,426,7,8,43,0.008660485967993736,0.006213057320564984,,9839.989186,9839.989186,6253.694228,0.0,0.0,3586.2949580000004,10,6,False,False,False,0,0,136,129,11,11,7057.989186000001,2280.0,426.0,76.0,0,0,0,0,3839.9891860000007,0.0,0.0,279,108,5,1,1,combined,8,0,8,e6415c960c0d520925571568ddea7e5304ed24fa9001fc9825e1612aa7445107
4,1712000081,10,10,True,1.0,9466.598437,946.6598437,0.16350777493789792,34122.992189508,437,407,0,2,42,0.008474912028759718,0.004909490491263559,,9466.598437,7559.61584,1343.0,1906.9825970000002,0.20144327550079644,8123.598437000001,10,7,True,False,False,60,60,115,115,10,10,6824.598437000001,2185.0,407.0,50.0,1551.9825970000002,300.0,55.0,0.0,3466.5984370000006,1906.9825970000002,0.0,310,110,3,0,0,baseline,0,0,0,9a6be2a967d38b34dc2f3e5279f8fb2d4c174af6bd1af0b81b2ea8634166ef08
4,1712000081,10,10,True,1.0,9300.715933,930.0715932999999,0.16655700001865625,33163.57966278047,441,410,1,2,42,0.007365930825471878,0.003631839924491938,,9300.715933,6870.988555,3538.203658,2429.7273779999996,0.26124089752908697,5762.512274999999,10,9,True,False,False,90,90,123,122,10,10,6632.7159329999995,2205.0,410.0,53.0,1898.7273779999996,450.0,81.0,0.0,3300.7159329999995,2429.7273779999996,0.0,310,120,1,0,0,route,8,0,8,9a6be2a967d38b34dc2f3e5279f8fb2d4c174af6bd1af0b81b2ea8634166ef08
4,1712000081,10,10,True,1.0,9466.598437,946.6598437,0.16533687198534608,34122.992189508,437,407,0,2,42,0.008295355830341578,0.005017463956028214,,9466.598437,7559.61584,1343.0,1906.9825970000002,0.20144327550079644,8123.598437000001,10,7,True,False,False,60,60,115,115,10,10,6824.598437000001,2185.0,407.0,50.0,1551.9825970000002,300.0,55.0,0.0,3466.5984370000006,1906.9825970000002,0.0,310,110,3,0,0,schedule,0,0,0,9a6be2a967d38b34dc2f3e5279f8fb2d4c174af6bd1af0b81b2ea8634166ef08
4,1712000081,10,10,True,1.0,9300.715933,930.0715932999999,0.16906482400372624,33163.57966278047,441,410,1,2,42,0.007590744644403458,0.0038716666167601926,,9300.715933,6870.988555,3538.203658,2429.7273779999996,0.26124089752908697,5762.512274999999,10,9,True,False,False,90,90,123,122,10,10,6632.7159329999995,2205.0,410.0,53.0,1898.7273779999996,450.0,81.0,0.0,3300.7159329999995,2429.7273779999996,0.0,310,120,1,0,0,combined,8,0,8,9a6be2a967d38b34dc2f3e5279f8fb2d4c174af6bd1af0b81b2ea8634166ef08
4,1712000082,14,14,True,1.0,11821.998376,844.4284554285714,0.33285733917728066,44294.99204273676,381,346,214,8,53,0.05024426802992821,0.002975062746554611,,11821.998376,11821.998376,1949.322513,0.0,0.0,9872.675863,14,11,True,False,False,0,0,118,117,14,14,8858.998376,1905.0,346.0,712.0,0,0,0,0,5821.998376,0.0,0.0,186,74,3,212,0,baseline,0,0,0,3aaab2ce844c3b4f294b428e6727198fffa017fbdae8083af44c0229a541c5ec
4,1712000082,14,14,True,1.0,12205.108209,871.7934435,0.38979877391830087,45140.54137546413,359,325,329,6,53,0.020056743174791336,0.004286144487559794,,12205.108209,12205.108209,3581.0,0.0,0.0,8624.108209,14,12,True,False,False,0,0,78,78,14,14,9028.108209,1795.0,325.0,1057.0,0,0,0,0,6205.108209,0.0,0.0,186,78,2,327,0,route,9,0,9,3aaab2ce844c3b4f294b428e6727198fffa017fbdae8083af44c0229a541c5ec
4,1712000082,14,14,True,1.0,12255.222634,875.3730452857143,0.3369164848700166,46891.11332682304,366,332,215,8,53,0.04984430596232414,0.0031925282441079604,,12255.222634,12255.222634,2081.283899,0.0,0.0,10173.938735,14,11,True,False,False,0,0,124,123,14,14,9378.222634,1830.0,332.0,715.0,0,0,0,0,6255.222634,0.0,0.0,186,78,3,212,0,schedule,3,3,0,3aaab2ce844c3b4f294b428e6727198fffa017fbdae8083af44c0229a541c5ec
4,1712000082,14,14,True,1.0,12295.301139,878.235795642857,0.387511617038399,45591.50602402768,359,325,329,6,53,0.019598507788032293,0.004405513126403092,,12295.301139,12295.301139,3695.576443,0.0,0.0,8599.724696,14,12,True,False,False,0,0,78,78,14,14,9118.301139,1795.0,325.0,1057.0,0,0,0,0,6295.301138999999,0.0,0.0,186,78,2,327,0,combined,10,1,9,3aaab2ce844c3b4f294b428e6727198fffa017fbdae8083af44c0229a541c5ec
4,1712000083,13,13,True,1.0,9296.788703,715.1375925384616,0.19050659285858274,32683.94351598692,453,424,2,7,48,0.007694995030760765,0.005172962229698895,,9296.788703,8940.385649,7688.337649,356.40305400000034,0.03833614653251094,1608.451054,10,9,False,False,False,7,7,115,107,13,13,6536.788703,2265.0,424.0,71.0,315.40305400000034,35.0,6.0,0.0,3296.788703,356.40305400000034,0.0,217,84,4,0,3,baseline,0,0,0,500b6874605f1f811ed6d994a17ce86042e30a71e8b9567fda64019be2870295
4,1712000083,13,13,True,1.0,9573.984185,736.4603219230769,0.18134733429178596,35524.92091739721,404,375,3,9,45,0.007054063957184553,0.0038451718166470517,,9573.984185,8445.215231,6953.167231,1128.7689539999992,0.11789960503261468,2620.816953999999,12,9,False,False,False,28,28,98,93,13,13,7104.984184999999,2020.0,375.0,74.0,964.7689539999992,140.0,24.0,0.0,3573.9841849999993,1128.7689539999992,0.0,217,84,4,0,1,route,12,0,12,500b6874605f1f811ed6d994a17ce86042e30a71e8b9567fda64019be2870295
4,1712000083,13,13,True,1.0,9296.788703,715.1375925384616,0.19745556497946382,32683.94351598692,453,424,2,7,48,0.008010745979845524,0.005371269141323863,,9296.788703,8940.385649,7688.337649,356.40305400000034,0.03833614653251094,1608.451054,10,9,False,False,False,7,7,115,107,13,13,6536.788703,2265.0,424.0,71.0,315.40305400000034,35.0,6.0,0.0,3296.788703,356.40305400000034,0.0,217,84,4,0,3,schedule,0,0,0,500b6874605f1f811ed6d994a17ce86042e30a71e8b9567fda64019be2870295
4,1712000083,13,13,True,1.0,9573.984185,736.4603219230769,0.1837086738087237,35524.92091739721,404,375,3,9,45,0.006865893956273794,0.0037262839265167704,,9573.984185,8445.215231,6953.167231,1128.7689539999992,0.11789960503261468,2620.816953999999,12,9,False,False,False,28,28,98,93,13,13,7104.984184999999,2020.0,375.0,74.0,964.7689539999992,140.0,24.0,0.0,3573.9841849999993,1128.7689539999992,0.0,217,84,4,0,1,combined,12,0,12,500b6874605f1f811ed6d994a17ce86042e30a71e8b9567fda64019be2870295
4,1712000084,13,13,True,1.0,12136.728839,933.594526076923,0.29824560694396496,46993.64419876384,374,341,154,4,48,0.017607211135327816,0.004221116728149354,,12136.728839,12136.728839,3963.600237,0.0,0.0,8173.128601999999,13,8,True,False,False,0,0,112,110,13,13,9398.728839,1870.0,341.0,527.0,0,0,0,0,6136.728838999999,0.0,0.0,217,84,5,154,0,baseline,0,0,0,f60c1c06405e8d049dfca7591e71621e44731d8fb72ccc2dbe7b18945422d248
4,1712000084,13,13,True,1.0,11850.911944,911.608611076923,0.3072592159733176,44159.559724789506,422,388,152,5,48,0.018071233294904232,0.0035560891963541505,,11850.911944,11850.911944,6393.749011,0.0,0.0,5457.162933,12,10,False,False,False,0,0,138,135,13,13,8831.911944,2110.0,388.0,521.0,0,0,0,0,5850.9119439999995,0.0,0.0,217,105,3,152,1,route,12,0,12,f60c1c06405e8d049dfca7591e71621e44731d8fb72ccc2dbe7b18945422d248
4,1712000084,13,13,True,1.0,11714.490078,901.1146213846155,0.2940217610448599,45197.450393852596,363,330,155,5,48,0.018029748927801847,0.0043377954280003905,,11714.490078,11714.490078,5907.741706,0.0,0.0,5806.748372000001,13,10,True,False,False,0,0,120,118,13,13,9039.490078,1815.0,330.0,530.0,0,0,0,0,5714.490078000001,0.0,0.0,217,91,3,154,0,schedule,2,2,0,f60c1c06405e8d049dfca7591e71621e44731d8fb72ccc2dbe7b18945422d248
4,1712000084,13,13,True,1.0,12719.377882,978.4136832307693,0.3583634947426617,47481.889400340544,456,422,152,5,48,0.018121929839253426,0.0036917538614943623,,12719.377882,12719.377882,5947.841414,0.0,0.0,6771.536468,13,8,True,False,False,0,0,143,138,13,13,9496.377882,2280.0,422.0,521.0,0,0,0,0,6719.377882000001,0.0,0.0,217,98,5,152,0,combined,11,1,10,f60c1c06405e8d049dfca7591e71621e44731d8fb72ccc2dbe7b18945422d248
4,1712000085,11,11,True,1.0,10832.456611,984.7687828181818,0.1715171649120748,39627.28305581299,478,447,5,3,45,0.021833216305822134,0.003234920464456081,,10832.456611,10832.456611,8572.436229,0.0,0.0,2260.020381999999,8,4,False,False,False,0,0,156,149,11,11,7925.456611,2390.0,447.0,70.0,0,0,0,0,4832.456611,0.0,0.0,279,108,7,5,3,baseline,0,0,0,e99d2abfb7dbba881571adcbb2794e99315e7c8968daa6fa178726f8bbf9361e
4,1712000085,11,11,True,1.0,11006.158199,1000.5598362727272,0.19278995785862207,39400.79099500582,515,484,4,4,45,0.021518110297620296,0.003499277774244545,,11006.158199,11006.158199,6378.409895,0.0,0.0,4627.748304,10,2,False,False,False,0,0,150,142,11,11,7880.1581989999995,2575.0,484.0,67.0,0,0,0,0,5006.1581989999995,0.0,0.0,279,102,9,2,1,route,3,0,3,e99d2abfb7dbba881571adcbb2794e99315e7c8968daa6fa178726f8bbf9361e
4,1712000085,11,11,True,1.0,10530.227163,957.2933784545454,0.16941238287836313,38101.13581694771,481,450,0,2,45,0.02171263098716736,0.002707060799002647,,10530.227163,10530.227163,8793.24762,0.0,0.0,1736.9795429999995,8,4,False,False,False,0,0,159,150,11,11,7620.227163,2405.0,450.0,55.0,0,0,0,0,4530.227163,0.0,0.0,279,108,7,0,3,schedule,1,1,0,e99d2abfb7dbba881571adcbb2794e99315e7c8968daa6fa178726f8bbf9361e
4,1712000085,11,11,True,1.0,10693.842813,972.1675284545454,0.2679357649758458,37809.21406250469,516,485,4,4,45,0.02163525903597474,0.003594234399497507,,10693.842813,10693.842813,6561.228422,0.0,0.0,4132.614390999999,9,3,False,False,False,0,0,164,154,11,11,7561.842812999999,2580.0,485.0,67.0,0,0,0,0,4693.842812999999,0.0,0.0,279,108,8,2,2,combined,6,2,4,e99d2abfb7dbba881571adcbb2794e99315e7c8968daa6fa178726f8bbf9361e
4,1712000086,16,16,True,1.0,3315.492653,207.2182908125,0.2630472984164953,11687.463270300694,76,65,151,6,30,0.019888121634721756,0.018066156841814517,,3315.492653,3315.492653,1292.30102,0.0,0.0,2023.1916329999997,16,16,True,True,False,0,0,0,0,16,16,2337.492653,380.0,65.0,533.0,0,0,0,0,0.0,0.0,0.0,15,0,0,0,0,baseline,0,0,0,cf6ea963a4330a969e981ffeba8c4da08e64c4272e1dc9293bc6732edd52aa39
4,1712000086,16,16,True,1.0,3315.492653,207.2182908125,0.26554557075724006,11687.463270300694,76,65,151,6,30,0.019433049019426107,0.017939537973143158,,3315.492653,3315.492653,1292.30102,0.0,0.0,2023.1916329999997,16,16,True,True,False,0,0,0,0,16,16,2337.492653,380.0,65.0,533.0,0,0,0,0,0.0,0.0,0.0,15,0,0,0,0,route,0,0,0,cf6ea963a4330a969e981ffeba8c4da08e64c4272e1dc9293bc6732edd52aa39
4,1712000086,16,16,True,1.0,3386.797315,211.6748321875,0.26422589691355824,12013.986585184459,77,66,151,6,30,0.019969501066952944,0.018032918684184548,,3386.797315,3386.797315,1300.376223,0.0,0.0,2086.4210919999996,16,16,True,True,False,0,0,0,0,16,16,2402.797315,385.0,66.0,533.0,0,0,0,0,0.0,0.0,0.0,15,0,0,0,0,schedule,1,1,0,cf6ea963a4330a969e981ffeba8c4da08e64c4272e1dc9293bc6732edd52aa39
4,1712000086,16,16,True,1.0,3474.511096,217.1569435,0.2672908417880535,12482.555485320801,76,65,151,6,30,0.01983250817283988,0.017864472116343677,,3474.511096,3474.511096,1461.373383,0.0,0.0,2013.137713,16,16,True,True,False,0,0,0,0,16,16,2496.511096,380.0,65.0,533.0,0,0,0,0,0.0,0.0,0.0,15,0,0,0,0,combined,2,2,0,cf6ea963a4330a969e981ffeba8c4da08e64c4272e1dc9293bc6732edd52aa39
4,1712000087,14,14,True,1.0,11058.390474,789.8850338571428,0.18201903672888875,41386.95237243754,457,426,0,7,46,0.005548524204641581,0.003929050290025771,,11058.390474,11058.390474,6271.268068,0.0,0.0,4787.1224059999995,13,7,False,False,False,0,0,109,103,14,14,8277.390474,2285.0,426.0,70.0,0,0,0,0,5058.390474,0.0,0.0,186,67,7,0,1,baseline,0,0,0,45d12c7817a5d96ce6fdae4b0b1dd762cb762e2b31cdaeaa21dcba328c1079e2
4,1712000087,14,14,True,1.0,10191.995433,727.9996737857143,0.19053549319505692,37534.97717172156,441,410,0,5,46,0.004945854190737009,0.0038766973884776235,,10191.995433,10191.995433,8018.765909,0.0,0.0,2173.2295240000003,11,5,False,False,False,0,0,127,112,14,14,7506.995433,2205.0,410.0,70.0,0,0,0,0,4191.995433,0.0,0.0,186,72,9,0,3,route,8,0,8,45d12c7817a5d96ce6fdae4b0b1dd762cb762e2b31cdaeaa21dcba328c1079e2
4,1712000087,14,14,True,1.0,10910.931582,779.3522558571428,0.18617543391883373,40619.657909594185,458,427,0,6,46,0.0056839860044419765,0.0039475285448133945,,10910.931582,10910.931582,6271.268068,0.0,0.0,4639.663513999999,13,7,False,False,False,0,0,110,103,14,14,8123.931581999999,2290.0,427.0,70.0,0,0,0,0,4910.931581999999,0.0,0.0,186,67,7,0,1,schedule,1,1,0,45d12c7817a5d96ce6fdae4b0b1dd762cb762e2b31cdaeaa21dcba328c1079e2
4,1712000087,14,14,True,1.0,10191.995433,727.9996737857143,0.18118134886026382,37534.97717172156,441,410,0,5,46,0.004793548956513405,0.003718502470292151,,10191.995433,10191.995433,8018.765909,0.0,0.0,2173.2295240000003,11,5,False,False,False,0,0,127,112,14,14,7506.995433,2205.0,410.0,70.0,0,0,0,0,4191.995433,0.0,0.0,186,72,9,0,3,combined,8,0,8,45d12c7817a5d96ce6fdae4b0b1dd762cb762e2b31cdaeaa21dcba328c1079e2
4,1712000088,13,13,True,1.0,11709.892845,900.7609880769231,0.18230489594861865,45169.464251887446,425,396,30,9,47,0.006203551776707172,0.003461530199274419,,11709.892845,11709.892845,8110.387617,0.0,0.0,3599.505228,9,6,False,False,False,0,0,134,125,13,13,9033.892845,2125.0,396.0,155.0,0,0,0,0,5709.892845,0.0,0.0,217,91,7,28,4,baseline,0,0,0,aec99ad73472d7d5f6f5b6dd32c155e876148c7d3d5cc06cba6b97dc281e1248
4,1712000088,13,13,True,1.0,10859.445445,835.3419573076923,0.19160744082182646,40462.22723172337,454,423,3,7,47,0.014452944044023752,0.0035288339480757714,,10859.445445,10859.445445,8374.295085,0.0,0.0,2485.1503599999996,9,7,False,False,False,0,0,159,149,13,13,8092.445444999999,2270.0,423.0,74.0,0,0,0,0,4859.445444999999,0.0,0.0,217,98,6,3,4,route,5,0,5,aec99ad73472d7d5f6f5b6dd32c155e876148c7d3d5cc06cba6b97dc281e1248
4,1712000088,13,13,True,1.0,11786.334202,906.6410924615385,0.18389623705297709,45551.67103109131,425,396,30,9,47,0.006510959006845951,0.003462161961942911,,11786.334202,11786.334202,8186.828974,0.0,0.0,3599.505228,9,6,False,False,False,0,0,134,125,13,13,9110.334202,2125.0,396.0,155.0,0,0,0,0,5786.334202,0.0,0.0,217,91,7,28,4,schedule,1,1,0,aec99ad73472d7d5f6f5b6dd32c155e876148c7d3d5cc06cba6b97dc281e1248
4,1712000088,13,13,True,1.0,10624.50959,817.2699684615384,0.16970483027398586,41562.54795958375,378,348,3,7,47,0.003751788754016161,0.0034078695345669974,,10624.50959,8264.341161,5272.977608,2360.1684289999994,0.22214375251931034,5351.5319819999995,13,11,True,False,False,56,56,121,119,13,13,8312.50959,1890.0,348.0,74.0,2031.1684289999994,280.0,49.0,0.0,4624.50959,2360.1684289999994,0.0,217,105,2,0,0,combined,12,2,10,aec99ad73472d7d5f6f5b6dd32c155e876148c7d3d5cc06cba6b97dc281e1248
4,1712000089,11,11,True,1.0,10120.296972,920.0269974545455,0.18752583395689726,37006.484854946735,447,417,4,3,43,0.010975308250635862,0.004212714405730365,,10120.296972,10120.296972,4915.747829,0.0,0.0,5204.549143,11,6,True,False,False,0,0,122,119,11,11,7401.296972,2235.0,417.0,67.0,0,0,0,0,4120.296972,0.0,0.0,279,108,5,2,0,baseline,0,0,0,e9ab233d75571034589f58049bba41a2581f2ba3fc5e885762469e812319ba82
4,1712000089,11,11,True,1.0,10592.136657,962.9215142727272,0.2153889061883092,37625.683279733705,506,476,2,2,43,0.008652274031192064,0.005101333186030388,,10592.136657,10592.136657,5717.666886,0.0,0.0,4874.469770999999,11,2,True,False,False,0,0,136,129,11,11,7525.136656999999,2530.0,476.0,61.0,0,0,0,0,4592.136656999999,0.0,0.0,279,100,9,2,0,route,9,0,9,e9ab233d75571034589f58049bba41a2581f2ba3fc5e885762469e812319ba82
4,1712000089,11,11,True,1.0,9522.358425,865.6689477272728,0.1862411662004888,34016.79211818932,447,417,4,3,43,0.010650556068867445,0.004395616520196198,,9522.358425,9083.442482,5076.836693,438.91594299999997,0.04609319702224924,4445.521732,11,6,True,False,False,18,18,122,119,11,11,6803.358425,2235.0,417.0,67.0,331.91594299999997,90.0,17.0,0.0,3522.3584250000004,438.91594299999997,0.0,279,108,5,3,0,schedule,2,2,0,e9ab233d75571034589f58049bba41a2581f2ba3fc5e885762469e812319ba82
4,1712000089,11,11,True,1.0,9458.852511,859.8956828181817,0.29223758401349187,33319.26256306053,459,430,5,4,43,0.007059275172650814,0.005324582010507583,,9458.852511,8825.905003,5508.282473,632.9475079999993,0.06691588723515084,3950.570037999999,11,7,True,False,False,27,27,144,138,11,11,6663.852510999999,2295.0,430.0,70.0,473.9475079999993,135.0,24.0,0.0,3458.852510999999,632.9475079999993,0.0,279,117,4,3,0,combined,10,1,9,e9ab233d75571034589f58049bba41a2581f2ba3fc5e885762469e812319ba82
4,1712000090,13,13,True,1.0,8862.279202,681.7137847692308,0.1351330392062664,35906.39600445534,274,246,0,2,45,0.0044654132798314095,0.0027036448940634715,,8862.279202,3111.296273,1761.881775,5750.982929,0.6489282043497505,7100.397427,13,13,True,True,False,161,161,84,84,13,13,7181.279202,1370.0,246.0,65.0,4807.982929,805.0,138.0,0.0,2862.2792019999997,2862.2792019999997,0.0,217,84,0,0,0,baseline,0,0,0,1d6e5d2a0dd6a2629f5fc4ea9f31a0702fe5350c9e773edbdd8026660df382c1
4,1712000090,13,13,True,1.0,8710.323807,670.0249082307693,0.14863987686112523,35276.619035510135,270,240,0,3,45,0.009506960865110159,0.0024558614008128635,,8710.323807,3112.141781,1007.138605,5598.182026,0.6427065342279301,7703.185202000001,13,13,True,True,False,161,161,84,84,13,13,7055.323807000001,1350.0,240.0,65.0,4655.182026,805.0,138.0,0.0,2710.3238070000007,2710.3238070000007,0.0,217,84,0,0,0,route,7,0,7,1d6e5d2a0dd6a2629f5fc4ea9f31a0702fe5350c9e773edbdd8026660df382c1
4,1712000090,13,13,True,1.0,8762.526131,674.0404716153846,0.13441999116912484,35407.630651977226,274,246,0,2,45,0.004669879097491503,0.0029958361759781834,,8762.526131,3011.543202,1812.491394,5750.982929000001,0.6563156380959841,6950.034737000001,13,13,True,True,False,161,161,77,77,13,13,7081.5261310000005,1370.0,246.0,65.0,4807.982929000001,805.0,138.0,0.0,2762.5261310000005,2762.5261310000005,0.0,217,77,0,0,0,schedule,3,3,0,1d6e5d2a0dd6a2629f5fc4ea9f31a0702fe5350c9e773edbdd8026660df382c1
4,1712000090,13,13,True,1.0,8758.13636,673.7027969230769,0.14936305303126574,35515.68179852843,270,240,0,3,45,0.009677235037088394,0.002555497735738754,,8758.13636,3159.954334,1208.408207,5598.182026,0.6391978608106531,7549.728153,13,13,True,True,False,161,161,84,84,13,13,7103.13636,1350.0,240.0,65.0,4655.182026,805.0,138.0,0.0,2758.1363600000004,2758.1363600000004,0.0,217,84,0,0,0,combined,15,8,7,1d6e5d2a0dd6a2629f5fc4ea9f31a0702fe5350c9e773edbdd8026660df382c1
4,1712000091,16,16,True,1.0,16197.582422,1012.348901375,0.7103299521841109,60352.91252045588,418,379,526,9,60,0.0591958686709404,0.0032368200831115234,,16197.582422,16197.582422,7509.278116,0.0,0.0,8688.304305999998,13,8,False,False,False,0,0,122,115,16,16,12070.582422,2090.0,379.0,1658.0,0,0,0,0,10197.582422,0.0,0.0,92,24,8,526,3,baseline,0,0,0,b4739934bcd1d2c21bbf61449494bf9dad37914c67aa56bc5e509d5767bbfcc4
4,1712000091,16,16,True,1.0,14203.552845,887.7220528125,0.4327278030104935,53562.764455874756,459,420,232,9,60,0.05603161407634616,0.0031585927121341216,,14203.552845,14203.552845,8561.595906,0.0,0.0,5641.956939,11,7,False,False,False,0,0,156,146,16,16,10712.552845,2295.0,420.0,776.0,0,0,0,0,8203.552845,0.0,0.0,112,39,9,232,5,route,9,0,9,b4739934bcd1d2c21bbf61449494bf9dad37914c67aa56bc5e509d5767bbfcc4
4,1712000091,16,16,True,1.0,16197.582422,1012.348901375,0.6258270870894194,60352.91252045588,418,379,526,9,60,0.055874017998576164,0.003168818098492919,,16197.582422,16197.582422,7509.278116,0.0,0.0,8688.304305999998,13,8,False,False,False,0,0,122,115,16,16,12070.582422,2090.0,379.0,1658.0,0,0,0,0,10197.582422,0.0,0.0,92,24,8,526,3,schedule,0,0,0,b4739934bcd1d2c21bbf61449494bf9dad37914c67aa56bc5e509d5767bbfcc4
4,1712000091,16,16,True,1.0,15616.257352,976.0160845,0.5834696730598807,58406.287094194166,439,400,420,8,60,0.04533857200294733,0.0035004249773919575,,15616.257352,15616.257352,9320.765386,0.0,0.0,6295.491966000001,12,5,False,False,False,0,0,123,114,16,16,11681.257352,2195.0,400.0,1340.0,0,0,0,0,9616.257352,0.0,0.0,116,40,11,420,4,combined,9,2,7,b4739934bcd1d2c21bbf61449494bf9dad37914c67aa56bc5e509d5767bbfcc4
4,1712000092,10,10,True,1.0,10034.04683,1003.404683,0.16626835707575083,35970.234147071045,470,440,0,3,42,0.005271226167678833,0.0034903626190498456,,10034.04683,10034.04683,4537.818613,0.0,0.0,5496.228216999999,10,6,True,False,False,0,0,147,142,10,10,7194.046829999999,2350.0,440.0,50.0,0,0,0,0,4034.0468299999993,0.0,0.0,310,120,4,0,0,baseline,0,0,0,aea117fba06469cc275cca04ccda4b8a8291fab07cd3402a1086bd3d5f83046c
4,1712000092,10,10,True,1.0,10666.675445,1066.6675445,0.18185359286144376,39058.37722852197,472,442,1,2,42,0.005270523019134998,0.0038204732118174416,,10666.675445,10666.675445,7078.636554,0.0,0.0,3588.038891000001,9,3,False,False,False,0,0,131,125,10,10,7811.675445000001,2360.0,442.0,53.0,0,0,0,0,4666.675445000001,0.0,0.0,310,110,7,1,1,route,7,0,7,aea117fba06469cc275cca04ccda4b8a8291fab07cd3402a1086bd3d5f83046c
4,1712000092,10,10,True,1.0,10263.82689,1026.382689,0.17652937304228544,37119.13444813335,470,440,0,3,42,0.005379813257604837,0.0034136930713430037,,10263.82689,10128.719639,4537.818613,135.10725099999945,0.013163438203700983,5726.008277,10,7,True,False,False,10,10,160,155,10,10,7423.82689,2350.0,440.0,50.0,75.10725099999945,50.0,10.0,0.0,4263.82689,135.10725099999945,0.0,310,130,3,0,0,schedule,1,1,0,aea117fba06469cc275cca04ccda4b8a8291fab07cd3402a1086bd3d5f83046c
4,1712000092,10,10,True,1.0,10327.096185,1032.7096185,0.19762603286653757,37260.48092948566,475,444,2,3,42,0.006073811091482639,0.004293782892636953,,10327.096185,10327.096185,8711.309275,0.0,0.0,1615.7869100000007,9,5,False,False,False,0,0,155,148,10,10,7452.096185,2375.0,444.0,56.0,0,0,0,0,4327.096185,0.0,0.0,310,120,5,0,1,combined,15,4,11,aea117fba06469cc275cca04ccda4b8a8291fab07cd3402a1086bd3d5f83046c
4,1712000093,15,15,True,1.0,10086.545353,672.4363568666666,0.2048966377042234,36002.72675898356,471,441,5,8,47,0.007689723279327154,0.004278779355809091,,10086.545353,10086.545353,6973.223851,0.0,0.0,3113.321502,13,6,False,False,False,0,0,131,123,15,15,7200.5453529999995,2355.0,441.0,90.0,0,0,0,0,4086.5453529999995,0.0,0.0,155,63,9,2,2,baseline,0,0,0,5bedf013ec93a119df65dc207c180afb68abe5375804baeb66109d0de8a11838
4,1712000093,15,15,True,1.0,10437.970903,695.8647268666666,0.20709022181108594,38749.8545061085,438,408,5,8,47,0.0067258779890835285,0.004378356738016007,,10437.970903,10437.970903,6758.78485,0.0,0.0,3679.1860529999994,12,7,False,False,False,0,0,111,100,15,15,7749.970902999999,2190.0,408.0,90.0,0,0,0,0,4437.970902999999,0.0,0.0,155,65,8,2,3,route,7,0,7,5bedf013ec93a119df65dc207c180afb68abe5375804baeb66109d0de8a11838
4,1712000093,15,15,True,1.0,10304.335762,686.9557174666667,0.21237435285001993,37091.67880439242,471,441,5,8,47,0.007768601644784212,0.00436676824465394,,10304.335762,10304.335762,7196.19903,0.0,0.0,3108.136732000001,13,7,False,False,False,0,0,136,128,15,15,7418.335762000001,2355.0,441.0,90.0,0,0,0,0,4304.335762000001,0.0,0.0,155,65,8,2,2,schedule,1,1,0,5bedf013ec93a119df65dc207c180afb68abe5375804baeb66109d0de8a11838
4,1712000093,15,15,True,1.0,10437.970903,695.8647268666666,0.2098543718457222,38749.8545061085,438,408,5,8,47,0.0071686189621686935,0.005673756357282391,,10437.970903,10437.970903,6758.78485,0.0,0.0,3679.1860529999994,12,7,False,False,False,0,0,111,100,15,15,7749.970902999999,2190.0,408.0,90.0,0,0,0,0,4437.970902999999,0.0,0.0,155,65,8,2,3,combined,7,0,7,5bedf013ec93a119df65dc207c180afb68abe5375804baeb66109d0de8a11838
4,1712000094,15,15,True,1.0,9535.552709,635.7035139333333,0.302306551951915,38602.76365965953,229,196,133,5,50,0.02071107178926468,0.004507623543031502,,9535.552709,9535.552709,383.0,0.0,0.0,9152.552709,15,13,True,False,False,0,0,51,51,15,15,7720.552709,1145.0,196.0,474.0,0,0,0,0,3535.5527089999996,0.0,0.0,155,40,2,133,0,baseline,0,0,0,49a7a293c60107640f620ad4e25a2623d46a97c24a065d1ed1a63d733547f857
4,1712000094,15,15,True,1.0,10034.013307,668.9342204666666,0.31057920260354877,39410.06665016791,285,253,133,3,50,0.02057544095441699,0.003725988208316261,,10034.013307,10034.013307,2153.0,0.0,0.0,7881.013306999999,15,14,True,False,False,0,0,63,63,15,15,7882.013306999999,1425.0,253.0,474.0,0,0,0,0,4034.0133069999993,0.0,0.0,155,50,1,133,0,route,10,0,10,49a7a293c60107640f620ad4e25a2623d46a97c24a065d1ed1a63d733547f857
4,1712000094,15,15,True,1.0,9535.552709,635.7035139333333,0.3011371102184057,38602.76365965953,229,196,133,5,50,0.020667199976742268,0.004357868223451066,,9535.552709,9535.552709,383.0,0.0,0.0,9152.552709,15,13,True,False,False,0,0,51,51,15,15,7720.552709,1145.0,196.0,474.0,0,0,0,0,3535.5527089999996,0.0,0.0,155,40,2,133,0,schedule,0,0,0,49a7a293c60107640f620ad4e25a2623d46a97c24a065d1ed1a63d733547f857
4,1712000094,15,15,True,1.0,10084.414513,672.2943008666666,0.3148662052117288,39707.0726780302,283,251,134,3,50,0.021191973239183426,0.0036319589708000374,,10084.414513,10084.414513,2153.0,0.0,0.0,7931.414513,15,14,True,False,False,0,0,69,69,15,15,7941.414513,1415.0,251.0,477.0,0,0,0,0,4084.4145129999997,0.0,0.0,155,55,1,133,0,combined,15,3,12,49a7a293c60107640f620ad4e25a2623d46a97c24a065d1ed1a63d733547f857
4,1712000095,10,10,True,1.0,10778.795398,1077.8795398,0.16634175600484014,38343.9769819833,515,485,0,4,42,0.0051240259781479836,0.003615259146317839,,10778.795398,10778.795398,6273.209722,0.0,0.0,4505.585676000001,9,6,False,False,False,0,0,163,155,10,10,7668.795398,2575.0,485.0,50.0,0,0,0,0,4778.795398,0.0,0.0,310,121,4,0,1,baseline,0,0,0,42e59406420437f248b9c8109cb734ffd52c787a154b46c051871a8856ba9f9f
4,1712000095,10,10,True,1.0,10291.711936,1029.1711936,0.18753601610660553,36028.559681732026,511,481,0,7,42,0.006196067202836275,0.003700123960152267,,10291.711936,10291.711936,9106.002455,0.0,0.0,1185.7094809999999,8,5,False,False,False,0,0,175,165,10,10,7205.711936,2555.0,481.0,50.0,0,0,0,0,4291.711936,0.0,0.0,310,133,5,0,2,route,8,0,8,42e59406420437f248b9c8109cb734ffd52c787a154b46c051871a8856ba9f9f
4,1712000095,10,10,True,1.0,10588.03868,1058.803868,0.16646899515762925,37405.19339158856,514,484,1,5,42,0.0053693209774792194,0.0036708064144477227,,10588.03868,10588.03868,6273.209722,0.0,0.0,4314.828958,9,6,False,False,False,0,0,162,155,10,10,7481.03868,2570.0,484.0,53.0,0,0,0,0,4588.03868,0.0,0.0,310,121,4,1,1,schedule,1,1,0,42e59406420437f248b9c8109cb734ffd52c787a154b46c051871a8856ba9f9f
4,1712000095,10,10,True,1.0,10291.711936,1029.1711936,0.18567280191928148,36028.559681732026,511,481,0,7,42,0.006355882156640291,0.004177778330631553,,10291.711936,10291.711936,9106.002455,0.0,0.0,1185.7094809999999,8,5,False,False,False,0,0,175,165,10,10,7205.711936,2555.0,481.0,50.0,0,0,0,0,4291.711936,0.0,0.0,310,133,5,0,2,combined,8,0,8,42e59406420437f248b9c8109cb734ffd52c787a154b46c051871a8856ba9f9f
4,1712000096,10,10,True,1.0,9259.781699,925.9781698999999,0.1439232719130814,34758.90849042592,380,349,3,3,42,0.007566832937300205,0.004293314297683531,,9259.781699,7491.146284,2569.235567,1768.6354149999988,0.19100184782876695,6690.5461319999995,10,9,True,False,False,60,60,115,114,10,10,6951.781698999999,1900.0,349.0,59.0,1414.6354149999988,300.0,54.0,0.0,3259.781698999999,1768.6354149999988,0.0,310,110,1,0,0,baseline,0,0,0,3f22d117149173c01f8d702e4315837914e8cc221f65b7186f45efb2fae8421d
4,1712000096,10,10,True,1.0,9635.991894,963.5991894000001,0.16759728966280818,34969.9594748667,436,406,2,3,42,0.0050539011135697365,0.00397496784571558,,9635.991894,9635.991894,4150.485217,0.0,0.0,5485.506677,10,8,True,False,False,0,0,127,127,10,10,6993.991894000001,2180.0,406.0,56.0,0,0,0,0,3635.9918940000007,0.0,0.0,310,115,2,0,0,route,8,0,8,3f22d117149173c01f8d702e4315837914e8cc221f65b7186f45efb2fae8421d
4,1712000096,10,10,True,1.0,9265.32448,926.5324479999999,0.15064651798456907,34786.622396901745,380,349,3,3,42,0.007611377630382776,0.004355761152692133,,9265.32448,7496.689065,2574.778348,1768.6354149999997,0.19088758508325873,6690.5461319999995,10,9,True,False,False,60,60,115,114,10,10,6957.324479999999,1900.0,349.0,59.0,1414.6354149999997,300.0,54.0,0.0,3265.3244799999993,1768.6354149999997,0.0,310,110,1,0,0,schedule,1,1,0,3f22d117149173c01f8d702e4315837914e8cc221f65b7186f45efb2fae8421d
4,1712000096,10,10,True,1.0,9372.618184,937.2618184,0.16895211720839143,34403.09091859774,411,381,2,4,42,0.005892792716622353,0.0037710871081799257,,9372.618184,5127.829495,3404.480854,4244.788689000001,0.4528925222032709,5968.137330000001,10,10,True,True,False,160,160,134,134,10,10,6880.618184000001,2055.0,381.0,56.0,3300.788689000001,800.0,144.0,0.0,3372.618184000001,3372.618184000001,0.0,310,134,0,0,0,combined,13,5,8,3f22d117149173c01f8d702e4315837914e8cc221f65b7186f45efb2fae8421d
4,1712000097,14,14,True,1.0,12133.69442,866.6924585714286,0.3046216960065067,43383.472193092566,484,451,172,5,50,0.02646393096074462,0.002434672927483916,,12133.69442,12133.69442,8935.145097,0.0,0.0,3198.5493229999993,10,4,False,False,False,0,0,159,146,14,14,8676.69442,2420.0,451.0,586.0,0,0,0,0,6133.69442,0.0,0.0,186,78,10,171,4,baseline,0,0,0,597eb04016700ec8b158de98916e5585249b9548a8c4de8d468db51c0b195776
4,1712000097,14,14,True,1.0,11650.273809,832.1624149285715,0.40303120808675885,42201.36913121846,440,409,177,5,50,0.01910911500453949,0.0029686156660318347,,11650.273809,11650.273809,8573.570431,0.0,0.0,3076.703378,9,4,False,False,False,0,0,125,113,14,14,8440.273809,2200.0,409.0,601.0,0,0,0,0,5650.273809,0.0,0.0,186,72,10,177,5,route,7,0,7,597eb04016700ec8b158de98916e5585249b9548a8c4de8d468db51c0b195776
4,1712000097,14,14,True,1.0,11840.564617,845.7546155,0.3152508740313351,42417.823171681106,467,436,172,5,50,0.028454649727791548,0.0028686386998742794,,11840.564617,11840.564617,8633.852954,0.0,0.0,3206.711663,11,7,False,False,False,0,0,160,151,14,14,8483.564617,2335.0,436.0,586.0,0,0,0,0,5840.564617,0.0,0.0,186,84,7,170,3,schedule,4,4,0,597eb04016700ec8b158de98916e5585249b9548a8c4de8d468db51c0b195776
4,1712000097,14,14,True,1.0,11992.854132,856.632438,0.3207104606553912,43694.270741504806,451,419,170,4,50,0.026388264261186123,0.002936101611703633,,11992.854132,11992.854132,8510.532412,0.0,0.0,3482.32172,9,4,False,False,False,0,0,136,123,14,14,8738.854132,2255.0,419.0,580.0,0,0,0,0,5992.854132,0.0,0.0,186,72,10,170,5,combined,9,1,8,597eb04016700ec8b158de98916e5585249b9548a8c4de8d468db51c0b195776
4,1712000098,15,15,True,1.0,7953.111184,530.2074122666667,0.1581026711501181,33005.555932514144,218,187,0,3,47,0.008674561977386475,0.003646409465000032,,7953.111184,5400.70872,413.0,2552.4024640000007,0.3209313191968071,7540.111184,15,15,True,True,False,55,55,45,45,15,15,6601.111184,1090.0,187.0,75.0,2233.4024640000007,275.0,44.0,0.0,1953.1111840000003,1953.1111840000003,0.0,155,45,0,0,0,baseline,0,0,0,57161ad3e51b4788271f09a761344750f66e0554e4743c3d56000af80d1c6432
4,1712000098,15,15,True,1.0,7873.972653,524.9315101999999,0.18285534577444196,32669.863268130888,216,185,0,5,47,0.017117811366915703,0.004954217420890915,,7873.972653,3061.853997,731.0,4812.118656,0.6111424141366014,7142.972653,15,15,True,True,False,105,105,45,45,15,15,6533.972653,1080.0,185.0,75.0,4203.118656,525.0,84.0,0.0,1873.9726529999998,1873.9726529999998,0.0,155,45,0,0,0,route,6,0,6,57161ad3e51b4788271f09a761344750f66e0554e4743c3d56000af80d1c6432
4,1712000098,15,15,True,1.0,8070.283331,538.0188887333333,0.15281168604269624,33576.41665944403,217,186,3,3,47,0.010369769763201475,0.0035987832117825745,,8070.283331,5282.519856,413.0,2787.7634749999997,0.34543563846036174,7657.283331,15,15,True,True,False,60,60,49,49,15,15,6715.283331,1085.0,186.0,84.0,2439.7634749999997,300.0,48.0,0.0,2070.2833309999996,2070.2833309999996,0.0,155,49,0,0,0,schedule,3,3,0,57161ad3e51b4788271f09a761344750f66e0554e4743c3d56000af80d1c6432
4,1712000098,15,15,True,1.0,8365.590162,557.7060108000001,0.17766107944771647,35272.950799947845,210,180,2,5,47,0.015471141319721937,0.004571945266798127,,8365.590162,1683.7198,731.0,6681.870362000001,0.7987326934030121,7634.590162,15,15,True,True,False,135,135,50,50,15,15,7054.590162,1050.0,180.0,81.0,5897.870362000001,675.0,109.0,0.0,2365.5901620000004,2365.5901620000004,0.0,155,50,0,0,0,combined,13,4,9,57161ad3e51b4788271f09a761344750f66e0554e4743c3d56000af80d1c6432
4,1712000099,12,12,True,1.0,10390.625488,865.8854573333333,0.16829557623714209,36983.127441334014,494,464,0,4,44,0.00414350675418973,0.003722932143136859,,10390.625488,10390.625488,8302.575246,0.0,0.0,2088.0502419999993,8,5,False,False,False,0,0,180,164,12,12,7396.625488,2470.0,464.0,60.0,0,0,0,0,4390.625488,0.0,0.0,248,110,7,0,4,baseline,0,0,0,5c68728db7941ed9d575d5417ee34b3f15ca7fc920ca58705762420008f258e1
4,1712000099,12,12,True,1.0,10321.020271,860.0850225833333,0.17006922280415893,38025.10136048431,447,418,1,5,45,0.004315887112170458,0.003073801845312117,,10321.020271,9840.108162,9366.639523,480.91210899999896,0.04659540397873897,954.3807479999996,9,5,False,False,False,16,16,125,117,12,12,7605.020270999999,2235.0,418.0,63.0,385.91210899999896,80.0,15.0,0.0,4321.020270999999,480.91210899999896,0.0,248,98,7,1,3,route,10,0,10,5c68728db7941ed9d575d5417ee34b3f15ca7fc920ca58705762420008f258e1
4,1712000099,12,12,True,1.0,10288.980094,857.4150078333333,0.16263594990596175,37544.90046380126,458,427,1,6,44,0.004889694042503834,0.003444445226341486,,10288.980094,10288.980094,8943.665133,0.0,0.0,1345.314961,9,7,False,False,False,0,0,167,157,12,12,7508.9800940000005,2290.0,427.0,63.0,0,0,0,0,4288.9800940000005,0.0,0.0,248,120,5,0,3,schedule,2,2,0,5c68728db7941ed9d575d5417ee34b3f15ca7fc920ca58705762420008f258e1
4,1712000099,12,12,True,1.0,9970.180088,830.8483406666666,0.16602129209786654,37480.900433208866,406,375,3,7,44,0.004192639142274857,0.0033112778328359136,,9970.180088,9970.180088,8978.181084,0.0,0.0,991.9990039999993,9,9,False,False,False,0,0,140,133,12,12,7496.180087999999,2030.0,375.0,69.0,0,0,0,0,3970.180087999999,0.0,0.0,248,112,3,0,3,combined,12,2,10,5c68728db7941ed9d575d5417ee34b3f15ca7fc920ca58705762420008f258e1
4,1712000100,15,15,True,1.0,11523.075142,768.2050094666666,0.29444511514157057,45320.375501702685,327,293,152,4,53,0.03314909292384982,0.0026926666498184202,,11523.075142,11523.075142,6527.918289,0.0,0.0,4995.1568529999995,14,12,False,False,False,0,0,104,102,15,15,9064.075142,1635.0,293.0,531.0,0,0,0,0,5523.075142,0.0,0.0,155,65,3,151,1,baseline,0,0,0,9f3e8791ce7af301a68369d52dd0a7b4d17f85561234d06385eccf6ad22a2fd8
4,1712000100,15,15,True,1.0,12826.934219,855.1289479333334,0.31592638371512294,49294.67087750911,414,379,148,6,53,0.03350530983880162,0.003611583355814218,,12826.934219,12826.934219,5633.701324,0.0,0.0,7193.232895000001,15,9,True,False,False,0,0,133,132,15,15,9858.934219,2070.0,379.0,519.0,0,0,0,0,6826.934219000001,0.0,0.0,155,65,6,147,0,route,9,0,9,9f3e8791ce7af301a68369d52dd0a7b4d17f85561234d06385eccf6ad22a2fd8
4,1712000100,15,15,True,1.0,11878.004301,791.8669534,0.29477806901559234,46920.02128895034,336,301,146,4,53,0.03403971390798688,0.002946746442466974,,11878.004301,11878.004301,6523.355575,0.0,0.0,5354.648726000001,14,12,False,False,False,0,0,111,109,15,15,9384.004301,1680.0,301.0,513.0,0,0,0,0,5878.004301000001,0.0,0.0,155,70,3,146,1,schedule,4,4,0,9f3e8791ce7af301a68369d52dd0a7b4d17f85561234d06385eccf6ad22a2fd8
4,1712000100,15,15,True,1.0,12884.588131,858.9725420666667,0.33401368698105216,49067.940429517046,431,397,148,6,53,0.0337996487505734,0.003682031389325857,,12884.588131,12884.588131,7261.105471,0.0,0.0,5623.482660000001,14,10,False,False,False,0,0,142,139,15,15,9813.588131,2155.0,397.0,519.0,0,0,0,0,6884.588131,0.0,0.0,155,75,5,147,1,combined,13,4,9,9f3e8791ce7af301a68369d52dd0a7b4d17f85561234d06385eccf6ad22a2fd8
4,1712000101,16,16,True,1.0,9968.330134,623.020633375,0.18172608688473701,37751.65065433936,391,362,7,7,47,0.0062607149593532085,0.004019861994311213,,9968.330134,9968.330134,9298.230368,0.0,0.0,670.0997659999994,14,6,False,False,False,0,0,73,64,16,16,7550.330134,1955.0,362.0,101.0,0,0,0,0,3968.330134,0.0,0.0,112,33,10,1,2,baseline,0,0,0,9775720b787f50a582237f756750916700cb6823c55ca5e2ce6641358339f2da
4,1712000101,16,16,True,1.0,10035.029914,627.189369625,0.1855009151622653,38470.14955458048,376,351,10,9,46,0.005600858945399523,0.0037786357570439577,,10035.029914,10035.029914,8434.68603,0.0,0.0,1600.343884,10,7,False,False,False,0,0,85,71,16,16,7694.029914000001,1880.0,351.0,110.0,0,0,0,0,4035.0299140000006,0.0,0.0,100,32,9,3,6,route,6,0,6,9775720b787f50a582237f756750916700cb6823c55ca5e2ce6641358339f2da
4,1712000101,16,16,True,1.0,9465.523012,591.59518825,0.18000059202313423,35457.61504630081,383,355,8,8,46,0.006308112759143114,0.004165359074249864,,9465.523012,9465.523012,9316.932139,0.0,0.0,148.5908729999992,14,6,False,False,False,0,0,65,57,16,16,7091.523012,1915.0,355.0,104.0,0,0,0,0,3465.5230119999997,0.0,0.0,108,29,10,2,2,schedule,1,1,0,9775720b787f50a582237f756750916700cb6823c55ca5e2ce6641358339f2da
4,1712000101,16,16,True,1.0,9858.339555,616.1462221875,0.18467762181535363,37516.697761000534,379,353,9,8,46,0.005418896675109863,0.0038229854544624686,,9858.339555,9858.339555,8257.995671,0.0,0.0,1600.343884,10,8,False,False,False,0,0,85,71,16,16,7503.3395550000005,1895.0,353.0,107.0,0,0,0,0,3858.3395550000005,0.0,0.0,100,32,8,3,6,combined,7,1,6,9775720b787f50a582237f756750916700cb6823c55ca5e2ce6641358339f2da
4,1712000102,16,16,True,1.0,4711.079164,294.44244775,0.3271881267428398,17550.396056250607,93,80,192,6,33,0.023439958691596985,0.015200314298272117,,4711.079164,4711.079164,1914.311575,0.0,0.0,2796.767589,16,16,True,True,False,0,0,0,0,16,16,3510.0791639999998,465.0,80.0,656.0,0,0,0,0,0.0,0.0,0.0,20,0,0,0,0,baseline,0,0,0,2d7396987620fd26559eb9a77c6199505943f02f5e5d9a85f78c5130fef65cc9
4,1712000102,16,16,True,1.0,5717.676789,357.3547993125,0.28718611504882574,20503.384007246485,193,179,131,5,33,0.022928327787667513,0.01100212903693318,,5717.676789,5717.676789,4016.715992,0.0,0.0,1700.9607970000002,16,16,True,True,True,0,0,0,0,16,16,4100.676789,965.0,179.0,473.0,0,0,0,0,0.0,0.0,0.0,44,0,0,0,0,route,3,0,3,2d7396987620fd26559eb9a77c6199505943f02f5e5d9a85f78c5130fef65cc9
4,1712000102,16,16,True,1.0,4564.53062,285.28316375,0.20879615936428308,17792.653118591556,119,106,75,5,33,0.022381361108273268,0.008956478908658026,,4564.53062,4564.53062,2800.95734,0.0,0.0,1763.5732800000005,16,16,True,True,False,0,0,0,0,16,16,3558.5306200000005,595.0,106.0,305.0,0,0,0,0,0.0,0.0,0.0,36,0,0,0,0,schedule,4,4,0,2d7396987620fd26559eb9a77c6199505943f02f5e5d9a85f78c5130fef65cc9
4,1712000102,16,16,True,1.0,5552.539525,347.0337203125,0.2869978076778352,19772.697692844522,189,177,132,5,32,0.02285802224650979,0.01115193669684231,,5552.539525,5552.539525,3872.895362,0.0,0.0,1679.644163,16,16,True,True,True,0,0,0,0,16,16,3954.539525,945.0,177.0,476.0,0,0,0,0,0.0,0.0,0.0,44,0,0,0,0,combined,6,3,3,2d7396987620fd26559eb9a77c6199505943f02f5e5d9a85f78c5130fef65cc9
4,1712000103,10,10,True,1.0,12144.225789,1214.4225789,0.39659542590379715,42856.129047131515,508,473,170,7,48,0.040463887155056,0.0028841314604505894,,12144.225789,12144.225789,9110.133991,0.0,0.0,3034.0917979999995,9,6,False,False,False,0,0,167,165,10,10,8571.225789,2540.0,473.0,560.0,0,0,0,0,6144.225789,0.0,0.0,310,120,4,170,1,baseline,0,0,0,3f98236e2e7ec81f796b47e1727e1c99a3c6543ee07ddcf4af246512aab6657f
4,1712000103,10,10,True,1.0,11510.89074,1151.089074,0.26705490378662944,41059.45374510909,525,492,44,6,46,0.03937388909980655,0.003458716906607151,,11510.89074,11510.89074,8040.080374,0.0,0.0,3470.8103660000006,8,3,False,False,False,0,0,163,157,10,10,8211.89074,2625.0,492.0,182.0,0,0,0,0,5510.890740000001,0.0,0.0,310,111,7,44,2,route,5,0,5,3f98236e2e7ec81f796b47e1727e1c99a3c6543ee07ddcf4af246512aab6657f
4,1712000103,10,10,True,1.0,12144.225789,1214.4225789,0.46800575125962496,42856.129047131515,508,473,170,7,48,0.04017531033605337,0.0029661713633686304,,12144.225789,12144.225789,9110.133991,0.0,0.0,3034.0917979999995,9,6,False,False,False,0,0,167,165,10,10,8571.225789,2540.0,473.0,560.0,0,0,0,0,6144.225789,0.0,0.0,310,120,4,170,1,schedule,0,0,0,3f98236e2e7ec81f796b47e1727e1c99a3c6543ee07ddcf4af246512aab6657f
4,1712000103,10,10,True,1.0,11464.467469,1146.4467468999999,0.2696670079603791,40827.33739018307,525,492,44,6,46,0.04035710170865059,0.003542104968801141,,11464.467469,11464.467469,7993.657103,0.0,0.0,3470.8103659999997,8,3,False,False,False,0,0,163,157,10,10,8165.467468999999,2625.0,492.0,182.0,0,0,0,0,5464.467468999999,0.0,0.0,310,111,7,44,2,combined,6,1,5,3f98236e2e7ec81f796b47e1727e1c99a3c6543ee07ddcf4af246512aab6657f
4,1712000104,11,11,True,1.0,9523.564737,865.7786124545455,0.17547651613131166,35652.8236875484,394,365,1,3,43,0.006726864259690046,0.005860115308314561,,9523.564737,9523.564737,5384.823303,0.0,0.0,4138.7414340000005,11,7,True,False,False,0,0,104,103,11,11,7130.564737000001,1970.0,365.0,58.0,0,0,0,0,3523.5647370000006,0.0,0.0,279,99,4,0,0,baseline,0,0,0,c4a6c5f743a6750b3f4c0e5c70e44e356ddacfb08e5f1522cd882c142543127e
4,1712000104,11,11,True,1.0,9394.66299,854.0602718181818,0.19251567870378494,35038.31495240753,393,364,1,4,43,0.008173561654984951,0.005449095740914342,,9394.66299,8782.074596,7139.143529,612.5883940000003,0.06520599990143981,2255.519461000001,10,9,False,False,False,27,27,113,111,11,11,7007.662990000001,1965.0,364.0,58.0,453.58839400000033,135.0,24.0,0.0,3394.6629900000007,612.5883940000003,0.0,279,108,2,0,1,route,9,0,9,c4a6c5f743a6750b3f4c0e5c70e44e356ddacfb08e5f1522cd882c142543127e
4,1712000104,11,11,True,1.0,9186.96349,835.1784990909091,0.17880936991423368,33969.81744852525,394,365,1,3,43,0.008407408371567726,0.005615778034552931,,9186.96349,8488.824891,5506.751452,698.1385989999999,0.07599231234127828,3680.2120379999997,11,8,True,False,False,27,27,115,113,11,11,6793.96349,1970.0,365.0,58.0,539.1385989999999,135.0,24.0,0.0,3186.96349,698.1385989999999,0.0,279,108,3,0,0,schedule,2,2,0,c4a6c5f743a6750b3f4c0e5c70e44e356ddacfb08e5f1522cd882c142543127e
4,1712000104,11,11,True,1.0,9484.250876,862.2046250909091,0.2004886190406978,34486.25437431539,427,397,0,4,43,0.008139514364302158,0.005545462295413016,,9484.250876,8111.342034,5571.620663,1372.9088419999998,0.14475669823055404,3912.6302130000004,11,7,True,False,False,45,45,113,108,11,11,6897.250876,2135.0,397.0,55.0,1107.9088419999998,225.0,40.0,0.0,3484.250876,1372.9088419999998,0.0,279,108,4,0,0,combined,10,1,9,c4a6c5f743a6750b3f4c0e5c70e44e356ddacfb08e5f1522cd882c142543127e
4,1712000105,10,10,True,1.0,9917.83756,991.783756,0.13517276104539633,36454.18780599319,434,404,1,4,42,0.004318091087043285,0.003187426319345829,,9917.83756,7755.620976,7402.396419,2162.216584,0.21801290562778686,2515.4411410000002,9,6,False,False,False,60,60,115,113,10,10,7290.83756,2170.0,404.0,53.0,1808.2165839999998,300.0,54.0,0.0,3917.83756,2162.216584,0.0,310,110,4,1,1,baseline,0,0,0,99c62b9b3cb030529cb1186d08953f671c845f92deeac3980d3dbda1d819ebfd
4,1712000105,10,10,True,1.0,10298.024868,1029.8024868,0.17092120833694935,36705.12434676179,489,459,1,5,42,0.0049303448759019375,0.0036109991604462263,,10298.024868,9636.985328,9151.045603,661.0395399999998,0.06419090538945081,1146.979265,5,4,False,False,False,20,20,166,156,10,10,7341.024868,2445.0,459.0,53.0,543.0395399999998,100.0,18.0,0.0,4298.024868,661.0395399999998,0.0,310,130,6,1,5,route,10,0,10,99c62b9b3cb030529cb1186d08953f671c845f92deeac3980d3dbda1d819ebfd
4,1712000105,10,10,True,1.0,9917.83756,991.783756,0.15386690804734826,36454.18780599319,434,404,1,4,42,0.004885300062596798,0.0037987992400303474,,9917.83756,7755.620976,7402.396419,2162.216584,0.21801290562778686,2515.4411410000002,9,6,False,False,False,60,60,115,113,10,10,7290.83756,2170.0,404.0,53.0,1808.2165839999998,300.0,54.0,0.0,3917.83756,2162.216584,0.0,310,110,4,1,1,schedule,0,0,0,99c62b9b3cb030529cb1186d08953f671c845f92deeac3980d3dbda1d819ebfd
4,1712000105,10,10,True,1.0,10145.014552,1014.5014552,0.17307285498827696,35070.07276704794,518,488,1,4,42,0.00470049399882555,0.003986658691428602,,10145.014552,9836.57294,8858.176403,308.44161200000053,0.030403269548705966,1286.838149000001,7,3,False,False,False,10,10,176,164,10,10,7014.014552000001,2590.0,488.0,53.0,249.44161200000053,50.0,9.0,0.0,4145.014552000001,308.44161200000053,0.0,310,120,7,1,3,combined,7,1,6,99c62b9b3cb030529cb1186d08953f671c845f92deeac3980d3dbda1d819ebfd
4,1712000106,13,13,True,1.0,11052.232341,850.1717185384616,0.3491978272795677,42481.16174076813,360,325,122,4,51,0.07064957963302732,0.003491112031042576,,11052.232341,11052.232341,713.444102,0.0,0.0,10338.788239000001,13,11,True,False,False,0,0,114,114,13,13,8496.232341,1800.0,325.0,431.0,0,0,0,0,5052.232341000001,0.0,0.0,217,84,2,122,0,baseline,0,0,0,b50e5e9c30a4c5eb2a472468d532021f20684ea3cc04b6e4b8ce07797c0f4287
4,1712000106,13,13,True,1.0,10723.879188,824.9137836923078,0.2722260928712785,41809.39597429882,332,298,113,4,51,0.03428429877385497,0.0028986604884266853,,10723.879188,10723.879188,713.444102,0.0,0.0,10010.435086000001,13,11,True,False,False,0,0,114,114,13,13,8361.879188,1660.0,298.0,404.0,0,0,0,0,4723.879188000001,0.0,0.0,217,84,2,112,0,route,9,0,9,b50e5e9c30a4c5eb2a472468d532021f20684ea3cc04b6e4b8ce07797c0f4287
4,1712000106,13,13,True,1.0,10929.366543,840.7205033076923,0.2759373881854117,41666.83275425779,379,345,97,4,51,0.019110001157969236,0.003692181082442403,,10929.366543,10929.366543,742.483223,0.0,0.0,10186.88332,13,3,True,False,False,0,0,103,102,13,13,8333.366543,1895.0,345.0,356.0,0,0,0,0,4929.366543,0.0,0.0,217,67,10,97,0,schedule,2,2,0,b50e5e9c30a4c5eb2a472468d532021f20684ea3cc04b6e4b8ce07797c0f4287
4,1712000106,13,13,True,1.0,10742.914983,826.3780756153847,0.30111039988696575,40454.57494825582,376,341,122,4,51,0.034701328724622726,0.003517109202221036,,10742.914983,10742.914983,742.483223,0.0,0.0,10000.431760000001,13,9,True,False,False,0,0,127,127,13,13,8090.914983000001,1880.0,341.0,431.0,0,0,0,0,4742.914983000001,0.0,0.0,217,77,4,122,0,combined,13,7,6,b50e5e9c30a4c5eb2a472468d532021f20684ea3cc04b6e4b8ce07797c0f4287
4,1712000107,16,16,True,1.0,6532.030592,408.251912,0.20966894319280982,23755.15299082309,278,257,18,9,41,0.010041756089776754,0.007981033064424992,,6532.030592,6532.030592,4481.640848,0.0,0.0,2050.389744,16,15,True,False,False,0,0,3,3,16,16,4751.030592,1390.0,257.0,134.0,0,0,0,0,532.0305920000001,0.0,0.0,57,0,1,17,0,baseline,0,0,0,f5c95934c85fbd03f9f18e52c62e56808fccd78e6c3f0697af6630f9233dd171
4,1712000107,16,16,True,1.0,8874.760705,554.6725440625,0.20628340495750308,33853.8035338761,339,314,5,8,45,0.008029595017433167,0.005780760571360585,,8874.760705,8874.760705,8105.353076,0.0,0.0,769.4076290000003,14,10,False,False,False,0,0,57,50,16,16,6770.760705000001,1695.0,314.0,95.0,0,0,0,0,2874.7607050000006,0.0,0.0,100,28,6,1,2,route,9,0,9,f5c95934c85fbd03f9f18e52c62e56808fccd78e6c3f0697af6630f9233dd171
4,1712000107,16,16,True,1.0,6532.030592,408.251912,0.20168654108420014,23755.15299082309,278,257,18,9,41,0.009451448917388916,0.00757983885705471,,6532.030592,6532.030592,4481.640848,0.0,0.0,2050.389744,16,15,True,False,False,0,0,3,3,16,16,4751.030592,1390.0,257.0,134.0,0,0,0,0,532.0305920000001,0.0,0.0,57,0,1,17,0,schedule,0,0,0,f5c95934c85fbd03f9f18e52c62e56808fccd78e6c3f0697af6630f9233dd171
4,1712000107,16,16,True,1.0,8766.869334,547.929333375,0.2091288543306291,33374.34667787785,337,312,5,10,45,0.007907117251306772,0.005835971981286999,,8766.869334,8766.869334,7997.461705,0.0,0.0,769.4076290000012,15,10,False,False,False,0,0,48,43,16,16,6674.869334000001,1685.0,312.0,95.0,0,0,0,0,2766.869334000001,0.0,0.0,100,24,6,1,1,combined,9,2,7,f5c95934c85fbd03f9f18e52c62e56808fccd78e6c3f0697af6630f9233dd171
4,1712000108,12,12,True,1.0,9993.94902,832.829085,0.168809172231704,37864.74510965837,398,368,1,5,45,0.018615589011460543,0.0036084164865314954,,9993.94902,9993.94902,6021.807957,0.0,0.0,3972.141063,11,9,False,False,False,0,0,119,116,12,12,7572.94902,1990.0,368.0,63.0,0,0,0,0,3993.94902,0.0,0.0,248,94,3,0,1,baseline,0,0,0,407db0619e9bb745a9231b4b0c0cbae83d74c137a1972b36829f2684c84a862f
4,1712000108,12,12,True,1.0,10465.857777,872.1548147499999,0.19116504304111004,38829.28888570297,445,415,0,2,45,0.018667571246623993,0.004744814243167634,,10465.857777,10465.857777,7297.804706,0.0,0.0,3168.0530709999994,11,6,False,False,False,0,0,127,119,12,12,7765.857776999999,2225.0,415.0,60.0,0,0,0,0,4465.857776999999,0.0,0.0,248,99,6,0,1,route,8,0,8,407db0619e9bb745a9231b4b0c0cbae83d74c137a1972b36829f2684c84a862f
4,1712000108,12,12,True,1.0,10622.563561,885.2136300833334,0.1893092216923833,38692.817805706894,475,443,2,4,47,0.01832763012498617,0.0037748520262539382,,10622.563561,10622.563561,7226.176317,0.0,0.0,3396.3872440000005,11,5,False,False,False,0,0,156,148,12,12,7738.563561000001,2375.0,443.0,66.0,0,0,0,0,4622.563561000001,0.0,0.0,248,95,7,2,1,schedule,1,1,0,407db0619e9bb745a9231b4b0c0cbae83d74c137a1972b36829f2684c84a862f
4,1712000108,12,12,True,1.0,10694.173938,891.1811615,0.18982226913794875,39960.869684560384,445,414,1,3,45,0.01808337401598692,0.00452213184908032,,10694.173938,10694.173938,6342.284422,0.0,0.0,4351.889516,9,7,False,False,False,0,0,144,134,12,12,7992.173938,2225.0,414.0,63.0,0,0,0,0,4694.173938,0.0,0.0,248,106,5,1,3,combined,9,3,6,407db0619e9bb745a9231b4b0c0cbae83d74c137a1972b36829f2684c84a862f
4,1712000109,16,16,True,1.0,6158.176118,384.886007375,0.1370236799120903,23350.88059579358,233,219,8,9,39,0.0035113110207021236,0.002767896885052324,,6158.176118,6158.176118,1985.0,0.0,0.0,4173.176118,16,15,True,False,False,0,0,1,0,16,16,4670.176118,1165.0,219.0,104.0,0,0,0,0,158.17611800000032,0.0,0.0,24,0,1,0,0,baseline,0,0,0,1a0e11e4a98a1abc4de65252d3e0ea98b32388de153c0f6ddc648390e44fa63e
4,1712000109,16,16,True,1.0,10150.346558,634.396659875,0.18132503191009164,38311.73279442909,404,373,5,8,50,0.011272110976278782,0.0029284172225743526,,10150.346558,10150.346558,9743.864374,0.0,0.0,406.4821839999986,9,8,False,False,False,0,0,113,98,16,16,7662.346557999999,2020.0,373.0,95.0,0,0,0,0,4150.346557999999,0.0,0.0,121,49,8,4,7,route,7,0,7,1a0e11e4a98a1abc4de65252d3e0ea98b32388de153c0f6ddc648390e44fa63e
4,1712000109,16,16,True,1.0,6143.977829,383.9986143125,0.13692673901095986,23279.889150032726,233,219,8,9,39,0.0034383987076580524,0.002877569990232587,,6143.977829,6143.977829,1985.0,0.0,0.0,4158.977829,16,15,True,False,False,0,0,1,0,16,16,4655.977829,1165.0,219.0,104.0,0,0,0,0,143.97782900000038,0.0,0.0,24,0,1,0,0,schedule,1,1,0,1a0e11e4a98a1abc4de65252d3e0ea98b32388de153c0f6ddc648390e44fa63e
4,1712000109,16,16,True,1.0,10160.110394,635.006899625,0.18194843688979745,38360.551977857,404,373,5,8,50,0.01111941458657384,0.0031720184488221994,,10160.110394,10160.110394,9753.62821,0.0,0.0,406.4821839999986,9,8,False,False,False,0,0,113,98,16,16,7672.110393999999,2020.0,373.0,95.0,0,0,0,0,4160.110393999999,0.0,0.0,121,49,8,4,7,combined,9,2,7,1a0e11e4a98a1abc4de65252d3e0ea98b32388de153c0f6ddc648390e44fa63e
4,1712000110,15,15,True,1.0,8144.742367,542.9828244666667,0.13764671189710498,34618.711836384566,196,166,0,0,47,0.01029360806569457,0.001834716973826289,,8144.742367,1628.946474,119.0,6515.7958929999995,0.8000002454835168,8025.742367,15,15,True,True,False,135,135,40,40,15,15,6923.742367,980.0,166.0,75.0,5731.7958929999995,675.0,109.0,0.0,2144.742367,2144.742367,0.0,155,40,0,0,0,baseline,0,0,0,5f69e8a7c910ac196386f04743df4f67da1e5067f46e2575f3215c6972ff6b5a
4,1712000110,15,15,True,1.0,8219.386309,547.9590872666666,0.15492060966789722,35021.93154541358,195,165,0,2,47,0.014577374793589115,0.002526438003405927,,8219.386309,1328.070452,119.0,6891.315857,0.8384221884612237,8100.3863089999995,15,15,True,True,False,140,140,49,49,15,15,7004.3863089999995,975.0,165.0,75.0,6078.315857,700.0,113.0,0.0,2219.3863089999995,2219.3863089999995,0.0,155,49,0,0,0,route,10,0,10,5f69e8a7c910ac196386f04743df4f67da1e5067f46e2575f3215c6972ff6b5a
4,1712000110,15,15,True,1.0,8302.664071,553.5109380666667,0.14253205293789506,35408.32034459317,196,166,0,0,47,0.010939043946564198,0.0021743954159319395,,8302.664071,1786.868178,119.0,6515.7958929999995,0.7847837558258836,8183.664070999999,15,15,True,True,False,135,135,45,45,15,15,7081.664070999999,980.0,166.0,75.0,5731.7958929999995,675.0,109.0,0.0,2302.6640709999992,2302.6640709999992,0.0,155,45,0,0,0,schedule,5,5,0,5f69e8a7c910ac196386f04743df4f67da1e5067f46e2575f3215c6972ff6b5a
4,1712000110,15,15,True,1.0,7922.300539,528.1533692666667,0.16222438402473927,33566.502702625294,194,164,0,3,47,0.01695587020367384,0.0028295276686549184,,7922.300539,1383.810037,119.0,6538.490502,0.8253272480401668,7803.300539,15,15,True,True,False,140,140,40,40,15,15,6713.300539,970.0,164.0,75.0,5725.490502,700.0,113.0,0.0,1922.3005389999998,1922.3005389999998,0.0,155,40,0,0,0,combined,13,4,9,5f69e8a7c910ac196386f04743df4f67da1e5067f46e2575f3215c6972ff6b5a
4,1712000111,16,16,True,1.0,11492.374466,718.273404125,0.35098387114703655,42696.87254838893,391,360,186,4,53,0.021073481999337673,0.00412878468632698,,11492.374466,11492.374466,7965.904961,0.0,0.0,3526.469504999999,14,7,False,False,False,0,0,80,70,16,16,8539.374466,1955.0,360.0,638.0,0,0,0,0,5492.374465999999,0.0,0.0,94,22,9,186,2,baseline,0,0,0,68ac438be8a0085e05bb6da6c83c9041f060ed07a07593a0134ca2f986ba6848
4,1712000111,16,16,True,1.0,11932.370091,745.7731306875,0.4650836610235274,43206.8506613865,438,403,206,5,54,0.03625049302354455,0.004429547674953937,,11932.370091,11932.370091,8580.0624,0.0,0.0,3352.307691,12,6,False,False,False,0,0,109,95,16,16,8641.370091,2190.0,403.0,698.0,0,0,0,0,5932.370091000001,0.0,0.0,115,35,10,206,4,route,7,0,7,68ac438be8a0085e05bb6da6c83c9041f060ed07a07593a0134ca2f986ba6848
4,1712000111,16,16,True,1.0,11501.758657,718.8599160625,0.33204776095226407,42773.79350310337,390,359,186,5,53,0.018055631779134274,0.003973071277141571,,11501.758657,11501.758657,7975.289152,0.0,0.0,3526.469505,14,7,False,False,False,0,0,81,71,16,16,8554.758657,1950.0,359.0,638.0,0,0,0,0,5501.758657,0.0,0.0,94,22,9,186,2,schedule,2,2,0,68ac438be8a0085e05bb6da6c83c9041f060ed07a07593a0134ca2f986ba6848
4,1712000111,16,16,True,1.0,11459.128216,716.1955135,0.37524429336190224,41735.6412822631,407,376,207,7,53,0.018995041027665138,0.00466589443385601,,11459.128216,11459.128216,8582.190758,0.0,0.0,2876.9374579999985,12,7,False,False,False,0,0,92,79,16,16,8347.128216,2035.0,376.0,701.0,0,0,0,0,5459.128215999999,0.0,0.0,111,35,9,207,4,combined,7,2,5,68ac438be8a0085e05bb6da6c83c9041f060ed07a07593a0134ca2f986ba6848
4,1712000112,15,15,True,1.0,13469.753552,897.9835701333334,0.34408548567444086,52303.767570716824,429,390,133,9,59,0.05598736694082618,0.0029231037478893995,,13469.753552,13469.753552,5886.512628,0.0,0.0,7583.240924,15,7,True,False,False,0,0,136,136,15,15,10460.753552,2145.0,390.0,474.0,0,0,0,0,7469.753552,0.0,0.0,155,65,8,132,0,baseline,0,0,0,93c830284b791cfe00c11f22c8402fe89c3da646dde30ffe35a12a352d77efb3
4,1712000112,15,15,True,1.0,12772.278169,851.4852112666666,0.33937138272449374,49081.39065766298,427,389,119,8,59,0.05202858289703727,0.00355969718657434,,12772.278169,12772.278169,8296.443734,0.0,0.0,4475.834434999999,13,7,False,False,False,0,0,127,123,15,15,9816.278169,2135.0,389.0,432.0,0,0,0,0,6772.278168999999,0.0,0.0,155,65,8,118,2,route,8,0,8,93c830284b791cfe00c11f22c8402fe89c3da646dde30ffe35a12a352d77efb3
4,1712000112,15,15,True,1.0,13807.188709,920.4792472666667,0.36074559204280376,52740.943323018364,454,416,166,9,59,0.05648906109854579,0.002870153868570924,,13807.188709,13807.188709,6418.301598,0.0,0.0,7388.887111,14,6,False,False,False,0,0,152,148,15,15,10548.188709,2270.0,416.0,573.0,0,0,0,0,7807.188709,0.0,0.0,155,65,9,165,1,schedule,2,2,0,93c830284b791cfe00c11f22c8402fe89c3da646dde30ffe35a12a352d77efb3
4,1712000112,15,15,True,1.0,12853.754914,856.9169942666666,0.342136493884027,49488.77438002115,427,389,119,8,59,0.05189232528209686,0.0035184400621801606,,12853.754914,12853.754914,8377.920479,0.0,0.0,4475.834434999999,13,7,False,False,False,0,0,134,129,15,15,9897.754914,2135.0,389.0,432.0,0,0,0,0,6853.754913999999,0.0,0.0,155,69,8,118,2,combined,10,2,8,93c830284b791cfe00c11f22c8402fe89c3da646dde30ffe35a12a352d77efb3
4,1712000113,10,10,True,1.0,9369.697635,936.9697635,0.15722535317763686,33528.488167208925,440,411,1,1,42,0.0066877868957817554,0.004886536695994436,,9369.697635,6661.818779,6192.646171,2707.8788560000003,0.28900386773260056,3177.051464,9,9,False,False,False,90,90,112,110,10,10,6705.697635,2200.0,411.0,53.0,2175.8788560000003,450.0,82.0,0.0,3369.6976350000004,2707.8788560000003,0.0,310,110,1,1,1,baseline,0,0,0,e7026634caeec89bed918f90cc6e0c6a1fc57c41c13bd7f0b4962b9d93311ff9
4,1712000113,10,10,True,1.0,9368.925793,936.8925793000001,0.17439824808388948,32299.62897132602,481,451,1,2,42,0.005290468223392963,0.004637098428793249,,9368.925793,8748.283029,5952.717295,620.6427640000002,0.06624481586391834,3416.208498,10,6,True,False,False,30,30,144,138,10,10,6459.925793,2405.0,451.0,53.0,443.64276400000017,150.0,27.0,0.0,3368.9257930000003,620.6427640000002,0.0,310,120,4,0,0,route,6,0,6,e7026634caeec89bed918f90cc6e0c6a1fc57c41c13bd7f0b4962b9d93311ff9
4,1712000113,10,10,True,1.0,9369.697635,936.9697635,0.16015467699617147,33528.488167208925,440,411,1,1,42,0.00731993094086647,0.004943358316086232,,9369.697635,6661.818779,6192.646171,2707.8788560000003,0.28900386773260056,3177.051464,9,9,False,False,False,90,90,112,110,10,10,6705.697635,2200.0,411.0,53.0,2175.8788560000003,450.0,82.0,0.0,3369.6976350000004,2707.8788560000003,0.0,310,110,1,1,1,schedule,0,0,0,e7026634caeec89bed918f90cc6e0c6a1fc57c41c13bd7f0b4962b9d93311ff9
4,1712000113,10,10,True,1.0,9368.925793,936.8925793000001,0.16953524900600314,32299.62897132602,481,451,1,2,42,0.005195335950702429,0.0046841711271554225,,9368.925793,8748.283029,5952.717295,620.6427640000002,0.06624481586391834,3416.208498,10,6,True,False,False,30,30,144,138,10,10,6459.925793,2405.0,451.0,53.0,443.64276400000017,150.0,27.0,0.0,3368.9257930000003,620.6427640000002,0.0,310,120,4,0,0,combined,6,0,6,e7026634caeec89bed918f90cc6e0c6a1fc57c41c13bd7f0b4962b9d93311ff9
4,1712000114,11,11,True,1.0,9932.741709,902.9765189999999,0.2741496399976313,38563.70854721233,366,335,0,2,44,0.1273024557158351,0.002637310978025198,,9932.741709,9932.741709,413.0,0.0,0.0,9519.741709,11,10,True,False,False,0,0,121,120,11,11,7712.741709,1830.0,335.0,55.0,0,0,0,0,3932.741709,0.0,0.0,279,108,1,0,0,baseline,0,0,0,bfeb8d9378eea891d5e8dc9904da51b2c4f06575e61907f926eb28b27622eea3
4,1712000114,11,11,True,1.0,9720.997823,883.7270748181818,0.1622738167643547,36534.98912460172,398,369,0,3,44,0.01801992394030094,0.0033864541212096813,,9720.997823,9720.997823,3482.27578,0.0,0.0,6238.722043,11,10,True,False,False,0,0,121,120,11,11,7306.997823,1990.0,369.0,55.0,0,0,0,0,3720.9978229999997,0.0,0.0,279,108,1,0,0,route,8,0,8,bfeb8d9378eea891d5e8dc9904da51b2c4f06575e61907f926eb28b27622eea3
4,1712000114,11,11,True,1.0,9691.840307,881.0763915454546,0.1730075259692967,37204.20150539662,361,328,21,3,46,0.018865203950554132,0.0026214515091851354,,9691.840307,9691.840307,413.0,0.0,0.0,9278.840307,11,10,True,False,False,0,0,117,117,11,11,7440.840307,1805.0,328.0,118.0,0,0,0,0,3691.8403070000004,0.0,0.0,279,102,1,21,0,schedule,4,4,0,bfeb8d9378eea891d5e8dc9904da51b2c4f06575e61907f926eb28b27622eea3
4,1712000114,11,11,True,1.0,9733.753835,884.8867122727272,0.16980359004810452,36583.7691759058,398,369,1,3,44,0.017993215937167406,0.003475447185337544,,9733.753835,9733.753835,3751.243137,0.0,0.0,5982.510698,11,10,True,False,False,0,0,121,120,11,11,7316.7538349999995,1990.0,369.0,58.0,0,0,0,0,3733.7538349999995,0.0,0.0,279,108,1,0,0,combined,11,3,8,bfeb8d9378eea891d5e8dc9904da51b2c4f06575e61907f926eb28b27622eea3
4,1712000115,15,15,True,1.0,9210.612426,614.0408284,0.14559946302324533,35868.062123806005,332,302,0,8,50,0.003788147121667862,0.003011345490813254,,9210.612426,7813.921255,3522.300819,1396.6911709999995,0.15163933801593657,5688.311607,15,14,True,False,False,25,25,67,66,15,15,7173.612426,1660.0,302.0,75.0,1251.6911709999995,125.0,20.0,0.0,3210.6124259999997,1396.6911709999995,0.0,155,60,1,0,0,baseline,0,0,0,8636a1bcf79600bad86a67c5c3813e50c1e0f7c005997cec46e9f509028c1aa4
4,1712000115,15,15,True,1.0,9830.482736,655.3655157333334,0.1680062529630959,34442.413675045136,483,452,0,8,50,0.0038886182010173798,0.00312379125971347,,9830.482736,9551.735622,9141.619999,278.7471139999998,0.02835538411345823,688.8627369999995,6,4,False,False,False,5,5,112,92,15,15,6888.482736,2415.0,452.0,75.0,249.74711399999978,25.0,4.0,0.0,3830.482736,278.7471139999998,0.0,155,60,11,0,9,route,9,0,9,8636a1bcf79600bad86a67c5c3813e50c1e0f7c005997cec46e9f509028c1aa4
4,1712000115,15,15,True,1.0,9185.946037,612.3964024666667,0.1474238750524819,35744.73017903978,332,302,0,8,50,0.0035514449700713158,0.0029563341289758674,,9185.946037,7789.254866,3552.138133,1396.6911709999995,0.15204652469917396,5633.807903999999,15,14,True,False,False,25,25,67,66,15,15,7148.946037,1660.0,302.0,75.0,1251.6911709999995,125.0,20.0,0.0,3185.9460369999997,1396.6911709999995,0.0,155,60,1,0,0,schedule,1,1,0,8636a1bcf79600bad86a67c5c3813e50c1e0f7c005997cec46e9f509028c1aa4
4,1712000115,15,15,True,1.0,9830.482736,655.3655157333334,0.17214247398078442,34442.413675045136,483,452,0,8,50,0.004179930780082941,0.003257520799525081,,9830.482736,9551.735622,9141.619999,278.7471139999998,0.02835538411345823,688.8627369999995,6,4,False,False,False,5,5,112,92,15,15,6888.482736,2415.0,452.0,75.0,249.74711399999978,25.0,4.0,0.0,3830.482736,278.7471139999998,0.0,155,60,11,0,9,combined,9,0,9,8636a1bcf79600bad86a67c5c3813e50c1e0f7c005997cec46e9f509028c1aa4
4,1712000116,16,16,True,1.0,4142.918102,258.932381375,0.12751296581700444,17294.590513179315,99,91,6,6,27,0.009150309022516012,0.005667991284281015,,4142.918102,4142.918102,1135.162366,0.0,0.0,3007.7557359999996,16,16,True,True,False,0,0,0,0,16,16,3458.9181019999996,495.0,91.0,98.0,0,0,0,0,0.0,0.0,0.0,16,0,0,0,0,baseline,0,0,0,d1ecddd2d0e2259d09a20975298cd142182b4c60eecb3f19df4de391169e2af0
4,1712000116,16,16,True,1.0,7507.714469,469.2321543125,0.21683818101882935,27423.572356314235,324,305,6,3,36,0.010305909905582666,0.006670432630926371,,7507.714469,7507.714469,5493.789867,0.0,0.0,2013.9246019999991,16,9,True,False,False,0,0,0,0,16,16,5484.714469,1620.0,305.0,98.0,0,0,0,0,1507.7144689999996,0.0,0.0,71,0,7,6,0,route,10,0,10,d1ecddd2d0e2259d09a20975298cd142182b4c60eecb3f19df4de391169e2af0
4,1712000116,16,16,True,1.0,3668.25054,229.26565875,0.1275641592219472,14886.252701073889,102,95,2,8,27,0.00939113087952137,0.005313023319467902,,3668.25054,3668.25054,1069.457932,0.0,0.0,2598.7926079999997,16,16,True,True,False,0,0,0,0,16,16,2977.25054,510.0,95.0,86.0,0,0,0,0,0.0,0.0,0.0,16,0,0,0,0,schedule,2,2,0,d1ecddd2d0e2259d09a20975298cd142182b4c60eecb3f19df4de391169e2af0
4,1712000116,16,16,True,1.0,8172.036346,510.752271625,0.22353299241513014,30420.181710233566,330,310,16,6,39,0.010451132897287607,0.007614712277427316,,8172.036346,8172.036346,6598.517965,0.0,0.0,1573.5183809999999,15,6,False,False,False,0,0,27,21,16,16,6084.036346,1650.0,310.0,128.0,0,0,0,0,2172.036346,0.0,0.0,81,9,10,16,1,combined,12,2,10,d1ecddd2d0e2259d09a20975298cd142182b4c60eecb3f19df4de391169e2af0
4,1712000117,13,13,True,1.0,10877.360972,836.7200747692308,0.20196894323453307,41546.80479462753,403,371,39,6,48,0.02203310187906027,0.0039050645893439644,,10877.360972,10877.360972,7034.902826,0.0,0.0,3842.458146000001,11,7,False,False,False,0,0,108,103,13,13,8309.360972,2015.0,371.0,182.0,0,0,0,0,4877.360972,0.0,0.0,217,84,6,36,2,baseline,0,0,0,faa96ac3d1ff25d7790acb0f3578a1abac197d15dc5d29af5abd2267c2a9bef5
4,1712000117,13,13,True,1.0,12261.167461,943.1667277692306,0.2300013150088489,47355.83723764366,438,406,43,6,48,0.02337648021057248,0.003358383709564804,,12261.167461,12261.167461,9002.856039,0.0,0.0,3258.311421999999,7,4,False,False,False,0,0,147,135,13,13,9471.167461,2190.0,406.0,194.0,0,0,0,0,6261.167460999999,0.0,0.0,217,91,9,42,6,route,9,0,9,faa96ac3d1ff25d7790acb0f3578a1abac197d15dc5d29af5abd2267c2a9bef5
4,1712000117,13,13,True,1.0,10934.321513,841.1016548461539,0.21819840790703893,41831.60750004175,403,371,39,6,48,0.023539908230304718,0.0042717638425529,,10934.321513,10934.321513,7091.863367,0.0,0.0,3842.458146000001,11,7,False,False,False,0,0,108,103,13,13,8366.321513,2015.0,371.0,182.0,0,0,0,0,4934.321513000001,0.0,0.0,217,84,6,36,2,schedule,1,1,0,faa96ac3d1ff25d7790acb0f3578a1abac197d15dc5d29af5abd2267c2a9bef5
4,1712000117,13,13,True,1.0,10966.391566,843.568582,0.22266175178810954,40986.95776775479,438,406,36,6,48,0.022438662126660347,0.00314526637084782,,10966.391566,10966.391566,9282.358866,0.0,0.0,1684.0326999999997,7,6,False,False,False,0,0,161,148,13,13,8197.391566,2190.0,406.0,173.0,0,0,0,0,4966.391566,0.0,0.0,217,98,7,35,6,combined,10,2,8,faa96ac3d1ff25d7790acb0f3578a1abac197d15dc5d29af5abd2267c2a9bef5
4,1712000118,10,10,True,1.0,9675.528135,967.5528135000001,0.16184559604153037,34432.64065485206,458,425,8,2,45,0.012838004156947136,0.0029114662669599035,,9675.528135,9675.528135,743.0,0.0,0.0,8932.528135,10,6,True,False,False,0,0,157,154,10,10,6886.5281350000005,2290.0,425.0,74.0,0,0,0,0,3675.5281350000005,0.0,0.0,310,110,4,8,0,baseline,0,0,0,1b941c03450d4bec5b6239e96d9424fef31093eca2d6d4af7234138d523db6fa
4,1712000118,10,10,True,1.0,9998.982649,999.8982649,0.20681957714259624,35734.91314612958,446,413,53,1,45,0.013437044806778431,0.003362868074327706,,9998.982649,9998.982649,2702.294454,0.0,0.0,7296.688195,10,9,True,False,False,0,0,135,135,10,10,7146.982649,2230.0,413.0,209.0,0,0,0,0,3998.9826489999996,0.0,0.0,310,120,1,53,0,route,11,0,11,1b941c03450d4bec5b6239e96d9424fef31093eca2d6d4af7234138d523db6fa
4,1712000118,10,10,True,1.0,9772.299925,977.2299925,0.19279070664197206,36371.499529577,387,354,53,3,45,0.013857558369636536,0.0027050025761127467,,9772.299925,9772.299925,778.706098,0.0,0.0,8993.593826999999,10,9,True,False,False,0,0,124,124,10,10,7274.299924999999,1935.0,354.0,209.0,0,0,0,0,3772.2999249999993,0.0,0.0,310,110,1,53,0,schedule,2,2,0,1b941c03450d4bec5b6239e96d9424fef31093eca2d6d4af7234138d523db6fa
4,1712000118,10,10,True,1.0,9984.611009,998.4611009,0.2065934077836573,36323.05494909711,423,390,55,2,45,0.013596920762211084,0.003339391108602285,,9984.611009,9984.611009,2709.498811,0.0,0.0,7275.112198000001,10,9,True,False,False,0,0,135,135,10,10,7264.611009,2115.0,390.0,215.0,0,0,0,0,3984.611009,0.0,0.0,310,120,1,53,0,combined,11,3,8,1b941c03450d4bec5b6239e96d9424fef31093eca2d6d4af7234138d523db6fa
4,1712000119,14,14,True,1.0,10251.931717,732.2808369285714,0.20591831114143133,37354.65858551818,457,426,0,5,49,0.005456211976706982,0.0047375867143273345,,10251.931717,9111.406656,6821.901854,1140.5250610000003,0.11124977150489153,3430.0298629999998,12,8,False,False,False,12,12,102,89,14,14,7470.9317169999995,2285.0,426.0,70.0,1069.5250610000003,60.0,11.0,0.0,4251.9317169999995,1140.5250610000003,0.0,186,66,6,0,2,baseline,0,0,0,9e0a19934a154143e3bb240920ac2cd9419bfa156bce1ea83393958069844592
4,1712000119,14,14,True,1.0,10547.013435,753.3581025000001,0.16738800099119544,40835.06717158587,388,361,3,7,46,0.004510862287133932,0.0034027735237032175,,10547.013435,9760.334838,8842.491269,786.6785970000001,0.07458780647699062,1704.5221660000007,11,10,False,False,False,18,18,116,108,14,14,8167.013435000001,1940.0,361.0,79.0,680.6785970000001,90.0,16.0,0.0,4547.013435000001,786.6785970000001,0.0,186,84,4,3,3,route,8,0,8,9e0a19934a154143e3bb240920ac2cd9419bfa156bce1ea83393958069844592
4,1712000119,14,14,True,1.0,10251.931717,732.2808369285714,0.1986204208806157,37354.65858551818,457,426,0,5,49,0.0051432158797979355,0.004355301707983017,,10251.931717,9111.406656,6821.901854,1140.5250610000003,0.11124977150489153,3430.0298629999998,12,8,False,False,False,12,12,102,89,14,14,7470.9317169999995,2285.0,426.0,70.0,1069.5250610000003,60.0,11.0,0.0,4251.9317169999995,1140.5250610000003,0.0,186,66,6,0,2,schedule,0,0,0,9e0a19934a154143e3bb240920ac2cd9419bfa156bce1ea83393958069844592
4,1712000119,14,14,True,1.0,10165.803378,726.1288127142858,0.27220768155530095,37789.016890065264,428,398,0,4,46,0.006734194699674845,0.004000318353064358,,10165.803378,10165.803378,5838.333121,0.0,0.0,4327.470257000001,14,9,True,False,False,0,0,132,124,14,14,7557.8033780000005,2140.0,398.0,70.0,0,0,0,0,4165.8033780000005,0.0,0.0,186,84,5,0,0,combined,9,2,7,9e0a19934a154143e3bb240920ac2cd9419bfa156bce1ea83393958069844592
4,1712000120,16,16,True,1.0,6796.721941,424.7951213125,0.299681494012475,26093.609752384553,177,163,150,9,36,0.01596630085259676,0.006677620462141931,,6796.721941,6796.721941,2520.4578,0.0,0.0,4276.264141,16,14,True,False,False,0,0,1,0,16,16,5218.721941,885.0,163.0,530.0,0,0,0,0,796.7219409999998,0.0,0.0,31,0,2,39,0,baseline,0,0,0,549c9b5d0503e171370e9fddbde1f9e512a32c6af4aec707ce7279e9aa28e344
4,1712000120,16,16,True,1.0,7985.18739,499.074211875,0.26150337886065245,30325.936956453774,310,290,0,6,40,0.07740466296672821,0.006058991560712448,,7985.18739,7985.18739,6903.209546,0.0,0.0,1081.977844,15,11,False,False,False,0,0,27,22,16,16,6065.18739,1550.0,290.0,80.0,0,0,0,0,1985.18739,0.0,0.0,86,14,5,0,1,route,7,0,7,549c9b5d0503e171370e9fddbde1f9e512a32c6af4aec707ce7279e9aa28e344
4,1712000120,16,16,True,1.0,6861.047615,428.8154759375,0.16161889815703034,26180.23807373679,259,241,3,4,38,0.005608630366623402,0.004133063880726694,,6861.047615,6861.047615,6361.383899,0.0,0.0,499.663716,15,13,False,False,False,0,0,7,4,16,16,5236.047615,1295.0,241.0,89.0,0,0,0,0,861.0476150000004,0.0,0.0,75,3,3,1,1,schedule,2,2,0,549c9b5d0503e171370e9fddbde1f9e512a32c6af4aec707ce7279e9aa28e344
4,1712000120,16,16,True,1.0,8974.630038,560.914377375,0.208242392167449,34303.150195919225,343,319,0,5,42,0.00732788210734725,0.00527512882836163,,8974.630038,8974.630038,7545.238551,0.0,0.0,1429.391486999999,15,9,False,False,False,0,0,48,39,16,16,6860.630037999999,1715.0,319.0,80.0,0,0,0,0,2974.6300379999993,0.0,0.0,89,17,7,0,1,combined,10,2,8,549c9b5d0503e171370e9fddbde1f9e512a32c6af4aec707ce7279e9aa28e344
4,1712000121,10,10,True,1.0,10550.506925,1055.0506925,0.19270005822181702,36062.5346745224,540,507,27,5,46,0.009779986925423145,0.0033819684758782387,,10550.506925,10550.506925,10095.976732,0.0,0.0,454.5301930000005,9,4,False,False,False,0,0,191,182,10,10,7212.506925,2700.0,507.0,131.0,0,0,0,0,4550.506925,0.0,0.0,310,120,6,27,1,baseline,0,0,0,4c4879c633ce4a6b0fb3d43418ba93ea2e83acf403ed00bd89fca8f181e14fe8
4,1712000121,10,10,True,1.0,10630.270706,1063.0270706,0.21479856595396996,37006.35357878561,522,488,27,3,46,0.02056157821789384,0.0034553050063550472,,10630.270706,10630.270706,9503.365115,0.0,0.0,1126.9055909999988,9,5,False,False,False,0,0,183,178,10,10,7401.270705999999,2610.0,488.0,131.0,0,0,0,0,4630.270705999999,0.0,0.0,310,126,5,27,1,route,11,0,11,4c4879c633ce4a6b0fb3d43418ba93ea2e83acf403ed00bd89fca8f181e14fe8
4,1712000121,10,10,True,1.0,10550.506925,1055.0506925,0.19686328386887908,36062.5346745224,540,507,27,5,46,0.01009259931743145,0.003504099906422198,,10550.506925,10550.506925,10095.976732,0.0,0.0,454.5301930000005,9,4,False,False,False,0,0,191,182,10,10,7212.506925,2700.0,507.0,131.0,0,0,0,0,4550.506925,0.0,0.0,310,120,6,27,1,schedule,0,0,0,4c4879c633ce4a6b0fb3d43418ba93ea2e83acf403ed00bd89fca8f181e14fe8
4,1712000121,10,10,True,1.0,10607.685863,1060.7685863000002,0.20699046179652214,36893.42935893658,522,488,27,3,46,0.020110415294766426,0.0032900506630539894,,10607.685863,10607.685863,9480.780272,0.0,0.0,1126.9055910000006,9,5,False,False,False,0,0,179,174,10,10,7378.685863000001,2610.0,488.0,131.0,0,0,0,0,4607.685863000001,0.0,0.0,310,123,5,27,1,combined,12,1,11,4c4879c633ce4a6b0fb3d43418ba93ea2e83acf403ed00bd89fca8f181e14fe8
4,1712000122,13,13,True,1.0,8428.168655,648.3206657692307,0.15590605605393648,33240.84326749034,290,259,2,8,45,0.007378500886261463,0.005386706627905368,,8428.168655,2673.845061,689.0,5754.3235939999995,0.6827489849276159,7739.1686549999995,13,13,True,True,False,168,168,75,75,13,13,6648.1686549999995,1450.0,259.0,71.0,4770.3235939999995,840.0,144.0,0.0,2428.1686549999995,2428.1686549999995,0.0,217,75,0,0,0,baseline,0,0,0,cc8257a89eff77108975f4f689cd9dd5c0ec871e811f7f98819b16d4b58c78e7
4,1712000122,13,13,True,1.0,8700.681648,669.2832036923077,0.1895886124111712,33668.40824147671,321,291,2,4,45,0.008815413806587458,0.005613754224032162,,8700.681648,4546.872602,1907.0,4153.809045999999,0.4774119102443914,6793.681648,13,13,True,True,False,119,119,84,84,13,13,6733.681648,1605.0,291.0,71.0,3456.8090459999994,595.0,102.0,0.0,2700.6816479999998,2700.6816479999998,0.0,217,84,0,0,0,route,11,0,11,cc8257a89eff77108975f4f689cd9dd5c0ec871e811f7f98819b16d4b58c78e7
4,1712000122,13,13,True,1.0,8577.689007,659.8222313076924,0.155718298163265,33833.44503391894,294,264,4,8,45,0.00865634623914957,0.004963520541787141,,8577.689007,2928.446327,1938.140692,5649.242680000001,0.6585972836494561,6639.548315000001,13,13,True,True,False,161,161,76,76,13,13,6766.689007000001,1470.0,264.0,77.0,4705.242680000001,805.0,139.0,0.0,2577.689007000001,2577.689007000001,0.0,217,76,0,0,0,schedule,2,2,0,cc8257a89eff77108975f4f689cd9dd5c0ec871e811f7f98819b16d4b58c78e7
4,1712000122,13,13,True,1.0,8700.681648,669.2832036923077,0.19173862598836422,33668.40824147671,321,291,2,4,45,0.008714220952242613,0.005784526187926529,,8700.681648,4546.872602,1907.0,4153.809045999999,0.4774119102443914,6793.681648,13,13,True,True,False,119,119,84,84,13,13,6733.681648,1605.0,291.0,71.0,3456.8090459999994,595.0,102.0,0.0,2700.6816479999998,2700.6816479999998,0.0,217,84,0,0,0,combined,11,0,11,cc8257a89eff77108975f4f689cd9dd5c0ec871e811f7f98819b16d4b58c78e7
4,1712000123,10,10,True,1.0,10502.874235,1050.2874235,0.2596952738240361,36034.37111338295,517,484,59,6,45,0.02057320112362504,0.005049597099423408,,10502.874235,10502.874235,8063.54909,0.0,0.0,2439.325144999999,7,5,False,False,False,0,0,184,174,10,10,7206.874234999999,2585.0,484.0,227.0,0,0,0,0,4502.874234999999,0.0,0.0,310,127,5,59,3,baseline,0,0,0,b2473029f42b8ce9d80d82f016228d6529989ce92a0bc1d38d35b4f7e501a7fb
4,1712000123,10,10,True,1.0,11638.841501,1163.8841501000002,0.32083572959527373,39869.20740735871,550,517,116,8,45,0.020738390274345875,0.0035591494292020794,,11638.841501,11638.841501,8939.069082,0.0,0.0,2699.772419000001,4,1,False,False,False,0,0,178,164,10,10,7973.841501000001,2750.0,517.0,398.0,0,0,0,0,5638.841501000001,0.0,0.0,310,120,9,116,6,route,9,0,9,b2473029f42b8ce9d80d82f016228d6529989ce92a0bc1d38d35b4f7e501a7fb
4,1712000123,10,10,True,1.0,10502.874235,1050.2874235,0.25583902979269624,36034.37111338295,517,484,59,6,45,0.020513595081865788,0.005161595158278942,,10502.874235,10502.874235,8063.54909,0.0,0.0,2439.325144999999,7,5,False,False,False,0,0,184,174,10,10,7206.874234999999,2585.0,484.0,227.0,0,0,0,0,4502.874234999999,0.0,0.0,310,127,5,59,3,schedule,0,0,0,b2473029f42b8ce9d80d82f016228d6529989ce92a0bc1d38d35b4f7e501a7fb
4,1712000123,10,10,True,1.0,11638.841501,1163.8841501000002,0.32338953111320734,39869.20740735871,550,517,116,8,45,0.021380628924816847,0.003676409274339675,,11638.841501,11638.841501,8939.069082,0.0,0.0,2699.772419000001,4,1,False,False,False,0,0,178,164,10,10,7973.841501000001,2750.0,517.0,398.0,0,0,0,0,5638.841501000001,0.0,0.0,310,120,9,116,6,combined,9,0,9,b2473029f42b8ce9d80d82f016228d6529989ce92a0bc1d38d35b4f7e501a7fb
4,1712000124,16,16,True,1.0,8315.81862,519.73866375,0.21265481878072023,31984.09303284088,254,233,112,6,40,0.014478172175586224,0.0034900438506156196,,8315.81862,8315.81862,6116.189016,0.0,0.0,2199.6296039999997,15,12,False,False,False,0,0,7,5,16,16,6396.81862,1270.0,233.0,416.0,0,0,0,0,2315.81862,0.0,0.0,73,1,4,112,1,baseline,0,0,0,fda11314d09846bce02d933805182cceef2a6821bfc623501ef464c8d997074c
4,1712000124,16,16,True,1.0,9223.372369,576.4607730625,0.2557889027521014,35266.86184433622,352,327,1,4,44,0.0929476679302752,0.0034386655548587445,,9223.372369,9223.372369,7824.471113,0.0,0.0,1398.901256000001,11,9,False,False,False,0,0,78,65,16,16,7053.372369000001,1760.0,327.0,83.0,0,0,0,0,3223.3723690000006,0.0,0.0,92,24,7,0,5,route,8,0,8,fda11314d09846bce02d933805182cceef2a6821bfc623501ef464c8d997074c
4,1712000124,16,16,True,1.0,7844.756134,490.297258375,0.20806440198794007,30538.78060357419,222,205,114,9,38,0.014755343087017536,0.0032332456437870857,,7844.756134,7844.756134,5379.191182,0.0,0.0,2465.5649520000006,16,12,True,False,False,0,0,2,0,16,16,6107.756134,1110.0,205.0,422.0,0,0,0,0,1844.7561340000002,0.0,0.0,57,0,4,114,0,schedule,1,1,0,fda11314d09846bce02d933805182cceef2a6821bfc623501ef464c8d997074c
4,1712000124,16,16,True,1.0,9223.372369,576.4607730625,0.15923806326463819,35266.86184433622,352,327,1,4,44,0.004316350910812616,0.0032109421212226158,,9223.372369,9223.372369,7824.471113,0.0,0.0,1398.901256000001,11,9,False,False,False,0,0,78,65,16,16,7053.372369000001,1760.0,327.0,83.0,0,0,0,0,3223.3723690000006,0.0,0.0,92,24,7,0,5,combined,8,0,8,fda11314d09846bce02d933805182cceef2a6821bfc623501ef464c8d997074c
4,1712000125,12,12,True,1.0,9322.744415,776.8953679166666,0.17022013198584318,33823.72206423957,420,389,3,2,44,0.005146233830600977,0.004687027609907091,,9322.744415,6100.756029,5673.157504,3221.988385999999,0.34560513970713624,3649.5869109999994,12,11,True,False,False,88,88,88,88,12,12,6764.744414999999,2100.0,389.0,69.0,2704.988385999999,440.0,77.0,0.0,3322.744414999999,3221.988385999999,0.0,248,88,1,2,0,baseline,0,0,0,1421c1dd41a229ed50ce033164fd8caa6695e749f36d3411aa57c09733276229
4,1712000125,12,12,True,1.0,9665.749213,805.4791010833333,0.18435544706881046,34653.746062589824,450,419,2,3,44,0.005881120916455984,0.004575046431273223,,9665.749213,9665.749213,3721.162788,0.0,0.0,5944.5864249999995,12,7,True,False,False,0,0,132,124,12,12,6930.749212999999,2250.0,419.0,66.0,0,0,0,0,3665.749212999999,0.0,0.0,248,104,5,1,0,route,9,0,9,1421c1dd41a229ed50ce033164fd8caa6695e749f36d3411aa57c09733276229
4,1712000125,12,12,True,1.0,9322.744415,776.8953679166666,0.17406794056296349,33823.72206423957,420,389,3,2,44,0.005346285179257393,0.00479480572976172,,9322.744415,6100.756029,5673.157504,3221.988385999999,0.34560513970713624,3649.5869109999994,12,11,True,False,False,88,88,88,88,12,12,6764.744414999999,2100.0,389.0,69.0,2704.988385999999,440.0,77.0,0.0,3322.744414999999,3221.988385999999,0.0,248,88,1,2,0,schedule,0,0,0,1421c1dd41a229ed50ce033164fd8caa6695e749f36d3411aa57c09733276229
4,1712000125,12,12,True,1.0,9665.749213,805.4791010833333,0.1811822522431612,34653.746062589824,450,419,2,3,44,0.005716604180634022,0.004458784987218679,,9665.749213,9665.749213,3721.162788,0.0,0.0,5944.5864249999995,12,7,True,False,False,0,0,132,124,12,12,6930.749212999999,2250.0,419.0,66.0,0,0,0,0,3665.749212999999,0.0,0.0,248,104,5,1,0,combined,9,0,9,1421c1dd41a229ed50ce033164fd8caa6695e749f36d3411aa57c09733276229
4,1712000126,12,12,True,1.0,9182.021668,765.1684723333333,0.16602250514551997,35475.108342288135,340,309,6,6,45,0.016691450029611588,0.004345725569874047,,9182.021668,9182.021668,1935.532537,0.0,0.0,7246.489130999999,12,11,True,False,False,0,0,109,108,12,12,7095.021667999999,1700.0,309.0,78.0,0,0,0,0,3182.0216679999994,0.0,0.0,248,96,1,0,0,baseline,0,0,0,0dddb70dbc6fc49d0188864f787828ac12fda0ba8dd9fc1436475883b6199262
4,1712000126,12,12,True,1.0,10429.70761,869.1423008333333,0.3165730922482908,39763.53804591174,405,374,6,6,45,0.01677928864955902,0.00501174163073301,,10429.70761,10429.70761,4958.56687,0.0,0.0,5471.14074,12,10,True,False,False,0,0,141,140,12,12,7952.7076099999995,2025.0,374.0,78.0,0,0,0,0,4429.7076099999995,0.0,0.0,248,112,2,0,0,route,12,0,12,0dddb70dbc6fc49d0188864f787828ac12fda0ba8dd9fc1436475883b6199262
4,1712000126,12,12,True,1.0,9182.021668,765.1684723333333,0.17138877883553505,35475.108342288135,340,309,6,6,45,0.01715551596134901,0.0041554224677383894,,9182.021668,9182.021668,1935.532537,0.0,0.0,7246.489130999999,12,11,True,False,False,0,0,109,108,12,12,7095.021667999999,1700.0,309.0,78.0,0,0,0,0,3182.0216679999994,0.0,0.0,248,96,1,0,0,schedule,0,0,0,0dddb70dbc6fc49d0188864f787828ac12fda0ba8dd9fc1436475883b6199262
4,1712000126,12,12,True,1.0,10429.70761,869.1423008333333,0.1956003992818296,39763.53804591174,405,374,6,6,45,0.016743170097470284,0.004384904727339743,,10429.70761,10429.70761,4958.56687,0.0,0.0,5471.14074,12,10,True,False,False,0,0,141,140,12,12,7952.7076099999995,2025.0,374.0,78.0,0,0,0,0,4429.7076099999995,0.0,0.0,248,112,2,0,0,combined,12,0,12,0dddb70dbc6fc49d0188864f787828ac12fda0ba8dd9fc1436475883b6199262
4,1712000127,13,13,True,1.0,12027.533259,925.1948660769231,0.3366115177050233,44927.66631232175,420,385,164,6,51,0.023960707243531942,0.0026628845371305943,,12027.533259,12027.533259,6646.34053,0.0,0.0,5381.192728999999,12,9,False,False,False,0,0,109,107,13,13,8985.533259,2100.0,385.0,557.0,0,0,0,0,6027.533259,0.0,0.0,217,77,4,163,1,baseline,0,0,0,226d8b34aa5082548d0d65035a2cae41ffdc2daa128aed804e57929dbc0b7262
4,1712000127,13,13,True,1.0,12297.781685,945.9832065384616,0.3551781801506877,43818.908452970536,502,467,164,7,51,0.023397252894937992,0.002604719949886203,,12297.781685,12297.781685,7745.342743,0.0,0.0,4552.438942,8,3,False,False,False,0,0,157,145,13,13,8763.781685,2510.0,467.0,557.0,0,0,0,0,6297.781685,0.0,0.0,217,87,10,164,5,route,7,0,7,226d8b34aa5082548d0d65035a2cae41ffdc2daa128aed804e57929dbc0b7262
4,1712000127,13,13,True,1.0,11955.87216,919.6824738461539,0.3252632790245116,44569.360818468864,420,385,164,6,51,0.023415641859173775,0.0026044754777103662,,11955.87216,11955.87216,6646.34053,0.0,0.0,5309.53163,12,9,False,False,False,0,0,109,107,13,13,8913.87216,2100.0,385.0,557.0,0,0,0,0,5955.872160000001,0.0,0.0,217,77,4,163,1,schedule,1,1,0,226d8b34aa5082548d0d65035a2cae41ffdc2daa128aed804e57929dbc0b7262
4,1712000127,13,13,True,1.0,12273.908018,944.1467706153846,0.35559507505968213,43699.54010769081,502,467,164,6,51,0.023631354328244925,0.0026261848397552967,,12273.908018,12273.908018,7866.086573,0.0,0.0,4407.8214450000005,8,3,False,False,False,0,0,160,148,13,13,8739.908018,2510.0,467.0,557.0,0,0,0,0,6273.908018,0.0,0.0,217,89,10,164,5,combined,9,2,7,226d8b34aa5082548d0d65035a2cae41ffdc2daa128aed804e57929dbc0b7262
