N,total_s,last_clear_s,last_discovery_s,tail_s,tail_fraction,last_discovery_to_end_s,discovered_by_6000,cleared_by_6000,all_found_by_6000,all_cleared_by_6000,all_done_5000_6000,tail_measures,tail_no_signal,after_6000_measures,after_6000_no_signal,discovered_total,cleared_total,all_move_s,all_measure_s,all_switch_s,all_clear_s,tail_move_s,tail_measure_s,tail_switch_s,tail_clear_s,after_6000_s,after_6000_tail_s,cost_accounting_error,absent_channel_measures,after_6000_absent_channel_measures,after_6000_clear_successes,after_6000_clear_failures,after6000_discovery_count,seed,completion,error,original_total_s,replay_delta_s,distribution
11,11544.438436,11544.438436,6103.010242,0.0,0.0,5441.428194,10,6,False,False,False,0,0,175,171,11,11,8639.438436,2330.0,433.0,142.0,0,0,0,0,5544.438436,0.0,0.0,279,135,5,28,1,1245000000,True,,11544.438436,0.0,area
12,9026.797762,6503.409266,1655.0,2523.3884960000005,0.2795441487149162,7371.797762,12,10,True,False,False,72,72,87,87,12,12,6695.797762,1915.0,353.0,63.0,2100.3884960000005,360.0,63.0,0.0,3026.797762,2523.3884960000005,0.0,248,87,2,0,0,1245000001,True,,9026.797762,0.0,edge
10,8778.85722,5891.401054,1245.273004,2887.456166,0.32891025490445325,7533.584216,10,10,True,True,False,110,110,110,110,10,10,6640.85722,1765.0,323.0,50.0,2237.456166,550.0,100.0,0.0,2778.85722,2778.85722,0.0,310,110,0,0,0,1245000002,True,,8778.85722,0.0,cluster
16,12579.767235,12579.767235,7889.737143,0.0,0.0,4690.030091999999,12,8,False,False,False,0,0,101,90,16,16,9206.767235,2090.0,384.0,899.0,0,0,0,0,6579.767234999999,0.0,0.0,106,28,8,273,4,1245000003,True,,12579.767235,0.0,outward
11,9106.406647,7671.021473,1277.0,1435.385174,0.15762366316826748,7829.406647,11,9,True,False,False,45,45,105,105,11,11,6795.406647,1900.0,350.0,61.0,1169.385174,225.0,41.0,0.0,3106.406647,1435.385174,0.0,279,99,2,1,0,1245000004,True,,9106.406647,0.0,area
12,9479.991791,8356.702726,6073.138807,1123.2890650000008,0.11849051030470463,3406.852984,11,7,False,False,False,32,32,114,109,12,12,6811.991791,2170.0,402.0,96.0,935.2890650000008,160.0,28.0,0.0,3479.9917910000004,1123.2890650000008,0.0,248,96,5,12,1,1245000005,True,,9479.991791,0.0,edge
14,9491.285232,9491.285232,737.0,0.0,0.0,8754.285232,14,11,True,False,False,0,0,99,99,14,14,7319.285232,1645.0,292.0,235.0,0,0,0,0,3491.285232,0.0,0.0,186,60,3,55,0,1245000006,True,,9491.285232,0.0,cluster
12,9735.06293,9735.06293,7926.044164,0.0,0.0,1809.0187660000001,11,3,False,False,False,0,0,149,134,12,12,6771.06293,2445.0,459.0,60.0,0,0,0,0,3735.06293,0.0,0.0,248,104,9,0,1,1245000007,True,,9735.06293,0.0,outward
14,10635.850917,10635.850917,4648.869206,0.0,0.0,5986.981710999999,14,10,True,False,False,0,0,101,99,14,14,8228.850917,1815.0,330.0,262.0,0,0,0,0,4635.850917,0.0,0.0,186,72,4,58,0,1245000008,True,,10635.850917,0.0,area
13,9322.88095,8075.427861,5371.048781,1247.4530890000005,0.13380553668874218,3951.8321690000002,13,12,True,False,False,28,28,86,85,13,13,7009.880950000001,1885.0,348.0,80.0,1083.4530890000005,140.0,24.0,0.0,3322.8809500000007,1247.4530890000005,0.0,217,79,1,1,0,1245000009,True,,9322.88095,0.0,edge
10,8840.939395,2036.319978,737.0,6804.619417,0.7696715374893711,8103.939394999999,10,10,True,True,False,260,260,110,110,10,10,6732.939394999999,1740.0,318.0,50.0,5270.619417,1300.0,234.0,0.0,2840.9393949999994,2840.9393949999994,0.0,310,110,0,0,0,1245000010,True,,8840.939395,0.0,cluster
15,10238.841021,10238.841021,7751.37851,0.0,0.0,2487.4625110000006,12,8,False,False,False,0,0,115,101,15,15,7745.841021,2040.0,378.0,75.0,0,0,0,0,4238.841021,0.0,0.0,155,70,7,0,3,1245000011,True,,10238.841021,0.0,outward
14,10784.28275,10784.28275,6247.962167,0.0,0.0,4536.320583000001,13,12,False,False,False,0,0,94,92,14,14,8628.28275,1735.0,315.0,106.0,0,0,0,0,4784.28275,0.0,0.0,186,79,2,11,1,1245000012,True,,10784.28275,0.0,area
15,9069.364488,5460.913266,1685.0,3608.4512219999997,0.3978725551028929,7384.364487999999,15,15,True,True,False,65,65,55,55,15,15,6898.364487999999,1755.0,320.0,96.0,3231.4512219999997,325.0,52.0,0.0,3069.3644879999993,3069.3644879999993,0.0,155,55,0,0,0,1245000013,True,,9069.364488,0.0,edge
13,8446.253374,2284.574048,725.0,6161.6793259999995,0.7295162781840553,7721.253374,13,13,True,True,False,175,175,70,70,13,13,6836.253374,1310.0,232.0,68.0,5136.679326,875.0,150.0,0.0,2446.253374,2446.253374,0.0,217,70,0,0,0,1245000014,True,,8446.253374,0.0,cluster
14,17512.007332,17512.007332,6549.970207,0.0,0.0,10962.037125,11,4,False,False,False,0,0,159,154,14,14,12678.007332000001,2375.0,436.0,2023.0,0,0,0,0,11512.007332000001,0.0,0.0,186,72,10,651,3,1245000015,True,,17512.007332,0.0,outward
15,10261.487289,8676.649647,3969.569642,1584.8376420000004,0.15444521806297004,6291.917647,15,13,True,False,False,20,20,79,78,15,15,8376.487289,1525.0,276.0,84.0,1467.8376420000004,100.0,17.0,0.0,4261.487289000001,1584.8376420000004,0.0,155,65,2,3,0,1245000016,True,,10261.487289,0.0,area
11,10070.306545,10070.306545,7449.574779,0.0,0.0,2620.731766,10,5,False,False,False,0,0,143,135,11,11,7148.3065449999995,2410.0,451.0,61.0,0,0,0,0,4070.3065449999995,0.0,0.0,279,108,6,2,1,1245000017,True,,10070.306545,0.0,edge
11,10767.655333,10767.655333,1061.0,0.0,0.0,9706.655333,11,7,True,False,False,0,0,163,162,11,11,7852.655333000001,2215.0,408.0,292.0,0,0,0,0,4767.655333000001,0.0,0.0,279,108,4,78,0,1245000018,True,,10767.655333,0.0,cluster
11,9528.791107,9231.257785,8785.90116,297.5333219999993,0.031224666241389917,742.8899469999997,8,7,False,False,False,9,9,135,127,11,11,6629.791106999999,2395.0,449.0,55.0,243.53332199999932,45.0,9.0,0.0,3528.791106999999,297.5333219999993,0.0,279,108,4,0,3,1245000019,True,,9528.791107,0.0,outward
11,9059.177436,8318.48927,1976.100887,740.6881659999999,0.08176108385476598,7083.076548999999,11,9,True,False,False,27,27,103,103,11,11,6832.177436,1835.0,337.0,55.0,581.6881659999999,135.0,24.0,0.0,3059.177436,740.6881659999999,0.0,279,103,2,0,0,1245000020,True,,9059.177436,0.0,area
16,7601.786518,7601.786518,2327.0,0.0,0.0,5274.786518,16,13,True,False,False,0,0,1,0,16,16,5833.786518,1145.0,213.0,410.0,0,0,0,0,1601.786518,0.0,0.0,31,0,3,105,0,1245000021,True,,7601.786518,0.0,edge
14,9013.839245,2510.08048,1974.724558,6503.758764999999,0.7215303699372774,7039.114686999999,14,14,True,True,False,144,144,58,58,14,14,7515.839244999999,1210.0,212.0,76.0,5663.758765,720.0,120.0,0.0,3013.839244999999,3013.839244999999,0.0,186,58,0,0,0,1245000022,True,,9013.839245,0.0,cluster
16,10053.09311,10053.09311,7696.334318,0.0,0.0,2356.7587919999996,11,6,False,False,False,0,0,72,60,16,16,7349.09311,1955.0,360.0,389.0,0,0,0,0,4053.09311,0.0,0.0,93,17,10,103,5,1245000023,True,,10053.09311,0.0,outward
15,9732.275349,9732.275349,3517.543507,0.0,0.0,6214.731841999999,15,13,True,False,False,0,0,96,94,15,15,7745.275349,1615.0,294.0,78.0,0,0,0,0,3732.2753489999996,0.0,0.0,155,70,2,0,0,1245000024,True,,9732.275349,0.0,area
16,9451.116688,9451.116688,8148.57672,0.0,0.0,1302.539968,13,9,False,False,False,0,0,68,55,16,16,7212.116688,1775.0,330.0,134.0,0,0,0,0,3451.116688,0.0,0.0,102,27,7,11,3,1245000025,True,,9451.116688,0.0,edge
10,9291.517813,5747.137056,4618.893899,3544.380757000001,0.38146412979383915,4672.623914000001,10,10,True,True,False,130,130,130,130,10,10,6605.517813,2215.0,412.0,59.0,2777.380757000001,650.0,117.0,0.0,3291.5178130000004,3291.5178130000004,0.0,310,130,0,0,0,1245000026,True,,9291.517813,0.0,cluster
14,10517.168142,10517.168142,8987.768327,0.0,0.0,1529.3998150000007,12,5,False,False,False,0,0,123,113,14,14,7636.168142,2360.0,442.0,79.0,0,0,0,0,4517.168142,0.0,0.0,186,72,9,3,2,1245000027,True,,10517.168142,0.0,outward
15,9648.180744,6902.035677,2044.87209,2746.1450669999995,0.2846282775856753,7603.3086539999995,15,12,True,False,False,40,40,54,54,15,15,7914.180743999999,1400.0,250.0,84.0,2514.1450669999995,200.0,32.0,0.0,3648.1807439999993,2746.1450669999995,0.0,155,54,3,0,0,1245000028,True,,9648.180744,0.0,area
12,10024.908454,9440.13797,7668.621106,584.7704840000006,0.05833175302131298,2356.2873480000007,10,5,False,False,False,16,16,135,124,12,12,7106.908454,2400.0,452.0,66.0,490.7704840000006,80.0,14.0,0.0,4024.9084540000003,584.7704840000006,0.0,248,96,7,0,2,1245000029,True,,10024.908454,0.0,edge
15,8221.178924,2007.733331,749.0,6213.445593,0.755785228668501,7472.178924,15,15,True,True,False,130,130,45,45,15,15,6909.178924,1055.0,182.0,75.0,5458.4455929999995,650.0,105.0,0.0,2221.178924,2221.178924,0.0,155,45,0,0,0,1245000030,True,,8221.178924,0.0,cluster
15,9649.10849,9649.10849,6360.224559,0.0,0.0,3288.8839310000003,14,11,False,False,False,0,0,74,69,15,15,7308.1084900000005,1910.0,353.0,78.0,0,0,0,0,3649.1084900000005,0.0,0.0,155,55,4,0,1,1245000031,True,,9649.10849,0.0,outward
10,9287.241121,9287.241121,5992.061716,0.0,0.0,3295.179404999999,10,6,True,False,False,0,0,129,124,10,10,6759.241120999999,2090.0,388.0,50.0,0,0,0,0,3287.241120999999,0.0,0.0,310,115,4,0,0,1245000032,True,,9287.241121,0.0,area
15,11300.95824,11300.95824,6879.187074,0.0,0.0,4421.7711659999995,14,12,False,False,False,0,0,69,68,15,15,8431.95824,1880.0,344.0,645.0,0,0,0,0,5300.95824,0.0,0.0,155,55,3,187,1,1245000033,True,,11300.95824,0.0,edge
13,8524.069851,3017.089906,1037.0,5506.979945,0.6460505417320048,7487.069851,13,13,True,True,False,161,161,77,77,13,13,6631.069851,1500.0,268.0,125.0,4562.979945,805.0,139.0,0.0,2524.069851,2524.069851,0.0,217,77,0,0,0,1245000034,True,,8524.069851,0.0,cluster
12,11838.993957,11838.993957,8276.113755,0.0,0.0,3562.8802020000003,7,3,False,False,False,0,0,156,141,12,12,8128.993957000001,2610.0,488.0,612.0,0,0,0,0,5838.993957000001,0.0,0.0,248,96,9,184,5,1245000035,True,,11838.993957,0.0,outward
11,10564.687828,10564.687828,8280.332075,0.0,0.0,2284.355753,10,6,False,False,False,0,0,142,139,11,11,7688.687828,2330.0,434.0,112.0,0,0,0,0,4564.687828,0.0,0.0,279,109,5,19,1,1245000036,True,,10564.687828,0.0,area
11,9697.434168,8997.448667,4249.380327,699.9855009999992,0.07218254734946701,5448.053841,11,8,True,False,False,9,9,103,100,11,11,7168.434168,2075.0,387.0,67.0,646.9855009999992,45.0,8.0,0.0,3697.4341679999998,699.9855009999992,0.0,279,99,3,0,0,1245000037,True,,9697.434168,0.0,edge
12,8544.58285,2443.783435,719.0,6100.799415000001,0.7139961683442511,7825.582850000001,12,12,True,True,False,192,192,80,80,12,12,6757.582850000001,1465.0,262.0,60.0,4972.799415,960.0,168.0,0.0,2544.5828500000007,2544.5828500000007,0.0,248,80,0,0,0,1245000038,True,,8544.58285,0.0,cluster
10,10188.906854,9147.183156,5226.250328,1041.7236980000016,0.10224096784151458,4962.656526000001,10,4,True,False,False,30,30,120,118,10,10,7408.906854000001,2300.0,430.0,50.0,864.7236980000016,150.0,27.0,0.0,4188.906854000001,1041.7236980000016,0.0,310,110,6,0,0,1245000039,True,,10188.906854,0.0,outward
16,5703.59632,5703.59632,4921.979898,0.0,0.0,781.6164220000001,16,16,True,True,True,0,0,0,0,16,16,4210.59632,1035.0,192.0,266.0,0,0,0,0,0.0,0.0,0.0,60,0,0,0,0,1245000040,True,,5703.59632,0.0,area
13,9283.590996,8657.290737,1919.0,626.3002590000015,0.06746314645591926,7364.590996000001,13,11,True,False,False,21,21,98,96,13,13,6859.590996000001,1990.0,369.0,65.0,503.30025900000146,105.0,18.0,0.0,3283.590996000001,626.3002590000015,0.0,217,84,2,0,0,1245000041,True,,9283.590996,0.0,edge
11,9204.731244,9204.731244,1698.743777,0.0,0.0,7505.987467000001,11,10,True,False,False,0,0,111,110,11,11,7083.7312440000005,1745.0,318.0,58.0,0,0,0,0,3204.7312440000005,0.0,0.0,279,99,1,0,0,1245000042,True,,9204.731244,0.0,cluster
10,9756.813619,8922.867925,6941.916215,833.945694,0.08547316025141752,2814.8974040000003,7,5,False,False,False,20,20,149,139,10,10,6857.8136190000005,2390.0,447.0,62.0,715.945694,100.0,18.0,0.0,3756.8136190000005,833.945694,0.0,310,120,5,4,3,1245000043,True,,9756.813619,0.0,outward
13,9828.102955,9828.102955,1289.0,0.0,0.0,8539.102955,13,10,True,False,False,0,0,97,96,13,13,7757.102955,1690.0,310.0,71.0,0,0,0,0,3828.1029550000003,0.0,0.0,217,84,3,0,0,1245000044,True,,9828.102955,0.0,area
11,9340.379319,8810.948103,1979.0,529.431215999999,0.05668198238191905,7361.379319,11,5,True,False,False,18,18,139,135,11,11,6471.379319,2365.0,443.0,61.0,423.43121599999904,90.0,16.0,0.0,3340.3793189999997,529.431215999999,0.0,279,108,6,2,0,1245000045,True,,9340.379319,0.0,edge
13,8284.667401,1973.777168,995.0,6310.890233,0.7617554124427789,7289.667401000001,13,13,True,True,False,182,182,70,70,13,13,6657.667401000001,1325.0,234.0,68.0,5244.890233000001,910.0,156.0,0.0,2284.6674010000006,2284.6674010000006,0.0,217,70,0,0,0,1245000046,True,,8284.667401,0.0,cluster
12,10075.002651,9683.050066,7571.257037,391.9525850000009,0.03890347214559764,2503.7456140000004,8,3,False,False,False,8,8,162,145,12,12,6943.002651000001,2585.0,487.0,60.0,344.9525850000009,40.0,7.0,0.0,4075.0026510000007,391.9525850000009,0.0,248,96,9,0,4,1245000047,True,,10075.002651,0.0,outward
11,10046.153495,10046.153495,2962.865024,0.0,0.0,7083.288471,11,7,True,False,False,0,0,124,120,11,11,7383.1534950000005,2095.0,387.0,181.0,0,0,0,0,4046.1534950000005,0.0,0.0,279,103,4,41,0,1245000048,True,,10046.153495,0.0,area
10,10312.520888,10312.520888,4531.587875,0.0,0.0,5780.933012999999,10,6,True,False,False,0,0,136,130,10,10,7444.520887999999,2370.0,445.0,53.0,0,0,0,0,4312.520887999999,0.0,0.0,310,115,4,0,0,1245000049,True,,10312.520888,0.0,edge
16,2426.251846,2426.251846,1700.504667,0.0,0.0,725.7471790000002,16,16,True,True,False,0,0,0,0,16,16,1894.2518460000001,380.0,72.0,80.0,0,0,0,0,0.0,0.0,0.0,17,0,0,0,0,1245000050,True,,2426.251846,0.0,cluster
16,10979.604462,10979.604462,9228.704619,0.0,0.0,1750.8998429999992,8,5,False,False,False,0,0,116,98,16,16,7898.604461999999,2310.0,430.0,341.0,0,0,0,0,4979.604461999999,0.0,0.0,112,40,11,87,8,1245000051,True,,10979.604462,0.0,outward
14,9431.495469,8669.011641,4817.31856,762.4838280000004,0.08084442499136829,4614.176909,14,11,True,False,False,18,18,79,78,14,14,7485.4954689999995,1585.0,288.0,73.0,657.4838280000004,90.0,15.0,0.0,3431.4954689999995,762.4838280000004,0.0,186,73,3,0,0,1245000052,True,,9431.495469,0.0,area
12,9616.906519,8848.863533,8244.745983,768.0429860000004,0.07986382985865441,1372.1605359999994,10,7,False,False,False,16,16,119,113,12,12,6949.906519,2185.0,407.0,75.0,674.0429860000004,80.0,14.0,0.0,3616.906519,768.0429860000004,0.0,248,96,5,2,2,1245000053,True,,9616.906519,0.0,edge
13,10493.123556,10493.123556,1359.43573,0.0,0.0,9133.687826000001,13,11,True,False,False,0,0,97,96,13,13,8286.123556,1600.0,287.0,320.0,0,0,0,0,4493.1235560000005,0.0,0.0,217,77,2,84,0,1245000054,True,,10493.123556,0.0,cluster
12,10202.277936,10202.277936,6873.839216,0.0,0.0,3328.43872,11,5,False,False,False,0,0,135,125,12,12,7335.277936,2360.0,441.0,66.0,0,0,0,0,4202.277936,0.0,0.0,248,96,7,0,1,1245000055,True,,10202.277936,0.0,outward
11,9424.955452,6548.328296,2302.428548,2876.6271560000005,0.30521387296208097,7122.526904,11,10,True,False,False,90,90,108,108,11,11,7226.955452,1805.0,332.0,61.0,2346.6271560000005,450.0,80.0,0.0,3424.955452,2876.6271560000005,0.0,279,108,1,0,0,1245000056,True,,9424.955452,0.0,area
11,9467.385274,8146.264751,5370.26153,1321.1205230000005,0.13954439211723585,4097.123744,11,7,True,False,False,45,45,123,120,11,11,6625.385274,2340.0,438.0,64.0,1055.1205230000005,225.0,41.0,0.0,3467.385274,1321.1205230000005,0.0,279,108,4,0,0,1245000057,True,,9467.385274,0.0,edge
15,8676.069208,4358.217353,1445.200598,4317.851855000001,0.49767374504327494,7230.868610000001,15,15,True,True,False,85,85,50,50,15,15,7071.069208000001,1285.0,227.0,93.0,3824.851855000001,425.0,68.0,0.0,2676.069208000001,2676.069208000001,0.0,155,50,0,0,0,1245000058,True,,8676.069208,0.0,cluster
11,9717.828008,9147.209245,8155.424573,570.6187630000004,0.05871875510970665,1562.4034350000002,8,4,False,False,False,18,18,151,140,11,11,6593.828008,2580.0,486.0,58.0,464.6187630000004,90.0,16.0,0.0,3717.8280080000004,570.6187630000004,0.0,279,108,7,1,3,1245000059,True,,9717.828008,0.0,outward
16,5745.73326,5745.73326,1582.319744,0.0,0.0,4163.4135160000005,16,16,True,True,True,0,0,0,0,16,16,4504.73326,760.0,140.0,341.0,0,0,0,0,0.0,0.0,0.0,20,0,0,0,0,1245000060,True,,5745.73326,0.0,area
13,9642.780987,7362.499528,5888.927474,2280.281459,0.23647550038460702,3753.853513,13,9,True,False,False,49,49,82,79,13,13,7183.780987,2000.0,370.0,89.0,1993.2814589999998,245.0,42.0,0.0,3642.780987,2280.281459,0.0,217,77,4,2,0,1245000061,True,,9642.780987,0.0,edge
11,8506.435533,2782.987565,1812.44318,5723.447968,0.6728374000833094,6693.992353,11,11,True,True,False,207,207,90,90,11,11,6461.435533,1675.0,306.0,64.0,4504.447968,1035.0,184.0,0.0,2506.435533,2506.435533,0.0,279,90,0,0,0,1245000062,True,,8506.435533,0.0,cluster
11,11363.688087,11363.688087,8688.453794,0.0,0.0,2675.2342930000013,8,2,False,False,False,0,0,165,155,11,11,8032.688087,2650.0,494.0,187.0,0,0,0,0,5363.688087,0.0,0.0,279,108,9,44,3,1245000063,True,,11363.688087,0.0,outward
13,9980.888944,9685.049644,8070.251769,295.83929999999964,0.02964057627129927,1910.6371749999998,10,6,False,False,False,7,7,115,104,13,13,7484.888944,2050.0,381.0,65.0,254.83929999999964,35.0,6.0,0.0,3980.8889440000003,295.83929999999964,0.0,217,84,7,0,3,1245000064,True,,9980.888944,0.0,area
12,9172.483274,8152.368926,5890.695674,1020.1143480000001,0.11121463158091337,3281.7876000000006,12,9,True,False,False,32,32,102,98,12,12,6681.483274,2050.0,381.0,60.0,832.1143480000001,160.0,28.0,0.0,3172.483274,1020.1143480000001,0.0,248,88,3,0,0,1245000065,True,,9172.483274,0.0,edge
11,11205.492481,11205.492481,1073.0,0.0,0.0,10132.492481,11,10,True,False,False,0,0,113,113,11,11,8138.492480999999,2035.0,374.0,658.0,0,0,0,0,5205.492480999999,0.0,0.0,279,99,1,200,0,1245000066,True,,11205.492481,0.0,cluster
15,8919.145946,6680.085653,6241.850562,2239.0602930000005,0.2510397639590324,2677.295384000001,14,13,False,False,False,40,40,52,50,15,15,6936.145946000001,1615.0,293.0,75.0,2006.0602930000005,200.0,33.0,0.0,2919.1459460000005,2239.0602930000005,0.0,155,50,2,0,1,1245000067,True,,8919.145946,0.0,outward
16,9412.05976,9412.05976,4597.97914,0.0,0.0,4814.08062,16,10,True,False,False,0,0,9,9,16,16,7100.05976,1395.0,255.0,662.0,0,0,0,0,3412.05976,0.0,0.0,60,0,6,193,0,1245000068,True,,9412.05976,0.0,area
12,9627.424576,9627.424576,6135.424544,0.0,0.0,3492.000031999999,11,7,False,False,False,0,0,126,120,12,12,6931.424575999999,2215.0,415.0,66.0,0,0,0,0,3627.4245759999994,0.0,0.0,248,96,5,1,1,1245000069,True,,9627.424576,0.0,edge
14,8391.490364,2522.630494,1289.0,5868.859869999999,0.6993823046234746,7102.490363999999,14,14,True,True,False,144,144,60,60,14,14,6861.490363999999,1240.0,217.0,73.0,5028.859869999999,720.0,120.0,0.0,2391.4903639999993,2391.4903639999993,0.0,186,60,0,0,0,1245000070,True,,8391.490364,0.0,cluster
10,11236.285019,11236.285019,8456.055554,0.0,0.0,2780.2294650000003,4,2,False,False,False,0,0,200,184,10,10,7760.285019000001,2790.0,525.0,161.0,0,0,0,0,5236.285019000001,0.0,0.0,310,130,8,37,6,1245000071,True,,11236.285019,0.0,outward
12,12280.60318,12280.60318,1907.0,0.0,0.0,10373.60318,12,8,True,False,False,0,0,135,134,12,12,9428.60318,2050.0,376.0,426.0,0,0,0,0,6280.60318,0.0,0.0,248,104,4,122,0,1245000072,True,,12280.60318,0.0,area
15,10026.629116,10026.629116,5145.012184,0.0,0.0,4881.616932,15,11,True,False,False,0,0,65,63,15,15,7675.629116,1920.0,353.0,78.0,0,0,0,0,4026.629116,0.0,0.0,155,55,4,0,0,1245000073,True,,10026.629116,0.0,edge
13,8603.081868,6195.664934,5288.013362,2407.416933999999,0.27983192197142986,3315.0685059999996,13,12,True,False,False,63,63,69,68,13,13,6850.081867999999,1430.0,255.0,68.0,2038.416933999999,315.0,54.0,0.0,2603.0818679999993,2407.416933999999,0.0,217,68,1,1,0,1245000074,True,,8603.081868,0.0,cluster
13,14495.540944,14495.540944,8397.798102,0.0,0.0,6097.742842,6,3,False,False,False,0,0,190,176,13,13,10062.540944,2800.0,521.0,1112.0,0,0,0,0,8495.540944,0.0,0.0,217,84,10,349,7,1245000075,True,,14495.540944,0.0,outward
16,5558.418793,5558.418793,5180.007102,0.0,0.0,378.41169100000025,16,16,True,True,True,0,0,0,0,16,16,4224.418793,1050.0,195.0,89.0,0,0,0,0,0.0,0.0,0.0,61,0,0,0,0,1245000076,True,,5558.418793,0.0,area
15,9356.297665,9356.297665,4884.688336,0.0,0.0,4471.609329,15,14,True,False,False,0,0,65,64,15,15,7223.297665,1730.0,316.0,87.0,0,0,0,0,3356.297665,0.0,0.0,155,55,1,0,0,1245000077,True,,9356.297665,0.0,edge
16,3709.181201,3709.181201,1601.047923,0.0,0.0,2108.133278,16,16,True,True,False,0,0,0,0,16,16,2650.181201,460.0,81.0,518.0,0,0,0,0,0.0,0.0,0.0,19,0,0,0,0,1245000078,True,,3709.181201,0.0,cluster
13,10072.838759,10072.838759,8738.588732,0.0,0.0,1334.250027,12,4,False,False,False,0,0,138,122,13,13,6968.838759,2555.0,481.0,68.0,0,0,0,0,4072.838759,0.0,0.0,217,84,9,0,1,1245000079,True,,10072.838759,0.0,outward
12,9426.523692,9349.079588,6950.946629,77.44410400000015,0.008215552894194131,2475.5770630000006,11,9,False,False,False,8,8,104,99,12,12,7144.523692000001,1875.0,344.0,63.0,30.444104000000152,40.0,7.0,0.0,3426.5236920000007,77.44410400000015,0.0,248,88,3,1,1,1245000080,True,,9426.523692,0.0,area
14,9644.133158,9644.133158,4495.776748,0.0,0.0,5148.35641,14,12,True,False,False,0,0,80,77,14,14,7284.133158000001,1925.0,356.0,79.0,0,0,0,0,3644.1331580000005,0.0,0.0,186,66,2,1,0,1245000081,True,,9644.133158,0.0,edge
13,8069.778012,1914.167516,655.18485,6155.610495999999,0.7627979960348876,7414.593162,13,13,True,True,False,182,182,63,63,13,13,6505.778012,1275.0,224.0,65.0,5089.610495999999,910.0,156.0,0.0,2069.7780119999998,2069.7780119999998,0.0,217,63,0,0,0,1245000082,True,,8069.778012,0.0,cluster
16,6702.416883,6702.416883,3990.310462,0.0,0.0,2712.106421,16,15,True,False,False,0,0,3,3,16,16,4890.416883,1235.0,230.0,347.0,0,0,0,0,702.4168829999999,0.0,0.0,52,0,1,89,0,1245000083,True,,6702.416883,0.0,outward
11,10991.890482,10991.890482,4478.809392,0.0,0.0,6513.081090000001,11,6,True,False,False,0,0,150,149,11,11,8184.890482000001,2265.0,418.0,124.0,0,0,0,0,4991.890482000001,0.0,0.0,279,108,5,22,0,1245000084,True,,10991.890482,0.0,area
10,10734.779921,10734.779921,7079.675078,0.0,0.0,3655.104842999999,9,3,False,False,False,0,0,165,157,10,10,7610.779920999999,2585.0,486.0,53.0,0,0,0,0,4734.779920999999,0.0,0.0,310,120,7,1,1,1245000085,True,,10734.779921,0.0,edge
10,11062.838829,11062.838829,2808.327668,0.0,0.0,8254.511161,10,9,True,False,False,0,0,135,135,10,10,8245.838829,1930.0,354.0,533.0,0,0,0,0,5062.838829,0.0,0.0,310,120,1,159,0,1245000086,True,,11062.838829,0.0,cluster
16,14987.622616,14987.622616,9408.237466,0.0,0.0,5579.38515,10,6,False,False,False,0,0,161,146,16,16,10799.622616,2450.0,452.0,1286.0,0,0,0,0,8987.622616,0.0,0.0,118,42,10,401,6,1245000087,True,,14987.622616,0.0,outward
13,9368.626938,8692.367308,6675.51323,676.2596299999987,0.07218343034420853,2693.113708,12,8,False,False,False,14,14,93,87,13,13,7244.626937999999,1740.0,319.0,65.0,594.2596299999987,70.0,12.0,0.0,3368.6269379999994,676.2596299999987,0.0,217,77,5,0,1,1245000088,True,,9368.626938,0.0,area
12,12517.072543,12517.072543,5655.699885,0.0,0.0,6861.372658,12,6,True,False,False,0,0,126,120,12,12,9247.072543,2300.0,430.0,540.0,0,0,0,0,6517.072543,0.0,0.0,248,96,6,159,0,1245000089,True,,12517.072543,0.0,edge
15,10428.867227,10428.867227,683.0,0.0,0.0,9745.867227,15,9,True,False,False,0,0,92,92,15,15,8188.867227000001,1745.0,315.0,180.0,0,0,0,0,4428.867227000001,0.0,0.0,155,50,6,34,0,1245000090,True,,10428.867227,0.0,cluster
16,8963.5065,8963.5065,8176.994827,0.0,0.0,786.5116729999991,13,8,False,False,False,0,0,65,55,16,16,6640.5064999999995,1870.0,346.0,107.0,0,0,0,0,2963.5064999999995,0.0,0.0,97,25,8,7,3,1245000091,True,,8963.5065,0.0,outward
15,8956.867201,6314.649528,5760.559171,2642.217672999999,0.2949935076301015,3196.3080299999992,15,13,True,False,False,50,50,55,54,15,15,7117.867200999999,1495.0,269.0,75.0,2352.217672999999,250.0,40.0,0.0,2956.867200999999,2642.217672999999,0.0,155,54,2,0,0,1245000092,True,,8956.867201,0.0,area
16,8431.833404,8431.833404,5976.17974,0.0,0.0,2455.6536640000013,16,11,True,False,False,0,0,8,6,16,16,6252.833404000001,1600.0,298.0,281.0,0,0,0,0,2431.833404000001,0.0,0.0,76,0,5,66,0,1245000093,True,,8431.833404,0.0,edge
15,8279.361465,2454.365686,731.0,5824.995779,0.7035561623471165,7548.361465,15,15,True,True,False,120,120,45,45,15,15,6878.361465,1130.0,196.0,75.0,5127.995779,600.0,97.0,0.0,2279.361465,2279.361465,0.0,155,45,0,0,0,1245000094,True,,8279.361465,0.0,cluster
12,9553.435571,8919.222488,8068.677048,634.2130830000006,0.06638586488458567,1484.7585230000004,11,10,False,False,False,16,16,104,99,12,12,7004.435571,2100.0,389.0,60.0,540.2130830000006,80.0,14.0,0.0,3553.435571,634.2130830000006,0.0,248,90,2,0,1,1245000095,True,,9553.435571,0.0,outward
14,11878.286222,11878.286222,4245.151576,0.0,0.0,7633.134646,14,9,True,False,False,0,0,115,114,14,14,8894.286222,1985.0,362.0,637.0,0,0,0,0,5878.286222000001,0.0,0.0,186,72,5,188,0,1245000096,True,,11878.286222,0.0,area
10,9401.163257,8993.96716,3215.0,407.196097,0.043313373661159046,6186.163257,10,5,True,False,False,20,20,146,139,10,10,6488.163257,2405.0,452.0,56.0,289.196097,100.0,18.0,0.0,3401.163257,407.196097,0.0,310,120,5,0,0,1245000097,True,,9401.163257,0.0,edge
15,8063.678979,2030.361503,1061.0,6033.317476,0.7482090360631158,7002.678979,15,15,True,True,False,130,130,45,45,15,15,6694.678979,1100.0,191.0,78.0,5278.317476,650.0,105.0,0.0,2063.6789790000003,2063.6789790000003,0.0,155,45,0,0,0,1245000098,True,,8063.678979,0.0,cluster
11,12722.996999,12722.996999,9551.359288,0.0,0.0,3171.637711000001,7,4,False,False,False,0,0,189,181,11,11,8686.996999,2730.0,510.0,796.0,0,0,0,0,6722.996999000001,0.0,0.0,279,108,7,247,4,1245000099,True,,12722.996999,0.0,outward
13,8806.392009,8707.005244,2450.242665,99.38676499999929,0.011285752996054174,6356.1493439999995,13,11,True,False,False,7,7,86,83,13,13,6815.392008999999,1630.0,296.0,65.0,58.386764999999286,35.0,6.0,0.0,2806.3920089999992,99.38676499999929,0.0,217,77,2,0,0,1245000100,True,,8806.392009,0.0,area
13,9186.190318,8049.983564,7213.367045,1136.2067540000007,0.12368639388775188,1972.8232730000009,11,10,False,False,False,28,28,99,94,13,13,6602.190318000001,2120.0,393.0,71.0,972.2067540000007,140.0,24.0,0.0,3186.190318000001,1136.2067540000007,0.0,217,84,3,1,2,1245000101,True,,9186.190318,0.0,edge
12,9491.031804,9491.031804,413.0,0.0,0.0,9078.031804,12,11,True,False,False,0,0,100,99,12,12,7398.031804,1720.0,313.0,60.0,0,0,0,0,3491.031804,0.0,0.0,248,88,1,0,0,1245000102,True,,9491.031804,0.0,cluster
13,10147.928598,8911.967219,5820.839698,1235.9613790000003,0.12179444968144426,4327.088900000001,13,9,True,False,False,28,28,102,95,13,13,7575.928598,2115.0,392.0,65.0,1071.9613790000003,140.0,24.0,0.0,4147.928598,1235.9613790000003,0.0,217,84,4,0,0,1245000103,True,,10147.928598,0.0,outward
15,8605.743178,4387.755851,1324.580301,4217.987327000001,0.49013632405194235,7281.162877000001,15,15,True,True,False,90,90,55,55,15,15,7102.743178000001,1215.0,213.0,75.0,3695.9873270000007,450.0,72.0,0.0,2605.7431780000006,2605.7431780000006,0.0,155,55,0,0,0,1245000104,True,,8605.743178,0.0,area
15,10092.697045,8716.936742,4243.066503,1375.760303000001,0.13631245413054016,5849.630542000001,15,10,True,False,False,20,20,78,74,15,15,7671.697045000001,1975.0,368.0,78.0,1258.760303000001,100.0,17.0,0.0,4092.697045000001,1375.760303000001,0.0,155,60,5,1,0,1245000105,True,,10092.697045,0.0,edge
16,7165.652579,7165.652579,6872.296146,0.0,0.0,293.3564329999999,15,15,False,False,False,0,0,19,18,16,16,6047.652579,875.0,145.0,98.0,0,0,0,0,1165.6525789999996,0.0,0.0,104,12,1,6,1,1245000106,True,,7165.652579,0.0,cluster
16,8752.750598,8752.750598,6860.422357,0.0,0.0,1892.3282410000002,13,11,False,False,False,0,0,40,33,16,16,6601.7505980000005,1745.0,320.0,86.0,0,0,0,0,2752.7505980000005,0.0,0.0,88,8,5,1,3,1245000107,True,,8752.750598,0.0,outward
16,6350.723395,6350.723395,5482.296266,0.0,0.0,868.4271289999997,16,15,True,False,False,0,0,1,0,16,16,5047.723395,1030.0,190.0,83.0,0,0,0,0,350.723395,0.0,0.0,63,0,1,0,0,1245000108,True,,6350.723395,0.0,area
14,9885.304612,9885.304612,5680.373277,0.0,0.0,4204.931335,14,8,True,False,False,0,0,83,80,14,14,7365.304612,2055.0,383.0,82.0,0,0,0,0,3885.304612,0.0,0.0,186,67,6,0,0,1245000109,True,,9885.304612,0.0,edge
10,9032.227615,2990.728365,2145.958231,6041.49925,0.6688825290415359,6886.269383999999,10,10,True,True,False,230,230,120,120,10,10,6856.227615,1795.0,328.0,53.0,4684.49925,1150.0,207.0,0.0,3032.227615,3032.227615,0.0,310,120,0,0,0,1245000110,True,,9032.227615,0.0,cluster
15,14217.589758,14217.589758,6999.898241,0.0,0.0,7217.691517,14,7,False,False,False,0,0,138,136,15,15,10439.589758,2245.0,408.0,1125.0,0,0,0,0,8217.589758,0.0,0.0,155,55,8,349,1,1245000111,True,,14217.589758,0.0,outward
10,9789.102909,9789.102909,7934.458164,0.0,0.0,1854.6447449999996,9,4,False,False,False,0,0,152,146,10,10,6910.102908999999,2380.0,446.0,53.0,0,0,0,0,3789.1029089999993,0.0,0.0,310,120,6,0,1,1245000112,True,,9789.102909,0.0,area
12,9872.482656,9872.482656,4155.687932,0.0,0.0,5716.794724,12,8,True,False,False,0,0,118,114,12,12,7134.482656,2255.0,420.0,63.0,0,0,0,0,3872.482656,0.0,0.0,248,88,4,0,0,1245000113,True,,9872.482656,0.0,edge
12,10949.743107,10949.743107,437.0,0.0,0.0,10512.743107,12,10,True,False,False,0,0,106,105,12,12,8326.743107,1775.0,323.0,525.0,0,0,0,0,4949.743107,0.0,0.0,248,88,2,155,0,1245000114,True,,10949.743107,0.0,cluster
16,8098.544791,8098.544791,7542.825834,0.0,0.0,555.718957,12,7,False,False,False,0,0,69,51,16,16,5757.544791,1905.0,356.0,80.0,0,0,0,0,2098.5447910000003,0.0,0.0,96,24,9,0,4,1245000115,True,,8098.544791,0.0,outward
16,6949.432323,6949.432323,4006.8723,0.0,0.0,2942.560023,16,14,True,False,False,0,0,6,6,16,16,5373.432323,1050.0,191.0,335.0,0,0,0,0,949.432323,0.0,0.0,44,0,2,30,0,1245000116,True,,6949.432323,0.0,area
15,10789.905235,10789.905235,4056.894533,0.0,0.0,6733.010702,15,10,True,False,False,0,0,84,81,15,15,8322.905235,2010.0,373.0,84.0,0,0,0,0,4789.905235,0.0,0.0,155,55,5,1,0,1245000117,True,,10789.905235,0.0,edge
11,8652.346153,2556.13586,1037.0,6096.210293,0.7045730932628349,7615.346153,11,11,True,True,False,216,216,99,99,11,11,6609.346153,1665.0,302.0,76.0,4824.210293,1080.0,192.0,0.0,2652.3461530000004,2652.3461530000004,0.0,279,99,0,0,0,1245000118,True,,8652.346153,0.0,cluster
13,9828.373831,9574.734579,8703.463218,253.63925200000085,0.02580683807528656,1124.910613,8,4,False,False,False,7,7,144,129,13,13,6883.373831000001,2425.0,455.0,65.0,212.63925200000085,35.0,6.0,0.0,3828.373831000001,253.63925200000085,0.0,217,84,9,0,5,1245000119,True,,9828.373831,0.0,outward
11,11879.764633,11879.764633,9372.965263,0.0,0.0,2506.7993700000006,10,7,False,False,False,0,0,173,171,11,11,8820.764633,2255.0,416.0,388.0,0,0,0,0,5879.764633000001,0.0,0.0,279,126,4,110,1,1245000120,True,,11879.764633,0.0,area
14,9315.53233,9315.53233,5447.106813,0.0,0.0,3868.4255169999997,14,6,True,False,False,0,0,93,88,14,14,6663.53233,2165.0,402.0,85.0,0,0,0,0,3315.53233,0.0,0.0,186,70,8,5,0,1245000121,True,,9315.53233,0.0,edge
13,9710.284508,5261.395405,688.96322,4448.889103,0.45816259032726586,9021.321288000001,13,13,True,True,False,105,105,91,91,13,13,7884.284508000001,1490.0,268.0,68.0,3833.8891030000004,525.0,90.0,0.0,3710.2845080000006,3710.2845080000006,0.0,217,91,0,0,0,1245000122,True,,9710.284508,0.0,cluster
16,8685.608861,8685.608861,5003.490484,0.0,0.0,3682.1183770000007,16,13,True,False,False,0,0,3,3,16,16,6379.608861000001,1480.0,272.0,554.0,0,0,0,0,2685.6088610000006,0.0,0.0,65,0,3,156,0,1245000123,True,,8685.608861,0.0,outward
10,10052.510495,10052.510495,9186.934675,0.0,0.0,865.57582,9,6,False,False,False,0,0,146,143,10,10,7321.510495,2260.0,421.0,50.0,0,0,0,0,4052.5104950000004,0.0,0.0,310,121,4,0,1,1245000124,True,,10052.510495,0.0,area
13,10091.871315,10091.871315,6841.812599,0.0,0.0,3250.0587160000005,12,8,False,False,False,0,0,102,98,13,13,7594.871315,2045.0,378.0,74.0,0,0,0,0,4091.8713150000003,0.0,0.0,217,84,5,1,1,1245000125,True,,10091.871315,0.0,edge
15,10567.215681,10567.215681,701.556374,0.0,0.0,9865.659307,15,10,True,False,False,0,0,69,69,15,15,8453.215681,1480.0,262.0,372.0,0,0,0,0,4567.215681,0.0,0.0,155,45,5,99,0,1245000126,True,,10567.215681,0.0,cluster
16,10865.033736,10865.033736,8504.091323,0.0,0.0,2360.942412999999,13,7,False,False,False,0,0,70,59,16,16,7995.033735999999,1855.0,341.0,674.0,0,0,0,0,4865.033735999999,0.0,0.0,108,36,9,198,3,1245000127,True,,10865.033736,0.0,outward
15,9762.451325,7931.474236,2996.407556,1830.977089,0.18755300569962124,6766.043769,15,13,True,False,False,40,40,72,71,15,15,7941.451325,1475.0,265.0,81.0,1598.977089,200.0,32.0,0.0,3762.451325,1830.977089,0.0,155,65,2,0,0,1245000128,True,,9762.451325,0.0,area
10,11174.787907,11174.787907,7109.82277,0.0,0.0,4064.965137,8,4,False,False,False,0,0,170,163,10,10,7625.787907,2670.0,502.0,377.0,0,0,0,0,5174.787907,0.0,0.0,310,110,6,108,2,1245000129,True,,11174.787907,0.0,edge
16,1732.587127,1732.587127,731.0,0.0,0.0,1001.587127,16,16,True,True,False,0,0,0,0,16,16,1278.587127,315.0,59.0,80.0,0,0,0,0,0.0,0.0,0.0,12,0,0,0,0,1245000130,True,,1732.587127,0.0,cluster
12,10057.553168,10057.553168,8647.09915,0.0,0.0,1410.4540180000004,9,7,False,False,False,0,0,127,119,12,12,7237.553168,2325.0,435.0,60.0,0,0,0,0,4057.5531680000004,0.0,0.0,248,96,5,0,3,1245000131,True,,10057.553168,0.0,outward
11,10012.291844,10012.291844,9430.28195,0.0,0.0,582.0098939999989,10,7,False,False,False,0,0,129,126,11,11,7336.291843999999,2205.0,410.0,61.0,0,0,0,0,4012.2918439999994,0.0,0.0,279,112,4,0,1,1245000132,True,,10012.291844,0.0,area
13,10086.005991,10086.005991,5025.039675,0.0,0.0,5060.966316,13,9,True,False,False,0,0,94,91,13,13,7589.005991,2045.0,378.0,74.0,0,0,0,0,4086.005991,0.0,0.0,217,77,4,2,0,1245000133,True,,10086.005991,0.0,edge
10,8987.831761,1915.337248,1419.037839,7072.494513,0.7868966288052885,7568.793921999999,10,10,True,True,False,260,260,110,110,10,10,6924.8317609999995,1700.0,310.0,53.0,5538.494513,1300.0,234.0,0.0,2987.8317609999995,2987.8317609999995,0.0,310,110,0,0,0,1245000134,True,,8987.831761,0.0,cluster
16,11026.164003,11026.164003,6973.913526,0.0,0.0,4052.2504769999996,13,5,False,False,False,0,0,61,51,16,16,8200.164003,2025.0,373.0,428.0,0,0,0,0,5026.164003,0.0,0.0,88,12,11,113,3,1245000135,True,,11026.164003,0.0,outward
10,9070.915509,3616.562365,1043.0,5454.353144000001,0.6013012841524418,8027.915509,10,10,True,True,False,210,210,120,120,10,10,6745.915509,1910.0,353.0,62.0,4215.353144000001,1050.0,189.0,0.0,3070.9155090000004,3070.9155090000004,0.0,310,120,0,0,0,1245000136,True,,9070.915509,0.0,area
13,10537.424462,10537.424462,5329.249137,0.0,0.0,5208.175325000001,13,11,True,False,False,0,0,91,91,13,13,7787.424462000001,2100.0,387.0,263.0,0,0,0,0,4537.424462000001,0.0,0.0,217,77,2,65,0,1245000137,True,,10537.424462,0.0,edge
11,8438.822355,1443.179052,431.0,6995.643303000001,0.8289833591360154,8007.822355,11,11,True,True,False,243,243,86,86,11,11,6540.822355,1560.0,283.0,55.0,5564.643303,1215.0,216.0,0.0,2438.8223550000002,2438.8223550000002,0.0,279,86,0,0,0,1245000138,True,,8438.822355,0.0,cluster
16,9510.790642,9510.790642,9086.193079,0.0,0.0,424.59756299999935,12,8,False,False,False,0,0,85,67,16,16,6937.790642,2080.0,386.0,107.0,0,0,0,0,3510.790642,0.0,0.0,108,36,8,1,4,1245000139,True,,9510.790642,0.0,outward
12,10089.635717,10089.635717,3170.518381,0.0,0.0,6919.117335999999,12,8,True,False,False,0,0,133,131,12,12,7525.635716999999,2030.0,375.0,159.0,0,0,0,0,4089.635716999999,0.0,0.0,248,97,4,29,0,1245000140,True,,10089.635717,0.0,area
10,12799.692512,12799.692512,8083.31866,0.0,0.0,4716.373852,8,5,False,False,False,0,0,166,162,10,10,9262.692512,2450.0,455.0,632.0,0,0,0,0,6799.692512,0.0,0.0,310,128,5,193,2,1245000141,True,,12799.692512,0.0,edge
10,8664.20765,1480.262077,119.0,7183.945573,0.829152054429351,8545.20765,10,10,True,True,False,270,270,100,100,10,10,6578.20765,1710.0,311.0,65.0,5590.945573,1350.0,243.0,0.0,2664.2076500000003,2664.2076500000003,0.0,310,100,0,0,0,1245000142,True,,8664.20765,0.0,cluster
13,9855.194787,9855.194787,5425.142362,0.0,0.0,4430.052425000001,13,7,True,False,False,0,0,111,106,13,13,7178.194787,2200.0,412.0,65.0,0,0,0,0,3855.1947870000004,0.0,0.0,217,82,6,0,0,1245000143,True,,9855.194787,0.0,outward
11,11006.806792,11006.806792,7794.10061,0.0,0.0,3212.706181999999,7,5,False,False,False,0,0,176,166,11,11,7879.806791999999,2460.0,459.0,208.0,0,0,0,0,5006.806791999999,0.0,0.0,279,117,6,51,4,1245000144,True,,11006.806792,0.0,area
12,9730.679471,9730.679471,9252.929021,0.0,0.0,477.75044999999955,11,8,False,False,False,0,0,108,103,12,12,7072.6794709999995,2185.0,407.0,66.0,0,0,0,0,3730.6794709999995,0.0,0.0,248,88,4,2,1,1245000145,True,,9730.679471,0.0,edge
13,8273.967003,2231.983456,113.0,6041.983547,0.7302402275485603,8160.967003,13,13,True,True,False,175,175,63,63,13,13,6588.967003,1375.0,245.0,65.0,5016.983547,875.0,150.0,0.0,2273.9670029999997,2273.9670029999997,0.0,217,63,0,0,0,1245000146,True,,8273.967003,0.0,cluster
14,12326.179963,12326.179963,9246.399225,0.0,0.0,3079.7807380000013,9,5,False,False,False,0,0,132,120,14,14,8778.179963,2390.0,443.0,715.0,0,0,0,0,6326.1799630000005,0.0,0.0,186,73,9,215,5,1245000147,True,,12326.179963,0.0,outward
14,8683.61868,4824.007575,1632.253827,3859.611105,0.44447035818021435,7051.364852999999,14,14,True,True,False,96,96,66,66,14,14,6873.61868,1465.0,263.0,82.0,3299.611105,480.0,80.0,0.0,2683.6186799999996,2683.6186799999996,0.0,186,66,0,0,0,1245000148,True,,8683.61868,0.0,area
16,7487.987158,7487.987158,4867.673873,0.0,0.0,2620.313285,16,12,True,False,False,0,0,0,0,16,16,5531.987158,1380.0,259.0,317.0,0,0,0,0,1487.987158,0.0,0.0,60,0,4,77,0,1245000149,True,,7487.987158,0.0,edge
16,2178.776675,2178.776675,1156.413885,0.0,0.0,1022.3627900000001,16,16,True,True,False,0,0,0,0,16,16,1536.776675,385.0,69.0,188.0,0,0,0,0,0.0,0.0,0.0,16,0,0,0,0,1245000150,True,,2178.776675,0.0,cluster
15,9306.401613,9019.329218,8482.265064,287.07239499999923,0.030846766230138968,824.1365490000007,11,8,False,False,False,10,10,103,90,15,15,6504.401613,2285.0,427.0,90.0,228.07239499999923,50.0,9.0,0.0,3306.401613,287.07239499999923,0.0,155,60,7,1,4,1245000151,True,,9306.401613,0.0,outward
11,10114.924139,10114.924139,8658.920119,0.0,0.0,1456.0040200000003,10,8,False,False,False,0,0,162,158,11,11,7509.924139000001,2150.0,400.0,55.0,0,0,0,0,4114.924139000001,0.0,0.0,279,126,3,0,1,1245000152,True,,10114.924139,0.0,area
10,9324.076469,9324.076469,5463.812736,0.0,0.0,3860.263733,10,8,True,False,False,0,0,143,141,10,10,6541.076469,2300.0,430.0,53.0,0,0,0,0,3324.0764689999996,0.0,0.0,310,120,2,0,0,1245000153,True,,9324.076469,0.0,edge
10,8768.399982,4367.718842,694.870289,4400.681140000001,0.5018796073438522,8073.529693,10,10,True,True,False,170,170,110,110,10,10,6509.399982000001,1860.0,340.0,59.0,3396.6811400000006,850.0,154.0,0.0,2768.399982000001,2768.399982000001,0.0,310,110,0,0,0,1245000154,True,,8768.399982,0.0,cluster
11,9997.557916,9513.871635,8347.238336,483.68628100000024,0.04838044301057893,1650.3195799999994,10,5,False,False,False,9,9,168,161,11,11,6946.557916,2520.0,473.0,58.0,430.68628100000024,45.0,8.0,0.0,3997.5579159999998,483.68628100000024,0.0,279,117,6,1,1,1245000155,True,,9997.557916,0.0,outward
10,13716.457215,13716.457215,7814.546731,0.0,0.0,5901.910484,9,4,False,False,False,0,0,185,183,10,10,9806.457215,2500.0,463.0,947.0,0,0,0,0,7716.457215,0.0,0.0,310,120,6,298,1,1245000156,True,,13716.457215,0.0,area
16,7745.974701,7745.974701,5779.049265,0.0,0.0,1966.9254360000004,16,10,True,False,False,0,0,6,4,16,16,5611.974701,1705.0,322.0,107.0,0,0,0,0,1745.974701,0.0,0.0,75,0,6,8,0,1245000157,True,,7745.974701,0.0,edge
14,8315.763363,1614.322628,647.0,6701.440735,0.8058719858260113,7668.763363,14,14,True,True,False,162,162,54,54,14,14,6853.763363,1185.0,207.0,70.0,5755.440735,810.0,136.0,0.0,2315.763363,2315.763363,0.0,186,54,0,0,0,1245000158,True,,8315.763363,0.0,cluster
12,11821.201286,11821.201286,6110.689609,0.0,0.0,5710.5116769999995,11,8,False,False,False,0,0,124,120,12,12,8509.201286,2290.0,425.0,597.0,0,0,0,0,5821.2012859999995,0.0,0.0,248,88,4,179,1,1245000159,True,,11821.201286,0.0,outward
13,9897.117266,8114.982337,7507.631582,1782.134928999999,0.18006606177358786,2389.4856839999993,12,12,False,False,False,42,42,98,96,13,13,7800.117265999999,1715.0,314.0,68.0,1536.134928999999,210.0,36.0,0.0,3897.1172659999993,1782.134928999999,0.0,217,91,1,1,1,1245000160,True,,9897.117266,0.0,area
15,9410.421605,6756.027427,4091.328362,2654.3941779999996,0.28206963400977186,5319.093242999999,15,12,True,False,False,55,55,61,60,15,15,7243.4216049999995,1760.0,323.0,84.0,2335.3941779999996,275.0,44.0,0.0,3410.4216049999995,2654.3941779999996,0.0,155,60,3,3,0,1245000161,True,,9410.421605,0.0,edge
12,11763.731084,11763.731084,1031.0,0.0,0.0,10732.731084,12,6,True,False,False,0,0,113,112,12,12,8660.731084,1980.0,358.0,765.0,0,0,0,0,5763.731083999999,0.0,0.0,248,96,6,235,0,1245000162,True,,11763.731084,0.0,cluster
11,10461.127999,10461.127999,4294.213642,0.0,0.0,6166.914357000001,11,5,True,False,False,0,0,143,136,11,11,7571.127999,2385.0,447.0,58.0,0,0,0,0,4461.127999,0.0,0.0,279,99,6,1,0,1245000163,True,,10461.127999,0.0,outward
13,10358.29027,9789.183961,9401.423876,569.1063089999989,0.05494210860727297,956.8663939999988,12,9,False,False,False,14,14,128,123,13,13,8035.2902699999995,1905.0,350.0,68.0,487.1063089999989,70.0,12.0,0.0,4358.2902699999995,569.1063089999989,0.0,217,105,4,0,1,1245000164,True,,10358.29027,0.0,area
16,8279.550818,8279.550818,5550.204581,0.0,0.0,2729.3462369999997,16,12,True,False,False,0,0,5,4,16,16,6177.550818,1515.0,282.0,305.0,0,0,0,0,2279.5508179999997,0.0,0.0,75,0,4,74,0,1245000165,True,,8279.550818,0.0,edge
14,8791.191866,6566.559899,1834.601845,2224.6319669999993,0.253052373433434,6956.590020999999,14,10,True,False,False,54,54,63,60,14,14,6927.191865999999,1520.0,274.0,70.0,1909.6319669999993,270.0,45.0,0.0,2791.191865999999,2224.6319669999993,0.0,186,60,4,0,0,1245000166,True,,8791.191866,0.0,cluster
10,9512.756978,7830.744676,7299.328786,1682.0123019999992,0.17681649030769545,2213.4281919999994,7,5,False,False,False,70,70,139,130,10,10,6558.756977999999,2445.0,459.0,50.0,1269.0123019999992,350.0,63.0,0.0,3512.7569779999994,1682.0123019999992,0.0,310,120,5,0,3,1245000167,True,,9512.756978,0.0,outward
15,11904.768971,11904.768971,3540.58179,0.0,0.0,8364.187181,15,11,True,False,False,0,0,94,94,15,15,9329.768971,1665.0,298.0,612.0,0,0,0,0,5904.7689709999995,0.0,0.0,155,63,4,179,0,1245000168,True,,11904.768971,0.0,area
13,9494.656027,8171.716827,5560.731317,1322.9392000000007,0.13933513718010973,3933.924710000001,13,10,True,False,False,28,28,87,83,13,13,7042.656027000001,2010.0,371.0,71.0,1158.9392000000007,140.0,24.0,0.0,3494.656027000001,1322.9392000000007,0.0,217,77,3,0,0,1245000169,True,,9494.656027,0.0,edge
13,8771.615273,4829.456935,1046.32135,3942.1583379999993,0.449422166306632,7725.293922999999,13,13,True,True,False,112,112,84,84,13,13,6777.615272999999,1630.0,296.0,68.0,3286.1583379999993,560.0,96.0,0.0,2771.6152729999994,2771.6152729999994,0.0,217,84,0,0,0,1245000170,True,,8771.615273,0.0,cluster
11,10950.723468,10950.723468,8003.070342,0.0,0.0,2947.653126,10,7,False,False,False,0,0,123,120,11,11,7984.723468,2165.0,401.0,400.0,0,0,0,0,4950.723468,0.0,0.0,279,108,4,115,1,1245000171,True,,10950.723468,0.0,outward
12,9595.800876,9218.922169,4896.4006,376.87870699999985,0.03927537803984751,4699.400275999999,12,4,True,False,False,16,16,94,92,12,12,7259.800875999999,1920.0,353.0,63.0,282.87870699999985,80.0,14.0,0.0,3595.8008759999993,376.87870699999985,0.0,248,80,8,0,0,1245000172,True,,9595.800876,0.0,area
12,10590.653842,10590.653842,5254.363585,0.0,0.0,5336.290257,12,9,True,False,False,0,0,122,118,12,12,8109.653842,2030.0,376.0,75.0,0,0,0,0,4590.653842,0.0,0.0,248,96,3,2,0,1245000173,True,,10590.653842,0.0,edge
15,8424.794128,6532.597505,719.0,1892.1966229999998,0.22459855923496577,7705.794128,15,14,True,False,False,35,35,47,46,15,15,7032.794128,1120.0,194.0,78.0,1689.1966229999998,175.0,28.0,0.0,2424.7941279999995,1892.1966229999998,0.0,155,45,1,0,0,1245000174,True,,8424.794128,0.0,cluster
15,9905.177418,8445.871237,4775.389494,1459.306181,0.14732761660059748,5129.787923999999,15,12,True,False,False,20,20,73,71,15,15,7567.177417999999,1910.0,353.0,75.0,1342.306181,100.0,17.0,0.0,3905.1774179999993,1459.306181,0.0,155,64,3,0,0,1245000175,True,,9905.177418,0.0,outward
10,9843.449987,9843.449987,2649.742224,0.0,0.0,7193.707763,10,9,True,False,False,0,0,132,132,10,10,7427.449987,1995.0,368.0,53.0,0,0,0,0,3843.449987,0.0,0.0,310,120,1,0,0,1245000176,True,,9843.449987,0.0,area
13,12244.400388,12244.400388,8388.516473,0.0,0.0,3855.8839150000003,6,2,False,False,False,0,0,148,136,13,13,8758.400388,2515.0,468.0,503.0,0,0,0,0,6244.400388,0.0,0.0,217,82,11,146,7,1245000177,True,,12244.400388,0.0,edge
10,9287.009988,5602.227257,1865.0,3684.7827310000002,0.3967673918474524,7422.009988,10,10,True,True,False,140,140,130,130,10,10,6868.009988,1995.0,368.0,56.0,2858.7827310000002,700.0,126.0,0.0,3287.009988,3287.009988,0.0,310,130,0,0,0,1245000178,True,,9287.009988,0.0,cluster
16,8204.534028,8204.534028,5275.326651,0.0,0.0,2929.2073769999997,16,14,True,False,False,0,0,3,3,16,16,5838.534028,1475.0,274.0,617.0,0,0,0,0,2204.534028,0.0,0.0,67,0,2,179,0,1245000179,True,,8204.534028,0.0,outward
11,10880.149267,10880.149267,7499.963117,0.0,0.0,3380.1861500000005,9,8,False,False,False,0,0,137,132,11,11,7849.149267000001,2115.0,390.0,526.0,0,0,0,0,4880.149267000001,0.0,0.0,279,108,3,157,2,1245000180,True,,10880.149267,0.0,area
13,9894.922011,8454.227553,4581.461826,1440.694458,0.145599374749837,5313.460185000001,13,8,True,False,False,42,42,96,91,13,13,7330.922011000001,2105.0,391.0,68.0,1194.694458,210.0,36.0,0.0,3894.9220110000006,1440.694458,0.0,217,86,5,0,0,1245000181,True,,9894.922011,0.0,edge
10,8751.404491,2675.673318,437.0,6075.731172999999,0.6942578393271983,8314.404491,10,10,True,True,False,230,230,100,100,10,10,6576.404490999999,1795.0,330.0,50.0,4717.731172999999,1150.0,208.0,0.0,2751.4044909999993,2751.4044909999993,0.0,310,100,0,0,0,1245000182,True,,8751.404491,0.0,cluster
15,14014.516573,14014.516573,6784.931251,0.0,0.0,7229.585322000001,13,7,False,False,False,0,0,108,102,15,15,10603.516573,2105.0,388.0,918.0,0,0,0,0,8014.516573000001,0.0,0.0,155,60,8,281,2,1245000183,True,,14014.516573,0.0,outward
11,9742.570203,9742.570203,5549.542387,0.0,0.0,4193.027815999999,11,6,True,False,False,0,0,138,130,11,11,7093.570202999999,2185.0,406.0,58.0,0,0,0,0,3742.5702029999993,0.0,0.0,279,108,5,1,0,1245000184,True,,9742.570203,0.0,area
13,9516.376622,9118.348208,8363.207434,398.02841400000034,0.04182562647634569,1153.1691879999998,11,6,False,False,False,7,7,122,111,13,13,6740.376622,2280.0,425.0,71.0,357.02841400000034,35.0,6.0,0.0,3516.3766219999998,398.02841400000034,0.0,217,84,7,2,2,1245000185,True,,9516.376622,0.0,edge
16,2433.444779,2433.444779,1252.566063,0.0,0.0,1180.878716,16,16,True,True,False,0,0,0,0,16,16,1759.444779,390.0,72.0,212.0,0,0,0,0,0.0,0.0,0.0,16,0,0,0,0,1245000186,True,,2433.444779,0.0,cluster
11,9368.413787,6910.592029,3225.742964,2457.821757999999,0.2623519641511325,6142.6708229999995,11,10,True,False,False,72,72,102,101,11,11,6747.4137869999995,2160.0,403.0,58.0,2033.8217579999991,360.0,64.0,0.0,3368.4137869999995,2457.821757999999,0.0,279,99,1,0,0,1245000187,True,,9368.413787,0.0,outward
13,9305.080614,9305.080614,3750.899369,0.0,0.0,5554.181245,13,12,True,False,False,0,0,96,95,13,13,7267.080614,1665.0,302.0,71.0,0,0,0,0,3305.0806140000004,0.0,0.0,217,84,1,1,0,1245000188,True,,9305.080614,0.0,area
11,12049.69529,12049.69529,2609.465778,0.0,0.0,9440.229512,11,8,True,False,False,0,0,132,130,11,11,8701.69529,2330.0,435.0,583.0,0,0,0,0,6049.69529,0.0,0.0,279,99,3,175,0,1245000189,True,,12049.69529,0.0,edge
11,8798.414563,2200.10255,1622.973176,6598.312013000001,0.7499432955509852,7175.441387000001,11,11,True,True,False,225,225,90,90,11,11,6797.414563,1640.0,297.0,64.0,5273.312013,1125.0,200.0,0.0,2798.4145630000003,2798.4145630000003,0.0,279,90,0,0,0,1245000190,True,,8798.414563,0.0,cluster
13,9531.414372,9531.414372,5825.467725,0.0,0.0,3705.946646999999,13,10,True,False,False,0,0,93,89,13,13,7029.414371999999,2055.0,382.0,65.0,0,0,0,0,3531.4143719999993,0.0,0.0,217,77,3,0,0,1245000191,True,,9531.414372,0.0,outward
14,9901.401188,9901.401188,1923.162883,0.0,0.0,7978.238305,14,12,True,False,False,0,0,80,80,14,14,7910.401188,1620.0,292.0,79.0,0,0,0,0,3901.401188,0.0,0.0,186,66,2,2,0,1245000192,True,,9901.401188,0.0,area
10,9986.03781,9986.03781,6727.0861,0.0,0.0,3258.9517099999994,9,3,False,False,False,0,0,161,152,10,10,6814.03781,2585.0,486.0,101.0,0,0,0,0,3986.03781,0.0,0.0,310,120,7,17,1,1245000193,True,,9986.03781,0.0,edge
15,9419.431282,9419.431282,677.426414,0.0,0.0,8742.004868,15,14,True,False,False,0,0,69,69,15,15,7734.431282,1185.0,206.0,294.0,0,0,0,0,3419.4312819999996,0.0,0.0,155,55,1,73,0,1245000194,True,,9419.431282,0.0,cluster
10,12500.618355,12500.618355,6315.074493,0.0,0.0,6185.543862,8,3,False,False,False,0,0,174,166,10,10,8748.618355,2670.0,498.0,584.0,0,0,0,0,6500.6183550000005,0.0,0.0,310,114,7,178,2,1245000195,True,,12500.618355,0.0,outward
11,9658.538477,8401.353716,7429.927252,1257.1847610000004,0.1301630431968305,2228.6112249999996,9,8,False,False,False,36,36,131,125,11,11,7143.538477,2075.0,385.0,55.0,1044.1847610000004,180.0,33.0,0.0,3658.538477,1257.1847610000004,0.0,279,115,3,0,2,1245000196,True,,9658.538477,0.0,area
12,10716.201169,10716.201169,6418.997787,0.0,0.0,4297.203382,10,6,False,False,False,0,0,124,117,12,12,7815.201169,2380.0,446.0,75.0,0,0,0,0,4716.201169,0.0,0.0,248,88,6,4,2,1245000197,True,,10716.201169,0.0,edge
12,11138.08626,11138.08626,689.0,0.0,0.0,10449.08626,12,11,True,False,False,0,0,111,111,12,12,8402.08626,1880.0,343.0,513.0,0,0,0,0,5138.08626,0.0,0.0,248,96,1,151,0,1245000198,True,,11138.08626,0.0,cluster
12,10120.951206,9876.157193,9024.021004,244.79401300000063,0.02418685833154491,1096.9302019999996,8,4,False,False,False,8,8,155,139,12,12,7122.951206,2470.0,465.0,63.0,197.79401300000063,40.0,7.0,0.0,4120.951206,244.79401300000063,0.0,248,104,8,1,4,1245000199,True,,10120.951206,0.0,outward
15,8838.993026,6108.810744,1722.003185,2730.1822819999998,0.30887933432791914,7116.9898410000005,15,14,True,False,False,60,60,60,60,15,15,7212.993026,1315.0,233.0,78.0,2381.1822819999998,300.0,49.0,0.0,2838.993026,2730.1822819999998,0.0,155,60,1,0,0,1245000200,True,,8838.993026,0.0,area
14,10625.146959,10625.146959,6644.660917,0.0,0.0,3980.4860419999995,13,10,False,False,False,0,0,87,84,14,14,7785.146959,1950.0,358.0,532.0,0,0,0,0,4625.146959,0.0,0.0,186,66,4,154,1,1245000201,True,,10625.146959,0.0,edge
12,8681.682167,2574.753925,1331.0,6106.928242000001,0.7034268387770617,7350.682167000001,12,12,True,True,False,192,192,88,88,12,12,6792.682167000001,1545.0,278.0,66.0,4978.928242000001,960.0,168.0,0.0,2681.682167000001,2681.682167000001,0.0,248,88,0,0,0,1245000202,True,,8681.682167,0.0,cluster
15,10335.971372,10335.971372,8269.44925,0.0,0.0,2066.5221220000003,9,9,False,False,False,0,0,138,125,15,15,7530.971372,2230.0,413.0,162.0,0,0,0,0,4335.971372,0.0,0.0,155,70,6,27,6,1245000203,True,,10335.971372,0.0,outward
14,9567.602957,8044.133541,3345.080922,1523.469415999999,0.1592320900905879,6222.522034999999,14,13,True,False,False,30,30,72,72,14,14,7648.602956999999,1565.0,284.0,70.0,1347.469415999999,150.0,26.0,0.0,3567.602956999999,1523.469415999999,0.0,186,66,1,0,0,1245000204,True,,9567.602957,0.0,area
13,8965.251611,6488.088648,1703.0,2477.1629629999998,0.27630713230185544,7262.251611,13,12,True,False,False,63,63,77,77,13,13,6647.251611,1900.0,350.0,68.0,2108.1629629999998,315.0,54.0,0.0,2965.2516109999997,2477.1629629999998,0.0,217,77,1,0,0,1245000205,True,,8965.251611,0.0,edge
15,8354.653142,1926.615055,335.0,6428.038086999999,0.7693961649569101,8019.653141999999,15,15,True,True,False,135,135,45,45,15,15,7127.653141999999,985.0,167.0,75.0,5645.038086999999,675.0,108.0,0.0,2354.653141999999,2354.653141999999,0.0,155,45,0,0,0,1245000206,True,,8354.653142,0.0,cluster
10,12512.801402,12512.801402,7310.820095,0.0,0.0,5201.981306999999,9,4,False,False,False,0,0,161,158,10,10,8786.801402,2540.0,473.0,713.0,0,0,0,0,6512.801401999999,0.0,0.0,310,123,6,221,1,1245000207,True,,12512.801402,0.0,outward
11,10603.179117,8055.726218,4645.143157,2547.452899,0.24025368909553618,5958.035959999999,11,7,True,False,False,72,72,126,122,11,11,7854.179117,2265.0,423.0,61.0,2123.452899,360.0,64.0,0.0,4603.179117,2547.452899,0.0,279,117,4,2,0,1245000208,True,,10603.179117,0.0,area
13,9988.31696,9166.846757,3610.606917,821.4702030000008,0.08224310524883471,6377.710043,13,10,True,False,False,14,14,103,100,13,13,7429.31696,2095.0,390.0,74.0,739.4702030000008,70.0,12.0,0.0,3988.31696,821.4702030000008,0.0,217,84,3,0,0,1245000209,True,,9988.31696,0.0,edge
11,13279.971362,13279.971362,966.0,0.0,0.0,12313.971362,11,4,True,False,False,0,0,124,124,11,11,9539.971362,2040.0,373.0,1327.0,0,0,0,0,7279.971362,0.0,0.0,279,87,7,424,0,1245000210,True,,13279.971362,0.0,cluster
16,7985.902907,7985.902907,6042.467445,0.0,0.0,1943.4354619999995,14,10,False,False,False,0,0,23,20,16,16,5722.902907,1625.0,297.0,341.0,0,0,0,0,1985.9029069999997,0.0,0.0,78,2,6,87,2,1245000211,True,,7985.902907,0.0,outward
16,4980.551154,4980.551154,3998.670799,0.0,0.0,981.8803549999998,16,16,True,True,False,0,0,0,0,16,16,3851.5511539999998,875.0,162.0,92.0,0,0,0,0,0.0,0.0,0.0,53,0,0,0,0,1245000212,True,,4980.551154,0.0,area
12,12025.638537,12025.638537,8356.45099,0.0,0.0,3669.1875470000014,10,5,False,False,False,0,0,136,130,12,12,8887.638537,2400.0,447.0,291.0,0,0,0,0,6025.638537000001,0.0,0.0,248,96,7,75,2,1245000213,True,,12025.638537,0.0,edge
12,8789.761489,3385.225143,1541.0,5404.536346000001,0.6148672353355139,7248.761489,12,12,True,True,False,168,168,88,88,12,12,6940.761489,1515.0,274.0,60.0,4416.536346000001,840.0,148.0,0.0,2789.7614890000004,2789.7614890000004,0.0,248,88,0,0,0,1245000214,True,,8789.761489,0.0,cluster
16,11640.413458,11640.413458,8491.003552,0.0,0.0,3149.409906000001,10,6,False,False,False,0,0,123,109,16,16,8498.413458,2165.0,399.0,578.0,0,0,0,0,5640.413458000001,0.0,0.0,103,35,10,166,6,1245000215,True,,11640.413458,0.0,outward
13,14309.489789,14309.489789,3358.573001,0.0,0.0,10950.916787999999,13,5,True,False,False,0,0,151,147,13,13,10739.489789,2310.0,427.0,833.0,0,0,0,0,8309.489789,0.0,0.0,217,84,8,255,0,1245000216,True,,14309.489789,0.0,area
13,9246.084416,8091.661299,2333.0,1154.4231169999994,0.12485535120167342,6913.084416,13,9,True,False,False,35,35,108,103,13,13,6737.084416,2055.0,380.0,74.0,949.4231169999994,175.0,30.0,0.0,3246.0844159999997,1154.4231169999994,0.0,217,84,4,1,0,1245000217,True,,9246.084416,0.0,edge
10,9085.072467,9085.072467,689.0,0.0,0.0,8396.072467,10,9,True,False,False,0,0,105,103,10,10,6899.072467,1805.0,331.0,50.0,0,0,0,0,3085.072467,0.0,0.0,310,100,1,0,0,1245000218,True,,9085.072467,0.0,cluster
11,10556.282183,9910.730319,7388.450613,645.5518639999991,0.06115333531341231,3167.8315699999994,8,3,False,False,False,9,9,147,137,11,11,7584.282182999999,2455.0,462.0,55.0,592.5518639999991,45.0,8.0,0.0,4556.282182999999,645.5518639999991,0.0,279,108,8,0,3,1245000219,True,,10556.282183,0.0,outward
14,10782.27646,8773.617372,5770.728909,2008.6590879999985,0.1862926716312372,5011.547550999999,14,10,True,False,False,30,30,98,94,14,14,8560.27646,1815.0,334.0,73.0,1833.6590879999985,150.0,25.0,0.0,4782.276459999999,2008.6590879999985,0.0,186,82,4,0,0,1245000220,True,,10782.27646,0.0,area
12,9228.116065,6175.647967,1991.0,3052.4680980000003,0.33077911856541004,7237.116065,12,11,True,False,False,80,80,88,88,12,12,6724.116065,2060.0,384.0,60.0,2582.4680980000003,400.0,70.0,0.0,3228.116065,3052.4680980000003,0.0,248,88,1,0,0,1245000221,True,,9228.116065,0.0,edge
10,9451.264402,4961.941494,383.0,4489.322908000001,0.4749970709792022,9068.264402,10,10,True,True,False,150,150,120,120,10,10,7058.264402000001,1975.0,365.0,53.0,3603.322908000001,750.0,136.0,0.0,3451.2644020000007,3451.2644020000007,0.0,310,120,0,0,0,1245000222,True,,9451.264402,0.0,cluster
13,10431.705831,9637.033252,7840.870838,794.672579,0.07617858400861573,2590.8349929999995,11,7,False,False,False,21,21,126,115,13,13,7643.705830999999,2290.0,427.0,71.0,671.672579,105.0,18.0,0.0,4431.705830999999,794.672579,0.0,217,91,6,1,2,1245000223,True,,10431.705831,0.0,outward
11,10092.986049,9389.322363,5960.438141,703.6636859999999,0.06971808764857235,4132.547908,11,7,True,False,False,18,18,140,136,11,11,7439.986048999999,2190.0,408.0,55.0,597.6636859999999,90.0,16.0,0.0,4092.986048999999,703.6636859999999,0.0,279,117,4,0,0,1245000224,True,,10092.986049,0.0,area
10,9842.932515,7401.658587,3343.600163,2441.2739280000005,0.24802302812496732,6499.332352,10,7,True,False,False,70,70,126,123,10,10,7183.932515,2185.0,406.0,68.0,2028.2739280000005,350.0,63.0,0.0,3842.9325150000004,2441.2739280000005,0.0,310,120,3,1,0,1245000225,True,,9842.932515,0.0,edge
10,8622.905295,2305.390173,647.0,6317.515122000001,0.7326434543660381,7975.9052950000005,10,10,True,True,False,240,240,100,100,10,10,6487.9052950000005,1760.0,322.0,53.0,4900.515122000001,1200.0,217.0,0.0,2622.9052950000005,2622.9052950000005,0.0,310,100,0,0,0,1245000226,True,,8622.905295,0.0,cluster
14,9346.144511,7835.951243,3284.583614,1510.193268,0.16158462628333736,6061.560897,14,10,True,False,False,36,36,83,80,14,14,7021.144511,1905.0,350.0,70.0,1300.193268,180.0,30.0,0.0,3346.1445110000004,1510.193268,0.0,186,71,4,0,0,1245000227,True,,9346.144511,0.0,outward
12,9634.093518,7578.427397,3908.913155,2055.6661209999993,0.21337410905958776,5725.1803629999995,12,10,True,False,False,56,56,101,100,12,12,7455.093518,1785.0,328.0,66.0,1725.6661209999993,280.0,50.0,0.0,3634.0935179999997,2055.6661209999993,0.0,248,96,2,0,0,1245000228,True,,9634.093518,0.0,area
12,9380.572003,8522.582508,4209.926888,857.9894949999998,0.09146451780612166,5170.645114999999,12,11,True,False,False,32,32,104,102,12,12,6873.572002999999,2060.0,384.0,63.0,669.9894949999998,160.0,28.0,0.0,3380.5720029999993,857.9894949999998,0.0,248,96,1,0,0,1245000229,True,,9380.572003,0.0,edge
14,9806.310842,9806.310842,656.293026,0.0,0.0,9150.017816000001,14,13,True,False,False,0,0,66,66,14,14,7865.310842000001,1270.0,223.0,448.0,0,0,0,0,3806.310842000001,0.0,0.0,186,54,1,125,0,1245000230,True,,9806.310842,0.0,cluster
12,10915.813255,10915.813255,7641.05481,0.0,0.0,3274.7584449999995,11,6,False,False,False,0,0,144,137,12,12,7915.813254999999,2340.0,435.0,225.0,0,0,0,0,4915.813254999999,0.0,0.0,248,104,6,55,1,1245000231,True,,10915.813255,0.0,outward
12,9213.914893,6502.120807,1031.0,2711.794085999999,0.29431507860575146,8182.914892999999,12,11,True,False,False,80,80,98,96,12,12,6986.914892999999,1830.0,337.0,60.0,2241.794085999999,400.0,70.0,0.0,3213.914892999999,2711.794085999999,0.0,248,96,1,0,0,1245000232,True,,9213.914893,0.0,area
15,9425.667009,9304.865375,4641.635837,120.80163400000129,0.012816242488160795,4784.031172000001,15,12,True,False,False,5,5,61,59,15,15,7207.667009000001,1810.0,333.0,75.0,91.80163400000129,25.0,4.0,0.0,3425.6670090000007,120.80163400000129,0.0,155,55,3,0,0,1245000233,True,,9425.667009,0.0,edge
14,8858.820642,8858.820642,431.0,0.0,0.0,8427.820642,14,13,True,False,False,0,0,66,66,14,14,7228.820642000001,1300.0,227.0,103.0,0,0,0,0,2858.8206420000006,0.0,0.0,186,54,1,11,0,1245000234,True,,8858.820642,0.0,cluster
12,10101.589819,10101.589819,9438.992449,0.0,0.0,662.5973700000013,6,2,False,False,False,0,0,160,146,12,12,6862.589819000001,2670.0,503.0,66.0,0,0,0,0,4101.589819000001,0.0,0.0,248,96,10,2,6,1245000235,True,,10101.589819,0.0,outward
10,9566.229925,9566.229925,1389.276909,0.0,0.0,8176.9530159999995,10,7,True,False,False,0,0,117,116,10,10,7051.229925,2080.0,385.0,50.0,0,0,0,0,3566.2299249999996,0.0,0.0,310,110,3,0,0,1245000236,True,,9566.229925,0.0,area
11,9681.884553,7306.895489,1961.0,2374.9890639999994,0.2453023531729773,7720.884553,11,6,True,False,False,63,63,106,102,11,11,6951.884553,2250.0,419.0,61.0,2003.9890639999994,315.0,56.0,0.0,3681.884553,2374.9890639999994,0.0,279,99,5,1,0,1245000237,True,,9681.884553,0.0,edge
12,8790.172927,8601.345466,431.0,188.82746099999895,0.021481654862556147,8359.172927,12,11,True,False,False,8,8,98,96,12,12,6774.172927,1655.0,301.0,60.0,141.82746099999895,40.0,7.0,0.0,2790.1729269999996,188.82746099999895,0.0,248,88,1,0,0,1245000238,True,,8790.172927,0.0,cluster
12,10143.538992,10143.538992,8205.710108,0.0,0.0,1937.8288840000005,10,5,False,False,False,0,0,138,127,12,12,7240.538992,2325.0,434.0,144.0,0,0,0,0,4143.538992,0.0,0.0,248,100,7,28,2,1245000239,True,,10143.538992,0.0,outward
10,9264.878859,7518.117967,2036.660361,1746.7608920000002,0.18853575082670168,7228.218498,10,8,True,False,False,70,70,138,136,10,10,6749.878859,2075.0,384.0,56.0,1333.7608920000002,350.0,63.0,0.0,3264.8788590000004,1746.7608920000002,0.0,310,127,2,0,0,1245000240,True,,9264.878859,0.0,area
10,9392.731362,6643.46105,1703.0,2749.2703120000006,0.2927018995904293,7689.731362,10,7,True,False,False,90,90,125,120,10,10,6616.731362,2295.0,428.0,53.0,2218.2703120000006,450.0,81.0,0.0,3392.7313620000004,2749.2703120000006,0.0,310,120,3,0,0,1245000241,True,,9392.731362,0.0,edge
10,8610.167349,3403.94454,2457.795364,5206.222808999999,0.6046598861524636,6152.371985,10,10,True,True,False,200,200,106,106,10,10,6509.167348999999,1735.0,316.0,50.0,4026.2228089999994,1000.0,180.0,0.0,2610.1673489999994,2610.1673489999994,0.0,310,106,0,0,0,1245000242,True,,8610.167349,0.0,cluster
11,9698.180052,8884.890627,3231.527981,813.289424999999,0.0838600047265857,6466.6520709999995,11,8,True,False,False,18,18,109,107,11,11,7045.180052,2190.0,408.0,55.0,707.289424999999,90.0,16.0,0.0,3698.1800519999997,813.289424999999,0.0,279,99,3,0,0,1245000243,True,,9698.180052,0.0,outward
15,9918.75509,7683.239472,5748.317952,2235.5156180000004,0.22538268136631653,4170.437138,15,13,True,False,False,30,30,71,68,15,15,8103.755090000001,1475.0,265.0,75.0,2061.5156180000004,150.0,24.0,0.0,3918.7550900000006,2235.5156180000004,0.0,155,62,2,0,0,1245000244,True,,9918.75509,0.0,area
15,9459.805262,7355.143256,3912.096615,2104.6620059999996,0.22248470742356807,5547.7086469999995,15,14,True,False,False,30,30,55,55,15,15,7333.805262,1730.0,315.0,81.0,1930.6620059999996,150.0,24.0,0.0,3459.805262,2104.6620059999996,0.0,155,55,1,0,0,1245000245,True,,9459.805262,0.0,edge
10,11349.465995,11349.465995,1367.0,0.0,0.0,9982.465995,10,0,True,False,False,0,0,156,156,10,10,8188.4659950000005,2480.0,460.0,221.0,0,0,0,0,5349.4659950000005,0.0,0.0,310,100,10,57,0,1245000246,True,,11349.465995,0.0,cluster
14,9890.517123,9630.181529,8249.539217,260.3355940000001,0.026321737353307863,1640.977906,7,5,False,False,False,6,6,134,115,14,14,6937.517123,2420.0,454.0,79.0,225.33559400000013,30.0,5.0,0.0,3890.5171229999996,260.3355940000001,0.0,186,72,9,3,7,1245000247,True,,9890.517123,0.0,outward
12,9675.292142,9183.198632,2032.640549,492.0935100000006,0.05086084252317769,7642.6515930000005,12,11,True,False,False,16,16,106,105,12,12,7358.292142,1905.0,352.0,60.0,397.0935100000006,80.0,15.0,0.0,3675.2921420000002,492.0935100000006,0.0,248,96,1,0,0,1245000248,True,,9675.292142,0.0,area
15,9930.245653,9930.245653,9119.12993,0.0,0.0,811.1157230000008,14,11,False,False,False,0,0,81,79,15,15,7629.245653,1840.0,335.0,126.0,0,0,0,0,3930.245653,0.0,0.0,155,55,4,15,1,1245000249,True,,9930.245653,0.0,edge
14,8600.544931,2566.822545,696.0,6033.722386,0.7015511731415894,7904.544931,14,14,True,True,False,150,150,66,66,14,14,7135.544931,1180.0,206.0,79.0,5158.722386,750.0,125.0,0.0,2600.5449310000004,2600.5449310000004,0.0,186,66,0,0,0,1245000250,True,,8600.544931,0.0,cluster
15,11928.642874,11928.642874,9444.464044,0.0,0.0,2484.178829999999,9,4,False,False,False,0,0,156,139,15,15,8402.642874,2525.0,473.0,528.0,0,0,0,0,5928.642873999999,0.0,0.0,155,61,11,151,6,1245000251,True,,11928.642874,0.0,outward
16,9385.980227,9385.980227,5274.440621,0.0,0.0,4111.539606,16,11,True,False,False,0,0,6,6,16,16,7213.980227,1240.0,222.0,710.0,0,0,0,0,3385.980227,0.0,0.0,68,0,5,204,0,1245000252,True,,9385.980227,0.0,area
14,10548.518212,10082.485946,8400.713344,466.03226600000016,0.0441798797360791,2147.804868000001,13,6,False,False,False,12,12,140,128,14,14,7754.518212000001,2290.0,428.0,76.0,396.03226600000016,60.0,10.0,0.0,4548.518212000001,466.03226600000016,0.0,186,81,8,0,1,1245000253,True,,10548.518212,0.0,edge
12,8607.352934,2027.29539,1382.831154,6580.057544,0.764469354801061,7224.521780000001,12,12,True,True,False,208,208,81,81,12,12,6863.3529340000005,1425.0,256.0,63.0,5358.057544,1040.0,182.0,0.0,2607.3529340000005,2607.3529340000005,0.0,248,81,0,0,0,1245000254,True,,8607.352934,0.0,cluster
15,15780.34544,15780.34544,8829.337265,0.0,0.0,6951.008174999999,10,3,False,False,False,0,0,199,188,15,15,11078.34544,2750.0,512.0,1440.0,0,0,0,0,9780.34544,0.0,0.0,155,60,12,455,5,1245000255,True,,15780.34544,0.0,outward
14,10809.360042,10167.17013,3712.089213,642.1899119999998,0.059410539523594104,7097.270829,14,9,True,False,False,18,18,119,116,14,14,8200.360042,2135.0,398.0,76.0,536.1899119999998,90.0,16.0,0.0,4809.360042,642.1899119999998,0.0,186,78,5,2,0,1245000256,True,,10809.360042,0.0,area
16,9748.834418,9748.834418,8739.747499,0.0,0.0,1009.0869190000012,15,9,False,False,False,0,0,56,50,16,16,7321.834418,1925.0,359.0,143.0,0,0,0,0,3748.8344180000004,0.0,0.0,100,24,7,15,1,1245000257,True,,9748.834418,0.0,edge
14,8749.737574,8749.737574,437.0,0.0,0.0,8312.737574,14,13,True,False,False,0,0,73,73,14,14,7138.737574000001,1300.0,229.0,82.0,0,0,0,0,2749.7375740000007,0.0,0.0,186,60,1,3,0,1245000258,True,,8749.737574,0.0,cluster
16,9152.40874,9152.40874,8041.680011,0.0,0.0,1110.7287290000004,15,11,False,False,False,0,0,64,59,16,16,7007.408740000001,1705.0,315.0,125.0,0,0,0,0,3152.4087400000008,0.0,0.0,96,28,5,13,1,1245000259,True,,9152.40874,0.0,outward
13,10298.553508,9765.096539,7438.223984,533.4569690000008,0.05179921321820652,2860.3295240000007,12,10,False,False,False,14,14,108,105,13,13,8064.553508000001,1830.0,336.0,68.0,451.45696900000075,70.0,12.0,0.0,4298.553508000001,533.4569690000008,0.0,217,98,3,0,1,1245000260,True,,10298.553508,0.0,area
15,10172.810277,10172.810277,4985.892578,0.0,0.0,5186.9176990000005,15,10,True,False,False,0,0,84,80,15,15,7499.8102770000005,2035.0,374.0,264.0,0,0,0,0,4172.8102770000005,0.0,0.0,155,55,5,62,0,1245000261,True,,10172.810277,0.0,edge
13,8406.193563,2197.568449,1007.0,6208.625114,0.738577462851601,7399.193563000001,13,13,True,True,False,175,175,70,70,13,13,6707.193563000001,1380.0,245.0,74.0,5183.625114,875.0,150.0,0.0,2406.1935630000007,2406.1935630000007,0.0,217,70,0,0,0,1245000262,True,,8406.193563,0.0,cluster
13,10729.755711,10394.410094,6075.762046,335.34561699999904,0.03125379794585698,4653.993665,12,6,False,False,False,7,7,134,125,13,13,7893.755711,2335.0,436.0,65.0,294.34561699999904,35.0,6.0,0.0,4729.755711,335.34561699999904,0.0,217,91,7,0,1,1245000263,True,,10729.755711,0.0,outward
14,11723.032697,11723.032697,4570.691413,0.0,0.0,7152.341284000001,14,9,True,False,False,0,0,126,124,14,14,9178.032697,1905.0,345.0,295.0,0,0,0,0,5723.032697000001,0.0,0.0,186,78,5,75,0,1245000264,True,,11723.032697,0.0,area
11,10357.350229,10357.350229,3649.903227,0.0,0.0,6707.447002,11,8,True,False,False,0,0,117,114,11,11,7705.350229,2135.0,396.0,121.0,0,0,0,0,4357.350229,0.0,0.0,279,108,3,18,0,1245000265,True,,10357.350229,0.0,edge
15,9527.003601,9527.003601,689.0,0.0,0.0,8838.003601,15,14,True,False,False,0,0,68,68,15,15,7870.003601,1185.0,205.0,267.0,0,0,0,0,3527.0036010000003,0.0,0.0,155,54,1,64,0,1245000266,True,,9527.003601,0.0,cluster
15,16361.859664,16361.859664,7295.396506,0.0,0.0,9066.463157999999,11,7,False,False,False,0,0,144,136,15,15,11780.859664,2380.0,437.0,1764.0,0,0,0,0,10361.859664,0.0,0.0,155,60,8,563,4,1245000267,True,,16361.859664,0.0,outward
14,9257.860455,6724.934761,2577.222611,2532.9256939999996,0.2735973075325426,6680.637844,14,13,True,False,False,54,54,73,72,14,14,7399.860455,1515.0,273.0,70.0,2217.9256939999996,270.0,45.0,0.0,3257.860455,2532.9256939999996,0.0,186,72,1,0,0,1245000268,True,,9257.860455,0.0,area
10,9755.42939,9147.913709,8440.966012,607.515680999999,0.06227462233725409,1314.4633779999986,8,3,False,False,False,20,20,165,155,10,10,6655.429389999999,2545.0,478.0,77.0,489.51568099999895,100.0,18.0,0.0,3755.4293899999993,607.515680999999,0.0,310,128,7,8,2,1245000269,True,,9755.42939,0.0,edge
14,9589.80904,9589.80904,5965.184189,0.0,0.0,3624.6248510000005,14,11,True,False,False,0,0,60,59,14,14,7657.80904,1460.0,261.0,211.0,0,0,0,0,3589.80904,0.0,0.0,186,54,3,47,0,1245000270,True,,9589.80904,0.0,cluster
16,9545.102984,9545.102984,4433.92293,0.0,0.0,5111.1800539999995,16,13,True,False,False,0,0,12,12,16,16,6869.102983999999,1520.0,278.0,878.0,0,0,0,0,3545.102983999999,0.0,0.0,57,0,3,253,0,1245000271,True,,9545.102984,0.0,outward
16,7453.300362,7453.300362,5721.926654,0.0,0.0,1731.373708,16,11,True,False,False,0,0,5,3,16,16,5833.300362,1180.0,213.0,227.0,0,0,0,0,1453.300362,0.0,0.0,72,0,5,47,0,1245000272,True,,7453.300362,0.0,area
12,10310.659667,9475.447788,3865.094241,835.2118790000004,0.08100469862982244,6445.565426,12,5,True,False,False,16,16,132,124,12,12,7379.659667,2400.0,450.0,81.0,740.2118790000004,80.0,15.0,0.0,4310.659667,835.2118790000004,0.0,248,88,7,1,0,1245000273,True,,10310.659667,0.0,edge
16,2385.363471,2385.363471,119.0,0.0,0.0,2266.363471,16,16,True,True,False,0,0,0,0,16,16,1658.3634710000001,210.0,38.0,479.0,0,0,0,0,0.0,0.0,0.0,4,0,0,0,0,1245000274,True,,2385.363471,0.0,cluster
14,10010.278167,9536.780616,7740.974805,473.4975510000004,0.04730113820022883,2269.3033620000006,10,7,False,False,False,12,12,124,114,14,14,7202.278167,2305.0,430.0,73.0,403.4975510000004,60.0,10.0,0.0,4010.2781670000004,473.4975510000004,0.0,186,78,7,1,4,1245000275,True,,10010.278167,0.0,outward
16,15314.060197,15314.060197,7424.210523,0.0,0.0,7889.849674000001,15,8,False,False,False,0,0,114,112,16,16,11545.060197,2045.0,369.0,1355.0,0,0,0,0,9314.060197,0.0,0.0,92,20,8,423,1,1245000276,True,,15314.060197,0.0,area
14,9655.45885,9655.45885,4515.703888,0.0,0.0,5139.754962000001,14,11,True,False,False,0,0,87,84,14,14,7147.458850000001,2050.0,379.0,79.0,0,0,0,0,3655.458850000001,0.0,0.0,186,66,3,0,0,1245000277,True,,9655.45885,0.0,edge
11,9211.381525,2297.216524,377.0,6914.165001000001,0.750611076333634,8834.381525,11,11,True,True,False,225,225,99,99,11,11,7284.381525000001,1585.0,287.0,55.0,5589.165001,1125.0,200.0,0.0,3211.3815250000007,3211.3815250000007,0.0,279,99,0,0,0,1245000278,True,,9211.381525,0.0,cluster
10,10271.904724,10003.748932,9533.87102,268.15579199999956,0.026105751484772004,738.0337039999995,6,2,False,False,False,10,10,133,123,10,10,7270.904724,2485.0,466.0,50.0,209.15579199999956,50.0,9.0,0.0,4271.904724,268.15579199999956,0.0,310,110,8,0,4,1245000279,True,,10271.904724,0.0,outward
13,9169.319452,4917.940554,1944.17127,4251.378898,0.4636526102351789,7225.148182,13,13,True,True,False,112,112,84,84,13,13,7200.319452,1610.0,291.0,68.0,3595.378898,560.0,96.0,0.0,3169.3194519999997,3169.3194519999997,0.0,217,84,0,0,0,1245000280,True,,9169.319452,0.0,area
12,10166.621144,9687.213413,7499.803031,479.40773100000115,0.047155069930281755,2666.8181130000003,10,4,False,False,False,16,16,133,120,12,12,7118.621144000001,2510.0,472.0,66.0,385.40773100000115,80.0,14.0,0.0,4166.621144000001,479.40773100000115,0.0,248,96,8,1,2,1245000281,True,,10166.621144,0.0,edge
16,2004.235672,2004.235672,401.0,0.0,0.0,1603.235672,16,16,True,True,False,0,0,0,0,16,16,1404.235672,285.0,52.0,263.0,0,0,0,0,0.0,0.0,0.0,8,0,0,0,0,1245000282,True,,2004.235672,0.0,cluster
16,5078.671537,5078.671537,3789.000142,0.0,0.0,1289.6713950000003,16,16,True,True,True,0,0,0,0,16,16,3708.671537,1075.0,203.0,92.0,0,0,0,0,0.0,0.0,0.0,46,0,0,0,0,1245000283,True,,5078.671537,0.0,outward
12,9227.611256,7506.064718,1606.285222,1721.5465380000005,0.18656470133379452,7621.326034,12,8,True,False,False,56,56,95,94,12,12,7000.611256,1830.0,337.0,60.0,1392.5465380000005,280.0,49.0,0.0,3227.611256,1721.5465380000005,0.0,248,88,4,0,0,1245000284,True,,9227.611256,0.0,area
10,10294.167817,9765.998868,7491.933799,528.168948999999,0.05130759070468717,2802.234017999999,9,4,False,False,False,20,20,148,142,10,10,7274.167817,2500.0,470.0,50.0,410.168948999999,100.0,18.0,0.0,4294.167817,528.168948999999,0.0,310,124,6,0,1,1245000285,True,,10294.167817,0.0,edge
15,8099.18752,1973.054167,719.0,6126.133353,0.756388630078292,7380.18752,15,15,True,True,False,130,130,45,45,15,15,6800.18752,1045.0,179.0,75.0,5372.133353,650.0,104.0,0.0,2099.1875200000004,2099.1875200000004,0.0,155,45,0,0,0,1245000286,True,,8099.18752,0.0,cluster
15,11218.886543,11218.886543,8790.516136,0.0,0.0,2428.3704070000003,14,7,False,False,False,0,0,95,88,15,15,8528.886543,2020.0,373.0,297.0,0,0,0,0,5218.8865430000005,0.0,0.0,155,55,8,74,1,1245000287,True,,11218.886543,0.0,outward
15,10621.398124,10621.398124,5328.75214,0.0,0.0,5292.645984,15,13,True,False,False,0,0,92,91,15,15,8517.398124,1645.0,297.0,162.0,0,0,0,0,4621.398123999999,0.0,0.0,155,65,2,29,0,1245000288,True,,10621.398124,0.0,area
16,7033.657813,7033.657813,4358.867861,0.0,0.0,2674.789952,16,15,True,False,False,0,0,0,0,16,16,4973.657813,1285.0,239.0,536.0,0,0,0,0,1033.6578129999998,0.0,0.0,58,0,1,133,0,1245000289,True,,7033.657813,0.0,edge
15,8369.734252,5532.530063,990.0,2837.204189,0.3389837841412984,7379.734252,15,15,True,True,False,55,55,45,45,15,15,7016.734252,1090.0,188.0,75.0,2518.204189,275.0,44.0,0.0,2369.734252,2369.734252,0.0,155,45,0,0,0,1245000290,True,,8369.734252,0.0,cluster
12,9964.566978,9964.566978,8237.47934,0.0,0.0,1727.0876380000009,9,5,False,False,False,0,0,155,146,12,12,6869.566978000001,2555.0,480.0,60.0,0,0,0,0,3964.5669780000007,0.0,0.0,248,96,7,0,3,1245000291,True,,9964.566978,0.0,outward
13,10341.485051,8551.496447,2625.866329,1789.9886040000001,0.17308815853550086,7715.618721999999,13,5,True,False,False,35,35,96,92,13,13,7913.485051,1995.0,368.0,65.0,1584.9886040000001,175.0,30.0,0.0,4341.485051,1789.9886040000001,0.0,217,77,8,0,0,1245000292,True,,10341.485051,0.0,area
11,9606.89409,8661.277841,3354.283824,945.6162490000006,0.09843100591525317,6252.610266,11,8,True,False,False,27,27,110,107,11,11,6957.89409,2180.0,405.0,64.0,786.6162490000006,135.0,24.0,0.0,3606.89409,945.6162490000006,0.0,279,99,3,0,0,1245000293,True,,9606.89409,0.0,edge
15,11938.964939,11938.964939,3971.0,0.0,0.0,7967.9649389999995,15,13,True,False,False,0,0,87,87,15,15,9227.964939,1785.0,323.0,603.0,0,0,0,0,5938.9649389999995,0.0,0.0,155,70,2,176,0,1245000294,True,,11938.964939,0.0,cluster
14,9981.137581,9981.137581,8820.206008,0.0,0.0,1160.9315730000017,6,6,False,False,False,0,0,140,124,14,14,7137.137581000001,2330.0,435.0,79.0,0,0,0,0,3981.137581000001,0.0,0.0,186,72,8,3,8,1245000295,True,,9981.137581,0.0,outward
10,10864.063382,10864.063382,2410.404497,0.0,0.0,8453.658885,10,6,True,False,False,0,0,147,145,10,10,8184.063382,2215.0,412.0,53.0,0,0,0,0,4864.063382,0.0,0.0,310,120,4,0,0,1245000296,True,,10864.063382,0.0,area
12,11457.335202,11457.335202,7849.254171,0.0,0.0,3608.0810310000006,10,8,False,False,False,0,0,138,133,12,12,8249.335202,2355.0,439.0,414.0,0,0,0,0,5457.335202,0.0,0.0,248,96,4,116,2,1245000297,True,,11457.335202,0.0,edge
16,1531.235614,1531.235614,119.0,0.0,0.0,1412.235614,16,16,True,True,False,0,0,0,0,16,16,1175.235614,230.0,43.0,83.0,0,0,0,0,0.0,0.0,0.0,4,0,0,0,0,1245000298,True,,1531.235614,0.0,cluster
10,9783.735311,9529.61987,8893.689952,254.11544099999992,0.025973253866986172,890.0453589999997,7,2,False,False,False,10,10,166,152,10,10,6536.735311,2690.0,507.0,50.0,195.11544099999992,50.0,9.0,0.0,3783.7353110000004,254.11544099999992,0.0,310,120,8,0,3,1245000299,True,,9783.735311,0.0,outward
14,12278.168316,12278.168316,3423.021165,0.0,0.0,8855.147151,14,8,True,False,False,0,0,131,128,14,14,9698.168316,1960.0,358.0,262.0,0,0,0,0,6278.168315999999,0.0,0.0,186,80,6,64,0,1245000300,True,,12278.168316,0.0,area
16,7079.304707,7079.304707,5043.231797,0.0,0.0,2036.0729099999999,16,13,True,False,False,0,0,0,0,16,16,5106.304707,1405.0,263.0,305.0,0,0,0,0,1079.3047070000002,0.0,0.0,61,0,3,68,0,1245000301,True,,7079.304707,0.0,edge
15,9701.609248,4818.327087,2961.468957,4883.282161000001,0.5033476443103185,6740.140291000001,15,15,True,True,False,95,95,75,75,15,15,8019.609248000001,1355.0,243.0,84.0,4331.282161000001,475.0,77.0,0.0,3701.6092480000007,3701.6092480000007,0.0,155,75,0,0,0,1245000302,True,,9701.609248,0.0,cluster
16,14996.158777,14996.158777,8109.271378,0.0,0.0,6886.887399,9,5,False,False,False,0,0,124,110,16,16,10778.158777,2340.0,430.0,1448.0,0,0,0,0,8996.158777,0.0,0.0,98,22,11,455,7,1245000303,True,,14996.158777,0.0,outward
14,9808.991488,6434.129755,2056.760072,3374.8617329999997,0.34405797345514016,7752.231416,14,11,True,False,False,72,72,72,72,14,14,8027.991488,1450.0,261.0,70.0,2953.8617329999997,360.0,61.0,0.0,3808.9914879999997,3374.8617329999997,0.0,186,72,3,0,0,1245000304,True,,9808.991488,0.0,area
14,10009.498956,7564.705156,5289.367924,2444.7937999999995,0.24424737049745285,4720.131031999999,14,12,True,False,False,36,36,81,80,14,14,7756.498955999999,1835.0,336.0,82.0,2234.7937999999995,180.0,30.0,0.0,4009.4989559999995,2444.7937999999995,0.0,186,72,2,0,0,1245000305,True,,10009.498956,0.0,edge
14,9301.19902,9301.19902,2094.009406,0.0,0.0,7207.189614,14,12,True,False,False,0,0,91,89,14,14,7426.19902,1530.0,275.0,70.0,0,0,0,0,3301.19902,0.0,0.0,186,66,2,0,0,1245000306,True,,9301.19902,0.0,cluster
13,9584.786009,8671.254908,8116.579942,913.5311009999987,0.09531053694283878,1468.2060669999992,11,7,False,False,False,21,21,96,90,13,13,6885.7860089999995,2215.0,413.0,71.0,790.5311009999987,105.0,18.0,0.0,3584.7860089999995,913.5311009999987,0.0,217,77,6,0,2,1245000307,True,,9584.786009,0.0,outward
15,11535.622891,11535.622891,5705.642471,0.0,0.0,5829.980420000001,15,9,True,False,False,0,0,87,87,15,15,8853.622891,1925.0,352.0,405.0,0,0,0,0,5535.622891000001,0.0,0.0,155,60,6,107,0,1245000308,True,,11535.622891,0.0,area
10,9478.49618,7414.757417,1949.0,2063.7387630000003,0.21772850078840253,7529.49618,10,4,True,False,False,80,80,129,126,10,10,6685.49618,2305.0,432.0,56.0,1591.7387630000003,400.0,72.0,0.0,3478.49618,2063.7387630000003,0.0,310,120,6,1,0,1245000309,True,,9478.49618,0.0,edge
12,8081.418516,1502.439896,738.678274,6578.97862,0.8140871069818506,7342.740242,12,12,True,True,False,216,216,72,72,12,12,6368.418516,1400.0,250.0,63.0,5309.97862,1080.0,189.0,0.0,2081.4185159999997,2081.4185159999997,0.0,248,72,0,0,0,1245000310,True,,8081.418516,0.0,cluster
11,10244.37224,10244.37224,9139.023735,0.0,0.0,1105.348505,7,2,False,False,False,0,0,165,152,11,11,7113.372240000001,2585.0,488.0,58.0,0,0,0,0,4244.372240000001,0.0,0.0,279,117,9,1,4,1245000311,True,,10244.37224,0.0,outward
16,10607.617533,10607.617533,10284.288374,0.0,0.0,323.3291590000008,14,13,False,False,False,0,0,95,91,16,16,8366.617533,1815.0,331.0,95.0,0,0,0,0,4607.617533000001,0.0,0.0,121,53,3,5,2,1245000312,True,,10607.617533,0.0,area
12,10649.320889,10649.320889,7595.600606,0.0,0.0,3053.7202830000006,10,3,False,False,False,0,0,132,120,12,12,7637.3208890000005,2475.0,465.0,72.0,0,0,0,0,4649.3208890000005,0.0,0.0,248,89,9,2,2,1245000313,True,,10649.320889,0.0,edge
14,8225.382878,1983.738406,1046.911214,6241.644472,0.7588272259877651,7178.471664000001,14,14,True,True,False,156,156,54,54,14,14,6764.382878,1185.0,206.0,70.0,5331.644472000001,780.0,130.0,0.0,2225.3828780000003,2225.3828780000003,0.0,186,54,0,0,0,1245000314,True,,8225.382878,0.0,cluster
13,9674.595669,9674.595669,8358.286768,0.0,0.0,1316.3089010000003,10,8,False,False,False,0,0,125,119,13,13,7065.595669,2135.0,394.0,80.0,0,0,0,0,3674.5956690000003,0.0,0.0,217,84,5,5,3,1245000315,True,,9674.595669,0.0,outward
12,9698.004116,8097.70466,1368.0,1600.2994559999997,0.1650132786971896,8330.004116,12,10,True,False,False,40,40,88,88,12,12,7396.004116,1880.0,347.0,75.0,1365.2994559999997,200.0,35.0,0.0,3698.004116,1600.2994559999997,0.0,248,88,2,0,0,1245000316,True,,9698.004116,0.0,area
12,10701.815368,10701.815368,6852.933386,0.0,0.0,3848.881982,10,6,False,False,False,0,0,130,121,12,12,7640.815368,2405.0,449.0,207.0,0,0,0,0,4701.815368,0.0,0.0,248,89,6,49,2,1245000317,True,,10701.815368,0.0,edge
13,9019.130032,2636.809694,2204.249193,6382.3203379999995,0.7076425681141572,6814.8808389999995,13,13,True,True,False,168,168,84,84,13,13,7389.130031999999,1325.0,234.0,71.0,5398.320337999999,840.0,144.0,0.0,3019.130031999999,3019.130031999999,0.0,217,84,0,0,0,1245000318,True,,9019.130032,0.0,cluster
13,9972.117041,7614.743262,6814.273075,2357.3737789999996,0.23639652135125794,3157.8439659999995,11,5,False,False,False,42,42,93,84,13,13,7298.1170409999995,2200.0,409.0,65.0,2111.3737789999996,210.0,36.0,0.0,3972.1170409999995,2357.3737789999996,0.0,217,79,8,0,2,1245000319,True,,9972.117041,0.0,outward
12,10163.298772,9686.336168,6244.938456,476.9626040000003,0.046929900881595404,3918.3603160000002,10,3,False,False,False,16,16,124,116,12,12,7539.298772,2160.0,404.0,60.0,382.9626040000003,80.0,14.0,0.0,4163.298772,476.9626040000003,0.0,248,104,9,0,2,1245000320,True,,10163.298772,0.0,area
10,11236.654169,11236.654169,2285.0,0.0,0.0,8951.654169,10,6,True,False,False,0,0,127,127,10,10,8204.654169,2310.0,429.0,293.0,0,0,0,0,5236.6541689999995,0.0,0.0,310,110,4,81,0,1245000321,True,,11236.654169,0.0,edge
13,8916.121467,8916.121467,1913.596681,0.0,0.0,7002.524786000001,13,12,True,False,False,0,0,88,86,13,13,6960.121467000001,1595.0,290.0,71.0,0,0,0,0,2916.121467000001,0.0,0.0,217,77,1,0,0,1245000322,True,,8916.121467,0.0,cluster
12,9355.933669,8014.503018,4054.120682,1341.4306509999997,0.14337752900543782,5301.812986999999,12,10,True,False,False,32,32,98,95,12,12,7030.933669,1910.0,352.0,63.0,1153.4306509999997,160.0,28.0,0.0,3355.933669,1341.4306509999997,0.0,248,88,2,0,0,1245000323,True,,9355.933669,0.0,outward
16,10587.452713,10587.452713,7254.809128,0.0,0.0,3332.6435850000007,15,9,False,False,False,0,0,46,42,16,16,7813.452713000001,1605.0,294.0,875.0,0,0,0,0,4587.452713000001,0.0,0.0,83,15,7,264,1,1245000324,True,,10587.452713,0.0,area
14,9398.688889,8835.572847,4179.086423,563.1160419999997,0.05991431875770004,5219.602465999999,14,10,True,False,False,18,18,87,84,14,14,7004.688888999999,1960.0,361.0,73.0,458.11604199999965,90.0,15.0,0.0,3398.688888999999,563.1160419999997,0.0,186,72,4,0,0,1245000325,True,,9398.688889,0.0,edge
15,8246.474471,2325.011358,861.144213,5921.463113,0.7180599580855721,7385.330258,15,15,True,True,False,125,125,45,45,15,15,6977.4744709999995,1010.0,172.0,87.0,5195.463112999999,625.0,101.0,0.0,2246.4744709999995,2246.4744709999995,0.0,155,45,0,0,0,1245000326,True,,8246.474471,0.0,cluster
16,11469.99268,11469.99268,8749.360179,0.0,0.0,2720.632501,15,10,False,False,False,0,0,63,60,16,16,8798.99268,1800.0,326.0,545.0,0,0,0,0,5469.992679999999,0.0,0.0,108,28,6,155,1,1245000327,True,,11469.99268,0.0,outward
10,9151.981528,9151.981528,5267.638437,0.0,0.0,3884.3430910000006,10,6,True,False,False,0,0,117,115,10,10,6621.981528,2090.0,387.0,53.0,0,0,0,0,3151.9815280000003,0.0,0.0,310,110,4,0,0,1245000328,True,,9151.981528,0.0,area
14,9121.503182,5269.053952,1697.0,3852.44923,0.42234806622687643,7424.503182,14,14,True,True,False,84,84,66,66,14,14,6784.503182,1910.0,351.0,76.0,3362.44923,420.0,70.0,0.0,3121.5031820000004,3121.5031820000004,0.0,186,66,0,0,0,1245000329,True,,9121.503182,0.0,edge
12,8529.702482,2368.08099,1897.249801,6161.621492,0.7223723811003611,6632.452681000001,12,12,True,True,False,192,192,80,80,12,12,6718.702482000001,1485.0,266.0,60.0,5033.621492000001,960.0,168.0,0.0,2529.7024820000006,2529.7024820000006,0.0,248,80,0,0,0,1245000330,True,,8529.702482,0.0,cluster
11,9399.010204,8119.941569,3199.808441,1279.0686350000005,0.13608546083455242,6199.201763,11,8,True,False,False,36,36,109,104,11,11,6639.010204,2280.0,425.0,55.0,1067.0686350000005,180.0,32.0,0.0,3399.010204,1279.0686350000005,0.0,279,99,3,0,0,1245000331,True,,9399.010204,0.0,outward
12,9162.633188,5674.282968,4847.601603,3488.3502199999994,0.38071481728293755,4315.031585,12,12,True,True,False,104,104,96,96,12,12,7168.633188,1635.0,296.0,63.0,2877.3502199999994,520.0,91.0,0.0,3162.633188,3162.633188,0.0,248,96,0,0,0,1245000332,True,,9162.633188,0.0,area
12,10146.413392,10146.413392,3806.55062,0.0,0.0,6339.862772,12,8,True,False,False,0,0,122,119,12,12,7551.413392,2080.0,386.0,129.0,0,0,0,0,4146.413392,0.0,0.0,248,96,4,20,0,1245000333,True,,10146.413392,0.0,edge
16,1955.143752,1955.143752,431.0,0.0,0.0,1524.143752,16,16,True,True,False,0,0,0,0,16,16,1352.143752,220.0,39.0,344.0,0,0,0,0,0.0,0.0,0.0,8,0,0,0,0,1245000334,True,,1955.143752,0.0,cluster
13,12563.972716,12563.972716,9024.58152,0.0,0.0,3539.3911960000005,8,4,False,False,False,0,0,151,137,13,13,8741.972716,2550.0,475.0,797.0,0,0,0,0,6563.972716,0.0,0.0,217,84,9,244,5,1245000335,True,,12563.972716,0.0,outward
16,5855.799258,5855.799258,3282.021333,0.0,0.0,2573.777925,16,16,True,True,True,0,0,0,0,16,16,4567.799258,785.0,144.0,359.0,0,0,0,0,0.0,0.0,0.0,36,0,0,0,0,1245000336,True,,5855.799258,0.0,area
16,6792.452376,6792.452376,4376.68905,0.0,0.0,2415.7633260000002,16,12,True,False,False,0,0,0,0,16,16,5003.452376,1225.0,229.0,335.0,0,0,0,0,792.4523760000002,0.0,0.0,58,0,4,1,0,1245000337,True,,6792.452376,0.0,edge
13,8632.438045,8632.438045,2226.212728,0.0,0.0,6406.225317,13,12,True,False,False,0,0,81,80,13,13,6834.438045000001,1470.0,263.0,65.0,0,0,0,0,2632.438045000001,0.0,0.0,217,70,1,0,0,1245000338,True,,8632.438045,0.0,cluster
15,11884.607983,11884.607983,6344.413404,0.0,0.0,5540.194579,13,10,False,False,False,0,0,97,91,15,15,8951.607983,2110.0,388.0,435.0,0,0,0,0,5884.607983,0.0,0.0,155,55,5,120,2,1245000339,True,,11884.607983,0.0,outward
11,9227.061251,7493.171956,359.0,1733.889294999999,0.1879134913959833,8868.061251,11,7,True,False,False,54,54,93,92,11,11,7043.061250999999,1795.0,328.0,61.0,1415.889294999999,270.0,48.0,0.0,3227.061250999999,1733.889294999999,0.0,279,90,4,0,0,1245000340,True,,9227.061251,0.0,area
16,11283.17402,11283.17402,9360.850564,0.0,0.0,1922.323456,10,4,False,False,False,0,0,115,97,16,16,8177.17402,2265.0,419.0,422.0,0,0,0,0,5283.17402,0.0,0.0,112,36,12,114,6,1245000341,True,,11283.17402,0.0,edge
14,10353.863662,10353.863662,8010.945191,0.0,0.0,2342.918471,12,4,False,False,False,0,0,150,144,14,14,7524.863662,2275.0,421.0,133.0,0,0,0,0,4353.863662,0.0,0.0,186,64,10,21,2,1245000342,True,,10353.863662,0.0,cluster
14,9720.849391,9720.849391,5643.316369,0.0,0.0,4077.5330219999996,14,6,True,False,False,0,0,91,86,14,14,7046.849391,2195.0,409.0,70.0,0,0,0,0,3720.8493909999997,0.0,0.0,186,66,8,0,0,1245000343,True,,9720.849391,0.0,outward
16,5052.86843,5052.86843,1960.593453,0.0,0.0,3092.2749770000005,16,16,True,True,True,0,0,0,0,16,16,4001.8684300000004,800.0,150.0,101.0,0,0,0,0,0.0,0.0,0.0,25,0,0,0,0,1245000344,True,,5052.86843,0.0,area
13,10333.848573,10333.848573,7618.451485,0.0,0.0,2715.3970879999997,10,3,False,False,False,0,0,150,138,13,13,7281.848572999999,2510.0,471.0,71.0,0,0,0,0,4333.848572999999,0.0,0.0,217,84,10,2,3,1245000345,True,,10333.848573,0.0,edge
11,8401.061174,1771.567434,119.0,6629.49374,0.789125754793605,8282.061174,11,11,True,True,False,234,234,81,81,11,11,6457.061174,1600.0,289.0,55.0,5251.493740000001,1170.0,208.0,0.0,2401.0611740000004,2401.0611740000004,0.0,279,81,0,0,0,1245000346,True,,8401.061174,0.0,cluster
14,9755.812355,7438.480687,6710.025433,2317.331668,0.23753343993053871,3045.7869220000002,12,9,False,False,False,54,54,89,83,14,14,7308.812355,2005.0,372.0,70.0,2001.3316679999998,270.0,46.0,0.0,3755.812355,2317.331668,0.0,186,78,5,0,2,1245000347,True,,9755.812355,0.0,outward
14,9283.645974,6349.10172,4393.516922,2934.5442539999995,0.3160982508616285,4890.129051999999,14,13,True,False,False,66,66,72,72,14,14,7432.645973999999,1510.0,271.0,70.0,2549.5442539999995,330.0,55.0,0.0,3283.645973999999,2934.5442539999995,0.0,186,72,1,0,0,1245000348,True,,9283.645974,0.0,area
15,9750.967138,9750.967138,7850.779665,0.0,0.0,1900.187473,14,11,False,False,False,0,0,93,83,15,15,7413.967138,1900.0,350.0,87.0,0,0,0,0,3750.967138,0.0,0.0,155,65,4,0,1,1245000349,True,,9750.967138,0.0,edge
14,9025.118776,3145.937732,2597.811831,5879.181043999999,0.6514242294111608,6427.306944999999,14,14,True,True,False,132,132,60,60,14,14,7414.118775999999,1310.0,231.0,70.0,5109.181044,660.0,110.0,0.0,3025.1187759999993,3025.1187759999993,0.0,186,60,0,0,0,1245000350,True,,9025.118776,0.0,cluster
15,10197.219863,10197.219863,7904.956491,0.0,0.0,2292.2633720000003,10,5,False,False,False,0,0,124,110,15,15,7350.219863,2335.0,437.0,75.0,0,0,0,0,4197.219863,0.0,0.0,155,60,10,0,5,1245000351,True,,10197.219863,0.0,outward
13,10542.740494,10542.740494,3940.477045,0.0,0.0,6602.263449,13,7,True,False,False,0,0,105,103,13,13,8171.740494,1945.0,358.0,68.0,0,0,0,0,4542.740494,0.0,0.0,217,91,6,1,0,1245000352,True,,10542.740494,0.0,area
16,10482.401688,10482.401688,4491.446911,0.0,0.0,5990.954777,16,6,True,False,False,0,0,41,37,16,16,8010.401688,1800.0,331.0,341.0,0,0,0,0,4482.401688,0.0,0.0,58,0,10,86,0,1245000353,True,,10482.401688,0.0,edge
12,12415.521479,12415.521479,1881.334471,0.0,0.0,10534.187008,12,7,True,False,False,0,0,169,168,12,12,9094.521479,2255.0,412.0,654.0,0,0,0,0,6415.521479000001,0.0,0.0,248,96,5,198,0,1245000354,True,,12415.521479,0.0,cluster
12,9803.621863,9803.621863,4800.523361,0.0,0.0,5003.098502000001,12,9,True,False,False,0,0,110,106,12,12,7103.621863,2225.0,415.0,60.0,0,0,0,0,3803.6218630000003,0.0,0.0,248,88,3,0,0,1245000355,True,,9803.621863,0.0,outward
14,10624.53059,10624.53059,8868.226273,0.0,0.0,1756.304317,10,8,False,False,False,0,0,116,106,14,14,8139.53059,1970.0,361.0,154.0,0,0,0,0,4624.53059,0.0,0.0,186,78,6,28,4,1245000356,True,,10624.53059,0.0,area
12,9856.76273,9856.76273,3585.608688,0.0,0.0,6271.154042,12,7,True,False,False,0,0,128,124,12,12,7159.76273,2220.0,414.0,63.0,0,0,0,0,3856.7627300000004,0.0,0.0,248,96,5,1,0,1245000357,True,,9856.76273,0.0,edge
12,9073.217037,7023.05122,2156.094966,2050.165817,0.22595798255894844,6917.122071,12,10,True,False,False,64,64,94,88,12,12,6911.217037,1775.0,324.0,63.0,1674.165817,320.0,56.0,0.0,3073.2170370000003,2050.165817,0.0,248,88,2,0,0,1245000358,True,,9073.217037,0.0,cluster
14,9857.390792,9370.566795,8492.401452,486.8239969999995,0.04938669951028959,1364.98934,9,5,False,False,False,12,12,118,107,14,14,7098.390792,2260.0,423.0,76.0,415.8239969999995,60.0,11.0,0.0,3857.390792,486.8239969999995,0.0,186,78,9,2,5,1245000359,True,,9857.390792,0.0,outward
13,10813.143737,10813.143737,7141.722385,0.0,0.0,3671.4213520000003,12,6,False,False,False,0,0,144,138,13,13,8106.143737,2225.0,414.0,68.0,0,0,0,0,4813.143737,0.0,0.0,217,84,7,0,1,1245000360,True,,10813.143737,0.0,area
16,7376.305839,7376.305839,2631.59476,0.0,0.0,4744.711079,16,15,True,False,False,0,0,0,0,16,16,5453.305839,1030.0,192.0,701.0,0,0,0,0,1376.3058389999997,0.0,0.0,34,0,1,157,0,1245000361,True,,7376.305839,0.0,edge
15,8294.459277,2966.510837,2310.460539,5327.94844,0.6423503042294821,5983.998738,15,15,True,True,False,115,115,53,53,15,15,6979.459277,1045.0,180.0,90.0,4660.94844,575.0,92.0,0.0,2294.459277,2294.459277,0.0,155,53,0,0,0,1245000362,True,,8294.459277,0.0,cluster
10,9943.050487,9943.050487,3279.096696,0.0,0.0,6663.953791,10,7,True,False,False,0,0,136,135,10,10,7076.050487,2300.0,427.0,140.0,0,0,0,0,3943.0504870000004,0.0,0.0,310,115,3,30,0,1245000363,True,,9943.050487,0.0,outward
10,10093.787754,10093.787754,3608.530419,0.0,0.0,6485.257335,10,4,True,False,False,0,0,127,123,10,10,7331.787754000001,2285.0,427.0,50.0,0,0,0,0,4093.787754000001,0.0,0.0,310,110,6,0,0,1245000364,True,,10093.787754,0.0,area
16,12415.476824,12415.476824,6978.762952,0.0,0.0,5436.713871999999,14,6,False,False,False,0,0,72,65,16,16,9795.476824,1965.0,359.0,296.0,0,0,0,0,6415.476823999999,0.0,0.0,94,14,10,71,2,1245000365,True,,12415.476824,0.0,edge
14,9283.44954,9283.44954,677.196577,0.0,0.0,8606.252962999999,14,12,True,False,False,0,0,92,91,14,14,7356.44954,1540.0,275.0,112.0,0,0,0,0,3283.4495399999996,0.0,0.0,186,66,2,14,0,1245000366,True,,9283.44954,0.0,cluster
16,7765.257316,7765.257316,5574.595615,0.0,0.0,2190.661701,16,14,True,False,False,0,0,8,8,16,16,5790.257316,1465.0,268.0,242.0,0,0,0,0,1765.2573160000002,0.0,0.0,79,0,2,54,0,1245000367,True,,7765.257316,0.0,outward
14,8856.223399,7578.605993,1829.241653,1277.6174060000003,0.1442621023024625,7026.981746,14,13,True,False,False,30,30,72,72,14,14,7110.223399,1420.0,256.0,70.0,1102.6174060000003,150.0,25.0,0.0,2856.2233990000004,1277.6174060000003,0.0,186,66,1,0,0,1245000368,True,,8856.223399,0.0,area
12,11423.486338,11423.486338,9221.57221,0.0,0.0,2201.9141280000003,11,3,False,False,False,0,0,167,159,12,12,8127.486338000001,2670.0,503.0,123.0,0,0,0,0,5423.486338000001,0.0,0.0,248,96,9,21,1,1245000369,True,,11423.486338,0.0,edge
15,8533.673319,2181.371074,725.604871,6352.302244999999,0.7443807616652919,7808.068448,15,15,True,True,False,130,130,47,47,15,15,7281.6733189999995,1005.0,172.0,75.0,5598.302244999999,650.0,104.0,0.0,2533.6733189999995,2533.6733189999995,0.0,155,47,0,0,0,1245000370,True,,8533.673319,0.0,cluster
11,9777.482676,8893.755704,6818.612837,883.7269720000004,0.09038389545493278,2958.869839,10,3,False,False,False,36,36,154,141,11,11,6707.482676,2535.0,477.0,58.0,671.7269720000004,180.0,32.0,0.0,3777.4826759999996,883.7269720000004,0.0,279,116,8,1,1,1245000371,True,,9777.482676,0.0,outward
10,9742.625983,9742.625983,4528.820984,0.0,0.0,5213.804999,10,6,True,False,False,0,0,124,123,10,10,7081.625983,2155.0,399.0,107.0,0,0,0,0,3742.625983,0.0,0.0,310,100,4,17,0,1245000372,True,,9742.625983,0.0,area
11,9528.484837,9528.484837,5245.7398,0.0,0.0,4282.745037,11,9,True,False,False,0,0,102,100,11,11,6992.484837,2085.0,387.0,64.0,0,0,0,0,3528.484837,0.0,0.0,279,99,2,0,0,1245000373,True,,9528.484837,0.0,edge
12,8941.121137,8941.121137,1019.0,0.0,0.0,7922.121137,12,11,True,False,False,0,0,93,93,12,12,6985.121137,1600.0,287.0,69.0,0,0,0,0,2941.121137,0.0,0.0,248,80,1,3,0,1245000374,True,,8941.121137,0.0,cluster
13,12074.31325,12074.31325,8578.385665,0.0,0.0,3495.9275849999995,10,6,False,False,False,0,0,147,139,13,13,8658.31325,2410.0,449.0,557.0,0,0,0,0,6074.313249999999,0.0,0.0,217,84,7,164,3,1245000375,True,,12074.31325,0.0,outward
15,9152.821896,5174.290893,2170.426844,3978.531002999999,0.4346780750468565,6982.395052,15,15,True,True,False,70,70,55,55,15,15,7470.8218959999995,1360.0,244.0,78.0,3572.531002999999,350.0,56.0,0.0,3152.8218959999995,3152.8218959999995,0.0,155,55,0,0,0,1245000376,True,,9152.821896,0.0,area
13,9390.937064,8238.965703,1967.0,1151.971361,0.12266841457345752,7423.937064,13,8,True,False,False,35,35,112,107,13,13,6729.937064,2170.0,405.0,86.0,946.9713609999999,175.0,30.0,0.0,3390.9370639999997,1151.971361,0.0,217,84,5,6,0,1245000377,True,,9390.937064,0.0,edge
15,10159.445438,10159.445438,1169.092441,0.0,0.0,8990.352997,15,12,True,False,False,0,0,84,84,15,15,8100.445438000001,1465.0,258.0,336.0,0,0,0,0,4159.445438000001,0.0,0.0,155,50,3,86,0,1245000378,True,,10159.445438,0.0,cluster
14,10127.051373,10127.051373,8581.91627,0.0,0.0,1545.1351030000005,11,9,False,False,False,0,0,120,112,14,14,7459.051373,2190.0,408.0,70.0,0,0,0,0,4127.051373,0.0,0.0,186,84,5,0,3,1245000379,True,,10127.051373,0.0,outward
15,9251.973656,5075.235615,4722.615833,4176.7380410000005,0.4514429241042362,4529.357823,15,15,True,True,False,75,75,55,55,15,15,7605.973656,1335.0,236.0,75.0,3741.7380410000005,375.0,60.0,0.0,3251.973656,3251.973656,0.0,155,55,0,0,0,1245000380,True,,9251.973656,0.0,area
15,10224.901663,9069.916867,3580.649203,1154.9847960000006,0.11295803461655263,6644.252460000001,15,9,True,False,False,15,15,93,87,15,15,7821.901663000001,1960.0,362.0,81.0,1066.9847960000006,75.0,13.0,0.0,4224.901663000001,1154.9847960000006,0.0,155,65,6,0,0,1245000381,True,,10224.901663,0.0,edge
11,8519.800849,1494.904981,119.0,7024.895868,0.8245375675447317,8400.800849,11,11,True,True,False,243,243,90,90,11,11,6590.800848999999,1585.0,286.0,58.0,5593.895868,1215.0,216.0,0.0,2519.8008489999993,2519.8008489999993,0.0,279,90,0,0,0,1245000382,True,,8519.800849,0.0,cluster
16,10004.39743,10004.39743,5606.664074,0.0,0.0,4397.733356000001,16,13,True,False,False,0,0,6,6,16,16,7018.397430000001,1465.0,268.0,1253.0,0,0,0,0,4004.397430000001,0.0,0.0,75,0,3,388,0,1245000383,True,,10004.39743,0.0,outward
13,11534.881696,11534.881696,1744.223016,0.0,0.0,9790.65868,13,11,True,False,False,0,0,99,99,13,13,8950.881696,1795.0,328.0,461.0,0,0,0,0,5534.881696,0.0,0.0,217,84,2,131,0,1245000384,True,,11534.881696,0.0,area
10,9874.5715,8839.236844,7759.011735,1035.334656000001,0.10484856542888984,2115.559765,8,4,False,False,False,40,40,136,129,10,10,6917.5715,2445.0,459.0,53.0,799.3346560000009,200.0,36.0,0.0,3874.5715,1035.334656000001,0.0,310,120,6,0,2,1245000385,True,,9874.5715,0.0,edge
15,8405.880197,2695.814576,1565.0,5710.065621,0.6792941949182052,6840.880197,15,15,True,True,False,120,120,50,50,15,15,6953.880197,1170.0,204.0,78.0,5014.065621000001,600.0,96.0,0.0,2405.8801970000004,2405.8801970000004,0.0,155,50,0,0,0,1245000386,True,,8405.880197,0.0,cluster
12,9938.185504,9083.292509,7259.16213,854.8929949999983,0.08602103418736894,2679.0233739999994,10,6,False,False,False,24,24,116,109,12,12,7235.185503999999,2225.0,415.0,63.0,713.8929949999983,120.0,21.0,0.0,3938.185503999999,854.8929949999983,0.0,248,96,6,1,2,1245000387,True,,9938.185504,0.0,outward
12,10241.237525,8710.54695,8228.993625,1530.6905750000005,0.14946343850178404,2012.2439000000013,11,7,False,False,False,40,40,135,129,12,12,7689.2375250000005,2090.0,387.0,75.0,1295.6905750000005,200.0,35.0,0.0,4241.2375250000005,1530.6905750000005,0.0,248,112,5,5,1,1245000388,True,,10241.237525,0.0,area
16,7065.938482,7065.938482,5791.167166,0.0,0.0,1274.7713159999994,16,13,True,False,False,0,0,4,4,16,16,5223.938482,1460.0,269.0,113.0,0,0,0,0,1065.9384819999996,0.0,0.0,79,0,3,10,0,1245000389,True,,7065.938482,0.0,edge
13,8330.024573,2385.938017,672.0,5944.086556,0.7135737120471998,7658.024573000001,13,13,True,True,False,168,168,63,63,13,13,6752.024573000001,1285.0,228.0,65.0,4960.086556000001,840.0,144.0,0.0,2330.0245730000006,2330.0245730000006,0.0,217,63,0,0,0,1245000390,True,,8330.024573,0.0,cluster
11,10017.153526,10017.153526,8516.625506,0.0,0.0,1500.5280199999997,7,3,False,False,False,0,0,172,156,11,11,6770.153526,2680.0,506.0,61.0,0,0,0,0,4017.153526,0.0,0.0,279,108,8,2,4,1245000391,True,,10017.153526,0.0,outward
16,6969.736461,6969.736461,3248.214076,0.0,0.0,3721.522385,16,15,True,False,False,0,0,0,0,16,16,5497.736461,825.0,150.0,497.0,0,0,0,0,969.7364610000004,0.0,0.0,38,0,1,76,0,1245000392,True,,6969.736461,0.0,area
16,13386.46981,13386.46981,7210.580277,0.0,0.0,6175.8895330000005,14,7,False,False,False,0,0,94,90,16,16,10032.46981,2120.0,386.0,848.0,0,0,0,0,7386.4698100000005,0.0,0.0,92,16,9,253,2,1245000393,True,,13386.46981,0.0,edge
16,2422.503647,2422.503647,1275.520658,0.0,0.0,1146.982989,16,16,True,True,False,0,0,0,0,16,16,1737.503647,310.0,55.0,320.0,0,0,0,0,0.0,0.0,0.0,16,0,0,0,0,1245000394,True,,2422.503647,0.0,cluster
15,9043.793665,8314.606261,7955.057214,729.1874039999984,0.08062848744791641,1088.7364509999989,14,13,False,False,False,15,15,63,61,15,15,6897.793664999999,1750.0,321.0,75.0,642.1874039999984,75.0,12.0,0.0,3043.7936649999992,729.1874039999984,0.0,155,55,2,0,1,1245000395,True,,9043.793665,0.0,outward
13,12222.811418,12222.811418,7150.960833,0.0,0.0,5071.850584999999,12,11,False,False,False,0,0,132,131,13,13,9433.811418,1920.0,348.0,521.0,0,0,0,0,6222.811417999999,0.0,0.0,217,98,2,152,1,1245000396,True,,12222.811418,0.0,area
14,11330.154327,11330.154327,5113.635063,0.0,0.0,6216.5192640000005,14,8,True,False,False,0,0,109,105,14,14,8698.154327,2100.0,387.0,145.0,0,0,0,0,5330.154327,0.0,0.0,186,78,6,17,0,1245000397,True,,11330.154327,0.0,edge
11,8550.615301,2821.785422,701.0,5728.829879,0.6699903664628685,7849.615301,11,11,True,True,False,207,207,96,96,11,11,6527.615301,1660.0,302.0,61.0,4509.829879,1035.0,184.0,0.0,2550.615301,2550.615301,0.0,279,96,0,0,0,1245000398,True,,8550.615301,0.0,cluster
11,12169.141083,12169.141083,8448.051204,0.0,0.0,3721.089879000001,6,2,False,False,False,0,0,196,180,11,11,8325.141083,2810.0,529.0,505.0,0,0,0,0,6169.141083,0.0,0.0,279,108,9,150,5,1245000399,True,,12169.141083,0.0,outward
11,9760.779395,9760.779395,2279.0,0.0,0.0,7481.779395,11,8,True,False,False,0,0,111,110,11,11,7296.779395,2030.0,376.0,58.0,0,0,0,0,3760.7793949999996,0.0,0.0,279,108,3,0,0,1245000400,True,,9760.779395,0.0,area
10,9684.196275,9044.349696,3871.981124,639.8465790000009,0.06607121136647975,5812.215151,10,6,True,False,False,20,20,143,137,10,10,6819.196275,2370.0,445.0,50.0,520.8465790000009,100.0,19.0,0.0,3684.1962750000002,639.8465790000009,0.0,310,120,4,0,0,1245000401,True,,9684.196275,0.0,edge
10,9152.610234,2577.955362,1595.0,6574.654871999999,0.7183365951252414,7557.610234,10,10,True,True,False,240,240,110,110,10,10,6898.610234,1860.0,341.0,53.0,5158.654872,1200.0,216.0,0.0,3152.6102339999998,3152.6102339999998,0.0,310,110,0,0,0,1245000402,True,,9152.610234,0.0,cluster
14,9939.64203,9481.404285,9083.091953,458.23774500000036,0.04610203703684088,856.5500770000017,9,6,False,False,False,12,12,117,102,14,14,7145.642030000001,2290.0,428.0,76.0,388.23774500000036,60.0,10.0,0.0,3939.642030000001,458.23774500000036,0.0,186,78,8,2,5,1245000403,True,,9939.64203,0.0,outward
11,9751.705643,9751.705643,9495.51245,0.0,0.0,256.19319299999916,9,7,False,False,False,0,0,139,131,11,11,7177.705642999999,2125.0,394.0,55.0,0,0,0,0,3751.7056429999993,0.0,0.0,279,113,4,0,2,1245000404,True,,9751.705643,0.0,area
10,16023.361855,16023.361855,8712.851943,0.0,0.0,7310.5099119999995,7,5,False,False,False,0,0,195,192,10,10,11160.361855,2745.0,508.0,1610.0,0,0,0,0,10023.361855,0.0,0.0,310,120,5,520,3,1245000405,True,,16023.361855,0.0,edge
10,8837.127661,3119.872892,407.0,5717.254769000001,0.6469584901699884,8430.127661,10,10,True,True,False,220,220,110,110,10,10,6658.127661,1800.0,329.0,50.0,4419.254769000001,1100.0,198.0,0.0,2837.1276610000004,2837.1276610000004,0.0,310,110,0,0,0,1245000406,True,,8837.127661,0.0,cluster
10,10291.820839,10291.820839,7077.078784,0.0,0.0,3214.7420549999997,8,3,False,False,False,0,0,148,137,10,10,7194.820839,2565.0,482.0,50.0,0,0,0,0,4291.820839,0.0,0.0,310,119,7,0,2,1245000407,True,,10291.820839,0.0,outward
13,12345.218693,12345.218693,8831.422008,0.0,0.0,3513.796685000001,9,3,False,False,False,0,0,202,191,13,13,8610.218693,2665.0,495.0,575.0,0,0,0,0,6345.218693000001,0.0,0.0,217,84,10,170,4,1245000408,True,,12345.218693,0.0,area
14,9771.638418,8082.869477,6257.803973,1688.7689410000003,0.17282351932805626,3513.8344450000004,13,9,False,False,False,30,30,98,90,14,14,7337.6384180000005,1990.0,368.0,76.0,1513.7689410000003,150.0,25.0,0.0,3771.6384180000005,1688.7689410000003,0.0,186,75,5,0,1,1245000409,True,,9771.638418,0.0,edge
16,3264.546641,3264.546641,1940.573288,0.0,0.0,1323.9733529999999,16,16,True,True,False,0,0,0,0,16,16,2355.546641,465.0,85.0,359.0,0,0,0,0,0.0,0.0,0.0,22,0,0,0,0,1245000410,True,,3264.546641,0.0,cluster
14,9487.958614,9487.958614,5090.110863,0.0,0.0,4397.847750999999,14,13,True,False,False,0,0,77,76,14,14,7150.958613999999,1915.0,352.0,70.0,0,0,0,0,3487.958613999999,0.0,0.0,186,66,1,0,0,1245000411,True,,9487.958614,0.0,outward
16,7372.348797,7372.348797,4295.597543,0.0,0.0,3076.751254,16,12,True,False,False,0,0,1,1,16,16,5477.348797,1250.0,235.0,410.0,0,0,0,0,1372.3487969999996,0.0,0.0,56,0,4,53,0,1245000412,True,,7372.348797,0.0,area
13,9557.983568,9557.983568,6106.575101,0.0,0.0,3451.4084669999993,12,7,False,False,False,0,0,93,89,13,13,6985.983568,2110.0,391.0,71.0,0,0,0,0,3557.9835679999997,0.0,0.0,217,77,6,1,1,1245000413,True,,9557.983568,0.0,edge
12,9963.308975,9963.308975,2153.0,0.0,0.0,7810.308975,12,10,True,False,False,0,0,101,101,12,12,7695.308975,1710.0,309.0,249.0,0,0,0,0,3963.308975,0.0,0.0,248,88,2,63,0,1245000414,True,,9963.308975,0.0,cluster
14,9144.421156,6663.380402,4415.596148,2481.0407540000006,0.27131741984259944,4728.825008000001,14,12,True,False,False,60,60,72,72,14,14,6909.421156,1830.0,335.0,70.0,2131.0407540000006,300.0,50.0,0.0,3144.4211560000003,2481.0407540000006,0.0,186,72,2,0,0,1245000415,True,,9144.421156,0.0,outward
13,9189.889046,5230.167582,2644.172048,3959.721464,0.430878049145056,6545.716998,13,13,True,True,False,105,105,91,91,13,13,7285.889046,1555.0,281.0,68.0,3344.721464,525.0,90.0,0.0,3189.8890460000002,3189.8890460000002,0.0,217,91,0,0,0,1245000416,True,,9189.889046,0.0,area
11,11631.310132,11631.310132,7502.324223,0.0,0.0,4128.985909000001,9,5,False,False,False,0,0,178,170,11,11,8192.310132,2585.0,484.0,370.0,0,0,0,0,5631.3101320000005,0.0,0.0,279,117,6,105,2,1245000417,True,,11631.310132,0.0,edge
12,8340.105223,8340.105223,119.0,0.0,0.0,8221.105223,12,11,True,False,False,0,0,71,71,12,12,6617.1052230000005,1410.0,253.0,60.0,0,0,0,0,2340.1052230000005,0.0,0.0,248,71,1,0,0,1245000418,True,,8340.105223,0.0,cluster
10,11500.928063,11500.928063,8296.687624,0.0,0.0,3204.2404389999992,3,3,False,False,False,0,0,178,163,10,10,7880.928062999999,2650.0,497.0,473.0,0,0,0,0,5500.928062999999,0.0,0.0,310,124,7,141,7,1245000419,True,,11500.928063,0.0,outward
11,9776.17166,9776.17166,1921.252152,0.0,0.0,7854.919508,11,6,True,False,False,0,0,114,114,11,11,7280.17166,2055.0,380.0,61.0,0,0,0,0,3776.17166,0.0,0.0,279,99,5,2,0,1245000420,True,,9776.17166,0.0,area
12,10031.686039,9549.477694,6547.409411,482.2083450000009,0.04806852438616285,3484.2766280000005,11,6,False,False,False,16,16,104,101,12,12,7401.686039,2145.0,398.0,87.0,388.2083450000009,80.0,14.0,0.0,4031.686039,482.2083450000009,0.0,248,90,6,3,1,1245000421,True,,10031.686039,0.0,edge
13,8819.582865,2778.132466,1612.24963,6041.450399,0.6850040972997876,7207.333235,13,13,True,True,False,161,161,77,77,13,13,7195.582865,1320.0,236.0,68.0,5097.450399,805.0,139.0,0.0,2819.5828650000003,2819.5828650000003,0.0,217,77,0,0,0,1245000422,True,,8819.582865,0.0,cluster
10,9884.154298,9884.154298,5931.319702,0.0,0.0,3952.8345959999997,10,1,True,False,False,0,0,146,141,10,10,6816.1542979999995,2540.0,478.0,50.0,0,0,0,0,3884.1542979999995,0.0,0.0,310,110,9,0,0,1245000423,True,,9884.154298,0.0,outward
16,9445.189527,9445.189527,9053.502563,0.0,0.0,391.68696400000044,12,8,False,False,False,0,0,88,76,16,16,7313.189527,1720.0,320.0,92.0,0,0,0,0,3445.1895270000005,0.0,0.0,102,38,8,2,4,1245000424,True,,9445.189527,0.0,area
16,6861.051989,6861.051989,6122.793237,0.0,0.0,738.2587519999997,15,12,False,False,False,0,0,9,6,16,16,4968.051989,1510.0,279.0,104.0,0,0,0,0,861.0519889999996,0.0,0.0,79,3,4,5,1,1245000425,True,,6861.051989,0.0,edge
12,10119.210314,10119.210314,978.0,0.0,0.0,9141.210314,12,11,True,False,False,0,0,102,102,12,12,7862.210314,1665.0,301.0,291.0,0,0,0,0,4119.210314,0.0,0.0,248,88,1,75,0,1245000426,True,,10119.210314,0.0,cluster
14,9757.122134,9184.044125,8751.435861,573.0780089999989,0.05873432771770191,1005.6862729999993,11,7,False,False,False,18,18,127,115,14,14,7075.122133999999,2195.0,408.0,79.0,468.07800899999893,90.0,15.0,0.0,3757.1221339999993,573.0780089999989,0.0,186,84,7,3,3,1245000427,True,,9757.122134,0.0,outward
14,9686.396608,9686.396608,1659.031056,0.0,0.0,8027.365551999999,14,12,True,False,False,0,0,87,87,14,14,7639.396607999999,1640.0,295.0,112.0,0,0,0,0,3686.396607999999,0.0,0.0,186,72,2,12,0,1245000428,True,,9686.396608,0.0,area
10,10553.134566,10553.134566,9249.620969,0.0,0.0,1303.513597000001,8,6,False,False,False,0,0,167,162,10,10,7362.134566000001,2610.0,489.0,92.0,0,0,0,0,4553.134566000001,0.0,0.0,310,123,4,13,2,1245000429,True,,10553.134566,0.0,edge
10,9062.48855,8816.149166,983.0,246.3393840000008,0.027182311198616717,8079.48855,10,9,True,False,False,10,10,120,117,10,10,6783.48855,1870.0,344.0,65.0,187.3393840000008,50.0,9.0,0.0,3062.48855,246.3393840000008,0.0,310,110,1,1,0,1245000430,True,,9062.48855,0.0,cluster
15,9891.291863,9585.847824,7631.059111,305.444039,0.030880095667034507,2260.232752000001,11,6,False,False,False,10,10,108,99,15,15,7140.291863,2250.0,420.0,81.0,247.44403899999998,50.0,8.0,0.0,3891.2918630000004,305.444039,0.0,155,65,9,1,4,1245000431,True,,9891.291863,0.0,outward
14,13820.345496,13820.345496,4765.029226,0.0,0.0,9055.31627,14,4,True,False,False,0,0,135,131,14,14,10615.345496,2265.0,417.0,523.0,0,0,0,0,7820.345496,0.0,0.0,186,78,10,151,0,1245000432,True,,13820.345496,0.0,area
13,9708.996604,7615.087152,6028.582168,2093.909452,0.21566692598670106,3680.414436,12,9,False,False,False,49,49,95,87,13,13,7163.996604,2080.0,388.0,77.0,1806.9094519999999,245.0,42.0,0.0,3708.996604,2093.909452,0.0,217,84,4,2,1,1245000433,True,,9708.996604,0.0,edge
14,8850.240599,6309.902726,1130.869556,2540.3378730000004,0.2870360240022216,7719.371043000001,14,10,True,False,False,54,54,54,54,14,14,7207.240599000001,1335.0,238.0,70.0,2224.3378730000004,270.0,46.0,0.0,2850.2405990000007,2540.3378730000004,0.0,186,54,4,0,0,1245000434,True,,8850.240599,0.0,cluster
15,11784.895575,11784.895575,8788.980585,0.0,0.0,2995.914990000001,7,4,False,False,False,0,0,190,173,15,15,8181.8955750000005,2740.0,509.0,354.0,0,0,0,0,5784.8955750000005,0.0,0.0,155,65,11,93,8,1245000435,True,,11784.895575,0.0,outward
11,9406.223126,9406.223126,6061.943546,0.0,0.0,3344.2795800000004,10,8,False,False,False,0,0,118,115,11,11,6960.223126000001,2005.0,371.0,70.0,0,0,0,0,3406.223126000001,0.0,0.0,279,108,3,2,1,1245000436,True,,9406.223126,0.0,area
11,9424.330631,6742.979748,6133.429148,2681.350883000001,0.28451366871404926,3290.9014830000006,10,10,False,False,False,72,72,102,99,11,11,6781.330631000001,2180.0,405.0,58.0,2257.350883000001,360.0,64.0,0.0,3424.3306310000007,2681.350883000001,0.0,279,99,1,0,1,1245000437,True,,9424.330631,0.0,edge
13,8554.421049,1608.870123,737.0,6945.550926000001,0.8119253057823154,7817.4210490000005,13,13,True,True,False,189,189,70,70,13,13,6923.4210490000005,1325.0,235.0,71.0,5837.550926000001,945.0,163.0,0.0,2554.4210490000005,2554.4210490000005,0.0,217,70,0,0,0,1245000438,True,,8554.421049,0.0,cluster
10,9741.203858,9381.466346,8623.658847,359.7375120000015,0.036929471679680095,1117.5450110000002,8,2,False,False,False,10,10,169,157,10,10,6454.203858000001,2715.0,513.0,59.0,300.7375120000015,50.0,9.0,0.0,3741.2038580000008,359.7375120000015,0.0,310,120,8,1,2,1245000439,True,,9741.203858,0.0,outward
13,11609.14852,11609.14852,8359.207591,0.0,0.0,3249.9409290000003,11,9,False,False,False,0,0,123,117,13,13,8893.14852,1930.0,355.0,431.0,0,0,0,0,5609.148520000001,0.0,0.0,217,97,4,122,2,1245000440,True,,11609.14852,0.0,area
10,12382.535915,12382.535915,7062.510889,0.0,0.0,5320.025026,9,3,False,False,False,0,0,167,160,10,10,8745.535915,2590.0,484.0,563.0,0,0,0,0,6382.535915,0.0,0.0,310,120,7,170,1,1245000441,True,,12382.535915,0.0,edge
15,8321.277657,2797.848012,119.0,5523.429645,0.6637718235917289,8202.277657,15,15,True,True,False,115,115,50,50,15,15,6970.2776570000005,1085.0,188.0,78.0,4855.429645000001,575.0,93.0,0.0,2321.2776570000005,2321.2776570000005,0.0,155,50,0,0,0,1245000442,True,,8321.277657,0.0,cluster
13,9308.563895,9229.757899,3963.077076,78.80599599999914,0.008465967134020425,5345.486819,13,11,True,False,False,7,7,86,85,13,13,6945.563894999999,1940.0,358.0,65.0,37.80599599999914,35.0,6.0,0.0,3308.5638949999993,78.80599599999914,0.0,217,84,2,0,0,1245000443,True,,9308.563895,0.0,outward
15,9273.486222,5471.516403,1601.0,3801.969819,0.40998279697449475,7672.4862219999995,15,15,True,True,False,75,75,65,65,15,15,7579.4862219999995,1375.0,244.0,75.0,3366.969819,375.0,60.0,0.0,3273.4862219999995,3273.4862219999995,0.0,155,65,0,0,0,1245000444,True,,9273.486222,0.0,area
10,10263.237089,10263.237089,7744.937053,0.0,0.0,2518.3000360000005,9,3,False,False,False,0,0,151,144,10,10,7201.237089,2515.0,473.0,74.0,0,0,0,0,4263.237089,0.0,0.0,310,120,7,2,1,1245000445,True,,10263.237089,0.0,edge
12,9021.553947,6536.482237,743.0,2485.07171,0.27545938588843427,8278.553947,12,10,True,False,False,72,72,82,81,12,12,7021.553947,1635.0,296.0,69.0,2062.07171,360.0,63.0,0.0,3021.5539470000003,2485.07171,0.0,248,80,2,1,0,1245000446,True,,9021.553947,0.0,cluster
12,15577.471195,15577.471195,9194.626934,0.0,0.0,6382.844261,4,3,False,False,False,0,0,193,180,12,12,10628.471195,2730.0,506.0,1713.0,0,0,0,0,9577.471195,0.0,0.0,248,96,9,551,8,1245000447,True,,15577.471195,0.0,outward
11,10419.741694,9498.164612,7179.118308,921.5770819999998,0.08844529059013732,3240.623386,10,6,False,False,False,9,9,134,127,11,11,7727.741694,2215.0,413.0,64.0,868.5770819999998,45.0,8.0,0.0,4419.741694,921.5770819999998,0.0,279,109,5,3,1,1245000448,True,,10419.741694,0.0,area
15,10851.798603,10082.39543,7134.1224,769.4031729999988,0.07090098159279291,3717.676202999999,14,11,False,False,False,10,10,107,102,15,15,8370.798603,2025.0,378.0,78.0,711.4031729999988,50.0,8.0,0.0,4851.798602999999,769.4031729999988,0.0,155,70,4,0,1,1245000449,True,,10851.798603,0.0,edge
16,2013.591713,2013.591713,437.0,0.0,0.0,1576.591713,16,16,True,True,False,0,0,0,0,16,16,1489.591713,295.0,53.0,176.0,0,0,0,0,0.0,0.0,0.0,8,0,0,0,0,1245000450,True,,2013.591713,0.0,cluster
16,6618.268811,6618.268811,5280.102806,0.0,0.0,1338.166005,16,14,True,False,False,0,0,0,0,16,16,4752.268811,1500.0,283.0,83.0,0,0,0,0,618.2688109999999,0.0,0.0,70,0,2,0,0,1245000451,True,,6618.268811,0.0,outward
15,9646.41976,9646.41976,4218.416204,0.0,0.0,5428.003556000001,15,13,True,False,False,0,0,64,63,15,15,7813.419760000001,1490.0,268.0,75.0,0,0,0,0,3646.4197600000007,0.0,0.0,155,55,2,0,0,1245000452,True,,9646.41976,0.0,area
16,13240.226021,13240.226021,8866.163897,0.0,0.0,4374.062124,15,8,False,False,False,0,0,62,60,16,16,10062.226021,1820.0,330.0,1028.0,0,0,0,0,7240.226021,0.0,0.0,109,29,8,315,1,1245000453,True,,13240.226021,0.0,edge
16,2572.447142,2572.447142,682.125847,0.0,0.0,1890.321295,16,16,True,True,False,0,0,0,0,16,16,1776.447142,290.0,51.0,455.0,0,0,0,0,0.0,0.0,0.0,10,0,0,0,0,1245000454,True,,2572.447142,0.0,cluster
10,9850.045827,8367.791601,7589.852044,1482.254225999999,0.15048196242265047,2260.1937829999997,6,4,False,False,False,50,50,134,126,10,10,6989.045827,2365.0,443.0,53.0,1187.254225999999,250.0,45.0,0.0,3850.045827,1482.254225999999,0.0,310,120,6,1,4,1245000455,True,,9850.045827,0.0,outward
13,10806.343555,10806.343555,6898.911327,0.0,0.0,3907.4322279999997,12,10,False,False,False,0,0,107,106,13,13,8267.343555,1955.0,357.0,227.0,0,0,0,0,4806.3435549999995,0.0,0.0,217,84,3,54,1,1245000456,True,,10806.343555,0.0,area
15,9496.804488,8839.642353,8080.562668,657.1621350000005,0.06919823776833348,1416.2418200000002,14,7,False,False,False,15,15,111,97,15,15,6962.804488,2060.0,381.0,93.0,570.1621350000005,75.0,12.0,0.0,3496.8044879999998,657.1621350000005,0.0,155,65,8,4,1,1245000457,True,,9496.804488,0.0,edge
10,11036.836824,11036.836824,2164.691173,0.0,0.0,8872.145650999999,10,7,True,False,False,0,0,140,137,10,10,8042.836824,2125.0,393.0,476.0,0,0,0,0,5036.836824,0.0,0.0,310,110,3,142,0,1245000458,True,,11036.836824,0.0,cluster
10,9492.324862,8675.015579,2615.245312,817.3092829999987,0.0861021188046228,6877.0795499999995,10,7,True,False,False,20,20,130,128,10,10,6658.3248619999995,2345.0,439.0,50.0,699.3092829999987,100.0,18.0,0.0,3492.3248619999995,817.3092829999987,0.0,310,110,3,0,0,1245000459,True,,9492.324862,0.0,outward
13,9739.369965,8578.548116,1733.870085,1160.821849,0.11918859774005926,8005.499879999999,13,12,True,False,False,28,28,100,99,13,13,7491.369965,1840.0,337.0,71.0,996.8218489999999,140.0,24.0,0.0,3739.369965,1160.821849,0.0,217,91,1,0,0,1245000460,True,,9739.369965,0.0,area
11,10050.079997,9529.729663,7257.281401,520.3503340000007,0.05177574050707336,2792.7985960000005,10,6,False,False,False,18,18,151,145,11,11,7161.079997000001,2385.0,446.0,58.0,414.35033400000066,90.0,16.0,0.0,4050.0799970000007,520.3503340000007,0.0,279,117,5,1,1,1245000461,True,,10050.079997,0.0,edge
12,9963.591876,9963.591876,3205.973747,0.0,0.0,6757.618129,12,10,True,False,False,0,0,122,121,12,12,7647.591876,1805.0,331.0,180.0,0,0,0,0,3963.5918760000004,0.0,0.0,248,96,2,37,0,1245000462,True,,9963.591876,0.0,cluster
10,9303.458055,8628.957091,5801.127386,674.5009639999989,0.07250002741050666,3502.330668999999,10,5,True,False,False,30,30,118,112,10,10,6535.458054999999,2290.0,428.0,50.0,497.50096399999893,150.0,27.0,0.0,3303.458054999999,674.5009639999989,0.0,310,110,5,0,0,1245000463,True,,9303.458055,0.0,outward
10,9742.305744,9742.305744,8018.780035,0.0,0.0,1723.5257089999996,8,7,False,False,False,0,0,152,144,10,10,7028.305743999999,2235.0,417.0,62.0,0,0,0,0,3742.3057439999993,0.0,0.0,310,125,3,0,2,1245000464,True,,9742.305744,0.0,area
11,10639.785087,10639.785087,6797.839803,0.0,0.0,3841.9452840000004,10,3,False,False,False,0,0,128,123,11,11,7704.785087,2400.0,447.0,88.0,0,0,0,0,4639.785087,0.0,0.0,279,99,8,11,1,1245000465,True,,10639.785087,0.0,edge
11,8672.704625,3565.876158,1099.916648,5106.828467,0.5888392015887431,7572.787977,11,11,True,True,False,180,180,99,99,11,11,6721.704625,1605.0,291.0,55.0,4046.8284670000003,900.0,160.0,0.0,2672.7046250000003,2672.7046250000003,0.0,279,99,0,0,0,1245000466,True,,8672.704625,0.0,cluster
10,9392.846446,7030.009425,6444.262922,2362.8370209999994,0.2515570795907377,2948.5835239999997,9,8,False,False,False,80,80,113,111,10,10,6810.846446,2135.0,397.0,50.0,1889.8370209999994,400.0,73.0,0.0,3392.8464459999996,2362.8370209999994,0.0,310,110,2,0,1,1245000467,True,,9392.846446,0.0,outward
13,11865.398976,11865.398976,1896.0,0.0,0.0,9969.398976,13,8,True,False,False,0,0,151,150,13,13,9122.398976,2105.0,387.0,251.0,0,0,0,0,5865.398976,0.0,0.0,217,91,5,61,0,1245000468,True,,11865.398976,0.0,area
11,9105.204799,7749.7441,4537.514009,1355.4606989999993,0.14886658004099654,4567.690789999999,11,8,True,False,False,54,54,123,117,11,11,6393.204798999999,2225.0,414.0,73.0,1037.4606989999993,270.0,48.0,0.0,3105.204798999999,1355.4606989999993,0.0,279,108,3,0,0,1245000469,True,,9105.204799,0.0,edge
14,8129.039527,1348.468598,323.0,6780.5709289999995,0.8341171065141014,7806.039527,14,14,True,True,False,168,168,54,54,14,14,6748.039527,1115.0,193.0,73.0,5799.570929,840.0,141.0,0.0,2129.039527,2129.039527,0.0,186,54,0,0,0,1245000470,True,,8129.039527,0.0,cluster
13,9328.128146,7726.598146,4935.809288,1601.5299999999988,0.17168825030418905,4392.318857999999,13,10,True,False,False,35,35,76,74,13,13,6982.128145999999,1925.0,356.0,65.0,1396.5299999999988,175.0,30.0,0.0,3328.128145999999,1601.5299999999988,0.0,217,70,3,0,0,1245000471,True,,9328.128146,0.0,outward
15,9645.015114,9146.533437,6498.713083,498.48167699999976,0.05168283005346878,3146.302031,13,11,False,False,False,10,10,87,79,15,15,7494.015114,1750.0,320.0,81.0,439.48167699999976,50.0,9.0,0.0,3645.015114,498.48167699999976,0.0,155,60,4,2,2,1245000472,True,,9645.015114,0.0,area
10,9488.610954,6820.255692,2673.864049,2668.355262,0.28121663696993854,6814.746905,10,7,True,False,False,80,80,102,102,10,10,6895.610954,2145.0,398.0,50.0,2196.355262,400.0,72.0,0.0,3488.6109539999998,2668.355262,0.0,310,100,3,0,0,1245000473,True,,9488.610954,0.0,edge
15,9264.384421,9264.384421,695.0,0.0,0.0,8569.384421,15,13,True,False,False,0,0,75,73,15,15,7523.384421000001,1410.0,253.0,78.0,0,0,0,0,3264.3844210000007,0.0,0.0,155,51,2,0,0,1245000474,True,,9264.384421,0.0,cluster
13,9595.546631,9595.546631,9112.855772,0.0,0.0,482.69085899999845,12,5,False,False,False,0,0,124,112,13,13,6683.546630999999,2390.0,448.0,74.0,0,0,0,0,3595.5466309999993,0.0,0.0,217,84,8,3,1,1245000475,True,,9595.546631,0.0,outward
16,7295.922355,7295.922355,5274.002335,0.0,0.0,2021.9200199999996,16,13,True,False,False,0,0,0,0,16,16,5872.922355,1090.0,199.0,134.0,0,0,0,0,1295.9223549999997,0.0,0.0,69,0,3,0,0,1245000476,True,,7295.922355,0.0,area
14,9536.76409,8668.094121,4956.136604,868.6699690000005,0.09108644827555973,4580.627486,14,12,True,False,False,18,18,74,73,14,14,7382.764090000001,1760.0,321.0,73.0,763.6699690000005,90.0,15.0,0.0,3536.7640900000006,868.6699690000005,0.0,186,66,2,0,0,1245000477,True,,9536.76409,0.0,edge
16,1591.154516,1591.154516,431.0,0.0,0.0,1160.154516,16,16,True,True,False,0,0,0,0,16,16,1214.154516,245.0,46.0,86.0,0,0,0,0,0.0,0.0,0.0,7,0,0,0,0,1245000478,True,,1591.154516,0.0,cluster
16,12301.043218,12301.043218,9046.914501,0.0,0.0,3254.1287170000014,9,5,False,False,False,0,0,134,117,16,16,8761.043218,2245.0,417.0,878.0,0,0,0,0,6301.043218000001,0.0,0.0,109,41,11,266,7,1245000479,True,,12301.043218,0.0,outward
10,10412.498443,10412.498443,6821.100501,0.0,0.0,3591.3979420000005,9,7,False,False,False,0,0,159,158,10,10,7706.498443,2225.0,413.0,68.0,0,0,0,0,4412.498443,0.0,0.0,310,130,3,6,1,1245000480,True,,10412.498443,0.0,area
15,9346.087131,6314.913212,2027.0,3031.173919,0.324325450481401,7319.087131,15,12,True,False,False,50,50,63,61,15,15,7068.087131,1860.0,343.0,75.0,2741.173919,250.0,40.0,0.0,3346.087131,3031.173919,0.0,155,60,3,0,0,1245000481,True,,9346.087131,0.0,edge
16,2754.23188,2754.23188,2222.162275,0.0,0.0,532.0696049999997,16,16,True,True,False,0,0,0,0,16,16,2171.23188,395.0,72.0,116.0,0,0,0,0,0.0,0.0,0.0,17,0,0,0,0,1245000482,True,,2754.23188,0.0,cluster
10,11809.570947,11809.570947,7906.644969,0.0,0.0,3902.925978,8,3,False,False,False,0,0,167,158,10,10,8213.570947,2630.0,493.0,473.0,0,0,0,0,5809.570947,0.0,0.0,310,120,7,141,2,1245000483,True,,11809.570947,0.0,outward
10,9282.459815,7252.497479,1626.36362,2029.9623360000005,0.21868797457325706,7656.096195,10,8,True,False,False,80,80,124,123,10,10,6935.459815,1940.0,357.0,50.0,1557.9623360000005,400.0,72.0,0.0,3282.459815,2029.9623360000005,0.0,310,120,2,0,0,1245000484,True,,9282.459815,0.0,area
10,9783.618598,9783.618598,4587.011861,0.0,0.0,5196.606736999999,10,6,True,False,False,0,0,141,138,10,10,6857.618597999999,2405.0,450.0,71.0,0,0,0,0,3783.618597999999,0.0,0.0,310,120,4,0,0,1245000485,True,,9783.618598,0.0,edge
10,9921.950692,9921.950692,647.089556,0.0,0.0,9274.861136,10,9,True,False,False,0,0,113,113,10,10,7439.950692,1840.0,337.0,305.0,0,0,0,0,3921.9506920000003,0.0,0.0,310,100,1,84,0,1245000486,True,,9921.950692,0.0,cluster
15,9950.929734,9852.857617,8855.498262,98.07211699999971,0.009855573260145755,1095.4314720000002,10,3,False,False,False,5,5,116,96,15,15,6985.929733999999,2420.0,455.0,90.0,68.07211699999971,25.0,5.0,0.0,3950.9297339999994,98.07211699999971,0.0,155,60,12,3,5,1245000487,True,,9950.929734,0.0,outward
12,9582.23834,8897.837251,1711.229178,684.401088999999,0.07142392671898402,7871.009162,12,9,True,False,False,16,16,110,108,12,12,7396.23834,1795.0,328.0,63.0,590.401088999999,80.0,14.0,0.0,3582.23834,684.401088999999,0.0,248,96,3,0,0,1245000488,True,,9582.23834,0.0,area
14,11905.003091,11905.003091,7379.932345,0.0,0.0,4525.070746,10,5,False,False,False,0,0,148,138,14,14,8866.003091,2405.0,450.0,184.0,0,0,0,0,5905.0030910000005,0.0,0.0,186,72,9,38,4,1245000489,True,,11905.003091,0.0,edge
15,8198.340373,2184.221194,1019.0,6014.119179000001,0.7335776395435589,7179.340373000001,15,15,True,True,False,130,130,45,45,15,15,6818.340373000001,1105.0,191.0,84.0,5259.119179,650.0,105.0,0.0,2198.340373000001,2198.340373000001,0.0,155,45,0,0,0,1245000490,True,,8198.340373,0.0,cluster
15,10455.853634,10024.730838,9420.176349,431.12279599999965,0.04123267320786596,1035.6772849999998,10,6,False,False,False,5,5,130,116,15,15,7704.853633999999,2255.0,421.0,75.0,401.12279599999965,25.0,5.0,0.0,4455.853633999999,431.12279599999965,0.0,155,64,9,0,5,1245000491,True,,10455.853634,0.0,outward
13,13410.621218,13410.621218,5642.146966,0.0,0.0,7768.474252,13,4,True,False,False,0,0,134,132,13,13,10077.621218,2340.0,433.0,560.0,0,0,0,0,7410.621218,0.0,0.0,217,84,9,165,0,1245000492,True,,13410.621218,0.0,area
16,6493.413986,6493.413986,4857.545666,0.0,0.0,1635.8683199999996,16,14,True,False,False,0,0,3,3,16,16,4708.413986,1375.0,255.0,155.0,0,0,0,0,493.41398599999957,0.0,0.0,63,0,2,18,0,1245000493,True,,6493.413986,0.0,edge
13,9329.550564,9329.550564,714.0,0.0,0.0,8615.550564,13,7,True,False,False,0,0,99,94,13,13,7170.550563999999,1770.0,324.0,65.0,0,0,0,0,3329.550563999999,0.0,0.0,217,70,6,0,0,1245000494,True,,9329.550564,0.0,cluster
12,10354.121349,9501.216016,7558.124052,852.9053329999988,0.08237351140204402,2795.997296999999,6,6,False,False,False,16,16,152,138,12,12,7594.121348999999,2275.0,425.0,60.0,758.9053329999988,80.0,14.0,0.0,4354.121348999999,852.9053329999988,0.0,248,104,6,0,6,1245000495,True,,10354.121349,0.0,outward
11,9475.529492,9284.328335,1641.356298,191.2011569999995,0.020178414004349502,7834.173194,11,7,True,False,False,9,9,100,99,11,11,7182.529492,1885.0,347.0,61.0,138.2011569999995,45.0,8.0,0.0,3475.5294919999997,191.2011569999995,0.0,279,99,4,0,0,1245000496,True,,9475.529492,0.0,area
12,10228.605609,10228.605609,8391.28047,0.0,0.0,1837.3251390000005,8,4,False,False,False,0,0,137,126,12,12,7267.605609,2440.0,458.0,63.0,0,0,0,0,4228.605609,0.0,0.0,248,96,8,1,4,1245000497,True,,10228.605609,0.0,edge
16,4473.382694,4473.382694,1025.0,0.0,0.0,3448.382694,16,16,True,True,False,0,0,0,0,16,16,3332.382694,450.0,80.0,611.0,0,0,0,0,0.0,0.0,0.0,14,0,0,0,0,1245000498,True,,4473.382694,0.0,cluster
12,9874.832132,9390.732815,8021.171369,484.09931700000016,0.04902354901115196,1853.6607629999999,8,6,False,False,False,16,16,152,142,12,12,6836.832132,2495.0,465.0,78.0,389.09931700000016,80.0,15.0,0.0,3874.8321319999995,484.09931700000016,0.0,248,96,6,4,4,1245000499,True,,9874.832132,0.0,outward
12,10496.318998,10496.318998,7961.478395,0.0,0.0,2534.8406030000006,11,7,False,False,False,0,0,124,120,12,12,8020.318998000001,2015.0,371.0,90.0,0,0,0,0,4496.318998000001,0.0,0.0,248,96,5,8,1,1245000500,True,,10496.318998,0.0,area
12,9367.854706,7456.527288,6406.087005,1911.3274179999999,0.20403042937630292,2961.7677009999998,9,9,False,False,False,48,48,100,94,12,12,6880.854706,2040.0,378.0,69.0,1628.3274179999999,240.0,43.0,0.0,3367.854706,1911.3274179999999,0.0,248,88,3,2,3,1245000501,True,,9367.854706,0.0,edge
12,8617.770504,4205.401656,3273.633097,4412.368848,0.5120081633587211,5344.137407,12,12,True,True,False,136,136,80,80,12,12,6822.770504,1465.0,264.0,66.0,3612.368848,680.0,120.0,0.0,2617.770504,2617.770504,0.0,248,80,0,0,0,1245000502,True,,8617.770504,0.0,cluster
10,10741.66511,10741.66511,8565.926264,0.0,0.0,2175.738846,9,3,False,False,False,0,0,176,170,10,10,7432.66511,2695.0,507.0,107.0,0,0,0,0,4741.66511,0.0,0.0,310,120,7,19,1,1245000503,True,,10741.66511,0.0,outward
13,10192.028592,10192.028592,1911.774302,0.0,0.0,8280.25429,13,8,True,False,False,0,0,122,120,13,13,7913.028592000001,1865.0,340.0,74.0,0,0,0,0,4192.028592000001,0.0,0.0,217,90,5,1,0,1245000504,True,,10192.028592,0.0,area
14,9250.880001,7571.006348,7151.740302,1679.8736529999996,0.18159068681232585,2099.1396989999994,13,9,False,False,False,36,36,77,70,14,14,6813.8800009999995,1990.0,368.0,79.0,1469.8736529999996,180.0,30.0,0.0,3250.8800009999995,1679.8736529999996,0.0,186,67,5,1,1,1245000505,True,,9250.880001,0.0,edge
10,8530.761856,2196.457594,1271.0,6334.304262,0.7425250369103727,7259.761855999999,10,10,True,True,False,250,250,100,100,10,10,6408.761855999999,1750.0,319.0,53.0,4859.304261999999,1250.0,225.0,0.0,2530.761855999999,2530.761855999999,0.0,310,100,0,0,0,1245000506,True,,8530.761856,0.0,cluster
15,12941.647951,12941.647951,6756.575735,0.0,0.0,6185.0722160000005,14,7,False,False,False,0,0,130,124,15,15,9582.647951,2315.0,429.0,615.0,0,0,0,0,6941.647951000001,0.0,0.0,155,60,8,179,1,1245000507,True,,12941.647951,0.0,outward
12,9766.985067,9096.579941,1691.0,670.4051259999997,0.06863992536090971,8075.985067,12,8,True,False,False,24,24,140,136,12,12,7227.985067,2080.0,387.0,72.0,528.4051259999997,120.0,22.0,0.0,3766.9850669999996,670.4051259999997,0.0,248,109,4,1,0,1245000508,True,,9766.985067,0.0,area
16,7409.869274,7409.869274,4677.852176,0.0,0.0,2732.0170979999994,16,15,True,False,False,0,0,3,3,16,16,5251.869274,1400.0,261.0,497.0,0,0,0,0,1409.8692739999997,0.0,0.0,64,0,1,115,0,1245000509,True,,7409.869274,0.0,edge
13,11129.910306,11129.910306,1028.215791,0.0,0.0,10101.694515,13,11,True,False,False,0,0,105,105,13,13,8473.910306,1820.0,330.0,506.0,0,0,0,0,5129.910306,0.0,0.0,217,77,2,146,0,1245000510,True,,11129.910306,0.0,cluster
16,10767.577246,10767.577246,7880.669434,0.0,0.0,2886.9078120000004,12,8,False,False,False,0,0,80,69,16,16,8029.577246000001,1935.0,357.0,446.0,0,0,0,0,4767.577246000001,0.0,0.0,97,25,8,122,4,1245000511,True,,10767.577246,0.0,outward
11,9266.106772,9072.653129,6293.581884,193.45364299999892,0.020877553837882642,2972.524887999999,10,7,False,False,False,9,9,122,118,11,11,6812.106771999999,2025.0,374.0,55.0,140.45364299999892,45.0,8.0,0.0,3266.106771999999,193.45364299999892,0.0,279,108,4,0,1,1245000512,True,,9266.106772,0.0,area
15,10281.238325,10281.238325,8752.40442,0.0,0.0,1528.8339049999995,13,8,False,False,False,0,0,111,104,15,15,7433.238325,2325.0,436.0,87.0,0,0,0,0,4281.238325,0.0,0.0,155,60,7,3,2,1245000513,True,,10281.238325,0.0,edge
13,8664.47922,3157.374202,713.247854,5507.105017999999,0.6355956172516506,7951.231365999999,13,13,True,True,False,161,161,82,82,13,13,6825.479219999999,1475.0,263.0,101.0,4563.105017999999,805.0,139.0,0.0,2664.4792199999993,2664.4792199999993,0.0,217,82,0,0,0,1245000514,True,,8664.47922,0.0,cluster
12,9185.764271,8710.743636,7532.912836,475.02063500000077,0.05171269597018388,1652.8514349999996,9,7,False,False,False,16,16,119,112,12,12,6532.764271,2185.0,408.0,60.0,381.02063500000077,80.0,14.0,0.0,3185.764271,475.02063500000077,0.0,248,96,5,0,3,1245000515,True,,9185.764271,0.0,outward
12,12386.949656,12386.949656,3036.553983,0.0,0.0,9350.395673,12,1,True,False,False,0,0,169,166,12,12,8898.949656,2520.0,467.0,501.0,0,0,0,0,6386.949656000001,0.0,0.0,248,96,11,147,0,1245000516,True,,12386.949656,0.0,area
16,6381.688112,6381.688112,4720.439688,0.0,0.0,1661.2484239999994,16,15,True,False,False,0,0,0,0,16,16,4637.688112,1280.0,240.0,224.0,0,0,0,0,381.6881119999998,0.0,0.0,62,0,1,46,0,1245000517,True,,6381.688112,0.0,edge
13,8133.906317,1233.852686,389.0,6900.053631,0.8483074874588575,7744.906317,13,13,True,True,False,196,196,63,63,13,13,6574.906317,1270.0,224.0,65.0,5752.053631,980.0,168.0,0.0,2133.906317,2133.906317,0.0,217,63,0,0,0,1245000518,True,,8133.906317,0.0,cluster
15,11661.569554,11661.569554,7988.366591,0.0,0.0,3673.2029629999997,13,7,False,False,False,0,0,143,131,15,15,8579.569554,2255.0,416.0,411.0,0,0,0,0,5661.569554,0.0,0.0,155,65,8,112,2,1245000519,True,,11661.569554,0.0,outward
10,9788.657469,8176.977653,2584.504633,1611.6798159999998,0.1646476874999537,7204.152835999999,10,5,True,False,False,50,50,134,133,10,10,7049.657469,2260.0,423.0,56.0,1315.6798159999998,250.0,46.0,0.0,3788.6574689999998,1611.6798159999998,0.0,310,120,5,1,0,1245000520,True,,9788.657469,0.0,area
16,5619.432914,5619.432914,2027.0,0.0,0.0,3592.432914,16,16,True,True,True,0,0,0,0,16,16,4165.432914,1130.0,211.0,113.0,0,0,0,0,0.0,0.0,0.0,28,0,0,0,0,1245000521,True,,5619.432914,0.0,edge
15,10752.398021,10752.398021,1587.162403,0.0,0.0,9165.235618,15,3,True,False,False,0,0,127,126,15,15,8078.398021000001,2040.0,373.0,261.0,0,0,0,0,4752.398021000001,0.0,0.0,155,50,12,61,0,1245000522,True,,10752.398021,0.0,cluster
10,10055.809536,9255.777384,8493.046669,800.0321519999998,0.0795591990019171,1562.7628670000013,9,4,False,False,False,30,30,153,147,10,10,7131.809536000001,2420.0,454.0,50.0,623.0321519999998,150.0,27.0,0.0,4055.8095360000007,800.0321519999998,0.0,310,130,6,0,1,1245000523,True,,10055.809536,0.0,outward
13,10358.430311,10358.430311,3053.75422,0.0,0.0,7304.676091,13,7,True,False,False,0,0,130,126,13,13,7795.430311,2105.0,390.0,68.0,0,0,0,0,4358.430311,0.0,0.0,217,86,6,0,0,1245000524,True,,10358.430311,0.0,area
12,11842.505306,11842.505306,3205.338983,0.0,0.0,8637.166323,12,5,True,False,False,0,0,151,146,12,12,8425.505306,2445.0,456.0,516.0,0,0,0,0,5842.505305999999,0.0,0.0,248,96,7,151,0,1245000525,True,,11842.505306,0.0,edge
11,8744.46688,7660.517929,425.0,1083.9489510000003,0.12395826593833474,8319.46688,11,10,True,False,False,36,36,96,94,11,11,6710.46688,1675.0,304.0,55.0,871.9489510000003,180.0,32.0,0.0,2744.46688,1083.9489510000003,0.0,279,90,1,0,0,1245000526,True,,8744.46688,0.0,cluster
14,12233.288262,12233.288262,6677.689592,0.0,0.0,5555.59867,12,7,False,False,False,0,0,111,103,14,14,9159.288262,2170.0,402.0,502.0,0,0,0,0,6233.288262,0.0,0.0,186,72,7,144,2,1245000527,True,,12233.288262,0.0,outward
14,11349.584851,11349.584851,7725.504941,0.0,0.0,3624.0799099999995,13,9,False,False,False,0,0,125,120,14,14,8632.584851,2030.0,374.0,313.0,0,0,0,0,5349.584851,0.0,0.0,186,78,5,81,1,1245000528,True,,11349.584851,0.0,area
11,9238.897067,7697.044452,2321.0,1541.8526149999998,0.16688708660985885,6917.897067,11,8,True,False,False,54,54,116,112,11,11,6600.897067,2165.0,403.0,70.0,1223.8526149999998,270.0,48.0,0.0,3238.897067,1541.8526149999998,0.0,279,107,3,0,0,1245000529,True,,9238.897067,0.0,edge
10,9040.180143,5375.921305,701.0,3664.2588379999997,0.40533028988778635,8339.180143,10,10,True,True,False,140,140,120,120,10,10,6777.180143,1870.0,343.0,50.0,2838.2588379999997,700.0,126.0,0.0,3040.1801429999996,3040.1801429999996,0.0,310,120,0,0,0,1245000530,True,,9040.180143,0.0,cluster
11,15555.838813,15555.838813,8219.065673,0.0,0.0,7336.773140000001,6,4,False,False,False,0,0,193,183,11,11,10856.838813,2650.0,494.0,1555.0,0,0,0,0,9555.838813,0.0,0.0,279,117,7,500,5,1245000531,True,,15555.838813,0.0,outward
14,9115.651002,7888.353825,4067.121069,1227.2971770000004,0.13463626204324056,5048.529933000001,14,12,True,False,False,30,30,90,85,14,14,7001.6510020000005,1705.0,312.0,97.0,1052.2971770000004,150.0,25.0,0.0,3115.6510020000005,1227.2971770000004,0.0,186,78,2,6,0,1245000532,True,,9115.651002,0.0,area
16,5434.187213,5434.187213,1985.0,0.0,0.0,3449.187213,16,16,True,True,True,0,0,0,0,16,16,4122.187213,1005.0,191.0,116.0,0,0,0,0,0.0,0.0,0.0,25,0,0,0,0,1245000533,True,,5434.187213,0.0,edge
16,2464.450192,2464.450192,413.0,0.0,0.0,2051.450192,16,16,True,True,False,0,0,0,0,16,16,1920.4501919999998,390.0,71.0,83.0,0,0,0,0,0.0,0.0,0.0,6,0,0,0,0,1245000534,True,,2464.450192,0.0,cluster
16,7435.013746,7435.013746,6734.384204,0.0,0.0,700.6295419999997,15,13,False,False,False,0,0,21,17,16,16,5370.013746,1675.0,310.0,80.0,0,0,0,0,1435.0137459999996,0.0,0.0,95,11,3,0,1,1245000535,True,,7435.013746,0.0,outward
13,9550.461047,6780.94525,3612.815487,2769.515797000001,0.289987654352034,5937.645560000001,13,10,True,False,False,63,63,80,78,13,13,7463.461047000001,1705.0,311.0,71.0,2400.515797000001,315.0,54.0,0.0,3550.4610470000007,2769.515797000001,0.0,217,77,3,0,0,1245000536,True,,9550.461047,0.0,area
12,14285.694982,14285.694982,8572.479048,0.0,0.0,5713.215934000002,9,1,False,False,False,0,0,212,199,12,12,9750.694982,2920.0,547.0,1068.0,0,0,0,0,8285.694982,0.0,0.0,248,96,11,336,3,1245000537,True,,14285.694982,0.0,edge
13,8734.572583,3621.113603,999.355385,5113.458979999999,0.585427498759615,7735.217197999999,13,13,True,True,False,140,140,72,72,13,13,7018.572582999999,1390.0,249.0,77.0,4293.458979999999,700.0,120.0,0.0,2734.572582999999,2734.572582999999,0.0,217,72,0,0,0,1245000538,True,,8734.572583,0.0,cluster
10,12872.01779,12872.01779,7327.506559,0.0,0.0,5544.5112309999995,9,4,False,False,False,0,0,181,174,10,10,9236.01779,2575.0,483.0,578.0,0,0,0,0,6872.01779,0.0,0.0,310,130,6,176,1,1245000539,True,,12872.01779,0.0,outward
13,16900.993098,16900.993098,7405.332227,0.0,0.0,9495.660871,10,4,False,False,False,0,0,190,183,13,13,12257.993097999999,2655.0,492.0,1496.0,0,0,0,0,10900.993097999999,0.0,0.0,217,91,9,476,3,1245000540,True,,16900.993098,0.0,area
10,9522.950286,9427.67838,8670.291404,95.27190599999994,0.01000445273142529,852.6588819999997,9,4,False,False,False,10,10,151,143,10,10,6388.950285999999,2590.0,488.0,56.0,36.271905999999944,50.0,9.0,0.0,3522.9502859999993,95.27190599999994,0.0,310,120,6,0,1,1245000541,True,,9522.950286,0.0,edge
15,8106.832457,7475.491251,119.0,631.341206,0.077877667923784,7987.832457,15,14,True,False,False,10,10,46,45,15,15,6726.832457,1110.0,192.0,78.0,573.341206,50.0,8.0,0.0,2106.8324570000004,631.341206,0.0,155,40,1,0,0,1245000542,True,,8106.832457,0.0,cluster
10,13341.354455,13341.354455,9789.148494,0.0,0.0,3552.2059610000015,7,4,False,False,False,0,0,183,176,10,10,9182.354455,2615.0,489.0,1055.0,0,0,0,0,7341.354455000001,0.0,0.0,310,125,6,335,3,1245000543,True,,13341.354455,0.0,outward
16,5838.426097,5838.426097,3818.608978,0.0,0.0,2019.8171189999994,16,16,True,True,True,0,0,0,0,16,16,4516.426097,900.0,165.0,257.0,0,0,0,0,0.0,0.0,0.0,52,0,0,0,0,1245000544,True,,5838.426097,0.0,area
15,10632.124613,10632.124613,3263.69921,0.0,0.0,7368.425402999999,15,13,True,False,False,0,0,58,57,15,15,8229.124613,1835.0,337.0,231.0,0,0,0,0,4632.124613,0.0,0.0,155,55,2,50,0,1245000545,True,,10632.124613,0.0,edge
15,10407.209365,10407.209365,707.0,0.0,0.0,9700.209365,15,12,True,False,False,0,0,89,89,15,15,8130.209365000001,1495.0,263.0,519.0,0,0,0,0,4407.209365000001,0.0,0.0,155,50,3,147,0,1245000546,True,,10407.209365,0.0,cluster
10,10522.541449,10522.541449,5360.709108,0.0,0.0,5161.832341,10,3,True,False,False,0,0,141,129,10,10,7503.541449,2500.0,469.0,50.0,0,0,0,0,4522.541449,0.0,0.0,310,118,7,0,0,1245000547,True,,10522.541449,0.0,outward
13,9616.353333,9616.353333,2409.228159,0.0,0.0,7207.125173999999,13,9,True,False,False,0,0,120,115,13,13,7312.353332999999,1850.0,338.0,116.0,0,0,0,0,3616.353332999999,0.0,0.0,217,84,4,17,0,1245000548,True,,9616.353333,0.0,area
13,9694.571104,9694.571104,4473.560511,0.0,0.0,5221.010593000001,13,8,True,False,False,0,0,96,92,13,13,7121.571104000001,2115.0,393.0,65.0,0,0,0,0,3694.5711040000006,0.0,0.0,217,77,5,0,0,1245000549,True,,9694.571104,0.0,edge
16,1295.242107,1295.242107,119.0,0.0,0.0,1176.242107,16,16,True,True,False,0,0,0,0,16,16,983.242107,185.0,35.0,92.0,0,0,0,0,0.0,0.0,0.0,4,0,0,0,0,1245000550,True,,1295.242107,0.0,cluster
16,9910.103242,9910.103242,7280.381156,0.0,0.0,2629.722085999999,11,5,False,False,False,0,0,75,60,16,16,7275.103241999999,2130.0,395.0,110.0,0,0,0,0,3910.103241999999,0.0,0.0,90,14,11,10,5,1245000551,True,,9910.103242,0.0,outward
12,10990.808122,10990.808122,5095.901828,0.0,0.0,5894.906294,12,9,True,False,False,0,0,117,115,12,12,8494.808122,2050.0,380.0,66.0,0,0,0,0,4990.808122,0.0,0.0,248,96,3,1,0,1245000552,True,,10990.808122,0.0,area
13,9446.429518,7852.254171,4941.73778,1594.1753470000012,0.16875956613684873,4504.691738,13,12,True,False,False,35,35,88,86,13,13,7113.429518000001,1910.0,352.0,71.0,1389.1753470000012,175.0,30.0,0.0,3446.429518000001,1594.1753470000012,0.0,217,81,1,0,0,1245000553,True,,9446.429518,0.0,edge
10,9436.311539,9436.311539,1078.715558,0.0,0.0,8357.595981,10,9,True,False,False,0,0,121,120,10,10,7184.311539,1855.0,341.0,56.0,0,0,0,0,3436.3115390000003,0.0,0.0,310,110,1,0,0,1245000554,True,,9436.311539,0.0,cluster
14,13306.044044,13306.044044,9550.517085,0.0,0.0,3755.5269590000007,7,5,False,False,False,0,0,161,146,14,14,9817.044044,2475.0,461.0,553.0,0,0,0,0,7306.044044,0.0,0.0,186,79,9,161,7,1245000555,True,,13306.044044,0.0,outward
16,6211.923737,6211.923737,4925.526687,0.0,0.0,1286.3970500000005,16,15,True,False,False,0,0,0,0,16,16,4807.923737,885.0,160.0,359.0,0,0,0,0,211.92373700000007,0.0,0.0,57,0,1,27,0,1245000556,True,,6211.923737,0.0,area
11,9514.739794,8948.875208,8445.8286,565.8645859999997,0.05947241840043111,1068.9111939999984,10,8,False,False,False,18,18,137,134,11,11,6760.739793999999,2260.0,421.0,73.0,459.8645859999997,90.0,16.0,0.0,3514.739793999999,565.8645859999997,0.0,279,108,3,2,1,1245000557,True,,9514.739794,0.0,edge
11,10735.695394,10735.695394,3118.078694,0.0,0.0,7617.6167000000005,11,9,True,False,False,0,0,123,123,11,11,7918.695394,2030.0,372.0,415.0,0,0,0,0,4735.695394,0.0,0.0,279,108,2,120,0,1245000558,True,,10735.695394,0.0,cluster
14,9283.550433,7526.680334,5764.182346,1756.8700990000007,0.18924549520998984,3519.3680870000007,14,10,True,False,False,42,42,95,89,14,14,6968.550433,1895.0,350.0,70.0,1511.8700990000007,210.0,35.0,0.0,3283.5504330000003,1756.8700990000007,0.0,186,78,4,0,0,1245000559,True,,9283.550433,0.0,outward
13,9278.27202,8734.292495,5605.369299,543.9795250000006,0.05862940036974693,3672.9027210000004,13,6,True,False,False,21,21,81,78,13,13,7150.27202,1745.0,318.0,65.0,420.97952500000065,105.0,18.0,0.0,3278.2720200000003,543.9795250000006,0.0,217,70,7,0,0,1245000560,True,,9278.27202,0.0,area
14,12666.39101,12666.39101,7543.757931,0.0,0.0,5122.633078999999,12,8,False,False,False,0,0,161,154,14,14,9396.39101,2345.0,435.0,490.0,0,0,0,0,6666.391009999999,0.0,0.0,186,84,6,139,2,1245000561,True,,12666.39101,0.0,edge
15,8222.407431,4185.469511,113.0,4036.9379199999994,0.49096787697238103,8109.407431,15,15,True,True,False,80,80,50,50,15,15,6972.407431,1005.0,170.0,75.0,3572.9379199999994,400.0,64.0,0.0,2222.4074309999996,2222.4074309999996,0.0,155,50,0,0,0,1245000562,True,,8222.407431,0.0,cluster
13,11517.485627,11517.485627,9547.581624,0.0,0.0,1969.9040029999996,6,4,False,False,False,0,0,171,155,13,13,8002.485627,2545.0,473.0,497.0,0,0,0,0,5517.485627,0.0,0.0,217,91,9,144,7,1245000563,True,,11517.485627,0.0,outward
16,5743.995939,5743.995939,5502.004931,0.0,0.0,241.99100799999997,16,16,True,True,True,0,0,0,0,16,16,4547.995939,945.0,171.0,80.0,0,0,0,0,0.0,0.0,0.0,68,0,0,0,0,1245000564,True,,5743.995939,0.0,area
13,9489.956813,8874.911494,4458.718268,615.0453190000007,0.06481012834088655,5031.238545000001,13,6,True,False,False,21,21,103,100,13,13,6951.956813000001,2080.0,387.0,71.0,492.04531900000075,105.0,18.0,0.0,3489.9568130000007,615.0453190000007,0.0,217,84,7,2,0,1245000565,True,,9489.956813,0.0,edge
12,8227.679398,1540.036706,755.0,6687.642692,0.8128224701640228,7472.679398,12,12,True,True,False,216,216,72,72,12,12,6434.679398,1470.0,263.0,60.0,5418.642692,1080.0,189.0,0.0,2227.679398,2227.679398,0.0,248,72,0,0,0,1245000566,True,,8227.679398,0.0,cluster
11,10526.170383,10526.170383,6631.77691,0.0,0.0,3894.393473000001,10,6,False,False,False,0,0,147,143,11,11,7657.170383000001,2310.0,429.0,130.0,0,0,0,0,4526.170383000001,0.0,0.0,279,117,5,25,1,1245000567,True,,10526.170383,0.0,outward
12,9056.91038,9056.91038,5578.688975,0.0,0.0,3478.2214049999993,12,9,True,False,False,0,0,80,80,12,12,6813.910379999999,1840.0,337.0,66.0,0,0,0,0,3056.9103799999993,0.0,0.0,248,80,3,0,0,1245000568,True,,9056.91038,0.0,area
13,10470.437497,10470.437497,4141.516924,0.0,0.0,6328.920573000001,13,8,True,False,False,0,0,124,120,13,13,7673.437497000001,2285.0,426.0,86.0,0,0,0,0,4470.437497000001,0.0,0.0,217,84,5,1,0,1245000569,True,,10470.437497,0.0,edge
14,12976.852662,12976.852662,3196.540656,0.0,0.0,9780.312006,14,10,True,False,False,0,0,105,105,14,14,9870.852662,1760.0,316.0,1030.0,0,0,0,0,6976.852661999999,0.0,0.0,186,71,4,320,0,1245000570,True,,12976.852662,0.0,cluster
13,10280.621053,10280.621053,7534.451463,0.0,0.0,2746.1695900000004,9,5,False,False,False,0,0,147,131,13,13,7408.621053000001,2365.0,442.0,65.0,0,0,0,0,4280.621053000001,0.0,0.0,217,91,8,0,4,1245000571,True,,10280.621053,0.0,outward
13,9428.00539,7252.9094,1696.427188,2175.0959900000007,0.23070584922523052,7731.578202000001,13,10,True,False,False,63,63,90,88,13,13,7255.00539,1780.0,325.0,68.0,1806.0959900000007,315.0,54.0,0.0,3428.0053900000003,2175.0959900000007,0.0,217,84,3,0,0,1245000572,True,,9428.00539,0.0,area
14,9353.567244,8502.247844,8149.366989,851.3194000000003,0.09101547867163656,1204.2002549999997,13,8,False,False,False,24,24,86,79,14,14,6907.567244,1995.0,369.0,82.0,711.3194000000003,120.0,20.0,0.0,3353.567244,851.3194000000003,0.0,186,72,6,3,1,1245000573,True,,9353.567244,0.0,edge
15,8121.316837,1959.879392,431.0,6161.4374450000005,0.7586746790777866,7690.316837,15,15,True,True,False,130,130,45,45,15,15,6885.316837,985.0,167.0,84.0,5406.4374450000005,650.0,105.0,0.0,2121.3168370000003,2121.3168370000003,0.0,155,45,0,0,0,1245000574,True,,8121.316837,0.0,cluster
10,9403.261268,9403.261268,6641.313233,0.0,0.0,2761.9480350000003,9,6,False,False,False,0,0,150,142,10,10,6351.261268,2525.0,474.0,53.0,0,0,0,0,3403.261268,0.0,0.0,310,120,4,1,1,1245000575,True,,9403.261268,0.0,outward
14,9888.113344,8240.779988,6504.17554,1647.3333559999992,0.166597337499128,3383.9378039999992,13,9,False,False,False,24,24,79,75,14,14,7729.113343999999,1760.0,323.0,76.0,1506.3333559999992,120.0,21.0,0.0,3888.1133439999994,1647.3333559999992,0.0,186,68,5,1,1,1245000576,True,,9888.113344,0.0,area
13,10027.56851,10027.56851,4443.027604,0.0,0.0,5584.540905999999,13,7,True,False,False,0,0,99,95,13,13,7436.568509999999,2120.0,394.0,77.0,0,0,0,0,4027.568509999999,0.0,0.0,217,75,6,3,0,1245000577,True,,10027.56851,0.0,edge
10,8518.509385,1773.811037,701.0,6744.698348,0.7917697854364694,7817.509384999999,10,10,True,True,False,260,260,100,100,10,10,6416.509384999999,1735.0,317.0,50.0,5210.698347999999,1300.0,234.0,0.0,2518.5093849999994,2518.5093849999994,0.0,310,100,0,0,0,1245000578,True,,8518.509385,0.0,cluster
15,16143.096966,16143.096966,9020.858527,0.0,0.0,7122.238438999999,9,4,False,False,False,0,0,181,168,15,15,11664.096966,2530.0,467.0,1482.0,0,0,0,0,10143.096966,0.0,0.0,155,65,11,469,6,1245000579,True,,16143.096966,0.0,outward
13,10107.961941,10107.961941,6492.102575,0.0,0.0,3615.8593659999997,12,8,False,False,False,0,0,100,97,13,13,8041.961941,1690.0,308.0,68.0,0,0,0,0,4107.961941,0.0,0.0,217,92,5,0,1,1245000580,True,,10107.961941,0.0,area
11,9588.510555,7341.154008,2953.82703,2247.3565470000003,0.23438015050503327,6634.683525,11,10,True,False,False,63,63,103,102,11,11,6963.510555000001,2155.0,400.0,70.0,1876.3565470000003,315.0,56.0,0.0,3588.5105550000007,2247.3565470000003,0.0,279,99,1,0,0,1245000581,True,,9588.510555,0.0,edge
12,8549.962673,1777.976512,407.0,6771.986161,0.7920486229004616,8142.962673,12,12,True,True,False,216,216,80,80,12,12,6819.962673,1415.0,252.0,63.0,5502.986161,1080.0,189.0,0.0,2549.962673,2549.962673,0.0,248,80,0,0,0,1245000582,True,,8549.962673,0.0,cluster
13,10158.945962,9741.53454,8861.34461,417.4114219999992,0.04108806401385987,1297.6013519999997,8,4,False,False,False,7,7,155,142,13,13,6999.945962,2590.0,489.0,80.0,375.4114219999992,35.0,7.0,0.0,4158.945962,417.4114219999992,0.0,217,84,9,4,5,1245000583,True,,10158.945962,0.0,outward
12,9672.723358,9672.723358,5258.914616,0.0,0.0,4413.808741999999,12,10,True,False,False,0,0,88,88,12,12,7375.723357999999,1885.0,346.0,66.0,0,0,0,0,3672.7233579999993,0.0,0.0,248,88,2,0,0,1245000584,True,,9672.723358,0.0,area
13,14792.924615,14792.924615,7279.866905,0.0,0.0,7513.05771,10,4,False,False,False,0,0,183,175,13,13,10690.924615,2575.0,478.0,1049.0,0,0,0,0,8792.924615,0.0,0.0,217,90,9,327,3,1245000585,True,,14792.924615,0.0,edge
11,8637.107342,2369.177206,726.392068,6267.930135999999,0.7256978393125544,7910.715273999999,11,11,True,True,False,216,216,90,90,11,11,6732.107341999999,1565.0,282.0,58.0,4995.930135999999,1080.0,192.0,0.0,2637.1073419999993,2637.1073419999993,0.0,279,90,0,0,0,1245000586,True,,8637.107342,0.0,cluster
11,10653.979489,10653.979489,9153.428381,0.0,0.0,1500.5511079999997,8,4,False,False,False,0,0,187,178,11,11,7457.979488999999,2640.0,498.0,58.0,0,0,0,0,4653.979488999999,0.0,0.0,279,120,7,1,3,1245000587,True,,10653.979489,0.0,outward
10,10432.296065,10432.296065,5765.453107,0.0,0.0,4666.842958,10,6,True,False,False,0,0,138,138,10,10,7691.296065,2140.0,392.0,209.0,0,0,0,0,4432.296065,0.0,0.0,310,110,4,53,0,1245000588,True,,10432.296065,0.0,area
13,9341.952036,9273.641014,6989.193147,68.31102199999987,0.007312285669714164,2352.7588890000006,12,9,False,False,False,7,7,106,100,13,13,6888.952036000001,2010.0,372.0,71.0,27.311021999999866,35.0,6.0,0.0,3341.9520360000006,68.31102199999987,0.0,217,84,4,2,1,1245000589,True,,9341.952036,0.0,edge
14,8104.23402,1921.665384,383.0,6182.568636,0.762881306332267,7721.23402,14,14,True,True,False,156,156,54,54,14,14,6635.23402,1190.0,209.0,70.0,5272.568636,780.0,130.0,0.0,2104.23402,2104.23402,0.0,186,54,0,0,0,1245000590,True,,8104.23402,0.0,cluster
16,10949.635426,10949.635426,6956.573337,0.0,0.0,3993.062089000001,15,7,False,False,False,0,0,37,32,16,16,8002.635426000001,1835.0,336.0,776.0,0,0,0,0,4949.635426000001,0.0,0.0,90,11,9,232,1,1245000591,True,,10949.635426,0.0,outward
10,10017.565832,9367.696015,4333.600986,649.8698170000007,0.0648730268309357,5683.964846,10,7,True,False,False,10,10,108,107,10,10,7431.565832,2135.0,398.0,53.0,590.8698170000007,50.0,9.0,0.0,4017.5658320000002,649.8698170000007,0.0,310,106,3,0,0,1245000592,True,,10017.565832,0.0,area
15,10015.017684,9437.899903,5447.758826,577.1177810000008,0.05762523833802157,4567.258858,15,9,True,False,False,10,10,110,104,15,15,7566.017684,1985.0,368.0,96.0,518.1177810000008,50.0,9.0,0.0,4015.0176840000004,577.1177810000008,0.0,155,70,6,5,0,1245000593,True,,10015.017684,0.0,edge
12,10412.414692,10412.414692,2464.982258,0.0,0.0,7947.432434,12,11,True,False,False,0,0,111,111,12,12,7974.414692,1785.0,323.0,330.0,0,0,0,0,4412.414692,0.0,0.0,248,96,1,90,0,1245000594,True,,10412.414692,0.0,cluster
15,9506.928179,9506.928179,8577.03984,0.0,0.0,929.888339000001,13,10,False,False,False,0,0,93,83,15,15,7055.9281790000005,2000.0,370.0,81.0,0,0,0,0,3506.9281790000005,0.0,0.0,155,60,5,1,2,1245000595,True,,9506.928179,0.0,outward
15,9681.823428,9178.827555,2808.040059,502.99587299999985,0.05195259722929124,6873.783369,15,12,True,False,False,10,10,73,71,15,15,7830.823428,1495.0,269.0,87.0,444.99587299999985,50.0,8.0,0.0,3681.8234279999997,502.99587299999985,0.0,155,60,3,2,0,1245000596,True,,9681.823428,0.0,area
16,10929.796321,10929.796321,9696.475047,0.0,0.0,1233.321274,13,8,False,False,False,0,0,79,72,16,16,8330.796321,1890.0,350.0,359.0,0,0,0,0,4929.796321,0.0,0.0,112,36,8,93,3,1245000597,True,,10929.796321,0.0,edge
11,10061.529659,10061.529659,5394.350409,0.0,0.0,4667.17925,11,10,True,False,False,0,0,99,99,11,11,7501.529659,1770.0,324.0,466.0,0,0,0,0,4061.529659,0.0,0.0,279,99,1,134,0,1245000598,True,,10061.529659,0.0,cluster
14,11421.557623,11421.557623,6932.072225,0.0,0.0,4489.485398000001,11,7,False,False,False,0,0,123,109,14,14,8149.557623000001,2345.0,437.0,490.0,0,0,0,0,5421.557623000001,0.0,0.0,186,72,7,140,3,1245000599,True,,11421.557623,0.0,outward
10,12323.870852,12323.870852,9763.163248,0.0,0.0,2560.7076039999993,9,6,False,False,False,0,0,156,153,10,10,8932.870852,2350.0,439.0,602.0,0,0,0,0,6323.870852,0.0,0.0,310,120,4,184,1,1245000600,True,,12323.870852,0.0,area
14,10788.942308,10788.942308,7777.437379,0.0,0.0,3011.5049289999997,13,6,False,False,False,0,0,143,127,14,14,7929.942308,2340.0,437.0,82.0,0,0,0,0,4788.942308,0.0,0.0,186,79,8,0,1,1245000601,True,,10788.942308,0.0,edge
14,8864.085498,8126.793493,732.661557,737.2920050000002,0.08317744737078124,8131.423941,14,7,True,False,False,18,18,88,84,14,14,6852.085498,1640.0,299.0,73.0,631.2920050000002,90.0,16.0,0.0,2864.0854980000004,737.2920050000002,0.0,186,60,7,1,0,1245000602,True,,8864.085498,0.0,cluster
13,10215.436307,10215.436307,7237.761075,0.0,0.0,2977.6752319999996,11,3,False,False,False,0,0,105,96,13,13,7516.436307,2220.0,414.0,65.0,0,0,0,0,4215.436307,0.0,0.0,217,77,10,0,2,1245000603,True,,10215.436307,0.0,outward
13,9438.584812,8175.351773,1606.814648,1263.2330389999988,0.1338371232723314,7831.770164,13,10,True,False,False,35,35,91,89,13,13,7480.584811999999,1600.0,290.0,68.0,1057.2330389999988,175.0,31.0,0.0,3438.584811999999,1263.2330389999988,0.0,217,84,3,0,0,1245000604,True,,9438.584812,0.0,area
15,9639.180141,9339.917563,5371.328752,299.26257799999985,0.03104647632085371,4267.851389,15,13,True,False,False,5,5,65,64,15,15,7363.180141000001,1850.0,342.0,84.0,270.26257799999985,25.0,4.0,0.0,3639.1801410000007,299.26257799999985,0.0,155,55,2,0,0,1245000605,True,,9639.180141,0.0,edge
14,10350.05845,6388.914376,641.0,3961.1440740000007,0.382717072868318,9709.05845,14,11,True,False,False,78,78,87,85,14,14,8422.05845,1570.0,285.0,73.0,3505.1440740000007,390.0,66.0,0.0,4350.05845,3961.1440740000007,0.0,186,84,3,0,0,1245000606,True,,10350.05845,0.0,cluster
10,9517.417287,9517.417287,8260.096158,0.0,0.0,1257.321129,8,6,False,False,False,0,0,149,139,10,10,6465.417287,2525.0,474.0,53.0,0,0,0,0,3517.417287,0.0,0.0,310,120,4,0,2,1245000607,True,,9517.417287,0.0,outward
12,10493.252018,10493.252018,8718.874398,0.0,0.0,1774.3776199999993,11,7,False,False,False,0,0,142,137,12,12,7947.252017999999,2095.0,388.0,63.0,0,0,0,0,4493.252017999999,0.0,0.0,248,102,5,0,1,1245000608,True,,10493.252018,0.0,area
16,9753.2214,9753.2214,6064.556527,0.0,0.0,3688.6648730000006,15,10,False,False,False,0,0,30,27,16,16,7403.2214,1625.0,297.0,428.0,0,0,0,0,3753.2214000000004,0.0,0.0,72,0,6,115,1,1245000609,True,,9753.2214,0.0,edge
12,8847.815036,2744.113726,2254.252904,6103.70131,0.6898540809414814,6593.562132,12,12,True,True,False,192,192,88,88,12,12,7001.815036,1510.0,273.0,63.0,4974.7013099999995,960.0,169.0,0.0,2847.815036,2847.815036,0.0,248,88,0,0,0,1245000610,True,,8847.815036,0.0,cluster
14,9843.012888,9560.603997,7977.795235,282.40889099999913,0.028691305620893254,1865.2176529999997,11,9,False,False,False,6,6,122,113,14,14,7177.012887999999,2185.0,408.0,73.0,246.40889099999913,30.0,6.0,0.0,3843.0128879999993,282.40889099999913,0.0,186,84,5,0,3,1245000611,True,,9843.012888,0.0,outward
11,13006.491011,13006.491011,4343.0,0.0,0.0,8663.491011,11,1,True,False,False,0,0,140,138,11,11,9586.491011,2405.0,447.0,568.0,0,0,0,0,7006.491011,0.0,0.0,279,99,10,171,0,1245000612,True,,13006.491011,0.0,area
14,9497.048762,8963.847167,3961.83068,533.2015950000005,0.05614392516688654,5535.218082,14,12,True,False,False,18,18,79,76,14,14,7056.048762,2000.0,371.0,70.0,428.20159500000045,90.0,15.0,0.0,3497.0487620000004,533.2015950000005,0.0,186,66,2,0,0,1245000613,True,,9497.048762,0.0,edge
14,9013.997361,4187.939263,3425.358762,4826.0580979999995,0.5353959963290474,5588.638599,14,14,True,True,False,108,108,66,66,14,14,7199.997361,1475.0,266.0,73.0,4195.0580979999995,540.0,91.0,0.0,3013.9973609999997,3013.9973609999997,0.0,186,66,0,0,0,1245000614,True,,9013.997361,0.0,cluster
12,10048.712091,10048.712091,6638.173558,0.0,0.0,3410.538532999999,10,6,False,False,False,0,0,119,112,12,12,7359.712090999999,2215.0,411.0,63.0,0,0,0,0,4048.7120909999994,0.0,0.0,248,96,6,1,2,1245000615,True,,10048.712091,0.0,outward
14,9206.504687,7519.692826,1956.03476,1686.8118610000001,0.18321957337205882,7250.469927,14,13,True,False,False,42,42,86,83,14,14,7192.504687000001,1645.0,299.0,70.0,1440.8118610000001,210.0,36.0,0.0,3206.5046870000006,1686.8118610000001,0.0,186,80,1,0,0,1245000616,True,,9206.504687,0.0,area
14,10857.838388,9860.449886,3581.919813,997.3885019999998,0.09185884578115529,7275.918575,14,8,True,False,False,12,12,103,98,14,14,8243.838388,2135.0,397.0,82.0,926.3885019999998,60.0,11.0,0.0,4857.838388,997.3885019999998,0.0,186,72,6,4,0,1245000617,True,,10857.838388,0.0,edge
13,9936.445616,9936.445616,323.0,0.0,0.0,9613.445616,13,10,True,False,False,0,0,119,119,13,13,7634.445616000001,1750.0,313.0,239.0,0,0,0,0,3936.445616000001,0.0,0.0,217,77,3,58,0,1245000618,True,,9936.445616,0.0,cluster
12,9947.912091,9475.335085,8621.471336,472.5770059999995,0.04750514496680623,1326.4407549999996,10,6,False,False,False,16,16,147,136,12,12,7007.912091,2420.0,454.0,66.0,378.5770059999995,80.0,14.0,0.0,3947.912091,472.5770059999995,0.0,248,104,6,1,2,1245000619,True,,9947.912091,0.0,outward
10,10307.075497,7722.778282,6634.576859,2584.2972149999996,0.25073040512337286,3672.498638,9,8,False,False,False,70,70,135,133,10,10,7882.075497,2005.0,370.0,50.0,2171.2972149999996,350.0,63.0,0.0,4307.075497,2584.2972149999996,0.0,310,130,2,0,1,1245000620,True,,10307.075497,0.0,area
10,11439.943589,11439.943589,7714.814771,0.0,0.0,3725.128818,9,6,False,False,False,0,0,164,160,10,10,7991.943589,2545.0,475.0,428.0,0,0,0,0,5439.943589,0.0,0.0,310,118,4,123,1,1245000621,True,,11439.943589,0.0,edge
12,8470.845299,2094.676179,1531.296258,6376.1691200000005,0.7527193444027032,6939.549041,12,12,True,True,False,200,200,80,80,12,12,6701.8452990000005,1450.0,259.0,60.0,5201.1691200000005,1000.0,175.0,0.0,2470.8452990000005,2470.8452990000005,0.0,248,80,0,0,0,1245000622,True,,8470.845299,0.0,cluster
13,9269.004772,9269.004772,8028.826799,0.0,0.0,1240.1779729999998,11,7,False,False,False,0,0,134,120,13,13,6523.004772,2260.0,421.0,65.0,0,0,0,0,3269.0047720000002,0.0,0.0,217,84,6,0,2,1245000623,True,,9269.004772,0.0,outward
14,10677.895011,10143.256129,8321.575454,534.6388820000011,0.05006968896484134,2356.3195570000007,12,4,False,False,False,12,12,139,127,14,14,7823.8950110000005,2345.0,439.0,70.0,463.6388820000011,60.0,11.0,0.0,4677.8950110000005,534.6388820000011,0.0,186,78,10,0,2,1245000624,True,,10677.895011,0.0,area
14,9305.232194,8785.076956,7937.066988,520.1552379999994,0.05589922176637298,1368.1652060000006,12,8,False,False,False,18,18,114,106,14,14,6724.232194,2115.0,393.0,73.0,414.1552379999994,90.0,16.0,0.0,3305.232194,520.1552379999994,0.0,186,72,6,1,2,1245000625,True,,9305.232194,0.0,edge
10,9281.448035,9281.448035,1655.0,0.0,0.0,7626.448034999999,10,9,True,False,False,0,0,122,121,10,10,6870.448034999999,1990.0,368.0,53.0,0,0,0,0,3281.4480349999994,0.0,0.0,310,110,1,0,0,1245000626,True,,9281.448035,0.0,cluster
15,12039.458523,12039.458523,9183.919849,0.0,0.0,2855.5386739999994,14,8,False,False,False,0,0,102,99,15,15,9152.458523,2075.0,380.0,432.0,0,0,0,0,6039.458522999999,0.0,0.0,155,55,7,119,1,1245000627,True,,12039.458523,0.0,outward
15,9396.710553,7371.817134,4301.5739,2024.893419000001,0.2154896021941989,5095.1366530000005,15,14,True,False,False,35,35,59,58,15,15,7537.710553000001,1495.0,271.0,93.0,1821.893419000001,175.0,28.0,0.0,3396.710553000001,2024.893419000001,0.0,155,55,1,0,0,1245000628,True,,9396.710553,0.0,area
13,9922.17197,7380.359801,3242.910333,2541.812169,0.2561749762738692,6679.261637,13,10,True,False,False,56,56,83,83,13,13,7382.171969999999,2080.0,386.0,74.0,2213.812169,280.0,48.0,0.0,3922.1719699999994,2541.812169,0.0,217,77,3,1,0,1245000629,True,,9922.17197,0.0,edge
14,11529.675644,11529.675644,1799.0,0.0,0.0,9730.675644,14,9,True,False,False,0,0,111,110,14,14,8761.675644,1745.0,311.0,712.0,0,0,0,0,5529.675644000001,0.0,0.0,186,66,5,214,0,1245000630,True,,11529.675644,0.0,cluster
16,12193.666905,12193.666905,7531.219113,0.0,0.0,4662.447792,11,8,False,False,False,0,0,87,77,16,16,8972.666905,2040.0,372.0,809.0,0,0,0,0,6193.666905,0.0,0.0,94,19,8,243,5,1245000631,True,,12193.666905,0.0,outward
16,8957.726487,8957.726487,6952.164765,0.0,0.0,2005.5617219999995,15,13,False,False,False,0,0,32,30,16,16,6974.726487,1390.0,255.0,338.0,0,0,0,0,2957.726487,0.0,0.0,88,16,3,86,1,1245000632,True,,8957.726487,0.0,area
12,10585.047022,10585.047022,6488.149163,0.0,0.0,4096.897859000001,11,3,False,False,False,0,0,159,151,12,12,7540.047022000001,2510.0,472.0,63.0,0,0,0,0,4585.047022000001,0.0,0.0,248,99,9,1,1,1245000633,True,,10585.047022,0.0,edge
15,8459.484626,2676.274548,689.0,5783.210078,0.6836362182425935,7770.4846259999995,15,15,True,True,False,120,120,50,50,15,15,6895.4846259999995,1265.0,224.0,75.0,5086.210078,600.0,97.0,0.0,2459.4846259999995,2459.4846259999995,0.0,155,50,0,0,0,1245000634,True,,8459.484626,0.0,cluster
15,9622.201227,9622.201227,8008.810248,0.0,0.0,1613.3909789999998,13,10,False,False,False,0,0,89,83,15,15,7156.201227,2015.0,373.0,78.0,0,0,0,0,3622.2012269999996,0.0,0.0,155,60,5,0,2,1245000635,True,,9622.201227,0.0,outward
14,10620.067724,10620.067724,6778.612435,0.0,0.0,3841.4552890000004,13,11,False,False,False,0,0,109,106,14,14,8309.067724,1885.0,347.0,79.0,0,0,0,0,4620.067724,0.0,0.0,186,78,3,2,1,1245000636,True,,10620.067724,0.0,area
14,9640.084871,9199.798705,7559.766829,440.28616599999987,0.0456724366944632,2080.318041999999,13,7,False,False,False,12,12,111,102,14,14,7105.084870999999,2070.0,383.0,82.0,370.28616599999987,60.0,10.0,0.0,3640.084870999999,440.28616599999987,0.0,186,72,7,4,1,1245000637,True,,9640.084871,0.0,edge
16,2782.641521,2782.641521,1595.952372,0.0,0.0,1186.689149,16,16,True,True,False,0,0,0,0,16,16,2090.641521,455.0,85.0,152.0,0,0,0,0,0.0,0.0,0.0,16,0,0,0,0,1245000638,True,,2782.641521,0.0,cluster
11,10217.90161,10217.90161,9232.634746,0.0,0.0,985.2668640000011,10,5,False,False,False,0,0,138,132,11,11,7283.901610000001,2425.0,454.0,55.0,0,0,0,0,4217.901610000001,0.0,0.0,279,99,6,0,1,1245000639,True,,10217.90161,0.0,outward
15,10325.564389,10325.564389,5641.480151,0.0,0.0,4684.0842379999995,15,13,True,False,False,0,0,94,90,15,15,8319.564389,1605.0,293.0,108.0,0,0,0,0,4325.564388999999,0.0,0.0,155,75,2,2,0,1245000640,True,,10325.564389,0.0,area
15,9951.546094,9369.285266,4933.008365,582.2608279999986,0.05850958459118791,5018.537729,15,10,True,False,False,15,15,86,81,15,15,7429.546093999999,2055.0,380.0,87.0,495.2608279999986,75.0,12.0,0.0,3951.5460939999994,582.2608279999986,0.0,155,60,5,2,0,1245000641,True,,9951.546094,0.0,edge
15,10312.51324,10312.51324,1590.0,0.0,0.0,8722.51324,15,12,True,False,False,0,0,105,105,15,15,7890.51324,1650.0,295.0,477.0,0,0,0,0,4312.51324,0.0,0.0,155,60,3,132,0,1245000642,True,,10312.51324,0.0,cluster
15,10423.227234,9189.821585,8527.711226,1233.4056490000003,0.11833241483757527,1895.5160080000005,10,5,False,False,False,20,20,106,87,15,15,7677.227234,2250.0,421.0,75.0,1116.4056490000003,100.0,17.0,0.0,4423.227234,1233.4056490000003,0.0,155,60,10,0,5,1245000643,True,,10423.227234,0.0,outward
10,10045.291965,10045.291965,3472.101889,0.0,0.0,6573.190076000001,10,7,True,False,False,0,0,135,135,10,10,7507.291965,1960.0,360.0,218.0,0,0,0,0,4045.2919650000003,0.0,0.0,310,120,3,56,0,1245000644,True,,10045.291965,0.0,area
15,10951.956735,10951.956735,4510.818205,0.0,0.0,6441.13853,15,14,True,False,False,0,0,69,69,15,15,8119.956735,1845.0,336.0,651.0,0,0,0,0,4951.956735,0.0,0.0,155,55,1,190,0,1245000645,True,,10951.956735,0.0,edge
15,8151.042597,4047.0962,377.0,4103.946397,0.5034872960313643,7774.042597,15,15,True,True,False,90,90,50,50,15,15,6804.042597,1085.0,187.0,75.0,3581.9463969999997,450.0,72.0,0.0,2151.0425969999997,2151.0425969999997,0.0,155,50,0,0,0,1245000646,True,,8151.042597,0.0,cluster
16,7116.991291,7116.991291,5592.801191,0.0,0.0,1524.1901000000007,16,15,True,False,False,0,0,0,0,16,16,4870.991291,1510.0,281.0,455.0,0,0,0,0,1116.9912910000003,0.0,0.0,73,0,1,119,0,1245000647,True,,7116.991291,0.0,outward
16,10032.478141,10032.478141,5588.909009,0.0,0.0,4443.569132,16,13,True,False,False,0,0,6,6,16,16,7340.478141,1270.0,232.0,1190.0,0,0,0,0,4032.4781409999996,0.0,0.0,65,0,3,368,0,1245000648,True,,10032.478141,0.0,area
10,9243.601167,7879.874646,6294.525566,1363.7265210000005,0.1475319517103956,2949.0756010000005,9,6,False,False,False,60,60,134,129,10,10,6303.601167000001,2420.0,455.0,65.0,1009.7265210000005,300.0,54.0,0.0,3243.6011670000007,1363.7265210000005,0.0,310,121,4,4,1,1245000649,True,,9243.601167,0.0,edge
11,8941.936947,2954.47913,1055.0,5987.457817,0.6695929363501919,7886.936947,11,11,True,True,False,207,207,104,104,11,11,6921.936947,1660.0,302.0,58.0,4768.457817,1035.0,184.0,0.0,2941.936947,2941.936947,0.0,279,104,0,0,0,1245000650,True,,8941.936947,0.0,cluster
15,18182.899132,18182.899132,7876.607899,0.0,0.0,10306.291233,11,2,False,False,False,0,0,213,203,15,15,12684.899131999999,2905.0,538.0,2055.0,0,0,0,0,12182.899131999999,0.0,0.0,155,55,13,660,4,1245000651,True,,18182.899132,0.0,outward
12,9702.026343,8657.390717,6423.865443,1044.6356259999993,0.1076719016284369,3278.1609,11,9,False,False,False,24,24,116,112,12,12,7408.0263429999995,1880.0,345.0,69.0,903.6356259999993,120.0,21.0,0.0,3702.0263429999995,1044.6356259999993,0.0,248,104,3,0,1,1245000652,True,,9702.026343,0.0,area
11,9437.053908,8541.318271,7459.990859,895.7356369999998,0.09491687191069925,1977.0630490000003,10,5,False,False,False,36,36,153,141,11,11,6383.053908,2510.0,471.0,73.0,683.7356369999998,180.0,32.0,0.0,3437.053908,895.7356369999998,0.0,279,113,6,0,1,1245000653,True,,9437.053908,0.0,edge
13,8317.821803,1669.280963,713.0,6648.540840000001,0.7993127284359545,7604.821803000001,13,13,True,True,False,189,189,66,66,13,13,6731.821803000001,1290.0,228.0,68.0,5541.540840000001,945.0,162.0,0.0,2317.8218030000007,2317.8218030000007,0.0,217,66,0,0,0,1245000654,True,,8317.821803,0.0,cluster
16,10520.432023,10520.432023,9421.429604,0.0,0.0,1099.0024189999986,9,7,False,False,False,0,0,135,114,16,16,7362.432022999999,2405.0,448.0,305.0,0,0,0,0,4520.432022999999,0.0,0.0,119,47,9,73,7,1245000655,True,,10520.432023,0.0,outward
13,10473.415029,10473.415029,4718.282761,0.0,0.0,5755.132267999999,13,11,True,False,False,0,0,114,112,13,13,8224.415029,1845.0,339.0,65.0,0,0,0,0,4473.415029,0.0,0.0,217,98,2,0,0,1245000656,True,,10473.415029,0.0,area
11,9960.280569,9960.280569,7250.209722,0.0,0.0,2710.070847000001,9,7,False,False,False,0,0,130,125,11,11,7039.2805690000005,2290.0,426.0,205.0,0,0,0,0,3960.2805690000005,0.0,0.0,279,103,4,49,2,1245000657,True,,9960.280569,0.0,edge
11,9101.26504,4799.252591,4340.227247,4302.012449,0.47268291057261635,4761.037793,11,11,True,True,False,153,153,117,117,11,11,6905.26504,1810.0,331.0,55.0,3401.012449,765.0,136.0,0.0,3101.26504,3101.26504,0.0,279,117,0,0,0,1245000658,True,,9101.26504,0.0,cluster
11,10280.679389,10280.679389,9606.411095,0.0,0.0,674.2682940000013,10,6,False,False,False,0,0,160,155,11,11,7479.679389000001,2310.0,433.0,58.0,0,0,0,0,4280.679389000001,0.0,0.0,279,117,5,1,1,1245000659,True,,10280.679389,0.0,outward
10,9510.066922,7746.878137,7405.587121,1763.1887850000003,0.18540235304981384,2104.4798010000004,8,8,False,False,False,70,70,140,136,10,10,6842.066922,2205.0,410.0,53.0,1350.1887850000003,350.0,63.0,0.0,3510.066922,1763.1887850000003,0.0,310,130,2,1,2,1245000660,True,,9510.066922,0.0,area
11,9408.343423,8067.462029,6886.466686,1340.881394,0.14252045590959503,2521.8767370000005,10,8,False,False,False,45,45,122,118,11,11,6734.343423,2195.0,409.0,70.0,1075.881394,225.0,40.0,0.0,3408.3434230000003,1340.881394,0.0,279,108,3,4,1,1245000661,True,,9408.343423,0.0,edge
12,8879.386569,7916.011127,742.240361,963.3754420000005,0.10849572034214253,8137.146208,12,11,True,False,False,32,32,95,94,12,12,6960.386569,1570.0,283.0,66.0,775.3754420000005,160.0,28.0,0.0,2879.3865690000002,963.3754420000005,0.0,248,88,1,0,0,1245000662,True,,8879.386569,0.0,cluster
11,15135.808315,15135.808315,9607.003314,0.0,0.0,5528.805001000001,8,4,False,False,False,0,0,184,177,11,11,10694.808315,2555.0,475.0,1411.0,0,0,0,0,9135.808315,0.0,0.0,279,126,7,452,3,1245000663,True,,15135.808315,0.0,outward
11,9707.591792,5810.533974,1667.0,3897.0578179999993,0.4014443439217906,8040.591791999999,11,11,True,True,False,117,117,108,108,11,11,7433.591791999999,1875.0,344.0,55.0,3208.0578179999993,585.0,104.0,0.0,3707.5917919999993,3707.5917919999993,0.0,279,108,0,0,0,1245000664,True,,9707.591792,0.0,area
15,10128.198752,10021.487036,7703.629738,106.7117159999998,0.010536100111476149,2424.5690140000006,13,9,False,False,False,5,5,91,80,15,15,7683.198752,1990.0,368.0,87.0,77.7117159999998,25.0,4.0,0.0,4128.198752,106.7117159999998,0.0,155,60,6,0,2,1245000665,True,,10128.198752,0.0,edge
16,2357.437051,2357.437051,371.0,0.0,0.0,1986.4370509999999,16,16,True,True,False,0,0,0,0,16,16,1614.4370509999999,265.0,47.0,431.0,0,0,0,0,0.0,0.0,0.0,6,0,0,0,0,1245000666,True,,2357.437051,0.0,cluster
12,9421.538272,8787.589729,7343.41434,633.9485430000004,0.06728715892223681,2078.1239319999995,9,6,False,False,False,24,24,126,114,12,12,6559.538272,2360.0,442.0,60.0,492.9485430000004,120.0,21.0,0.0,3421.538272,633.9485430000004,0.0,248,96,6,0,3,1245000667,True,,9421.538272,0.0,outward
11,9190.46362,9190.46362,1649.0,0.0,0.0,7541.46362,11,7,True,False,False,0,0,102,100,11,11,6886.46362,1900.0,349.0,55.0,0,0,0,0,3190.4636200000004,0.0,0.0,279,99,4,0,0,1245000668,True,,9190.46362,0.0,area
14,9848.296282,9796.521313,4650.511821,51.774969000000056,0.005257251357743022,5197.784460999999,14,12,True,False,False,6,6,74,74,14,14,7747.296281999999,1710.0,312.0,79.0,16.774969000000056,30.0,5.0,0.0,3848.2962819999993,51.774969000000056,0.0,186,72,2,0,0,1245000669,True,,9848.296282,0.0,edge
15,8936.122878,7708.239462,1172.557072,1227.8834160000006,0.13740672915576715,7763.5658060000005,15,7,True,False,False,20,20,51,45,15,15,7067.122878,1515.0,273.0,81.0,1111.8834160000006,100.0,16.0,0.0,2936.122878,1227.8834160000006,0.0,155,45,8,2,0,1245000670,True,,8936.122878,0.0,cluster
16,11259.903577,11259.903577,8983.608135,0.0,0.0,2276.2954419999987,9,8,False,False,False,0,0,109,95,16,16,7863.903576999999,2230.0,411.0,755.0,0,0,0,0,5259.903576999999,0.0,0.0,116,40,8,225,7,1245000671,True,,11259.903577,0.0,outward
11,10270.213783,10270.213783,4572.337843,0.0,0.0,5697.875939999999,11,8,True,False,False,0,0,145,143,11,11,7815.213782999999,2025.0,375.0,55.0,0,0,0,0,4270.213782999999,0.0,0.0,279,117,3,0,0,1245000672,True,,10270.213783,0.0,area
13,9813.546222,9167.211661,7053.200809,646.3345610000015,0.06586146805433586,2760.345413000001,12,7,False,False,False,14,14,127,118,13,13,7145.546222000001,2180.0,405.0,83.0,564.3345610000015,70.0,12.0,0.0,3813.546222000001,646.3345610000015,0.0,217,96,6,2,1,1245000673,True,,9813.546222,0.0,edge
10,8608.892707,1485.269121,713.551433,7123.623586000001,0.8274726876556019,7895.341274000001,10,10,True,True,False,270,270,100,100,10,10,6555.892707000001,1695.0,308.0,50.0,5530.623586000001,1350.0,243.0,0.0,2608.892707000001,2608.892707000001,0.0,310,100,0,0,0,1245000674,True,,8608.892707,0.0,cluster
14,13582.417439,13582.417439,7765.158146,0.0,0.0,5817.259293000001,8,5,False,False,False,0,0,164,152,14,14,9705.417439,2475.0,459.0,943.0,0,0,0,0,7582.417439000001,0.0,0.0,186,78,9,291,6,1245000675,True,,13582.417439,0.0,outward
16,5584.589118,5584.589118,3836.775935,0.0,0.0,1747.8131829999998,16,16,True,True,True,0,0,0,0,16,16,4332.589118,980.0,183.0,89.0,0,0,0,0,0.0,0.0,0.0,48,0,0,0,0,1245000676,True,,5584.589118,0.0,area
13,9188.292036,7966.437058,6199.41731,1221.8549780000003,0.13297955411220455,2988.874726000001,12,11,False,False,False,28,28,86,82,13,13,6760.292036000001,1990.0,367.0,71.0,1057.8549780000003,140.0,24.0,0.0,3188.2920360000007,1221.8549780000003,0.0,217,77,2,0,1,1245000677,True,,9188.292036,0.0,edge
15,7832.57319,1683.820141,431.0,6148.753049,0.785023376079043,7401.57319,15,15,True,True,False,135,135,42,42,15,15,6582.57319,1000.0,169.0,81.0,5365.753049,675.0,108.0,0.0,1832.57319,1832.57319,0.0,155,42,0,0,0,1245000678,True,,7832.57319,0.0,cluster
12,9855.46992,9386.293308,8158.500128,469.1766119999993,0.04760570686212386,1696.9697919999999,8,4,False,False,False,16,16,152,141,12,12,6778.46992,2525.0,474.0,78.0,375.1766119999993,80.0,14.0,0.0,3855.4699199999995,469.1766119999993,0.0,248,100,8,4,4,1245000679,True,,9855.46992,0.0,outward
11,9517.679133,9080.660639,8351.100424,437.0184939999999,0.04591649790806201,1166.5787089999994,10,10,False,False,False,9,9,119,116,11,11,7231.679133,1885.0,346.0,55.0,384.0184939999999,45.0,8.0,0.0,3517.6791329999996,437.0184939999999,0.0,279,108,1,0,1,1245000680,True,,9517.679133,0.0,area
15,11601.525757,11601.525757,9187.41059,0.0,0.0,2414.115167,13,6,False,False,False,0,0,151,142,15,15,8669.525757,2335.0,435.0,162.0,0,0,0,0,5601.525756999999,0.0,0.0,155,65,9,28,2,1245000681,True,,11601.525757,0.0,edge
15,8629.30917,3497.615613,689.916547,5131.6935570000005,0.5946818518034394,7939.392623000001,15,15,True,True,False,105,105,54,54,15,15,7253.30917,1100.0,189.0,87.0,4522.6935570000005,525.0,84.0,0.0,2629.3091700000004,2629.3091700000004,0.0,155,54,0,0,0,1245000682,True,,8629.30917,0.0,cluster
16,10149.419626,10149.419626,8436.935858,0.0,0.0,1712.483768,10,8,False,False,False,0,0,86,71,16,16,7221.419626000001,1995.0,370.0,563.0,0,0,0,0,4149.419626000001,0.0,0.0,108,38,8,159,6,1245000683,True,,10149.419626,0.0,outward
14,9844.89883,9844.89883,3816.195148,0.0,0.0,6028.703682,14,12,True,False,False,0,0,91,90,14,14,7604.89883,1785.0,325.0,130.0,0,0,0,0,3844.89883,0.0,0.0,186,66,2,19,0,1245000684,True,,9844.89883,0.0,area
10,10275.577078,9369.987509,8860.039932,905.5895689999998,0.08813028817027377,1415.5371460000006,8,5,False,False,False,20,20,179,171,10,10,7194.577078,2530.0,477.0,74.0,786.5895689999998,100.0,19.0,0.0,4275.577078,905.5895689999998,0.0,310,130,5,8,2,1245000685,True,,10275.577078,0.0,edge
14,8545.367307,2117.534053,395.0,6427.833254000001,0.7522009321629269,8150.367307,14,14,True,True,False,156,156,60,60,14,14,7059.367307,1205.0,211.0,70.0,5516.833254000001,780.0,131.0,0.0,2545.3673070000004,2545.3673070000004,0.0,186,60,0,0,0,1245000686,True,,8545.367307,0.0,cluster
15,11623.859864,11623.859864,7254.938879,0.0,0.0,4368.920985,12,7,False,False,False,0,0,99,89,15,15,8714.859864,1965.0,362.0,582.0,0,0,0,0,5623.859864,0.0,0.0,155,65,8,169,3,1245000687,True,,11623.859864,0.0,outward
13,9965.82404,9965.82404,4304.752622,0.0,0.0,5661.0714179999995,13,11,True,False,False,0,0,109,104,13,13,7857.8240399999995,1725.0,315.0,68.0,0,0,0,0,3965.8240399999995,0.0,0.0,217,91,2,0,0,1245000688,True,,9965.82404,0.0,area
14,10933.147124,10933.147124,4905.976917,0.0,0.0,6027.170206999999,14,7,True,False,False,0,0,103,101,14,14,8308.147124,2105.0,390.0,130.0,0,0,0,0,4933.147123999999,0.0,0.0,186,72,7,20,0,1245000689,True,,10933.147124,0.0,edge
14,9378.28106,9378.28106,413.0,0.0,0.0,8965.28106,14,13,True,False,False,0,0,73,73,14,14,7501.281059999999,1340.0,236.0,301.0,0,0,0,0,3378.2810599999993,0.0,0.0,186,60,1,76,0,1245000690,True,,9378.28106,0.0,cluster
11,9795.994547,9564.926995,7405.019163,231.06755200000043,0.023587962497464265,2390.9753840000003,10,5,False,False,False,9,9,146,140,11,11,6800.994547,2475.0,465.0,55.0,178.06755200000043,45.0,8.0,0.0,3795.9945470000002,231.06755200000043,0.0,279,117,6,0,1,1245000691,True,,9795.994547,0.0,outward
14,9075.907192,6212.679286,1595.0,2863.227906000001,0.31547567041273916,7480.907192000001,14,13,True,False,False,66,66,72,72,14,14,7430.907192000001,1335.0,237.0,73.0,2478.227906000001,330.0,55.0,0.0,3075.9071920000006,2863.227906000001,0.0,186,72,1,0,0,1245000692,True,,9075.907192,0.0,area
14,11817.222584,11817.222584,7593.480135,0.0,0.0,4223.742448999999,13,8,False,False,False,0,0,132,128,14,14,8820.222584,2225.0,411.0,361.0,0,0,0,0,5817.222583999999,0.0,0.0,186,73,6,97,1,1245000693,True,,11817.222584,0.0,edge
11,8687.443457,8497.28849,6454.593047,190.15496699999858,0.02188848398740129,2232.850409999999,10,10,False,False,False,9,9,99,97,11,11,6622.443456999999,1700.0,310.0,55.0,137.15496699999858,45.0,8.0,0.0,2687.4434569999994,190.15496699999858,0.0,279,90,1,0,1,1245000694,True,,8687.443457,0.0,cluster
12,10377.993799,10377.993799,8882.758491,0.0,0.0,1495.2353079999993,11,6,False,False,False,0,0,161,150,12,12,7320.993799,2460.0,459.0,138.0,0,0,0,0,4377.993799,0.0,0.0,248,98,6,25,1,1245000695,True,,10377.993799,0.0,outward
15,12709.02119,12709.02119,8037.730165,0.0,0.0,4671.2910249999995,13,7,False,False,False,0,0,135,128,15,15,9366.02119,2225.0,410.0,708.0,0,0,0,0,6709.0211899999995,0.0,0.0,155,55,8,211,2,1245000696,True,,12709.02119,0.0,area
15,9067.598495,7419.794324,1703.0,1647.8041709999998,0.1817244303338554,7364.598495,15,13,True,False,False,30,30,50,50,15,15,6958.598495,1720.0,314.0,75.0,1473.8041709999998,150.0,24.0,0.0,3067.598495,1647.8041709999998,0.0,155,50,2,0,0,1245000697,True,,9067.598495,0.0,edge
16,2618.463896,2618.463896,2083.919116,0.0,0.0,534.5447800000002,16,16,True,True,False,0,0,0,0,16,16,1905.4638960000002,515.0,94.0,104.0,0,0,0,0,0.0,0.0,0.0,24,0,0,0,0,1245000698,True,,2618.463896,0.0,cluster
14,16278.425024,16278.425024,8206.872705,0.0,0.0,8071.552319,10,7,False,False,False,0,0,176,168,14,14,11751.425024,2420.0,447.0,1660.0,0,0,0,0,10278.425024,0.0,0.0,186,81,7,530,4,1245000699,True,,16278.425024,0.0,outward
13,9876.40547,9876.40547,5046.859256,0.0,0.0,4829.546214,13,11,True,False,False,0,0,89,88,13,13,7769.40547,1715.0,312.0,80.0,0,0,0,0,3876.4054699999997,0.0,0.0,217,84,2,0,0,1245000700,True,,9876.40547,0.0,area
15,10767.280547,10767.280547,6699.252072,0.0,0.0,4068.028475,14,8,False,False,False,0,0,93,88,15,15,8027.280547,2085.0,385.0,270.0,0,0,0,0,4767.280547,0.0,0.0,155,55,7,64,1,1245000701,True,,10767.280547,0.0,edge
11,10078.672388,10078.672388,1587.252037,0.0,0.0,8491.420351,11,10,True,False,False,0,0,123,123,11,11,7731.672388000001,1795.0,326.0,226.0,0,0,0,0,4078.672388000001,0.0,0.0,279,108,1,56,0,1245000702,True,,10078.672388,0.0,cluster
15,10684.987691,10684.987691,7107.540197,0.0,0.0,3577.447494,11,8,False,False,False,0,0,116,99,15,15,8045.987691,2155.0,400.0,84.0,0,0,0,0,4684.987691,0.0,0.0,155,64,7,1,4,1245000703,True,,10684.987691,0.0,outward
12,9649.245242,6281.073963,4024.224511,3368.171279000001,0.3490605943291249,5625.0207310000005,12,11,True,False,False,88,88,88,88,12,12,7517.245242000001,1745.0,321.0,66.0,2851.171279000001,440.0,77.0,0.0,3649.245242000001,3368.171279000001,0.0,248,88,1,0,0,1245000704,True,,9649.245242,0.0,area
11,10687.099475,10687.099475,8064.975515,0.0,0.0,2622.123960000001,8,4,False,False,False,0,0,173,162,11,11,7618.099475000001,2535.0,476.0,58.0,0,0,0,0,4687.099475000001,0.0,0.0,279,114,7,1,3,1245000705,True,,10687.099475,0.0,edge
12,8385.159492,6147.980899,1982.15416,2237.1785930000005,0.26680215148375147,6403.005332000001,12,11,True,False,False,72,72,76,76,12,12,6523.159492000001,1520.0,273.0,69.0,1814.1785930000005,360.0,63.0,0.0,2385.1594920000007,2237.1785930000005,0.0,248,76,1,0,0,1245000706,True,,8385.159492,0.0,cluster
10,10511.044062,10511.044062,8098.392144,0.0,0.0,2412.6519180000005,5,2,False,False,False,0,0,184,167,10,10,7171.044062000001,2765.0,522.0,53.0,0,0,0,0,4511.044062000001,0.0,0.0,310,120,8,1,5,1245000707,True,,10511.044062,0.0,outward
14,9424.942073,8778.707087,3033.979882,646.2349859999995,0.06856646767636844,6390.9621910000005,14,11,True,False,False,6,6,65,64,14,14,7569.942073,1510.0,272.0,73.0,611.2349859999995,30.0,5.0,0.0,3424.942073,646.2349859999995,0.0,186,60,3,0,0,1245000708,True,,9424.942073,0.0,area
12,9918.106227,9918.106227,6817.612408,0.0,0.0,3100.4938190000003,10,6,False,False,False,0,0,119,108,12,12,7251.106227,2195.0,409.0,63.0,0,0,0,0,3918.106227,0.0,0.0,248,96,6,1,2,1245000709,True,,9918.106227,0.0,edge
13,8286.763042,1420.556156,113.0,6866.206886,0.8285752652995915,8173.7630420000005,13,13,True,True,False,189,189,63,63,13,13,6728.7630420000005,1270.0,223.0,65.0,5759.206886000001,945.0,162.0,0.0,2286.7630420000005,2286.7630420000005,0.0,217,63,0,0,0,1245000710,True,,8286.763042,0.0,cluster
12,9612.97274,9018.883945,4766.009763,594.0887949999997,0.0618007364702045,4846.962976999999,12,6,True,False,False,16,16,118,114,12,12,6858.972739999999,2270.0,424.0,60.0,500.08879499999966,80.0,14.0,0.0,3612.9727399999992,594.0887949999997,0.0,248,96,6,0,0,1245000711,True,,9612.97274,0.0,outward
14,9598.077785,9598.077785,1265.0,0.0,0.0,8333.077785,14,12,True,False,False,0,0,85,84,14,14,7738.0777849999995,1510.0,271.0,79.0,0,0,0,0,3598.0777849999995,0.0,0.0,186,72,2,2,0,1245000712,True,,9598.077785,0.0,area
10,11584.61544,11584.61544,7845.800855,0.0,0.0,3738.814584999999,8,3,False,False,False,0,0,168,162,10,10,7951.61544,2635.0,495.0,503.0,0,0,0,0,5584.61544,0.0,0.0,310,119,7,150,2,1245000713,True,,11584.61544,0.0,edge
15,9771.847321,9771.847321,2336.880851,0.0,0.0,7434.966469999999,15,13,True,False,False,0,0,76,76,15,15,7877.847320999999,1335.0,232.0,327.0,0,0,0,0,3771.8473209999993,0.0,0.0,155,50,2,84,0,1245000714,True,,9771.847321,0.0,cluster
13,9788.845965,9028.32885,8068.856143,760.5171150000006,0.07769221394628417,1719.9898220000005,9,8,False,False,False,21,21,117,108,13,13,7172.845965,2150.0,401.0,65.0,637.5171150000006,105.0,18.0,0.0,3788.8459650000004,760.5171150000006,0.0,217,91,5,0,4,1245000715,True,,9788.845965,0.0,outward
11,9815.544997,9240.845061,5251.507296,574.6999360000009,0.05854997722242125,4564.037701000001,11,8,True,False,False,18,18,149,146,11,11,7269.544997000001,2100.0,391.0,55.0,467.6999360000009,90.0,17.0,0.0,3815.544997000001,574.6999360000009,0.0,279,121,3,0,0,1245000716,True,,9815.544997,0.0,area
14,13263.544563,13263.544563,5638.648065,0.0,0.0,7624.896497999999,14,9,True,False,False,0,0,102,100,14,14,9702.544563,2160.0,398.0,1003.0,0,0,0,0,7263.5445629999995,0.0,0.0,186,66,5,309,0,1245000717,True,,13263.544563,0.0,edge
11,9173.505123,5184.763752,1026.117387,3988.741371000001,0.43481104741516374,8147.387736000001,11,11,True,True,False,135,135,117,117,11,11,7134.505123000001,1680.0,304.0,55.0,3193.741371000001,675.0,120.0,0.0,3173.505123000001,3173.505123000001,0.0,279,117,0,0,0,1245000718,True,,9173.505123,0.0,cluster
15,10826.365513,10826.365513,9563.729825,0.0,0.0,1262.6356880000003,7,3,False,False,False,0,0,154,134,15,15,7585.365513000001,2545.0,480.0,216.0,0,0,0,0,4826.365513000001,0.0,0.0,155,65,12,47,8,1245000719,True,,10826.365513,0.0,outward
14,12602.588766,12602.588766,7340.770334,0.0,0.0,5261.818432000001,13,6,False,False,False,0,0,118,115,14,14,9710.588766,2095.0,385.0,412.0,0,0,0,0,6602.588766000001,0.0,0.0,186,66,8,114,1,1245000720,True,,12602.588766,0.0,area
11,9937.873826,8730.498198,7683.357558,1207.3756279999998,0.12149234827687175,2254.5162679999994,8,2,False,False,False,36,36,143,133,11,11,6932.873825999999,2475.0,466.0,64.0,994.3756279999998,180.0,33.0,0.0,3937.873825999999,1207.3756279999998,0.0,279,108,9,3,3,1245000721,True,,9937.873826,0.0,edge
16,2635.209478,2635.209478,1547.0,0.0,0.0,1088.2094780000002,16,16,True,True,False,0,0,0,0,16,16,1943.2094780000002,505.0,95.0,92.0,0,0,0,0,0.0,0.0,0.0,23,0,0,0,0,1245000722,True,,2635.209478,0.0,cluster
13,9249.018483,8714.694351,6698.852349,534.3241319999997,0.057770901094219354,2550.166134,12,6,False,False,False,21,21,129,119,13,13,6494.018483,2265.0,425.0,65.0,411.32413199999974,105.0,18.0,0.0,3249.018483,534.3241319999997,0.0,217,84,7,0,1,1245000723,True,,9249.018483,0.0,outward
14,9129.804824,6696.951275,3658.10957,2432.8535490000004,0.26647377418240414,5471.695254,14,10,True,False,False,54,54,68,68,14,14,7157.804824000001,1595.0,289.0,88.0,2117.8535490000004,270.0,45.0,0.0,3129.8048240000007,2432.8535490000004,0.0,186,66,4,4,0,1245000724,True,,9129.804824,0.0,area
11,9695.463346,9621.643274,1997.0,73.82007200000044,0.007613877683365793,7698.4633460000005,11,4,True,False,False,9,9,149,138,11,11,6710.4633460000005,2465.0,465.0,55.0,20.820072000000437,45.0,8.0,0.0,3695.4633460000005,73.82007200000044,0.0,279,108,7,0,0,1245000725,True,,9695.463346,0.0,edge
16,4087.001723,4087.001723,1769.922118,0.0,0.0,2317.079605,16,16,True,True,False,0,0,0,0,16,16,3018.001723,485.0,87.0,497.0,0,0,0,0,0.0,0.0,0.0,18,0,0,0,0,1245000726,True,,4087.001723,0.0,cluster
11,10310.669282,9208.989337,7048.161741,1101.6799449999999,0.10684853862234467,3262.507541000001,10,9,False,False,False,27,27,126,122,11,11,7651.669282000001,2195.0,409.0,55.0,942.6799449999999,135.0,24.0,0.0,4310.669282000001,1101.6799449999999,0.0,279,112,2,0,1,1245000727,True,,10310.669282,0.0,outward
10,9960.761768,6671.224815,1764.953152,3289.5369530000007,0.33024953609150515,8195.808616,10,8,True,False,False,110,110,130,130,10,10,7565.761768,1980.0,365.0,50.0,2640.5369530000007,550.0,99.0,0.0,3960.7617680000003,3289.5369530000007,0.0,310,130,2,0,0,1245000728,True,,9960.761768,0.0,area
12,10538.03452,10538.03452,9397.972818,0.0,0.0,1140.061701999999,9,4,False,False,False,0,0,144,134,12,12,7739.034519999999,2305.0,431.0,63.0,0,0,0,0,4538.034519999999,0.0,0.0,248,96,8,1,3,1245000729,True,,10538.03452,0.0,edge
12,8479.543934,2392.597708,1277.0,6086.946226,0.7178388688563165,7202.543933999999,12,12,True,True,False,192,192,80,80,12,12,6680.543933999999,1470.0,263.0,66.0,4958.946226,960.0,168.0,0.0,2479.5439339999994,2479.5439339999994,0.0,248,80,0,0,0,1245000730,True,,8479.543934,0.0,cluster
11,9509.761088,7962.499119,7577.178452,1547.2619689999992,0.16270250689603857,1932.5826359999992,8,7,False,False,False,54,54,135,126,11,11,6717.761087999999,2305.0,432.0,55.0,1229.2619689999992,270.0,48.0,0.0,3509.7610879999993,1547.2619689999992,0.0,279,117,4,0,3,1245000731,True,,9509.761088,0.0,outward
12,10587.60294,9223.331881,5608.514592,1364.2710590000006,0.1288555177910743,4979.088348,12,6,True,False,False,32,32,125,121,12,12,7899.602940000001,2215.0,413.0,60.0,1176.2710590000006,160.0,28.0,0.0,4587.602940000001,1364.2710590000006,0.0,248,96,6,0,0,1245000732,True,,10587.60294,0.0,area
15,9321.371762,7302.716774,1613.0,2018.6549880000002,0.21656200820456023,7708.371762000001,15,14,True,False,False,45,45,63,63,15,15,7113.371762000001,1795.0,329.0,84.0,1757.6549880000002,225.0,36.0,0.0,3321.3717620000007,2018.6549880000002,0.0,155,60,1,1,0,1245000733,True,,9321.371762,0.0,edge
10,10081.949223,10081.949223,1050.807706,0.0,0.0,9031.141517,10,9,True,False,False,0,0,120,120,10,10,7586.949223,1880.0,343.0,272.0,0,0,0,0,4081.9492229999996,0.0,0.0,310,106,1,72,0,1245000734,True,,10081.949223,0.0,cluster
11,9445.944156,9445.944156,8256.110997,0.0,0.0,1189.8331589999998,9,6,False,False,False,0,0,130,123,11,11,6697.944156,2270.0,423.0,55.0,0,0,0,0,3445.9441559999996,0.0,0.0,279,100,5,0,2,1245000735,True,,9445.944156,0.0,outward
11,8799.736269,4009.573515,2556.790936,4790.162754000001,0.5443529905407442,6242.9453330000015,11,11,True,True,False,162,162,99,99,11,11,6788.736269000001,1650.0,300.0,61.0,3836.162754000001,810.0,144.0,0.0,2799.736269000001,2799.736269000001,0.0,279,99,0,0,0,1245000736,True,,8799.736269,0.0,area
10,9500.083363,5843.5048,4946.104912,3656.578563,0.3848996291170756,4553.978451,10,10,True,True,False,120,120,120,120,10,10,6862.083363,2180.0,405.0,53.0,2948.578563,600.0,108.0,0.0,3500.0833629999997,3500.0833629999997,0.0,310,120,0,0,0,1245000737,True,,9500.083363,0.0,edge
12,11414.096804,11414.096804,1541.885849,0.0,0.0,9872.210955,12,6,True,False,False,0,0,149,148,12,12,8310.096804,2215.0,403.0,486.0,0,0,0,0,5414.096804000001,0.0,0.0,248,83,6,142,0,1245000738,True,,11414.096804,0.0,cluster
16,10805.80554,10805.80554,9367.87534,0.0,0.0,1437.9301999999989,15,6,False,False,False,0,0,86,77,16,16,8000.805539999999,2145.0,397.0,263.0,0,0,0,0,4805.805539999999,0.0,0.0,119,39,10,61,1,1245000739,True,,10805.80554,0.0,outward
16,4371.937938,4371.937938,1824.030777,0.0,0.0,2547.907161,16,16,True,True,False,0,0,0,0,16,16,3436.937938,705.0,132.0,98.0,0,0,0,0,0.0,0.0,0.0,23,0,0,0,0,1245000740,True,,4371.937938,0.0,area
11,9668.79007,9668.79007,4473.138109,0.0,0.0,5195.651960999999,11,9,True,False,False,0,0,108,108,11,11,6984.790069999999,2210.0,413.0,61.0,0,0,0,0,3668.790069999999,0.0,0.0,279,99,2,1,0,1245000741,True,,9668.79007,0.0,edge
15,7848.438692,1669.782393,709.789299,6178.656299,0.7872465520177883,7138.649393,15,15,True,True,False,135,135,45,45,15,15,6609.438692,995.0,169.0,75.0,5394.656299,675.0,109.0,0.0,1848.4386919999997,1848.4386919999997,0.0,155,45,0,0,0,1245000742,True,,7848.438692,0.0,cluster
14,9534.420617,8456.691347,6538.808446,1077.7292699999998,0.11303563302822975,2995.6121709999998,13,9,False,False,False,24,24,82,73,14,14,7131.420617,1970.0,363.0,70.0,937.7292699999998,120.0,20.0,0.0,3534.4206169999998,1077.7292699999998,0.0,186,66,5,0,1,1245000743,True,,9534.420617,0.0,outward
16,7618.145143,7618.145143,4425.724166,0.0,0.0,3192.4209769999998,16,15,True,False,False,0,0,3,3,16,16,5583.145143,1225.0,226.0,584.0,0,0,0,0,1618.1451429999997,0.0,0.0,52,0,1,162,0,1245000744,True,,7618.145143,0.0,area
13,9441.859221,7452.338921,6539.649671,1989.520300000001,0.2107127688977858,2902.2095500000005,12,5,False,False,False,56,56,108,95,13,13,6731.859221000001,2225.0,417.0,68.0,1661.520300000001,280.0,48.0,0.0,3441.8592210000006,1989.520300000001,0.0,217,84,8,1,1,1245000745,True,,9441.859221,0.0,edge
12,8721.26851,2550.532787,1437.081485,6170.735723,0.7075502509668745,7284.187025,12,12,True,True,False,192,192,88,88,12,12,6928.26851,1470.0,263.0,60.0,5042.735723,960.0,168.0,0.0,2721.26851,2721.26851,0.0,248,88,0,0,0,1245000746,True,,8721.26851,0.0,cluster
13,16208.827324,16208.827324,8053.974558,0.0,0.0,8154.852766,9,4,False,False,False,0,0,185,177,13,13,11585.827324,2500.0,462.0,1661.0,0,0,0,0,10208.827324,0.0,0.0,217,98,9,532,4,1245000747,True,,16208.827324,0.0,outward
13,9295.85384,8810.267841,3804.085044,485.585998999999,0.05223683669707946,5491.768796,13,11,True,False,False,14,14,109,106,13,13,7237.85384,1680.0,307.0,71.0,403.585998999999,70.0,12.0,0.0,3295.8538399999998,485.585998999999,0.0,217,91,2,1,0,1245000748,True,,9295.85384,0.0,area
13,10557.180191,10557.180191,4155.883236,0.0,0.0,6401.296955,13,8,True,False,False,0,0,111,107,13,13,7973.1801909999995,2120.0,393.0,71.0,0,0,0,0,4557.1801909999995,0.0,0.0,217,81,5,1,0,1245000749,True,,10557.180191,0.0,edge
14,10900.36457,10900.36457,1172.374392,0.0,0.0,9727.990178,14,11,True,False,False,0,0,92,91,14,14,8342.36457,1700.0,308.0,550.0,0,0,0,0,4900.36457,0.0,0.0,186,66,3,159,0,1245000750,True,,10900.36457,0.0,cluster
10,9373.637222,8167.687331,4388.865929,1205.9498909999993,0.12865335647614198,4984.771293,10,9,True,False,False,50,50,127,125,10,10,6782.637221999999,2140.0,401.0,50.0,910.9498909999993,250.0,45.0,0.0,3373.6372219999994,1205.9498909999993,0.0,310,120,1,0,0,1245000751,True,,9373.637222,0.0,outward
14,8962.122393,7413.687191,6919.862176,1548.4352019999997,0.17277550273241396,2042.260217,13,10,False,False,False,42,42,86,82,14,14,6813.122393,1755.0,321.0,73.0,1303.4352019999997,210.0,35.0,0.0,2962.1223929999996,1548.4352019999997,0.0,186,72,4,0,1,1245000752,True,,8962.122393,0.0,area
13,11829.245867,11829.245867,8712.358725,0.0,0.0,3116.8871419999996,12,4,False,False,False,0,0,145,137,13,13,8193.245867,2520.0,475.0,641.0,0,0,0,0,5829.245867,0.0,0.0,217,84,9,192,1,1245000753,True,,11829.245867,0.0,edge
16,3725.120553,3725.120553,1734.349248,0.0,0.0,1990.7713050000002,16,16,True,True,False,0,0,0,0,16,16,2611.120553,540.0,98.0,476.0,0,0,0,0,0.0,0.0,0.0,23,0,0,0,0,1245000754,True,,3725.120553,0.0,cluster
10,9169.531581,7860.181369,7538.016459,1309.3502119999994,0.14279357679655932,1631.5151219999989,8,6,False,False,False,50,50,138,133,10,10,6337.531580999999,2340.0,439.0,53.0,1014.3502119999994,250.0,45.0,0.0,3169.5315809999993,1309.3502119999994,0.0,310,120,4,0,2,1245000755,True,,9169.531581,0.0,outward
16,6028.99333,6028.99333,3907.741222,0.0,0.0,2121.252108,16,15,True,False,False,0,0,0,0,16,16,4709.99333,1040.0,193.0,86.0,0,0,0,0,28.993330000000242,0.0,0.0,47,0,1,0,0,1245000756,True,,6028.99333,0.0,area
15,9635.475,8476.500615,2581.658845,1158.9743849999995,0.12028201878994024,7053.816155,15,9,True,False,False,20,20,71,68,15,15,7274.475,1925.0,355.0,81.0,1042.9743849999995,100.0,16.0,0.0,3635.4750000000004,1158.9743849999995,0.0,155,55,6,1,0,1245000757,True,,9635.475,0.0,edge
10,9297.417616,6239.680501,4809.947316,3057.737115000001,0.328880259152597,4487.470300000001,10,8,True,False,False,110,110,110,110,10,10,6999.417616000001,1895.0,350.0,53.0,2408.737115000001,550.0,99.0,0.0,3297.4176160000006,3057.737115000001,0.0,310,110,2,1,0,1245000758,True,,9297.417616,0.0,cluster
13,14025.759943,14025.759943,8588.709785,0.0,0.0,5437.050158,8,4,False,False,False,0,0,191,179,13,13,10024.759943,2615.0,487.0,899.0,0,0,0,0,8025.759942999999,0.0,0.0,217,98,9,278,5,1245000759,True,,14025.759943,0.0,outward
14,10311.413693,10311.413693,8965.866357,0.0,0.0,1345.5473359999996,12,9,False,False,False,0,0,116,107,14,14,8112.413693,1800.0,329.0,70.0,0,0,0,0,4311.413693,0.0,0.0,186,84,5,0,2,1245000760,True,,10311.413693,0.0,area
14,9781.640958,8338.879952,6818.282661,1442.7610060000006,0.14749682718828747,2963.3582969999998,13,6,False,False,False,30,30,85,78,14,14,7167.640958,2135.0,397.0,82.0,1267.7610060000006,150.0,25.0,0.0,3781.640958,1442.7610060000006,0.0,186,66,8,0,1,1245000761,True,,9781.640958,0.0,edge
15,8212.486861,4235.945665,119.0,3976.541195999999,0.4842067041694838,8093.486860999999,15,15,True,True,False,80,80,48,48,15,15,6923.486860999999,1035.0,176.0,78.0,3512.541195999999,400.0,64.0,0.0,2212.4868609999994,2212.4868609999994,0.0,155,48,0,0,0,1245000762,True,,8212.486861,0.0,cluster
15,9521.765598,8531.20929,7979.798294,990.5563079999993,0.10403073860672024,1541.9673039999998,12,10,False,False,False,25,25,89,78,15,15,7022.765598,2035.0,377.0,87.0,845.5563079999993,125.0,20.0,0.0,3521.765598,990.5563079999993,0.0,155,65,5,3,3,1245000763,True,,9521.765598,0.0,outward
15,10276.319499,9715.760306,8987.499324,560.5591929999991,0.05454863417340691,1288.820174999999,14,11,False,False,False,10,10,95,90,15,15,8099.319498999999,1760.0,321.0,96.0,502.55919299999914,50.0,8.0,0.0,4276.319498999999,560.5591929999991,0.0,155,70,4,0,1,1245000764,True,,10276.319499,0.0,area
11,9602.184278,9602.184278,5439.501966,0.0,0.0,4162.682312000001,11,10,True,False,False,0,0,108,108,11,11,7010.184278000001,2140.0,397.0,55.0,0,0,0,0,3602.1842780000006,0.0,0.0,279,108,1,0,0,1245000765,True,,9602.184278,0.0,edge
14,8442.744703,2812.641676,1061.0,5630.103027,0.6668569552978937,7381.744703,14,14,True,True,False,138,138,60,60,14,14,6837.744703,1300.0,229.0,76.0,4825.103027,690.0,115.0,0.0,2442.7447030000003,2442.7447030000003,0.0,186,60,0,0,0,1245000766,True,,8442.744703,0.0,cluster
12,9442.893849,8916.835282,4491.523738,526.058567,0.055709465277501716,4951.370111,12,8,True,False,False,16,16,121,117,12,12,6650.893849,2295.0,428.0,69.0,432.05856700000004,80.0,14.0,0.0,3442.893849,526.058567,0.0,248,88,4,3,0,1245000767,True,,9442.893849,0.0,outward
11,11475.133689,11475.133689,2291.0,0.0,0.0,9184.133689,11,5,True,False,False,0,0,162,161,11,11,8503.133689,2305.0,429.0,238.0,0,0,0,0,5475.133689,0.0,0.0,279,117,6,61,0,1245000768,True,,11475.133689,0.0,area
10,9515.232438,6918.041422,1709.0,2597.191015999999,0.27295087460269135,7806.232437999999,10,9,True,False,False,80,80,113,112,10,10,6855.232437999999,2195.0,409.0,56.0,2125.191015999999,400.0,72.0,0.0,3515.232437999999,2597.191015999999,0.0,310,110,1,1,0,1245000769,True,,9515.232438,0.0,edge
11,8573.091861,1599.707735,359.0,6973.384126000001,0.8134036400242883,8214.091861,11,11,True,True,False,243,243,90,90,11,11,6688.091861000001,1550.0,280.0,55.0,5542.384126000001,1215.0,216.0,0.0,2573.091861000001,2573.091861000001,0.0,279,90,0,0,0,1245000770,True,,8573.091861,0.0,cluster
15,14345.671436,14345.671436,6769.831525,0.0,0.0,7575.839911000001,12,4,False,False,False,0,0,163,153,15,15,10316.671436,2525.0,466.0,1038.0,0,0,0,0,8345.671436,0.0,0.0,155,60,11,321,3,1245000771,True,,14345.671436,0.0,outward
10,9922.256036,9922.256036,5955.417288,0.0,0.0,3966.838748000001,10,6,True,False,False,0,0,130,125,10,10,7191.256036000001,2250.0,419.0,62.0,0,0,0,0,3922.2560360000007,0.0,0.0,310,112,4,2,0,1245000772,True,,9922.256036,0.0,area
15,10257.520952,8995.370533,6156.612701,1262.1504190000014,0.12304634081726235,4100.908251000001,14,8,False,False,False,20,20,79,74,15,15,7727.520952000001,2055.0,382.0,93.0,1145.1504190000014,100.0,17.0,0.0,4257.520952000001,1262.1504190000014,0.0,155,55,7,2,1,1245000773,True,,10257.520952,0.0,edge
12,9023.394496,9023.394496,1031.0,0.0,0.0,7992.394496000001,12,11,True,False,False,0,0,92,92,12,12,7050.394496000001,1595.0,288.0,90.0,0,0,0,0,3023.394496000001,0.0,0.0,248,80,1,10,0,1245000774,True,,9023.394496,0.0,cluster
11,9367.818183,8778.218375,3862.898647,589.599807999999,0.0629388611608581,5504.919535999999,11,9,True,False,False,18,18,110,106,11,11,6706.818182999999,2195.0,411.0,55.0,482.59980799999903,90.0,17.0,0.0,3367.8181829999994,589.599807999999,0.0,279,99,2,0,0,1245000775,True,,9367.818183,0.0,outward
13,9314.550176,7121.855566,1841.217849,2192.6946100000005,0.2354053141127231,7473.332327000001,13,12,True,False,False,56,56,88,87,13,13,7327.550176000001,1625.0,294.0,68.0,1864.6946100000005,280.0,48.0,0.0,3314.5501760000006,2192.6946100000005,0.0,217,84,1,0,0,1245000776,True,,9314.550176,0.0,area
11,11981.402319,11981.402319,8748.76616,0.0,0.0,3232.6361590000015,9,3,False,False,False,0,0,175,166,11,11,8473.402319,2650.0,497.0,361.0,0,0,0,0,5981.402319000001,0.0,0.0,279,108,8,101,2,1245000777,True,,11981.402319,0.0,edge
10,9081.937881,2188.676057,1533.328051,6893.261823999999,0.759007814667082,7548.609829999999,10,10,True,True,False,250,250,110,110,10,10,6943.937881,1765.0,323.0,50.0,5418.261823999999,1250.0,225.0,0.0,3081.937881,3081.937881,0.0,310,110,0,0,0,1245000778,True,,9081.937881,0.0,cluster
15,9142.141679,7701.679884,6144.864027,1440.4617950000002,0.15756283872834959,2997.2776520000007,14,11,False,False,False,25,25,67,61,15,15,6806.141679,1910.0,351.0,75.0,1295.4617950000002,125.0,20.0,0.0,3142.1416790000003,1440.4617950000002,0.0,155,55,4,0,1,1245000779,True,,9142.141679,0.0,outward
16,8044.311769,8044.311769,5337.256976,0.0,0.0,2707.0547930000002,16,11,True,False,False,0,0,4,0,16,16,6240.311769,1260.0,233.0,311.0,0,0,0,0,2044.311769,0.0,0.0,59,0,5,57,0,1245000780,True,,8044.311769,0.0,area
16,6993.698998,6993.698998,4568.695459,0.0,0.0,2425.0035390000003,16,13,True,False,False,0,0,0,0,16,16,5162.698998,1240.0,229.0,362.0,0,0,0,0,993.6989979999998,0.0,0.0,60,0,3,6,0,1245000781,True,,6993.698998,0.0,edge
10,9365.97866,9365.97866,1625.0,0.0,0.0,7740.978660000001,10,9,True,False,False,0,0,124,123,10,10,7027.978660000001,1930.0,355.0,53.0,0,0,0,0,3365.9786600000007,0.0,0.0,310,112,1,0,0,1245000782,True,,9365.97866,0.0,cluster
11,9538.386744,7050.116977,5781.525298,2488.269767,0.2608690372683006,3756.861446,11,8,True,False,False,72,72,111,108,11,11,6850.386743999999,2220.0,413.0,55.0,2064.269767,360.0,64.0,0.0,3538.3867439999995,2488.269767,0.0,279,108,3,0,0,1245000783,True,,9538.386744,0.0,outward
10,9998.686067,9998.686067,1413.015156,0.0,0.0,8585.670911000001,10,8,True,False,False,0,0,110,110,10,10,7519.686067000001,2050.0,379.0,50.0,0,0,0,0,3998.6860670000005,0.0,0.0,310,110,2,0,0,1245000784,True,,9998.686067,0.0,area
12,9921.420725,8972.248779,7371.934963,949.1719460000004,0.09566895430694483,2549.4857620000002,11,7,False,False,False,24,24,127,120,12,12,7250.420725,2195.0,410.0,66.0,808.1719460000004,120.0,21.0,0.0,3921.420725,949.1719460000004,0.0,248,104,5,0,1,1245000785,True,,9921.420725,0.0,edge
10,10501.150956,10501.150956,690.191869,0.0,0.0,9810.959087,10,9,True,False,False,0,0,113,113,10,10,7870.1509559999995,1840.0,336.0,455.0,0,0,0,0,4501.1509559999995,0.0,0.0,310,100,1,134,0,1245000786,True,,10501.150956,0.0,cluster
13,10573.432389,10357.331422,8302.028265,216.1009670000003,0.020438109314891872,2271.404123999999,11,6,False,False,False,7,7,131,117,13,13,7646.432389,2405.0,451.0,71.0,175.1009670000003,35.0,6.0,0.0,4573.432389,216.1009670000003,0.0,217,87,7,2,2,1245000787,True,,10573.432389,0.0,outward
10,9656.153317,4847.705808,2880.302469,4808.4475090000005,0.4979671874652775,6775.850848,10,10,True,True,False,160,160,120,120,10,10,7270.153317,1970.0,363.0,53.0,3864.4475090000005,800.0,144.0,0.0,3656.1533170000002,3656.1533170000002,0.0,310,120,0,0,0,1245000788,True,,9656.153317,0.0,area
13,11440.644904,11440.644904,5465.120355,0.0,0.0,5975.524549000001,13,4,True,False,False,0,0,168,160,13,13,8326.644904,2535.0,475.0,104.0,0,0,0,0,5440.644904000001,0.0,0.0,217,88,9,13,0,1245000789,True,,11440.644904,0.0,edge
11,8754.087048,1869.55613,1138.475645,6884.5309179999995,0.7864361960591736,7615.611402999999,11,11,True,True,False,234,234,90,90,11,11,6829.087047999999,1580.0,287.0,58.0,5505.5309179999995,1170.0,209.0,0.0,2754.0870479999994,2754.0870479999994,0.0,279,90,0,0,0,1245000790,True,,8754.087048,0.0,cluster
10,11792.221147,11792.221147,8509.499109,0.0,0.0,3282.722038,6,4,False,False,False,0,0,180,170,10,10,8355.221147,2615.0,490.0,332.0,0,0,0,0,5792.221147,0.0,0.0,310,130,6,94,4,1245000791,True,,11792.221147,0.0,outward
11,9829.010079,9829.010079,2887.415096,0.0,0.0,6941.594982999999,11,7,True,False,False,0,0,105,105,11,11,7542.010079,1885.0,347.0,55.0,0,0,0,0,3829.0100789999997,0.0,0.0,279,99,4,0,0,1245000792,True,,9829.010079,0.0,area
15,9322.912303,8168.476749,2629.400448,1154.4355539999988,0.12382778218652937,6693.511854999999,15,11,True,False,False,20,20,77,71,15,15,6916.912302999999,1965.0,363.0,78.0,1038.4355539999988,100.0,16.0,0.0,3322.912302999999,1154.4355539999988,0.0,155,60,4,0,0,1245000793,True,,9322.912303,0.0,edge
15,8286.997208,2230.385977,755.0,6056.611231000001,0.7308571583870141,7531.997208000001,15,15,True,True,False,130,130,50,50,15,15,6953.997208000001,1070.0,182.0,81.0,5301.611231000001,650.0,105.0,0.0,2286.9972080000007,2286.9972080000007,0.0,155,50,0,0,0,1245000794,True,,8286.997208,0.0,cluster
10,13007.765229,13007.765229,9534.497613,0.0,0.0,3473.267616000001,7,4,False,False,False,0,0,187,181,10,10,9047.765229,2640.0,493.0,827.0,0,0,0,0,7007.7652290000005,0.0,0.0,310,130,6,259,3,1245000795,True,,13007.765229,0.0,outward
11,9869.524436,9308.461224,7757.106818,561.0632119999991,0.05684804932986126,2112.4176179999995,9,7,False,False,False,18,18,128,124,11,11,7229.524436,2180.0,405.0,55.0,455.0632119999991,90.0,16.0,0.0,3869.5244359999997,561.0632119999991,0.0,279,108,4,0,2,1245000796,True,,9869.524436,0.0,area
14,9507.947215,9507.947215,4475.033478,0.0,0.0,5032.913737,14,11,True,False,False,0,0,86,81,14,14,7069.947215,1995.0,370.0,73.0,0,0,0,0,3507.947215,0.0,0.0,186,66,3,1,0,1245000797,True,,9507.947215,0.0,edge
16,3741.14155,3741.14155,1969.689438,0.0,0.0,1771.4521119999997,16,16,True,True,False,0,0,0,0,16,16,2730.14155,490.0,87.0,434.0,0,0,0,0,0.0,0.0,0.0,24,0,0,0,0,1245000798,True,,3741.14155,0.0,cluster
15,10164.454286,8484.958819,7692.302796,1679.4954670000006,0.16523223182903699,2472.15149,14,9,False,False,False,20,20,95,91,15,15,7603.454286,2095.0,388.0,78.0,1563.4954670000006,100.0,16.0,0.0,4164.454286,1679.4954670000006,0.0,155,60,6,0,1,1245000799,True,,10164.454286,0.0,outward
14,9931.213436,9931.213436,4801.474799,0.0,0.0,5129.738637,14,13,True,False,False,0,0,84,83,14,14,7907.213436,1650.0,301.0,73.0,0,0,0,0,3931.213436,0.0,0.0,186,72,1,0,0,1245000800,True,,9931.213436,0.0,area
15,9610.097466,9610.097466,5213.089119,0.0,0.0,4397.008346999999,15,10,True,False,False,0,0,95,91,15,15,7134.097465999999,2010.0,373.0,93.0,0,0,0,0,3610.0974659999993,0.0,0.0,155,60,5,0,0,1245000801,True,,9610.097466,0.0,edge
11,8589.44776,6055.738926,419.0,2533.708833999999,0.29497924718736507,8170.447759999999,11,10,True,False,False,90,90,90,90,11,11,6502.447759999999,1715.0,314.0,58.0,2002.7088339999991,450.0,81.0,0.0,2589.447759999999,2533.708833999999,0.0,279,90,1,1,0,1245000802,True,,8589.44776,0.0,cluster
14,11492.151555,11492.151555,8431.736984,0.0,0.0,3060.414571000001,10,5,False,False,False,0,0,126,114,14,14,8460.151555,2345.0,437.0,250.0,0,0,0,0,5492.151555,0.0,0.0,186,67,9,59,4,1245000803,True,,11492.151555,0.0,outward
13,9443.52793,8688.279182,5014.394232,755.248748,0.07997527551125694,4429.133698000001,13,11,True,False,False,14,14,84,84,13,13,7456.52793,1620.0,293.0,74.0,673.248748,70.0,12.0,0.0,3443.52793,755.248748,0.0,217,84,2,0,0,1245000804,True,,9443.52793,0.0,area
12,9209.766421,5958.584461,3874.673999,3251.18196,0.3530145946575467,5335.092422,12,12,True,True,False,88,88,88,88,12,12,6657.766421,2080.0,385.0,87.0,2734.18196,440.0,77.0,0.0,3209.7664210000003,3209.7664210000003,0.0,248,88,0,0,0,1245000805,True,,9209.766421,0.0,edge
14,9173.15688,5889.5313,5149.527792,3283.625580000001,0.35796025544479737,4023.6290880000006,14,14,True,True,False,72,72,72,72,14,14,7411.1568800000005,1435.0,257.0,70.0,2863.625580000001,360.0,60.0,0.0,3173.1568800000005,3173.1568800000005,0.0,186,72,0,0,0,1245000806,True,,9173.15688,0.0,cluster
15,11461.205768,11461.205768,8117.43939,0.0,0.0,3343.7663780000003,10,4,False,False,False,0,0,141,125,15,15,8246.205768,2370.0,443.0,402.0,0,0,0,0,5461.205768,0.0,0.0,155,64,11,109,5,1245000807,True,,11461.205768,0.0,outward
13,9451.335983,7940.473234,7480.991352,1510.8627490000008,0.1598570563693398,1970.3446310000008,11,9,False,False,False,35,35,100,95,13,13,7256.335983000001,1795.0,329.0,71.0,1305.8627490000008,175.0,30.0,0.0,3451.335983000001,1510.8627490000008,0.0,217,84,4,1,2,1245000808,True,,9451.335983,0.0,area
10,10108.079463,10108.079463,9077.125408,0.0,0.0,1030.9540550000002,7,2,False,False,False,0,0,163,151,10,10,6976.079463,2585.0,488.0,59.0,0,0,0,0,4108.079463,0.0,0.0,310,120,8,3,3,1245000809,True,,10108.079463,0.0,edge
14,10834.833733,10834.833733,731.0,0.0,0.0,10103.833733,14,12,True,False,False,0,0,94,94,14,14,8557.833733,1645.0,295.0,337.0,0,0,0,0,4834.8337329999995,0.0,0.0,186,66,2,89,0,1245000810,True,,10834.833733,0.0,cluster
16,9630.734282,9630.734282,8513.570655,0.0,0.0,1117.163627,12,6,False,False,False,0,0,99,85,16,16,7045.734281999999,2055.0,381.0,149.0,0,0,0,0,3630.7342819999994,0.0,0.0,112,40,10,23,4,1245000811,True,,9630.734282,0.0,outward
16,7284.675358,7284.675358,5085.527865,0.0,0.0,2199.1474930000004,16,12,True,False,False,0,0,0,0,16,16,5665.675358,1185.0,219.0,215.0,0,0,0,0,1284.6753580000004,0.0,0.0,59,0,4,1,0,1245000812,True,,7284.675358,0.0,area
12,10486.799902,10486.799902,5899.099687,0.0,0.0,4587.700215000001,12,5,True,False,False,0,0,121,117,12,12,7657.799902000001,2265.0,420.0,144.0,0,0,0,0,4486.799902000001,0.0,0.0,248,88,7,28,0,1245000813,True,,10486.799902,0.0,edge
14,9000.902374,9000.902374,1523.0,0.0,0.0,7477.902373999999,14,13,True,False,False,0,0,66,66,14,14,7300.902373999999,1290.0,226.0,184.0,0,0,0,0,3000.9023739999993,0.0,0.0,186,66,1,38,0,1245000814,True,,9000.902374,0.0,cluster
16,9402.067502,9402.067502,6022.365207,0.0,0.0,3379.702295,15,9,False,False,False,0,0,25,22,16,16,6779.067502,1635.0,299.0,689.0,0,0,0,0,3402.067502,0.0,0.0,83,2,7,203,1,1245000815,True,,9402.067502,0.0,outward
13,11355.242499,11355.242499,2028.040373,0.0,0.0,9327.202126,13,11,True,False,False,0,0,121,120,13,13,8880.242499,1915.0,351.0,209.0,0,0,0,0,5355.242499,0.0,0.0,217,105,2,48,0,1245000816,True,,11355.242499,0.0,area
16,6081.633542,6081.633542,4692.395648,0.0,0.0,1389.2378939999999,16,15,True,False,False,0,0,0,0,16,16,4553.633542,1215.0,227.0,86.0,0,0,0,0,81.63354199999958,0.0,0.0,63,0,1,0,0,1245000817,True,,6081.633542,0.0,edge
12,9426.724023,9426.724023,670.049705,0.0,0.0,8756.674318000001,12,8,True,False,False,0,0,108,107,12,12,7153.724023000001,1870.0,343.0,60.0,0,0,0,0,3426.7240230000007,0.0,0.0,248,79,4,0,0,1245000818,True,,9426.724023,0.0,cluster
14,9888.557561,9888.557561,5818.232416,0.0,0.0,4070.325145,14,8,True,False,False,0,0,70,68,14,14,7543.557561,1770.0,322.0,253.0,0,0,0,0,3888.5575609999996,0.0,0.0,186,60,6,61,0,1245000819,True,,9888.557561,0.0,outward
12,9036.500727,7188.798761,6574.087831,1847.7019660000005,0.20447095859565248,2462.4128960000007,10,9,False,False,False,56,56,103,98,12,12,6823.500727000001,1810.0,334.0,69.0,1518.7019660000005,280.0,49.0,0.0,3036.5007270000006,1847.7019660000005,0.0,248,96,3,1,2,1245000820,True,,9036.500727,0.0,area
10,9748.519061,9748.519061,8623.999964,0.0,0.0,1124.5190970000003,7,5,False,False,False,0,0,158,150,10,10,6855.519061000001,2390.0,447.0,56.0,0,0,0,0,3748.519061000001,0.0,0.0,310,130,5,0,3,1245000821,True,,9748.519061,0.0,edge
13,9796.601535,9796.601535,1919.0,0.0,0.0,7877.601535,13,10,True,False,False,0,0,119,119,13,13,7397.601535,1885.0,341.0,173.0,0,0,0,0,3796.601535,0.0,0.0,217,77,3,36,0,1245000822,True,,9796.601535,0.0,cluster
16,6857.090823,6857.090823,5691.370348,0.0,0.0,1165.7204749999992,16,13,True,False,False,0,0,0,0,16,16,4895.090823,1525.0,285.0,152.0,0,0,0,0,857.0908229999995,0.0,0.0,75,0,3,16,0,1245000823,True,,6857.090823,0.0,outward
16,5644.359733,5644.359733,4582.462435,0.0,0.0,1061.8972979999999,16,16,True,True,True,0,0,0,0,16,16,4352.359733,1020.0,189.0,83.0,0,0,0,0,0.0,0.0,0.0,56,0,0,0,0,1245000824,True,,5644.359733,0.0,area
13,9786.235665,9786.235665,4054.491629,0.0,0.0,5731.744036,13,11,True,False,False,0,0,93,92,13,13,7413.235665,1905.0,349.0,119.0,0,0,0,0,3786.235665,0.0,0.0,217,70,2,18,0,1245000825,True,,9786.235665,0.0,edge
12,8677.272782,8677.272782,119.0,0.0,0.0,8558.272782,12,11,True,False,False,0,0,76,76,12,12,6891.272782,1460.0,263.0,63.0,0,0,0,0,2677.272782,0.0,0.0,248,76,1,0,0,1245000826,True,,8677.272782,0.0,cluster
16,10893.843572,10893.843572,5528.342831,0.0,0.0,5365.500741,16,11,True,False,False,0,0,26,26,16,16,7945.843572,1660.0,299.0,989.0,0,0,0,0,4893.843572,0.0,0.0,75,0,5,303,0,1245000827,True,,10893.843572,0.0,outward
13,9565.287074,8881.320804,6456.555688,683.966269999999,0.07150504367601576,3108.7313859999995,11,8,False,False,False,21,21,82,78,13,13,7406.287074,1770.0,324.0,65.0,560.966269999999,105.0,18.0,0.0,3565.287074,683.966269999999,0.0,217,77,5,0,2,1245000828,True,,9565.287074,0.0,area
12,9710.820657,6188.709752,3556.710075,3522.1109050000005,0.3626996141115121,6154.110582,12,11,True,False,False,88,88,88,88,12,12,7188.820657,2070.0,383.0,69.0,3005.1109050000005,440.0,77.0,0.0,3710.820657,3522.1109050000005,0.0,248,88,1,1,0,1245000829,True,,9710.820657,0.0,edge
11,9393.268509,9393.268509,683.0,0.0,0.0,8710.268509,11,10,True,False,False,0,0,103,103,11,11,7126.2685089999995,1735.0,315.0,217.0,0,0,0,0,3393.2685089999995,0.0,0.0,279,90,1,52,0,1245000830,True,,9393.268509,0.0,cluster
11,9734.417946,9676.499775,2653.397325,57.91817099999935,0.005949834013835279,7081.020621,11,8,True,False,False,9,9,134,130,11,11,7069.417946,2200.0,410.0,55.0,4.918170999999347,45.0,8.0,0.0,3734.4179459999996,57.91817099999935,0.0,279,117,3,0,0,1245000831,True,,9734.417946,0.0,outward
13,9056.384137,8895.58216,4140.836482,160.80197699999917,0.017755648895571928,4915.547654999999,13,12,True,False,False,7,7,87,87,13,13,6904.384136999999,1765.0,322.0,65.0,119.80197699999917,35.0,6.0,0.0,3056.384136999999,160.80197699999917,0.0,217,77,1,0,0,1245000832,True,,9056.384137,0.0,area
14,9140.50138,8517.532804,4130.766091,622.9685759999993,0.06815474885908275,5009.735288999999,14,12,True,False,False,18,18,67,66,14,14,6946.50138,1790.0,328.0,76.0,517.9685759999993,90.0,15.0,0.0,3140.5013799999997,622.9685759999993,0.0,186,66,2,0,0,1245000833,True,,9140.50138,0.0,edge
15,9867.682939,9867.682939,983.0,0.0,0.0,8884.682939,15,11,True,False,False,0,0,93,92,15,15,7687.682939,1590.0,281.0,309.0,0,0,0,0,3867.6829390000003,0.0,0.0,155,50,4,77,0,1245000834,True,,9867.682939,0.0,cluster
14,9798.290405,9798.290405,9168.952585,0.0,0.0,629.3378199999988,12,11,False,False,False,0,0,100,95,14,14,7316.290405,2035.0,377.0,70.0,0,0,0,0,3798.2904049999997,0.0,0.0,186,72,3,0,2,1245000835,True,,9798.290405,0.0,outward
16,8471.215099,8471.215099,8209.224058,0.0,0.0,261.9910409999993,15,12,False,False,False,0,0,42,40,16,16,6735.215098999999,1390.0,254.0,92.0,0,0,0,0,2471.215098999999,0.0,0.0,104,28,4,1,1,1245000836,True,,8471.215099,0.0,area
16,11274.888944,11274.888944,5904.385766,0.0,0.0,5370.503178,16,9,True,False,False,0,0,40,39,16,16,8250.888944,1890.0,343.0,791.0,0,0,0,0,5274.888944,0.0,0.0,76,0,7,236,0,1245000837,True,,11274.888944,0.0,edge
15,7789.588501,1662.049227,431.0,6127.539274000001,0.7866319604961634,7358.588501,15,15,True,True,False,135,135,40,40,15,15,6558.588501,985.0,168.0,78.0,5343.539274000001,675.0,109.0,0.0,1789.5885010000002,1789.5885010000002,0.0,155,40,0,0,0,1245000838,True,,7789.588501,0.0,cluster
12,9866.601897,8607.694455,6934.975076,1258.9074419999997,0.12759280805509932,2931.6268210000007,11,7,False,False,False,40,40,137,129,12,12,7157.6018970000005,2230.0,416.0,63.0,1023.9074419999997,200.0,35.0,0.0,3866.6018970000005,1258.9074419999997,0.0,248,104,5,0,1,1245000839,True,,9866.601897,0.0,outward
10,10039.388004,10039.388004,7351.551519,0.0,0.0,2687.8364850000007,9,4,False,False,False,0,0,139,135,10,10,7187.388004,2360.0,442.0,50.0,0,0,0,0,4039.3880040000004,0.0,0.0,310,110,6,0,1,1245000840,True,,10039.388004,0.0,area
13,9942.357198,9942.357198,4932.279978,0.0,0.0,5010.07722,13,10,True,False,False,0,0,85,83,13,13,7370.357198,2105.0,390.0,77.0,0,0,0,0,3942.3571979999997,0.0,0.0,217,77,3,3,0,1245000841,True,,9942.357198,0.0,edge
14,8915.018287,4553.704205,781.540306,4361.314082000001,0.4892097740685207,8133.477981000001,14,14,True,True,False,90,90,66,66,14,14,7436.018287000001,1195.0,208.0,76.0,3836.314082000001,450.0,75.0,0.0,2915.018287000001,2915.018287000001,0.0,186,66,0,0,0,1245000842,True,,8915.018287,0.0,cluster
13,13210.998061,13210.998061,4995.962671,0.0,0.0,8215.035390000001,13,10,True,False,False,0,0,102,101,13,13,9629.998061,2095.0,386.0,1100.0,0,0,0,0,7210.998061,0.0,0.0,217,77,3,345,0,1245000843,True,,13210.998061,0.0,outward
10,9641.188182,4589.058642,3088.840944,5052.12954,0.5240152400958499,6552.347238,10,10,True,True,False,170,170,117,117,10,10,7209.188182,2010.0,372.0,50.0,4049.12954,850.0,153.0,0.0,3641.188182,3641.188182,0.0,310,117,0,0,0,1245000844,True,,9641.188182,0.0,area
10,9649.937873,9279.952349,2946.330617,369.98552400000153,0.03834071564700959,6703.607256000001,10,5,True,False,False,10,10,154,147,10,10,6702.937873000001,2420.0,456.0,71.0,310.98552400000153,50.0,9.0,0.0,3649.9378730000008,369.98552400000153,0.0,310,120,5,4,0,1245000845,True,,9649.937873,0.0,edge
12,11643.784357,11643.784357,719.0,0.0,0.0,10924.784357,12,6,True,False,False,0,0,148,147,12,12,8647.784357,2250.0,413.0,333.0,0,0,0,0,5643.784357,0.0,0.0,248,88,6,90,0,1245000846,True,,11643.784357,0.0,cluster
10,9342.746315,7786.99838,7451.099566,1555.7479350000003,0.16651933837721894,1891.6467490000005,9,6,False,False,False,60,60,135,128,10,10,6398.746315,2435.0,456.0,53.0,1201.7479350000003,300.0,54.0,0.0,3342.7463150000003,1555.7479350000003,0.0,310,120,4,0,1,1245000847,True,,9342.746315,0.0,outward
12,10986.081358,10986.081358,2330.646657,0.0,0.0,8655.434701,12,8,True,False,False,0,0,130,125,12,12,8324.081358,2190.0,409.0,63.0,0,0,0,0,4986.081357999999,0.0,0.0,248,97,4,0,0,1245000848,True,,10986.081358,0.0,area
11,11754.332197,11754.332197,8073.21274,0.0,0.0,3681.119457,10,5,False,False,False,0,0,170,163,11,11,8343.332197,2505.0,470.0,436.0,0,0,0,0,5754.332197,0.0,0.0,279,117,6,127,1,1245000849,True,,11754.332197,0.0,edge
12,8317.068301,1747.031678,401.0,6570.036622999999,0.7899462148471299,7916.068300999999,12,12,True,True,False,216,216,80,80,12,12,6574.068300999999,1420.0,254.0,69.0,5301.036622999999,1080.0,189.0,0.0,2317.0683009999993,2317.0683009999993,0.0,248,80,0,0,0,1245000850,True,,8317.068301,0.0,cluster
14,9948.560595,9424.020921,8897.219617,524.5396740000015,0.05272518260215728,1051.3409780000002,9,8,False,False,False,18,18,118,107,14,14,7326.560595000001,2150.0,399.0,73.0,419.53967400000147,90.0,15.0,0.0,3948.560595000001,524.5396740000015,0.0,186,84,6,1,5,1245000851,True,,9948.560595,0.0,outward
15,11099.111054,11099.111054,4996.868467,0.0,0.0,6102.242587000001,15,13,True,False,False,0,0,78,77,15,15,8695.111054,1800.0,328.0,276.0,0,0,0,0,5099.111054000001,0.0,0.0,155,60,2,67,0,1245000852,True,,11099.111054,0.0,area
13,9314.118978,7773.489503,2639.0,1540.6294750000006,0.16540796597498655,6675.118978,13,7,True,False,False,49,49,106,98,13,13,6786.118978,2075.0,385.0,68.0,1252.6294750000006,245.0,43.0,0.0,3314.1189780000004,1540.6294750000006,0.0,217,91,6,1,0,1245000853,True,,9314.118978,0.0,edge
13,9767.44133,9767.44133,1001.0,0.0,0.0,8766.44133,13,12,True,False,False,0,0,91,91,13,13,7608.44133,1570.0,281.0,308.0,0,0,0,0,3767.4413299999997,0.0,0.0,217,77,1,81,0,1245000854,True,,9767.44133,0.0,cluster
11,12673.913978,12673.913978,9335.128459,0.0,0.0,3338.785519000001,10,3,False,False,False,0,0,179,174,11,11,8949.913978,2670.0,501.0,553.0,0,0,0,0,6673.9139780000005,0.0,0.0,279,108,8,166,1,1245000855,True,,12673.913978,0.0,outward
14,10260.000722,6868.730693,4450.438587,3391.2700290000002,0.33053311796833224,5809.562135000001,14,10,True,False,False,60,60,84,81,14,14,8097.000722000001,1770.0,323.0,70.0,3041.2700290000002,300.0,50.0,0.0,4260.000722000001,3391.2700290000002,0.0,186,78,4,0,0,1245000856,True,,10260.000722,0.0,area
13,9975.274541,9404.448574,8430.045991,570.8259670000007,0.057224085878921235,1545.2285499999998,6,3,False,False,False,21,21,153,135,13,13,6778.274541000001,2615.0,493.0,89.0,447.8259670000007,105.0,18.0,0.0,3975.2745410000007,570.8259670000007,0.0,217,84,10,8,7,1245000857,True,,9975.274541,0.0,edge
16,8124.08742,8124.08742,1037.0,0.0,0.0,7087.08742,16,12,True,False,False,0,0,0,0,16,16,5675.08742,775.0,133.0,1541.0,0,0,0,0,2124.08742,0.0,0.0,14,0,4,237,0,1245000858,True,,8124.08742,0.0,cluster
15,9630.454127,9397.670751,8964.62901,232.78337600000123,0.024171588684210467,665.8251170000003,11,6,False,False,False,5,5,104,91,15,15,7059.454127000001,2100.0,390.0,81.0,202.78337600000123,25.0,5.0,0.0,3630.454127000001,232.78337600000123,0.0,155,65,9,2,4,1245000859,True,,9630.454127,0.0,outward
13,9597.526027,7202.149635,5731.537683,2395.376392,0.2495826930045584,3865.9883440000003,13,11,True,False,False,63,63,94,92,13,13,7439.526027,1760.0,321.0,77.0,2026.3763920000001,315.0,54.0,0.0,3597.526027,2395.376392,0.0,217,91,2,0,0,1245000860,True,,9597.526027,0.0,area
12,9260.613735,7407.400683,2003.0,1853.213052000001,0.2001177357172214,7257.613735000001,12,10,True,False,False,48,48,80,80,12,12,6922.613735000001,1920.0,355.0,63.0,1571.213052000001,240.0,42.0,0.0,3260.613735000001,1853.213052000001,0.0,248,80,2,0,0,1245000861,True,,9260.613735,0.0,edge
14,9284.103209,7955.283477,3012.8489,1328.8197320000008,0.14312849632173888,6271.254309000001,14,12,True,False,False,24,24,80,79,14,14,7463.103209000001,1470.0,263.0,88.0,1188.8197320000008,120.0,20.0,0.0,3284.103209000001,1328.8197320000008,0.0,186,66,2,0,0,1245000862,True,,9284.103209,0.0,cluster
15,12271.296602,12271.296602,4994.661869,0.0,0.0,7276.634733000001,15,10,True,False,False,0,0,81,79,15,15,9158.296602,1920.0,350.0,843.0,0,0,0,0,6271.296602,0.0,0.0,155,55,5,256,0,1245000863,True,,12271.296602,0.0,outward
16,12554.222287,12554.222287,8456.826304,0.0,0.0,4097.395983,12,7,False,False,False,0,0,115,108,16,16,9723.222287,1965.0,354.0,512.0,0,0,0,0,6554.2222870000005,0.0,0.0,101,28,9,144,4,1245000864,True,,12554.222287,0.0,area
14,10182.338119,10182.338119,5655.972567,0.0,0.0,4526.365552,14,9,True,False,False,0,0,92,82,14,14,7656.338119,2060.0,384.0,82.0,0,0,0,0,4182.338119,0.0,0.0,186,72,5,0,0,1245000865,True,,10182.338119,0.0,edge
11,9082.936489,6207.932541,2000.728138,2875.0039479999996,0.31652802499299737,7082.208350999999,11,9,True,False,False,99,99,99,99,11,11,6880.936489,1815.0,332.0,55.0,2292.0039479999996,495.0,88.0,0.0,3082.9364889999997,2875.0039479999996,0.0,279,99,2,0,0,1245000866,True,,9082.936489,0.0,cluster
10,9668.652986,9209.688809,8273.406614,458.96417699999984,0.047469298739397314,1395.2463719999996,8,8,False,False,False,20,20,134,130,10,10,6914.652985999999,2275.0,426.0,53.0,340.96417699999984,100.0,18.0,0.0,3668.652985999999,458.96417699999984,0.0,310,120,2,0,2,1245000867,True,,9668.652986,0.0,outward
11,9537.205054,7895.252553,2722.556204,1641.9525009999998,0.17216286026180683,6814.64885,11,10,True,False,False,63,63,133,132,11,11,7197.205054,1930.0,355.0,55.0,1270.9525009999998,315.0,56.0,0.0,3537.205054,1641.9525009999998,0.0,279,126,1,0,0,1245000868,True,,9537.205054,0.0,area
14,10242.049886,10242.049886,5895.337951,0.0,0.0,4346.711935,14,7,True,False,False,0,0,111,105,14,14,7536.049886000001,2220.0,413.0,73.0,0,0,0,0,4242.049886000001,0.0,0.0,186,72,7,0,0,1245000869,True,,10242.049886,0.0,edge
11,11994.469322,11994.469322,1043.0,0.0,0.0,10951.469322,11,1,True,False,False,0,0,123,120,11,11,8632.469322,2375.0,443.0,544.0,0,0,0,0,5994.469322000001,0.0,0.0,279,99,10,163,0,1245000870,True,,11994.469322,0.0,cluster
16,9978.116581,9978.116581,8391.935685,0.0,0.0,1586.1808959999998,11,8,False,False,False,0,0,81,67,16,16,7012.116581,2085.0,387.0,494.0,0,0,0,0,3978.116581,0.0,0.0,104,32,8,137,5,1245000871,True,,9978.116581,0.0,outward
16,8592.216397,8592.216397,6562.750938,0.0,0.0,2029.465459,15,9,False,False,False,0,0,31,28,16,16,6763.216397,1360.0,248.0,221.0,0,0,0,0,2592.216397,0.0,0.0,86,10,7,46,1,1245000872,True,,8592.216397,0.0,area
15,9414.419475,7312.613612,6466.393736,2101.8058630000005,0.223253899890625,2948.0257390000006,14,12,False,False,False,35,35,55,52,15,15,7170.419475000001,1830.0,336.0,78.0,1898.8058630000005,175.0,28.0,0.0,3414.4194750000006,2101.8058630000005,0.0,155,50,3,1,1,1245000873,True,,9414.419475,0.0,edge
16,2006.78286,2006.78286,1065.148084,0.0,0.0,941.6347760000001,16,16,True,True,False,0,0,0,0,16,16,1430.78286,410.0,77.0,89.0,0,0,0,0,0.0,0.0,0.0,15,0,0,0,0,1245000874,True,,2006.78286,0.0,cluster
13,10891.671323,10891.671323,9009.868234,0.0,0.0,1881.803089000001,7,4,False,False,False,0,0,150,138,13,13,7816.6713230000005,2465.0,461.0,149.0,0,0,0,0,4891.6713230000005,0.0,0.0,217,84,9,28,6,1245000875,True,,10891.671323,0.0,outward
12,12259.74211,12259.74211,7724.967446,0.0,0.0,4534.774664,11,10,False,False,False,0,0,127,125,12,12,9397.74211,2010.0,372.0,480.0,0,0,0,0,6259.742109999999,0.0,0.0,248,104,2,139,1,1245000876,True,,12259.74211,0.0,area
11,9931.198677,9663.287371,7424.730372,267.91130599999997,0.026976734099627354,2506.4683050000003,9,3,False,False,False,9,9,146,138,11,11,6823.198677,2545.0,478.0,85.0,214.91130599999997,45.0,8.0,0.0,3931.1986770000003,267.91130599999997,0.0,279,108,8,8,2,1245000877,True,,9931.198677,0.0,edge
15,7882.255837,1998.857852,1064.269875,5883.397985,0.7464104320723535,6817.985962,15,15,True,True,False,130,130,45,45,15,15,6597.255837,1030.0,177.0,78.0,5129.397985,650.0,104.0,0.0,1882.2558369999997,1882.2558369999997,0.0,155,45,0,0,0,1245000878,True,,7882.255837,0.0,cluster
15,13133.411384,13133.411384,9865.989297,0.0,0.0,3267.422087000001,8,3,False,False,False,0,0,196,179,15,15,9394.411384,2710.0,507.0,522.0,0,0,0,0,7133.411384000001,0.0,0.0,155,63,12,149,7,1245000879,True,,13133.411384,0.0,outward
15,10027.32115,10027.32115,5268.072454,0.0,0.0,4759.248696,15,14,True,False,False,0,0,65,65,15,15,8099.32115,1535.0,276.0,117.0,0,0,0,0,4027.3211499999998,0.0,0.0,155,65,1,12,0,1245000880,True,,10027.32115,0.0,area
13,10700.463639,10700.463639,5691.408713,0.0,0.0,5009.054926,13,6,True,False,False,0,0,112,108,13,13,7945.463639,2265.0,422.0,68.0,0,0,0,0,4700.463639,0.0,0.0,217,77,7,1,0,1245000881,True,,10700.463639,0.0,edge
12,10404.574059,10404.574059,2330.249677,0.0,0.0,8074.324382000001,12,6,True,False,False,0,0,166,166,12,12,7359.5740590000005,2415.0,444.0,186.0,0,0,0,0,4404.5740590000005,0.0,0.0,248,88,6,41,0,1245000882,True,,10404.574059,0.0,cluster
16,11744.028427,11744.028427,5831.338238,0.0,0.0,5912.690188999999,16,7,True,False,False,0,0,29,24,16,16,8584.028427,1710.0,311.0,1139.0,0,0,0,0,5744.028426999999,0.0,0.0,77,0,9,353,0,1245000883,True,,11744.028427,0.0,outward
13,9801.169337,9704.810072,2839.429778,96.35926499999914,0.009831404976979345,6961.739559,13,9,True,False,False,7,7,106,104,13,13,7589.169336999999,1810.0,331.0,71.0,55.35926499999914,35.0,6.0,0.0,3801.1693369999994,96.35926499999914,0.0,217,84,4,2,0,1245000884,True,,9801.169337,0.0,area
10,13256.278146,13256.278146,5975.150341,0.0,0.0,7281.127805000001,10,2,True,False,False,0,0,184,179,10,10,9371.278146,2755.0,516.0,614.0,0,0,0,0,7256.278146000001,0.0,0.0,310,112,8,187,0,1245000885,True,,13256.278146,0.0,edge
15,8930.650246,7390.569834,395.0,1540.0804119999993,0.17244885529917542,8535.650246,15,13,True,False,False,20,20,50,48,15,15,7538.650245999999,1120.0,194.0,78.0,1424.0804119999993,100.0,16.0,0.0,2930.6502459999992,1540.0804119999993,0.0,155,45,2,1,0,1245000886,True,,8930.650246,0.0,cluster
16,9617.622844,9617.622844,8520.672704,0.0,0.0,1096.950139999999,11,6,False,False,False,0,0,90,77,16,16,7040.6228439999995,2100.0,394.0,83.0,0,0,0,0,3617.6228439999995,0.0,0.0,105,29,10,1,5,1245000887,True,,9617.622844,0.0,outward
10,9237.427178,5365.207637,2386.26165,3872.2195409999995,0.41918809928181494,6851.1655279999995,10,10,True,True,False,130,130,110,110,10,10,7004.427178,1845.0,338.0,50.0,3105.2195409999995,650.0,117.0,0.0,3237.427178,3237.427178,0.0,310,110,0,0,0,1245000888,True,,9237.427178,0.0,area
14,9162.516715,7902.268939,1349.0,1260.2477760000002,0.13754384468809128,7813.516715,14,13,True,False,False,24,24,66,65,14,14,7007.516715,1760.0,322.0,73.0,1120.2477760000002,120.0,20.0,0.0,3162.5167149999997,1260.2477760000002,0.0,186,60,1,0,0,1245000889,True,,9162.516715,0.0,edge
10,8679.896395,1886.752296,1019.0,6793.144099,0.7826296294173682,7660.896395,10,10,True,True,False,260,260,110,110,10,10,6554.896395,1755.0,320.0,50.0,5259.144099,1300.0,234.0,0.0,2679.8963949999998,2679.8963949999998,0.0,310,110,0,0,0,1245000890,True,,8679.896395,0.0,cluster
11,11042.284542,11042.284542,6615.174436,0.0,0.0,4427.110105999999,8,6,False,False,False,0,0,143,136,11,11,8045.284541999999,2235.0,416.0,346.0,0,0,0,0,5042.284541999999,0.0,0.0,279,108,5,97,3,1245000891,True,,11042.284542,0.0,outward
15,9484.374441,6580.693706,3019.095825,2903.680735,0.30615416473306656,6465.278616,15,12,True,False,False,55,55,61,60,15,15,7669.374441,1475.0,265.0,75.0,2584.680735,275.0,44.0,0.0,3484.374441,2903.680735,0.0,155,60,3,0,0,1245000892,True,,9484.374441,0.0,area
14,9110.030718,7292.827629,2972.873221,1817.2030889999996,0.1994727729522898,6137.157497,14,13,True,False,False,36,36,64,63,14,14,6828.030718,1865.0,344.0,73.0,1607.2030889999996,180.0,30.0,0.0,3110.030718,1817.2030889999996,0.0,186,60,1,0,0,1245000893,True,,9110.030718,0.0,edge
12,9168.626783,6189.541244,695.0,2979.0855389999997,0.32492167142452216,8473.626783,12,10,True,False,False,88,88,88,88,12,12,7141.626783,1665.0,302.0,60.0,2462.0855389999997,440.0,77.0,0.0,3168.6267829999997,2979.0855389999997,0.0,248,88,2,0,0,1245000894,True,,9168.626783,0.0,cluster
15,9926.296996,9672.22164,9260.110427,254.07535599999937,0.025596187188675106,666.1865689999995,12,9,False,False,False,5,5,120,110,15,15,7313.296995999999,2140.0,398.0,75.0,225.07535599999937,25.0,4.0,0.0,3926.296995999999,254.07535599999937,0.0,155,70,6,0,3,1245000895,True,,9926.296996,0.0,outward
11,9808.143127,9808.143127,8028.349009,0.0,0.0,1779.7941179999998,9,9,False,False,False,0,0,141,137,11,11,7307.143126999999,2020.0,372.0,109.0,0,0,0,0,3808.1431269999994,0.0,0.0,279,114,2,17,2,1245000896,True,,9808.143127,0.0,area
13,10811.965674,10811.965674,9222.499594,0.0,0.0,1589.4660799999983,10,6,False,False,False,0,0,159,149,13,13,7928.965673999999,2365.0,444.0,74.0,0,0,0,0,4811.965673999999,0.0,0.0,217,91,7,0,3,1245000897,True,,10811.965674,0.0,edge
12,8707.016578,7960.768024,890.999127,746.2485540000007,0.08570657323491783,7816.017451000001,12,11,True,False,False,16,16,82,80,12,12,6861.016578000001,1510.0,273.0,63.0,652.2485540000007,80.0,14.0,0.0,2707.0165780000007,746.2485540000007,0.0,248,75,1,0,0,1245000898,True,,8707.016578,0.0,cluster
15,10184.665683,10184.665683,9084.214356,0.0,0.0,1100.4513269999989,9,4,False,False,False,0,0,127,111,15,15,7293.665682999999,2370.0,443.0,78.0,0,0,0,0,4184.665682999999,0.0,0.0,155,60,11,0,6,1245000899,True,,10184.665683,0.0,outward
13,11290.478833,11290.478833,4539.822965,0.0,0.0,6750.655867999999,13,9,True,False,False,0,0,137,134,13,13,8828.478833,1995.0,366.0,101.0,0,0,0,0,5290.478832999999,0.0,0.0,217,97,4,12,0,1245000900,True,,11290.478833,0.0,area
11,9446.384038,9291.60151,6227.068005,154.78252799999973,0.016385373215545285,3219.316033,9,6,False,False,False,9,9,129,117,11,11,6617.384038,2315.0,432.0,82.0,101.78252799999973,45.0,8.0,0.0,3446.384038,154.78252799999973,0.0,279,108,5,3,2,1245000901,True,,9446.384038,0.0,edge
12,8107.351637,1290.695693,431.0,6816.655944,0.8407993447441485,7676.351637,12,12,True,True,False,224,224,72,72,12,12,6386.351637,1410.0,251.0,60.0,5500.655944,1120.0,196.0,0.0,2107.3516369999998,2107.3516369999998,0.0,248,72,0,0,0,1245000902,True,,8107.351637,0.0,cluster
11,9388.708649,6954.924658,2315.0,2433.7839910000002,0.25922457304703184,7073.708649,11,7,True,False,False,72,72,106,103,11,11,6729.708649,2195.0,409.0,55.0,2009.7839910000002,360.0,64.0,0.0,3388.708649,2433.7839910000002,0.0,279,99,4,0,0,1245000903,True,,9388.708649,0.0,outward
16,5809.395759,5809.395759,4749.28505,0.0,0.0,1060.1107089999996,16,16,True,True,True,0,0,0,0,16,16,4513.395759,1005.0,187.0,104.0,0,0,0,0,0.0,0.0,0.0,55,0,0,0,0,1245000904,True,,5809.395759,0.0,area
10,9825.465747,6591.278034,5923.417665,3234.1877130000003,0.3291638072207917,3902.0480820000002,10,8,True,False,False,100,100,123,121,10,10,7187.465747,2175.0,404.0,59.0,2644.1877130000003,500.0,90.0,0.0,3825.465747,3234.1877130000003,0.0,310,120,2,3,0,1245000905,True,,9825.465747,0.0,edge
14,10003.763016,10003.763016,347.0,0.0,0.0,9656.763016,14,10,True,False,False,0,0,85,84,14,14,7758.763016000001,1570.0,281.0,394.0,0,0,0,0,4003.763016000001,0.0,0.0,186,54,4,108,0,1245000906,True,,10003.763016,0.0,cluster
10,10157.635152,10157.635152,7061.479507,0.0,0.0,3096.1556450000007,8,5,False,False,False,0,0,154,143,10,10,7131.635152000001,2505.0,471.0,50.0,0,0,0,0,4157.635152000001,0.0,0.0,310,120,5,0,2,1245000907,True,,10157.635152,0.0,outward
12,9955.981781,9129.674393,3329.559185,826.3073880000011,0.08299607273055948,6626.422596,12,8,True,False,False,16,16,111,108,12,12,7536.981781,1985.0,368.0,66.0,731.3073880000011,80.0,15.0,0.0,3955.9817810000004,826.3073880000011,0.0,248,86,4,0,0,1245000908,True,,9955.981781,0.0,area
10,11779.671904,11779.671904,7581.446994,0.0,0.0,4198.224910000001,7,2,False,False,False,0,0,185,177,10,10,8090.671904000001,2775.0,522.0,392.0,0,0,0,0,5779.671904000001,0.0,0.0,310,120,8,114,3,1245000909,True,,11779.671904,0.0,edge
16,3833.495249,3833.495249,1325.0,0.0,0.0,2508.495249,16,16,True,True,False,0,0,0,0,16,16,2590.495249,520.0,91.0,632.0,0,0,0,0,0.0,0.0,0.0,18,0,0,0,0,1245000910,True,,3833.495249,0.0,cluster
14,10575.001598,10575.001598,8979.960854,0.0,0.0,1595.040744,12,7,False,False,False,0,0,126,118,14,14,7859.001598000001,2170.0,401.0,145.0,0,0,0,0,4575.001598000001,0.0,0.0,186,78,7,25,2,1245000911,True,,10575.001598,0.0,outward
12,10214.505575,10214.505575,5951.520879,0.0,0.0,4262.9846959999995,12,10,True,False,False,0,0,117,116,12,12,7672.505574999999,2090.0,389.0,63.0,0,0,0,0,4214.505574999999,0.0,0.0,248,104,2,0,0,1245000912,True,,10214.505575,0.0,area
10,10061.926964,7980.129796,6210.254537,2081.797168,0.20689845746727684,3851.6724270000004,9,8,False,False,False,60,60,129,126,10,10,7431.926964,2165.0,403.0,62.0,1727.797168,300.0,54.0,0.0,4061.926964,2081.797168,0.0,310,120,2,1,1,1245000913,True,,10061.926964,0.0,edge
12,8888.737,2051.74497,741.838092,6836.992029999999,0.7691747466484834,8146.898907999999,12,12,True,True,False,208,208,86,86,12,12,7133.736999999999,1435.0,257.0,63.0,5614.9920299999985,1040.0,182.0,0.0,2888.736999999999,2888.736999999999,0.0,248,86,0,0,0,1245000914,True,,8888.737,0.0,cluster
15,16854.021471,16854.021471,9219.790235,0.0,0.0,7634.231236,9,3,False,False,False,0,0,176,165,15,15,11848.021471,2705.0,501.0,1800.0,0,0,0,0,10854.021471,0.0,0.0,155,60,12,575,6,1245000915,True,,16854.021471,0.0,outward
10,9708.899177,7433.295705,4134.271305,2275.603471999999,0.2343832632839379,5574.627871999999,10,9,True,False,False,80,80,135,134,10,10,7040.899176999999,2190.0,407.0,71.0,1803.6034719999989,400.0,72.0,0.0,3708.8991769999993,2275.603471999999,0.0,310,130,1,0,0,1245000916,True,,9708.899177,0.0,area
15,11446.047844,11446.047844,6481.011284,0.0,0.0,4965.0365600000005,14,9,False,False,False,0,0,97,93,15,15,8696.047844,2045.0,378.0,327.0,0,0,0,0,5446.047844000001,0.0,0.0,155,60,6,81,1,1245000917,True,,11446.047844,0.0,edge
12,10218.138772,10218.138772,690.0,0.0,0.0,9528.138772,12,9,True,False,False,0,0,111,111,12,12,7622.138772,1845.0,334.0,417.0,0,0,0,0,4218.138772,0.0,0.0,248,96,3,117,0,1245000918,True,,10218.138772,0.0,cluster
13,9189.486574,6831.438827,5818.637717,2358.0477470000005,0.25660277405178133,3370.848857000001,13,10,True,False,False,56,56,83,80,13,13,6769.4865740000005,1985.0,367.0,68.0,2030.0477470000005,280.0,48.0,0.0,3189.4865740000005,2358.0477470000005,0.0,217,77,3,1,0,1245000919,True,,9189.486574,0.0,outward
16,7119.044431,7119.044431,5850.425838,0.0,0.0,1268.6185930000001,16,13,True,False,False,0,0,6,6,16,16,5541.044431,1120.0,201.0,257.0,0,0,0,0,1119.0444310000003,0.0,0.0,70,0,3,59,0,1245000920,True,,7119.044431,0.0,area
13,12543.168946,12543.168946,6809.919957,0.0,0.0,5733.248989,12,7,False,False,False,0,0,108,106,13,13,9235.168946,2255.0,418.0,635.0,0,0,0,0,6543.168946,0.0,0.0,217,77,6,189,1,1245000921,True,,12543.168946,0.0,edge
13,8987.399448,7065.12459,1043.0,1922.2748579999998,0.21388554821915373,7944.399448,13,12,True,False,False,42,42,74,73,13,13,7200.399448,1460.0,262.0,65.0,1675.2748579999998,210.0,37.0,0.0,2987.399448,1922.2748579999998,0.0,217,70,1,0,0,1245000922,True,,8987.399448,0.0,cluster
10,9558.704307,8546.820942,7940.403591,1011.8833649999997,0.10585988775267172,1618.3007159999997,8,6,False,False,False,40,40,147,139,10,10,6659.704307,2400.0,449.0,50.0,775.8833649999997,200.0,36.0,0.0,3558.704307,1011.8833649999997,0.0,310,120,4,0,2,1245000923,True,,9558.704307,0.0,outward
13,11157.734032,11157.734032,3514.717293,0.0,0.0,7643.016739000001,13,12,True,False,False,0,0,115,115,13,13,8664.734032,1870.0,342.0,281.0,0,0,0,0,5157.734032,0.0,0.0,217,98,1,71,0,1245000924,True,,11157.734032,0.0,area
14,9455.795266,8077.757654,6298.832917,1378.0376119999992,0.14573471328794307,3156.9623489999994,13,9,False,False,False,30,30,97,92,14,14,6962.795265999999,2030.0,375.0,88.0,1203.0376119999992,150.0,25.0,0.0,3455.795265999999,1378.0376119999992,0.0,186,76,5,3,1,1245000925,True,,9455.795266,0.0,edge
16,1301.025401,1301.025401,119.0,0.0,0.0,1182.025401,16,16,True,True,False,0,0,0,0,16,16,966.0254010000001,215.0,40.0,80.0,0,0,0,0,0.0,0.0,0.0,4,0,0,0,0,1245000926,True,,1301.025401,0.0,cluster
10,10984.690553,10984.690553,4516.177113,0.0,0.0,6468.513440000001,10,9,True,False,False,0,0,124,124,10,10,7753.690553,2270.0,422.0,539.0,0,0,0,0,4984.690553,0.0,0.0,310,110,1,163,0,1245000927,True,,10984.690553,0.0,outward
15,9821.015106,9821.015106,4336.810508,0.0,0.0,5484.204598000001,15,13,True,False,False,0,0,61,60,15,15,7895.015106000001,1565.0,283.0,78.0,0,0,0,0,3821.0151060000007,0.0,0.0,155,60,2,0,0,1245000928,True,,9821.015106,0.0,area
11,9137.639186,8798.72334,7682.139081,338.9158459999999,0.03709008849017163,1455.500105,10,9,False,False,False,9,9,113,110,11,11,6635.639186,2055.0,380.0,67.0,285.9158459999999,45.0,8.0,0.0,3137.6391860000003,338.9158459999999,0.0,279,102,2,2,1,1245000929,True,,9137.639186,0.0,edge
11,12584.682416,12584.682416,4224.0,0.0,0.0,8360.682416,11,0,True,False,False,0,0,159,159,11,11,8977.682416,2475.0,459.0,673.0,0,0,0,0,6584.682416,0.0,0.0,279,90,11,206,0,1245000930,True,,12584.682416,0.0,cluster
11,9880.599308,9553.892782,7754.282214,326.70652599999994,0.03306545643799929,2126.317094000001,9,4,False,False,False,9,9,145,133,11,11,6934.599308000001,2435.0,456.0,55.0,273.70652599999994,45.0,8.0,0.0,3880.5993080000007,326.70652599999994,0.0,279,108,7,0,2,1245000931,True,,9880.599308,0.0,outward
15,9856.533457,9856.533457,2195.789135,0.0,0.0,7660.744322,15,13,True,False,False,0,0,76,75,15,15,7941.5334569999995,1510.0,270.0,135.0,0,0,0,0,3856.5334569999995,0.0,0.0,155,60,2,20,0,1245000932,True,,9856.533457,0.0,area
15,10888.163572,10419.433653,6001.726878,468.7299189999994,0.04304949277262745,4886.436693999999,14,7,False,False,False,10,10,105,98,15,15,8081.1635719999995,2295.0,428.0,84.0,410.7299189999994,50.0,8.0,0.0,4888.1635719999995,468.7299189999994,0.0,155,58,8,2,1,1245000933,True,,10888.163572,0.0,edge
11,9224.607542,6266.050336,959.0,2958.5572059999995,0.3207244527780258,8265.607542,11,9,True,False,False,90,90,97,97,11,11,7064.607542,1780.0,325.0,55.0,2428.5572059999995,450.0,80.0,0.0,3224.6075419999997,2958.5572059999995,0.0,279,97,2,0,0,1245000934,True,,9224.607542,0.0,cluster
11,9811.273097,9532.289842,8768.654047,278.9832549999992,0.02843496988023951,1042.6190499999993,6,4,False,False,False,9,9,145,129,11,11,6759.273096999999,2515.0,473.0,64.0,225.9832549999992,45.0,8.0,0.0,3811.2730969999993,278.9832549999992,0.0,279,109,7,2,5,1245000935,True,,9811.273097,0.0,outward
12,11333.660525,10353.722467,1978.18847,979.9380579999997,0.08646262660139098,9355.472054999998,12,5,True,False,False,16,16,117,114,12,12,8605.660525,2225.0,413.0,90.0,885.9380579999997,80.0,14.0,0.0,5333.660524999999,979.9380579999997,0.0,248,90,7,10,0,1245000936,True,,11333.660525,0.0,area
10,9747.327435,8710.167332,5588.282293,1037.1601029999983,0.1064045616520318,4159.045141999999,10,6,True,False,False,30,30,112,110,10,10,7097.327434999999,2185.0,406.0,59.0,860.1601029999983,150.0,27.0,0.0,3747.3274349999992,1037.1601029999983,0.0,310,110,4,0,0,1245000937,True,,9747.327435,0.0,edge
16,1818.602074,1818.602074,731.0,0.0,0.0,1087.602074,16,16,True,True,False,0,0,0,0,16,16,1377.602074,300.0,55.0,86.0,0,0,0,0,0.0,0.0,0.0,12,0,0,0,0,1245000938,True,,1818.602074,0.0,cluster
15,12812.735177,12812.735177,8519.100812,0.0,0.0,4293.634365,11,7,False,False,False,0,0,112,104,15,15,9321.735177,2145.0,395.0,951.0,0,0,0,0,6812.7351770000005,0.0,0.0,155,65,8,292,4,1245000939,True,,12812.735177,0.0,outward
11,9811.856669,9811.856669,2357.42009,0.0,0.0,7454.436579000001,11,5,True,False,False,0,0,130,125,11,11,7111.856669000001,2225.0,414.0,61.0,0,0,0,0,3811.8566690000007,0.0,0.0,279,99,6,0,0,1245000940,True,,9811.856669,0.0,area
14,9939.649087,9939.649087,4245.261297,0.0,0.0,5694.38779,14,9,True,False,False,0,0,97,93,14,14,7359.649087,2115.0,395.0,70.0,0,0,0,0,3939.649087,0.0,0.0,186,66,5,0,0,1245000941,True,,9939.649087,0.0,edge
13,11411.960581,11411.960581,2092.815716,0.0,0.0,9319.144864999998,13,1,True,False,False,0,0,90,87,13,13,8544.960581,1995.0,366.0,506.0,0,0,0,0,5411.960580999999,0.0,0.0,217,70,12,147,0,1245000942,True,,11411.960581,0.0,cluster
14,9440.318546,7938.258959,7313.353351,1502.0595870000006,0.15911111258384866,2126.9651950000007,13,9,False,False,False,42,42,93,88,14,14,6901.318546,2080.0,386.0,73.0,1257.0595870000006,210.0,35.0,0.0,3440.3185460000004,1502.0595870000006,0.0,186,78,5,0,1,1245000943,True,,9440.318546,0.0,outward
10,11935.166543,11935.166543,3179.0,0.0,0.0,8756.166543,10,2,True,False,False,0,0,167,167,10,10,8503.166543,2670.0,502.0,260.0,0,0,0,0,5935.166542999999,0.0,0.0,310,115,8,69,0,1245000944,True,,11935.166543,0.0,area
16,8567.925007,8567.925007,4480.121669,0.0,0.0,4087.8033379999997,16,13,True,False,False,0,0,3,3,16,16,6179.925007,1395.0,259.0,734.0,0,0,0,0,2567.925007,0.0,0.0,58,0,3,215,0,1245000945,True,,8567.925007,0.0,edge
15,8237.792671,1986.093219,395.0,6251.699451999999,0.7589046849902201,7842.792670999999,15,15,True,True,False,135,135,50,50,15,15,6972.792670999999,1015.0,172.0,78.0,5468.699451999999,675.0,108.0,0.0,2237.7926709999992,2237.7926709999992,0.0,155,50,0,0,0,1245000946,True,,8237.792671,0.0,cluster
15,9496.896026,9167.079753,5221.811001,329.81627300000036,0.03472884952062761,4275.085025,15,11,True,False,False,10,10,55,54,15,15,7195.896026,1880.0,346.0,75.0,271.81627300000036,50.0,8.0,0.0,3496.8960260000003,329.81627300000036,0.0,155,53,4,0,0,1245000947,True,,9496.896026,0.0,outward
11,11692.077444,11692.077444,7862.749198,0.0,0.0,3829.328246,8,3,False,False,False,0,0,151,144,11,11,8389.077444,2400.0,446.0,457.0,0,0,0,0,5692.0774440000005,0.0,0.0,279,99,8,134,3,1245000948,True,,11692.077444,0.0,area
12,9267.664664,5455.253852,1631.0,3812.410812,0.41136693549230474,7636.664664,12,12,True,True,False,104,104,88,88,12,12,6885.664664,1955.0,361.0,66.0,3200.410812,520.0,92.0,0.0,3267.664664,3267.664664,0.0,248,88,0,0,0,1245000949,True,,9267.664664,0.0,edge
15,8523.064926,7097.029935,371.0,1426.0349909999995,0.1673148102685238,8152.064925999999,15,13,True,False,False,30,30,58,55,15,15,7045.064925999999,1195.0,208.0,75.0,1252.0349909999995,150.0,24.0,0.0,2523.064925999999,1426.0349909999995,0.0,155,50,2,0,0,1245000950,True,,8523.064926,0.0,cluster
15,9923.934774,7943.591207,3853.272638,1980.343566999999,0.19955225544089203,6070.662135999999,15,13,True,False,False,30,30,67,65,15,15,7659.934773999999,1850.0,339.0,75.0,1806.343566999999,150.0,24.0,0.0,3923.9347739999994,1980.343566999999,0.0,155,60,2,0,0,1245000951,True,,9923.934774,0.0,outward
15,8937.720178,8472.707512,3395.21416,465.0126659999987,0.052028107474724604,5542.506018,15,14,True,False,False,10,10,55,55,15,15,7303.720178,1315.0,235.0,84.0,407.0126659999987,50.0,8.0,0.0,2937.7201779999996,465.0126659999987,0.0,155,55,1,0,0,1245000952,True,,8937.720178,0.0,area
13,11036.866624,11036.866624,6980.531029,0.0,0.0,4056.3355950000005,12,6,False,False,False,0,0,148,137,13,13,8167.866624,2350.0,439.0,80.0,0,0,0,0,5036.866624,0.0,0.0,217,91,7,5,1,1245000953,True,,11036.866624,0.0,edge
10,10180.61264,10180.61264,1307.0,0.0,0.0,8873.61264,10,8,True,False,False,0,0,150,150,10,10,7486.612639999999,2125.0,390.0,179.0,0,0,0,0,4180.612639999999,0.0,0.0,310,120,2,43,0,1245000954,True,,10180.61264,0.0,cluster
16,5623.640664,5623.640664,5394.35681,0.0,0.0,229.28385399999934,16,16,True,True,True,0,0,0,0,16,16,3796.6406639999996,1470.0,277.0,80.0,0,0,0,0,0.0,0.0,0.0,66,0,0,0,0,1245000955,True,,5623.640664,0.0,outward
15,9583.067093,7296.485323,2071.675949,2286.58177,0.23860646573895378,7511.391143999999,15,11,True,False,False,45,45,75,72,15,15,7685.067093,1540.0,277.0,81.0,2025.5817699999998,225.0,36.0,0.0,3583.0670929999997,2286.58177,0.0,155,65,4,0,0,1245000956,True,,9583.067093,0.0,area
11,9425.154759,9425.154759,7328.450416,0.0,0.0,2096.7043429999994,9,5,False,False,False,0,0,122,115,11,11,6565.154758999999,2360.0,442.0,58.0,0,0,0,0,3425.154758999999,0.0,0.0,279,99,6,0,2,1245000957,True,,9425.154759,0.0,edge
10,8978.673746,3158.574472,2446.988514,5820.099274,0.6482136937643886,6531.685232,10,10,True,True,False,210,210,120,120,10,10,6775.673746,1820.0,333.0,50.0,4581.099274,1050.0,189.0,0.0,2978.6737460000004,2978.6737460000004,0.0,310,120,0,0,0,1245000958,True,,8978.673746,0.0,cluster
10,10110.928842,10110.928842,3571.514222,0.0,0.0,6539.41462,10,6,True,False,False,0,0,146,140,10,10,7109.928841999999,2485.0,466.0,50.0,0,0,0,0,4110.928841999999,0.0,0.0,310,117,4,0,0,1245000959,True,,10110.928842,0.0,outward
11,13427.569356,13427.569356,2689.066282,0.0,0.0,10738.503074,11,4,True,False,False,0,0,164,163,11,11,9586.569356,2540.0,472.0,829.0,0,0,0,0,7427.569356,0.0,0.0,279,99,7,257,0,1245000960,True,,13427.569356,0.0,area
12,9521.677581,7777.250832,7018.880384,1744.4267490000002,0.18320581999971422,2502.797197,11,5,False,False,False,48,48,95,90,12,12,6924.677581,2125.0,394.0,78.0,1462.4267490000002,240.0,42.0,0.0,3521.677581,1744.4267490000002,0.0,248,88,7,6,1,1245000961,True,,9521.677581,0.0,edge
15,9429.635531,8835.360417,1662.790239,594.275114,0.06302206612825235,7766.845292,15,11,True,False,False,10,10,70,68,15,15,7551.635531,1525.0,275.0,78.0,536.275114,50.0,8.0,0.0,3429.635531,594.275114,0.0,155,50,4,0,0,1245000962,True,,9429.635531,0.0,cluster
14,10087.788539,10087.788539,9080.688049,0.0,0.0,1007.1004899999989,9,7,False,False,False,0,0,138,125,14,14,7331.788538999999,2260.0,423.0,73.0,0,0,0,0,4087.788538999999,0.0,0.0,186,76,7,1,5,1245000963,True,,10087.788539,0.0,outward
15,10111.758332,10111.758332,6006.655602,0.0,0.0,4105.10273,14,14,False,False,False,0,0,83,81,15,15,8168.758331999999,1570.0,283.0,90.0,0,0,0,0,4111.758331999999,0.0,0.0,155,70,1,0,1,1245000964,True,,10111.758332,0.0,area
10,10567.071761,10567.071761,9954.04955,0.0,0.0,613.0222109999995,8,6,False,False,False,0,0,143,138,10,10,7680.071760999999,2310.0,431.0,146.0,0,0,0,0,4567.071760999999,0.0,0.0,310,120,4,30,2,1245000965,True,,10567.071761,0.0,edge
13,8964.910818,2340.253887,707.587112,6624.656931,0.7389540248073442,8257.323706000001,13,13,True,True,False,168,168,77,77,13,13,7291.910818,1365.0,243.0,65.0,5640.656931,840.0,144.0,0.0,2964.9108180000003,2964.9108180000003,0.0,217,77,0,0,0,1245000966,True,,8964.910818,0.0,cluster
11,9335.615772,9017.572103,8352.967863,318.0436689999988,0.03406777622038565,982.6479089999993,9,5,False,False,False,9,9,131,126,11,11,6463.615771999999,2370.0,444.0,58.0,265.0436689999988,45.0,8.0,0.0,3335.615771999999,318.0436689999988,0.0,279,108,6,0,2,1245000967,True,,9335.615772,0.0,outward
10,11078.258989,11078.258989,5082.874289,0.0,0.0,5995.3847,10,7,True,False,False,0,0,147,146,10,10,8108.258989,2230.0,414.0,326.0,0,0,0,0,5078.258989,0.0,0.0,310,120,3,92,0,1245000968,True,,11078.258989,0.0,area
11,9953.672506,9284.656354,8419.408701,669.0161520000001,0.06721299616766797,1534.2638050000005,8,6,False,False,False,18,18,159,152,11,11,7033.672506000001,2405.0,451.0,64.0,563.0161520000001,90.0,16.0,0.0,3953.672506000001,669.0161520000001,0.0,279,117,5,2,3,1245000969,True,,9953.672506,0.0,edge
10,8843.417127,2506.077416,119.0,6337.3397110000005,0.7166166222840887,8724.417127,10,10,True,True,False,240,240,110,110,10,10,6744.417127000001,1730.0,316.0,53.0,4921.3397110000005,1200.0,216.0,0.0,2843.4171270000006,2843.4171270000006,0.0,310,110,0,0,0,1245000970,True,,8843.417127,0.0,cluster
13,10042.615932,9732.051103,8916.333327,310.5648290000008,0.030924694432494484,1126.2826050000003,8,3,False,False,False,7,7,149,134,13,13,7100.615932000001,2415.0,453.0,74.0,269.5648290000008,35.0,6.0,0.0,4042.6159320000006,310.5648290000008,0.0,217,91,10,3,5,1245000971,True,,10042.615932,0.0,outward
11,10888.010306,10888.010306,2713.260431,0.0,0.0,8174.7498749999995,11,9,True,False,False,0,0,136,135,11,11,8229.010306,2110.0,389.0,160.0,0,0,0,0,4888.010306,0.0,0.0,279,108,2,35,0,1245000972,True,,10888.010306,0.0,area
13,9015.928371,6568.778168,5792.05282,2447.150203,0.2714252046268836,3223.875551,13,10,True,False,False,63,63,83,79,13,13,6623.928371,1965.0,362.0,65.0,2078.150203,315.0,54.0,0.0,3015.928371,2447.150203,0.0,217,77,3,0,0,1245000973,True,,9015.928371,0.0,edge
11,10333.987675,10333.987675,3711.345956,0.0,0.0,6622.641719,11,9,True,False,False,0,0,108,108,11,11,7749.987675,1780.0,323.0,481.0,0,0,0,0,4333.987675,0.0,0.0,279,108,2,141,0,1245000974,True,,10333.987675,0.0,cluster
10,14249.177585,14249.177585,9045.304742,0.0,0.0,5203.872842999999,6,0,False,False,False,0,0,198,188,10,10,9994.177585,2855.0,537.0,863.0,0,0,0,0,8249.177585,0.0,0.0,310,120,10,271,4,1245000975,True,,14249.177585,0.0,outward
10,9481.004978,8440.951396,6604.417449,1040.0535820000005,0.10969866426748758,2876.5875290000013,9,5,False,False,False,40,40,122,117,10,10,6861.004978000001,2165.0,402.0,53.0,804.0535820000005,200.0,36.0,0.0,3481.004978000001,1040.0535820000005,0.0,310,110,5,0,1,1245000976,True,,9481.004978,0.0,area
14,11309.507406,11309.507406,4200.45618,0.0,0.0,7109.0512260000005,14,13,True,False,False,0,0,80,80,14,14,8457.507406,1920.0,352.0,580.0,0,0,0,0,5309.507406000001,0.0,0.0,186,66,1,167,0,1245000977,True,,11309.507406,0.0,edge
10,9508.198318,9508.198318,7670.418458,0.0,0.0,1837.7798600000006,9,8,False,False,False,0,0,125,123,10,10,7109.198318000001,1935.0,354.0,110.0,0,0,0,0,3508.1983180000007,0.0,0.0,310,110,2,20,1,1245000978,True,,9508.198318,0.0,cluster
14,9650.423172,9379.417062,8930.228284,271.00611000000026,0.028082303249281827,720.194888,12,6,False,False,False,6,6,111,100,14,14,6951.423172000001,2205.0,412.0,82.0,236.00611000000026,30.0,5.0,0.0,3650.4231720000007,271.00611000000026,0.0,186,72,8,2,2,1245000979,True,,9650.423172,0.0,outward
14,11770.816686,11770.816686,6131.053692,0.0,0.0,5639.762994,13,8,False,False,False,0,0,88,85,14,14,9276.816686,1900.0,347.0,247.0,0,0,0,0,5770.816686,0.0,0.0,186,66,6,58,1,1245000980,True,,11770.816686,0.0,area
16,6606.748186,6606.748186,3199.334915,0.0,0.0,3407.413271,16,10,True,False,False,0,0,5,0,16,16,4907.748186,1355.0,252.0,92.0,0,0,0,0,606.7481859999998,0.0,0.0,42,0,6,0,0,1245000981,True,,6606.748186,0.0,edge
16,2232.950064,2232.950064,425.0,0.0,0.0,1807.950064,16,16,True,True,False,0,0,0,0,16,16,1592.950064,245.0,45.0,350.0,0,0,0,0,0.0,0.0,0.0,8,0,0,0,0,1245000982,True,,2232.950064,0.0,cluster
12,11387.656329,11387.656329,8193.226892,0.0,0.0,3194.429436999999,9,5,False,False,False,0,0,137,129,12,12,8239.656329,2395.0,447.0,306.0,0,0,0,0,5387.6563289999995,0.0,0.0,248,102,7,81,3,1245000983,True,,11387.656329,0.0,outward
10,12024.694866,12024.694866,4456.978168,0.0,0.0,7567.716698,10,3,True,False,False,0,0,159,156,10,10,8628.694866,2540.0,476.0,380.0,0,0,0,0,6024.694866,0.0,0.0,310,110,7,110,0,1245000984,True,,12024.694866,0.0,area
14,9537.282881,9293.741489,8066.3073,243.54139199999918,0.02553572071194175,1470.9755809999988,11,9,False,False,False,6,6,109,100,14,14,7025.282880999999,2050.0,380.0,82.0,208.54139199999918,30.0,5.0,0.0,3537.282880999999,243.54139199999918,0.0,186,72,5,2,3,1245000985,True,,9537.282881,0.0,edge
16,2316.508773,2316.508773,659.24728,0.0,0.0,1657.261493,16,16,True,True,False,0,0,0,0,16,16,1766.508773,270.0,50.0,230.0,0,0,0,0,0.0,0.0,0.0,8,0,0,0,0,1245000986,True,,2316.508773,0.0,cluster
12,12380.816438,12380.816438,7292.611605,0.0,0.0,5088.204833,9,6,False,False,False,0,0,163,157,12,12,8952.816438,2385.0,443.0,600.0,0,0,0,0,6380.816438,0.0,0.0,248,104,6,179,3,1245000987,True,,12380.816438,0.0,outward
14,9632.176536,5254.708512,2490.810733,4377.468024000001,0.45446301857522353,7141.365803000001,14,14,True,True,False,96,96,78,78,14,14,7754.176536000001,1530.0,275.0,73.0,3817.4680240000007,480.0,80.0,0.0,3632.176536000001,3632.176536000001,0.0,186,78,0,0,0,1245000988,True,,9632.176536,0.0,area
12,9509.146915,8989.908567,3862.475488,519.238347999999,0.054604093578671874,5646.671426999999,12,8,True,False,False,16,16,111,106,12,12,6806.146914999999,2220.0,414.0,69.0,424.23834799999895,80.0,15.0,0.0,3509.1469149999994,519.238347999999,0.0,248,88,4,1,0,1245000989,True,,9509.146915,0.0,edge
15,8301.074614,2088.191469,712.395523,6212.883145,0.7484432358338033,7588.679090999999,15,15,True,True,False,130,130,50,50,15,15,7046.074613999999,1005.0,172.0,78.0,5458.883145,650.0,104.0,0.0,2301.074613999999,2301.074613999999,0.0,155,50,0,0,0,1245000990,True,,8301.074614,0.0,cluster
13,9338.002016,8802.055093,8336.454831,535.9469229999995,0.05739417512243976,1001.5471850000013,9,8,False,False,False,21,21,110,101,13,13,6756.002016,2115.0,393.0,74.0,412.9469229999995,105.0,18.0,0.0,3338.0020160000004,535.9469229999995,0.0,217,91,5,1,4,1245000991,True,,9338.002016,0.0,outward
16,5583.285855,5583.285855,5166.737997,0.0,0.0,416.5478579999999,16,16,True,True,True,0,0,0,0,16,16,4175.285855,1105.0,205.0,98.0,0,0,0,0,0.0,0.0,0.0,63,0,0,0,0,1245000992,True,,5583.285855,0.0,area
15,13122.454192,13122.454192,8178.490466,0.0,0.0,4943.963725999999,14,7,False,False,False,0,0,139,131,15,15,9983.454192,2310.0,430.0,399.0,0,0,0,0,7122.454191999999,0.0,0.0,155,65,8,104,1,1245000993,True,,13122.454192,0.0,edge
10,8739.811545,4000.718136,1181.031889,4739.093409000001,0.5422420591793208,7558.779656000001,10,10,True,True,False,180,180,110,110,10,10,6661.8115450000005,1715.0,313.0,50.0,3677.0934090000005,900.0,162.0,0.0,2739.8115450000005,2739.8115450000005,0.0,310,110,0,0,0,1245000994,True,,8739.811545,0.0,cluster
14,9450.113573,8944.657118,7925.501512,505.45645500000137,0.05348681273462631,1524.6120610000007,13,8,False,False,False,18,18,104,96,14,14,6891.1135730000005,2100.0,389.0,70.0,400.45645500000137,90.0,15.0,0.0,3450.1135730000005,505.45645500000137,0.0,186,72,6,0,1,1245000995,True,,9450.113573,0.0,outward
15,11837.667268,11837.667268,8603.789875,0.0,0.0,3233.877392999999,14,10,False,False,False,0,0,117,114,15,15,8901.667268,1960.0,358.0,618.0,0,0,0,0,5837.667267999999,0.0,0.0,155,65,5,181,1,1245000996,True,,11837.667268,0.0,area
14,9443.819864,8201.60548,5876.054566,1242.214383999999,0.13153728066492895,3567.7652979999993,14,10,True,False,False,24,24,83,79,14,14,6918.819863999999,2055.0,382.0,88.0,1102.214383999999,120.0,20.0,0.0,3443.819863999999,1242.214383999999,0.0,186,66,4,0,0,1245000997,True,,9443.819864,0.0,edge
13,9080.22453,8797.874914,1072.261183,282.3496159999995,0.03109500377079327,8007.963346999999,13,11,True,False,False,7,7,88,85,13,13,7132.2245299999995,1590.0,287.0,71.0,241.34961599999951,35.0,6.0,0.0,3080.2245299999995,282.3496159999995,0.0,217,70,2,2,0,1245000998,True,,9080.22453,0.0,cluster
14,13410.720244,13410.720244,8317.417423,0.0,0.0,5093.302820999999,10,6,False,False,False,0,0,138,128,14,14,9603.720244,2325.0,431.0,1051.0,0,0,0,0,7410.720244,0.0,0.0,186,78,8,327,4,1245000999,True,,13410.720244,0.0,outward
14,9425.141839,9094.257885,7176.545362,330.883953999999,0.03510652249612251,2248.596477,13,10,False,False,False,6,6,96,92,14,14,7355.141839,1690.0,307.0,73.0,295.883953999999,30.0,5.0,0.0,3425.141839,330.883953999999,0.0,186,77,4,0,1,1245001000,True,,9425.141839,0.0,area
15,11380.14178,11380.14178,8903.869885,0.0,0.0,2476.271895,12,6,False,False,False,0,0,134,123,15,15,8388.14178,2265.0,421.0,306.0,0,0,0,0,5380.14178,0.0,0.0,155,65,9,74,3,1245001001,True,,11380.14178,0.0,edge
13,9604.943533,9604.943533,748.091188,0.0,0.0,8856.852345,13,12,True,False,False,0,0,77,77,13,13,7824.943533,1415.0,252.0,113.0,0,0,0,0,3604.9435329999997,0.0,0.0,217,70,1,14,0,1245001002,True,,9604.943533,0.0,cluster
16,9471.577712,9471.577712,8747.880481,0.0,0.0,723.6972310000001,12,7,False,False,False,0,0,75,60,16,16,6903.577712,2080.0,390.0,98.0,0,0,0,0,3471.5777120000002,0.0,0.0,108,32,9,4,4,1245001003,True,,9471.577712,0.0,outward
12,10465.426949,8377.374694,6480.113107,2088.0522550000005,0.1995190702849939,3985.3138420000005,11,8,False,False,False,40,40,114,109,12,12,8011.426949000001,2015.0,373.0,66.0,1853.0522550000005,200.0,35.0,0.0,4465.426949000001,2088.0522550000005,0.0,248,96,4,2,1,1245001004,True,,10465.426949,0.0,area
15,11727.643775,11727.643775,5152.428697,0.0,0.0,6575.215078,15,12,True,False,False,0,0,84,82,15,15,8889.643775,1940.0,355.0,543.0,0,0,0,0,5727.6437750000005,0.0,0.0,155,56,3,154,0,1245001005,True,,11727.643775,0.0,edge
12,8517.822228,2800.063791,1865.0,5717.758437,0.6712699894351446,6652.822228000001,12,12,True,True,False,184,184,88,88,12,12,6634.822228000001,1545.0,278.0,60.0,4636.758437000001,920.0,161.0,0.0,2517.822228000001,2517.822228000001,0.0,248,88,0,0,0,1245001006,True,,8517.822228,0.0,cluster
12,10005.134069,10005.134069,7350.902109,0.0,0.0,2654.23196,11,5,False,False,False,0,0,137,126,12,12,7174.134069,2335.0,436.0,60.0,0,0,0,0,4005.1340689999997,0.0,0.0,248,96,7,0,1,1245001007,True,,10005.134069,0.0,outward
12,9956.08375,9956.08375,2566.78257,0.0,0.0,7389.30118,12,6,True,False,False,0,0,104,103,12,12,7541.08375,1950.0,357.0,108.0,0,0,0,0,3956.08375,0.0,0.0,248,88,6,16,0,1245001008,True,,9956.08375,0.0,area
11,9437.711204,7900.812291,6752.530382,1536.898912999999,0.1628465715658488,2685.1808219999994,10,6,False,False,False,45,45,118,108,11,11,6637.711203999999,2295.0,429.0,76.0,1271.898912999999,225.0,40.0,0.0,3437.7112039999993,1536.898912999999,0.0,279,99,5,3,1,1245001009,True,,9437.711204,0.0,edge
14,7912.554927,1356.519006,431.0,6556.035921000001,0.8285611893358046,7481.554927,14,14,True,True,False,168,168,54,54,14,14,6525.554927,1120.0,194.0,73.0,5575.035921000001,840.0,141.0,0.0,1912.5549270000001,1912.5549270000001,0.0,186,54,0,0,0,1245001010,True,,7912.554927,0.0,cluster
16,10218.510677,10218.510677,6553.746178,0.0,0.0,3664.764499,12,11,False,False,False,0,0,48,42,16,16,7724.510677,1790.0,324.0,380.0,0,0,0,0,4218.510677,0.0,0.0,91,9,5,100,4,1245001011,True,,10218.510677,0.0,outward
14,9241.182996,9241.182996,3296.976641,0.0,0.0,5944.206354999999,14,13,True,False,False,0,0,64,64,14,14,7478.182996,1435.0,258.0,70.0,0,0,0,0,3241.1829959999995,0.0,0.0,186,64,1,0,0,1245001012,True,,9241.182996,0.0,area
13,9037.766924,7166.44029,3804.22706,1871.326634,0.20705630602518071,5233.539863999999,13,10,True,False,False,49,49,81,80,13,13,6709.766924,1905.0,352.0,71.0,1583.326634,245.0,43.0,0.0,3037.7669239999996,1871.326634,0.0,217,77,3,1,0,1245001013,True,,9037.766924,0.0,edge
10,11041.2189,11041.2189,1876.905042,0.0,0.0,9164.313858,10,8,True,False,False,0,0,134,133,10,10,8148.2189,2025.0,374.0,494.0,0,0,0,0,5041.2189,0.0,0.0,310,113,2,147,0,1245001014,True,,11041.2189,0.0,cluster
11,9874.349117,9874.349117,6512.084043,0.0,0.0,3362.265074,10,3,False,False,False,0,0,121,114,11,11,7054.349117,2325.0,434.0,61.0,0,0,0,0,3874.3491169999998,0.0,0.0,279,108,8,2,1,1245001015,True,,9874.349117,0.0,outward
13,9772.692294,9772.692294,2615.782185,0.0,0.0,7156.910109,13,9,True,False,False,0,0,110,106,13,13,7446.692294,1910.0,351.0,65.0,0,0,0,0,3772.6922940000004,0.0,0.0,217,84,4,0,0,1245001016,True,,9772.692294,0.0,area
13,12113.674475,12113.674475,6744.111828,0.0,0.0,5369.562647,11,4,False,False,False,0,0,135,126,13,13,8781.674475,2370.0,441.0,521.0,0,0,0,0,6113.674475,0.0,0.0,217,84,9,152,2,1245001017,True,,12113.674475,0.0,edge
13,8402.55117,2446.245286,724.753392,5956.305884000001,0.7088687427773201,7677.797778000001,13,13,True,True,False,168,168,71,71,13,13,6809.551170000001,1295.0,230.0,68.0,4972.305884,840.0,144.0,0.0,2402.5511700000006,2402.5511700000006,0.0,217,71,0,0,0,1245001018,True,,8402.55117,0.0,cluster
16,9988.010078,9988.010078,8404.69631,0.0,0.0,1583.313768,15,14,False,False,False,0,0,49,47,16,16,7492.010077999999,1615.0,294.0,587.0,0,0,0,0,3988.0100779999993,0.0,0.0,107,35,2,169,1,1245001019,True,,9988.010078,0.0,outward
12,10345.259066,8192.000113,6287.161202,2153.2589530000005,0.20813968401011335,4058.0978640000003,11,6,False,False,False,56,56,97,93,12,12,7949.2590660000005,1970.0,363.0,63.0,1824.2589530000005,280.0,49.0,0.0,4345.2590660000005,2153.2589530000005,0.0,248,88,6,0,1,1245001020,True,,10345.259066,0.0,area
10,9297.361226,9297.361226,3286.847826,0.0,0.0,6010.513400000001,10,8,True,False,False,0,0,127,126,10,10,6440.361226000001,2355.0,440.0,62.0,0,0,0,0,3297.361226000001,0.0,0.0,310,110,2,4,0,1245001021,True,,9297.361226,0.0,edge
11,9250.832814,9250.832814,2244.000352,0.0,0.0,7006.832461999999,11,10,True,False,False,0,0,113,113,11,11,7177.832813999999,1705.0,310.0,58.0,0,0,0,0,3250.8328139999994,0.0,0.0,279,102,1,1,0,1245001022,True,,9250.832814,0.0,cluster
15,13299.440174,13299.440174,5873.184257,0.0,0.0,7426.2559169999995,15,8,True,False,False,0,0,84,80,15,15,9972.440174,1975.0,362.0,990.0,0,0,0,0,7299.440173999999,0.0,0.0,155,55,7,304,0,1245001023,True,,13299.440174,0.0,outward
11,9363.469041,9363.469041,1056.0,0.0,0.0,8307.469041,11,9,True,False,False,0,0,113,112,11,11,7083.469041,1870.0,346.0,64.0,0,0,0,0,3363.4690410000003,0.0,0.0,279,108,2,0,0,1245001024,True,,9363.469041,0.0,area
14,9778.821597,9299.313059,8328.387108,479.50853800000004,0.04903541119382997,1450.4344889999993,11,9,False,False,False,12,12,106,98,14,14,7294.821597,2025.0,374.0,85.0,409.50853800000004,60.0,10.0,0.0,3778.821597,479.50853800000004,0.0,186,78,5,0,3,1245001025,True,,9778.821597,0.0,edge
11,11293.524411,11293.524411,714.0,0.0,0.0,10579.524411,11,9,True,False,False,0,0,119,119,11,11,8290.524411,1875.0,341.0,787.0,0,0,0,0,5293.524411,0.0,0.0,279,92,2,244,0,1245001026,True,,11293.524411,0.0,cluster
16,10207.765122,10207.765122,8980.245756,0.0,0.0,1227.5193660000004,14,7,False,False,False,0,0,76,64,16,16,7612.765122000001,2025.0,376.0,194.0,0,0,0,0,4207.765122000001,0.0,0.0,107,31,9,36,2,1245001027,True,,10207.765122,0.0,outward
15,10829.648437,10829.648437,8182.358671,0.0,0.0,2647.289766,13,9,False,False,False,0,0,108,103,15,15,8450.648437,1795.0,326.0,258.0,0,0,0,0,4829.648437,0.0,0.0,155,64,6,59,2,1245001028,True,,10829.648437,0.0,area
15,11097.819208,11097.819208,8834.768329,0.0,0.0,2263.0508790000004,10,5,False,False,False,0,0,125,111,15,15,7948.819208000001,2405.0,450.0,294.0,0,0,0,0,5097.819208000001,0.0,0.0,155,60,10,72,5,1245001029,True,,11097.819208,0.0,edge
13,8274.302499,1851.808796,996.0,6422.493702999999,0.776197595359391,7278.302498999999,13,13,True,True,False,182,182,63,63,13,13,6648.302498999999,1325.0,236.0,65.0,5356.493702999999,910.0,156.0,0.0,2274.3024989999994,2274.3024989999994,0.0,217,63,0,0,0,1245001030,True,,8274.302499,0.0,cluster
11,9495.665086,6881.468392,4705.860299,2614.196694000001,0.27530422253984715,4789.804787000001,11,6,True,False,False,90,90,120,116,11,11,6777.665086000001,2240.0,417.0,61.0,2084.196694000001,450.0,80.0,0.0,3495.665086000001,2614.196694000001,0.0,279,111,5,1,0,1245001031,True,,9495.665086,0.0,outward
16,8812.051166,8812.051166,2973.693291,0.0,0.0,5838.357875,16,11,True,False,False,0,0,6,3,16,16,6643.051165999999,1275.0,235.0,659.0,0,0,0,0,2812.0511659999993,0.0,0.0,39,0,5,193,0,1245001032,True,,8812.051166,0.0,area
13,9662.833254,9662.833254,6048.514376,0.0,0.0,3614.318877999999,12,9,False,False,False,0,0,110,106,13,13,7062.833253999999,2125.0,395.0,80.0,0,0,0,0,3662.833253999999,0.0,0.0,217,84,4,1,1,1245001033,True,,9662.833254,0.0,edge
13,9570.417615,9570.417615,3935.773302,0.0,0.0,5634.644313000001,13,12,True,False,False,0,0,99,99,13,13,7454.417615,1710.0,311.0,95.0,0,0,0,0,3570.4176150000003,0.0,0.0,217,84,1,7,0,1245001034,True,,9570.417615,0.0,cluster
12,10300.613517,10300.613517,6008.966388,0.0,0.0,4291.647129,11,9,False,False,False,0,0,150,146,12,12,7534.613517,2280.0,426.0,60.0,0,0,0,0,4300.613517,0.0,0.0,248,112,3,0,1,1245001035,True,,10300.613517,0.0,outward
15,9605.036804,7772.159875,4277.312905,1832.876928999999,0.19082456073845558,5327.723899,15,14,True,False,False,35,35,77,75,15,15,7905.036803999999,1380.0,245.0,75.0,1629.876928999999,175.0,28.0,0.0,3605.0368039999994,1832.876928999999,0.0,155,70,1,0,0,1245001036,True,,9605.036804,0.0,area
14,9854.931279,9854.931279,2249.0,0.0,0.0,7605.931279,14,11,True,False,False,0,0,77,76,14,14,7466.931279,1955.0,360.0,73.0,0,0,0,0,3854.9312790000004,0.0,0.0,186,66,3,1,0,1245001037,True,,9854.931279,0.0,edge
13,8366.953871,1561.612358,419.0,6805.341512999999,0.8133595114689739,7947.953871,13,13,True,True,False,189,189,63,63,13,13,6739.953871,1325.0,234.0,68.0,5698.341512999999,945.0,162.0,0.0,2366.9538709999997,2366.9538709999997,0.0,217,63,0,0,0,1245001038,True,,8366.953871,0.0,cluster
13,9901.408107,9901.408107,6254.6772,0.0,0.0,3646.730906999999,11,5,False,False,False,0,0,122,111,13,13,7092.408106999999,2305.0,430.0,74.0,0,0,0,0,3901.4081069999993,0.0,0.0,217,84,8,0,2,1245001039,True,,9901.408107,0.0,outward
12,9725.898422,9725.898422,7918.536981,0.0,0.0,1807.361441,11,10,False,False,False,0,0,139,136,12,12,7313.898422,1975.0,365.0,72.0,0,0,0,0,3725.898422,0.0,0.0,248,112,2,0,1,1245001040,True,,9725.898422,0.0,area
14,10901.834368,10020.146114,8267.585825,881.6882540000006,0.08087522009947314,2634.2485429999997,9,6,False,False,False,12,12,146,133,14,14,8114.834368,2280.0,428.0,79.0,810.6882540000006,60.0,11.0,0.0,4901.834368,881.6882540000006,0.0,186,78,8,2,5,1245001041,True,,10901.834368,0.0,edge
15,8267.340426,2531.725042,1902.462951,5735.615384000001,0.6937678973472575,6364.877475000001,15,15,True,True,False,120,120,48,48,15,15,6841.340426000001,1150.0,201.0,75.0,5038.615384000001,600.0,97.0,0.0,2267.3404260000007,2267.3404260000007,0.0,155,48,0,0,0,1245001042,True,,8267.340426,0.0,cluster
12,10395.069038,10395.069038,8487.809257,0.0,0.0,1907.2597809999988,11,9,False,False,False,0,0,130,128,12,12,7424.069038,2230.0,414.0,327.0,0,0,0,0,4395.069038,0.0,0.0,248,104,3,89,1,1245001043,True,,10395.069038,0.0,outward
12,11403.898861,11403.898861,4066.854534,0.0,0.0,7337.044327,12,6,True,False,False,0,0,123,120,12,12,8776.898861,2055.0,380.0,192.0,0,0,0,0,5403.898861,0.0,0.0,248,104,6,43,0,1245001044,True,,11403.898861,0.0,area
10,9290.048403,6798.471805,5827.291123,2491.5765980000006,0.2681984517104782,3462.7572800000007,10,8,True,False,False,80,80,112,111,10,10,6701.048403000001,2135.0,398.0,56.0,2019.5765980000006,400.0,72.0,0.0,3290.0484030000007,2491.5765980000006,0.0,310,110,2,2,0,1245001045,True,,9290.048403,0.0,edge
15,8582.362191,4786.968967,425.0,3795.3932240000004,0.44223177017396054,8157.362191,15,15,True,True,False,75,75,50,50,15,15,7248.362191,1070.0,183.0,81.0,3360.3932240000004,375.0,60.0,0.0,2582.362191,2582.362191,0.0,155,50,0,0,0,1245001046,True,,8582.362191,0.0,cluster
14,11736.41018,11736.41018,7748.035943,0.0,0.0,3988.374237000001,13,9,False,False,False,0,0,107,103,14,14,8583.41018,2205.0,407.0,541.0,0,0,0,0,5736.410180000001,0.0,0.0,186,66,5,157,1,1245001047,True,,11736.41018,0.0,outward
10,8994.576332,7799.322882,1665.208293,1195.2534500000002,0.13288601996156812,7329.368039000001,10,5,True,False,False,50,50,116,111,10,10,6461.576332000001,2095.0,388.0,50.0,900.2534500000002,250.0,45.0,0.0,2994.5763320000005,1195.2534500000002,0.0,310,106,5,0,0,1245001048,True,,8994.576332,0.0,area
11,9588.882677,7739.745594,2021.0,1849.1370829999996,0.19284176741836256,7567.882677,11,3,True,False,False,54,54,123,116,11,11,6726.882677,2360.0,441.0,61.0,1531.1370829999996,270.0,48.0,0.0,3588.8826769999996,1849.1370829999996,0.0,279,108,8,1,0,1245001049,True,,9588.882677,0.0,edge
16,3680.791958,3680.791958,395.0,0.0,0.0,3285.791958,16,16,True,True,False,0,0,0,0,16,16,2920.791958,390.0,65.0,305.0,0,0,0,0,0.0,0.0,0.0,7,0,0,0,0,1245001050,True,,3680.791958,0.0,cluster
14,10021.251631,9726.424801,8856.517541,294.82683,0.029420160360805133,1164.73409,11,5,False,False,False,6,6,153,140,14,14,6997.251630999999,2480.0,465.0,79.0,259.82683,30.0,5.0,0.0,4021.251630999999,294.82683,0.0,186,74,9,0,3,1245001051,True,,10021.251631,0.0,outward
13,9937.897269,7685.098176,6850.683296,2252.7990929999987,0.2266877018368179,3087.213972999999,11,9,False,False,False,35,35,93,87,13,13,7622.897268999999,1900.0,350.0,65.0,2047.7990929999987,175.0,30.0,0.0,3937.897268999999,2252.7990929999987,0.0,217,80,4,0,2,1245001052,True,,9937.897269,0.0,area
15,15666.843158,15666.843158,10873.935483,0.0,0.0,4792.907675,14,3,False,False,False,0,0,143,135,15,15,11496.843158,2530.0,470.0,1170.0,0,0,0,0,9666.843158,0.0,0.0,155,57,12,365,1,1245001053,True,,15666.843158,0.0,edge
15,8325.33005,4157.773401,1170.008291,4167.556649,0.5005875591682999,7155.321759,15,15,True,True,False,90,90,55,55,15,15,6989.3300500000005,1070.0,185.0,81.0,3645.556649,450.0,72.0,0.0,2325.3300500000005,2325.3300500000005,0.0,155,55,0,0,0,1245001054,True,,8325.33005,0.0,cluster
10,9922.037431,9017.256422,8557.537984,904.7810090000003,0.09118903403580601,1364.4994470000001,8,6,False,False,False,40,40,146,140,10,10,7071.037431000001,2360.0,441.0,50.0,668.7810090000003,200.0,36.0,0.0,3922.0374310000007,904.7810090000003,0.0,310,130,4,0,2,1245001055,True,,9922.037431,0.0,outward
10,10332.761448,10332.761448,7840.150641,0.0,0.0,2492.610806999999,9,8,False,False,False,0,0,160,157,10,10,7766.761447999999,2120.0,393.0,53.0,0,0,0,0,4332.761447999999,0.0,0.0,310,139,2,0,1,1245001056,True,,10332.761448,0.0,area
16,8267.976073,8267.976073,7645.608078,0.0,0.0,622.3679949999996,13,8,False,False,False,0,0,47,37,16,16,6218.976073,1635.0,304.0,110.0,0,0,0,0,2267.976073,0.0,0.0,87,19,8,2,3,1245001057,True,,8267.976073,0.0,edge
16,1536.81052,1536.81052,419.0,0.0,0.0,1117.81052,16,16,True,True,False,0,0,0,0,16,16,1174.81052,230.0,43.0,89.0,0,0,0,0,0.0,0.0,0.0,6,0,0,0,0,1245001058,True,,1536.81052,0.0,cluster
16,16997.415062,16997.415062,9006.290249,0.0,0.0,7991.124813,8,4,False,False,False,0,0,166,152,16,16,12192.415062,2520.0,465.0,1820.0,0,0,0,0,10997.415062,0.0,0.0,112,40,12,580,8,1245001059,True,,16997.415062,0.0,outward
10,9900.679529,9900.679529,3732.086371,0.0,0.0,6168.593158,10,7,True,False,False,0,0,129,127,10,10,7402.679528999999,2055.0,381.0,62.0,0,0,0,0,3900.679528999999,0.0,0.0,310,120,3,0,0,1245001060,True,,9900.679529,0.0,area
16,10129.191558,10129.191558,6045.648679,0.0,0.0,4083.5428790000005,15,8,False,False,False,0,0,27,21,16,16,7257.191558,1765.0,325.0,782.0,0,0,0,0,4129.191558,0.0,0.0,81,1,8,233,1,1245001061,True,,10129.191558,0.0,edge
14,8558.516235,4127.205751,755.0,4431.310483999999,0.5177662064690819,7803.516234999999,14,14,True,True,False,108,108,66,66,14,14,7012.516234999999,1255.0,221.0,70.0,3800.3104839999987,540.0,91.0,0.0,2558.516234999999,2558.516234999999,0.0,186,66,0,0,0,1245001062,True,,8558.516235,0.0,cluster
16,9599.201599,9599.201599,9042.761795,0.0,0.0,556.4398039999996,8,6,False,False,False,0,0,105,87,16,16,6789.201599,2225.0,415.0,170.0,0,0,0,0,3599.201599,0.0,0.0,114,38,10,30,8,1245001063,True,,9599.201599,0.0,outward
16,7737.345353,7737.345353,4899.652358,0.0,0.0,2837.6929949999994,16,12,True,False,False,0,0,4,3,16,16,5966.345353,1150.0,211.0,410.0,0,0,0,0,1737.3453529999997,0.0,0.0,57,0,4,46,0,1245001064,True,,7737.345353,0.0,area
10,9705.939235,8552.906779,4749.009344,1153.032455999999,0.11879658712905583,4956.929891,10,6,True,False,False,40,40,132,128,10,10,6857.939235,2355.0,440.0,53.0,917.032455999999,200.0,36.0,0.0,3705.939235,1153.032455999999,0.0,310,120,4,0,0,1245001065,True,,9705.939235,0.0,edge
16,2382.211684,2382.211684,1042.061542,0.0,0.0,1340.150142,16,16,True,True,False,0,0,0,0,16,16,1633.2116839999999,430.0,74.0,245.0,0,0,0,0,0.0,0.0,0.0,16,0,0,0,0,1245001066,True,,2382.211684,0.0,cluster
16,10952.757743,10952.757743,5882.983015,0.0,0.0,5069.774728,16,8,True,False,False,0,0,69,59,16,16,8456.757743,1890.0,349.0,257.0,0,0,0,0,4952.757743,0.0,0.0,70,0,8,58,0,1245001067,True,,10952.757743,0.0,outward
14,9764.521564,7663.004617,3524.80015,2101.516947000001,0.2152196534388237,6239.721414000001,14,12,True,False,False,42,42,86,84,14,14,7691.521564000001,1690.0,310.0,73.0,1856.516947000001,210.0,35.0,0.0,3764.5215640000006,2101.516947000001,0.0,186,78,2,0,0,1245001068,True,,9764.521564,0.0,area
10,9388.096761,8115.452281,6371.275619,1272.6444800000008,0.13555936974220548,3016.8211420000007,9,3,False,False,False,50,50,147,138,10,10,6308.096761000001,2535.0,477.0,68.0,977.6444800000008,250.0,45.0,0.0,3388.0967610000007,1272.6444800000008,0.0,310,118,7,6,1,1245001069,True,,9388.096761,0.0,edge
16,2729.614549,2729.614549,119.0,0.0,0.0,2610.614549,16,16,True,True,False,0,0,0,0,16,16,1937.614549,270.0,46.0,476.0,0,0,0,0,0.0,0.0,0.0,4,0,0,0,0,1245001070,True,,2729.614549,0.0,cluster
14,11472.215313,11472.215313,8740.369948,0.0,0.0,2731.845365000001,11,6,False,False,False,0,0,136,126,14,14,8395.215313,2325.0,430.0,322.0,0,0,0,0,5472.215313000001,0.0,0.0,186,71,8,84,3,1245001071,True,,11472.215313,0.0,outward
12,9453.010482,6956.184692,3782.954045,2496.82579,0.264130225472017,5670.056436999999,12,11,True,False,False,72,72,99,98,12,12,7295.010482,1765.0,324.0,69.0,2073.82579,360.0,63.0,0.0,3453.0104819999997,2496.82579,0.0,248,96,1,0,0,1245001072,True,,9453.010482,0.0,area
16,7517.445946,7517.445946,5275.084978,0.0,0.0,2242.360968,16,12,True,False,False,0,0,5,4,16,16,5421.445946,1555.0,290.0,251.0,0,0,0,0,1517.4459459999998,0.0,0.0,71,0,4,56,0,1245001073,True,,7517.445946,0.0,edge
16,2266.596753,2266.596753,947.0,0.0,0.0,1319.5967529999998,16,16,True,True,False,0,0,0,0,16,16,1588.5967529999998,390.0,70.0,218.0,0,0,0,0,0.0,0.0,0.0,12,0,0,0,0,1245001074,True,,2266.596753,0.0,cluster
10,9827.387694,8491.770753,7999.157177,1335.6169409999984,0.13590762698976905,1828.230516999999,7,6,False,False,False,50,50,158,150,10,10,6780.387693999999,2515.0,473.0,59.0,1040.6169409999984,250.0,45.0,0.0,3827.387693999999,1335.6169409999984,0.0,310,130,4,2,3,1245001075,True,,9827.387694,0.0,outward
14,10086.183176,9962.38865,8899.013008,123.79452599999968,0.012273674177816624,1187.1701680000006,13,11,False,False,False,6,6,115,112,14,14,7905.1831760000005,1780.0,325.0,76.0,88.79452599999968,30.0,5.0,0.0,4086.1831760000005,123.79452599999968,0.0,186,88,3,0,1,1245001076,True,,10086.183176,0.0,area
13,9867.668941,9867.668941,3318.9681,0.0,0.0,6548.700841,13,10,True,False,False,0,0,103,100,13,13,7364.668941,2055.0,380.0,68.0,0,0,0,0,3867.668941,0.0,0.0,217,80,3,1,0,1245001077,True,,9867.668941,0.0,edge
13,8715.319231,8715.319231,1001.0,0.0,0.0,7714.3192309999995,13,12,True,False,False,0,0,70,70,13,13,6965.3192309999995,1430.0,255.0,65.0,0,0,0,0,2715.3192309999995,0.0,0.0,217,70,1,0,0,1245001078,True,,8715.319231,0.0,cluster
12,9943.258233,9192.231336,8199.543726,751.0268969999997,0.07553126745793123,1743.7145070000006,10,5,False,False,False,24,24,152,137,12,12,7123.2582330000005,2325.0,435.0,60.0,609.0268969999997,120.0,22.0,0.0,3943.2582330000005,751.0268969999997,0.0,248,108,7,0,2,1245001079,True,,9943.258233,0.0,outward
12,12106.888439,12106.888439,5123.910284,0.0,0.0,6982.978155000001,12,8,True,False,False,0,0,146,144,12,12,9227.888439,2180.0,402.0,297.0,0,0,0,0,6106.888439,0.0,0.0,248,96,4,79,0,1245001080,True,,12106.888439,0.0,area
11,9516.04354,8883.068152,8039.137479,632.9753880000007,0.06651665530315562,1476.9060610000006,10,6,False,False,False,27,27,133,128,11,11,6588.043540000001,2415.0,452.0,61.0,473.97538800000075,135.0,24.0,0.0,3516.0435400000006,632.9753880000007,0.0,279,108,5,2,1,1245001081,True,,9516.04354,0.0,edge
13,7903.012987,1219.596182,113.0,6683.416805,0.845679592832991,7790.012987,13,13,True,True,False,196,196,56,56,13,13,6386.012987,1235.0,217.0,65.0,5535.416805,980.0,168.0,0.0,1903.012987,1903.012987,0.0,217,56,0,0,0,1245001082,True,,7903.012987,0.0,cluster
11,9119.674149,7858.509472,7534.047973,1261.1646770000007,0.13829054156921727,1585.6261760000007,9,3,False,False,False,45,45,121,113,11,11,6173.674149,2430.0,458.0,58.0,996.1646770000007,225.0,40.0,0.0,3119.6741490000004,1261.1646770000007,0.0,279,103,8,1,2,1245001083,True,,9119.674149,0.0,outward
13,10614.347931,9984.979526,4263.687579,629.3684050000011,0.059294118592239035,6350.660352,13,6,True,False,False,21,21,113,108,13,13,7998.347931,2145.0,400.0,71.0,506.3684050000011,105.0,18.0,0.0,4614.347931,629.3684050000011,0.0,217,88,7,1,0,1245001084,True,,10614.347931,0.0,area
12,10091.630542,8957.722004,2956.764894,1133.9085380000015,0.11236128128956244,7134.865648000001,12,11,True,False,False,16,16,97,96,12,12,7605.630542000001,2045.0,378.0,63.0,1039.9085380000015,80.0,14.0,0.0,4091.630542000001,1133.9085380000015,0.0,248,88,1,0,0,1245001085,True,,10091.630542,0.0,edge
12,8107.814415,1530.436492,395.0,6577.377923,0.8112393286693157,7712.814415,12,12,True,True,False,216,216,72,72,12,12,6364.814415,1425.0,255.0,63.0,5307.377923,1080.0,190.0,0.0,2107.814415,2107.814415,0.0,248,72,0,0,0,1245001086,True,,8107.814415,0.0,cluster
16,10476.670662,10476.670662,8118.389879,0.0,0.0,2358.280783,8,7,False,False,False,0,0,111,92,16,16,7736.670662,2090.0,390.0,260.0,0,0,0,0,4476.670662,0.0,0.0,100,32,9,60,8,1245001087,True,,10476.670662,0.0,outward
13,9790.059024,8660.086205,7386.392909,1129.9728190000005,0.11542042966543002,2403.666115,10,8,False,False,False,21,21,120,112,13,13,7134.059024,2175.0,404.0,77.0,1006.9728190000005,105.0,18.0,0.0,3790.059024,1129.9728190000005,0.0,217,81,5,3,3,1245001088,True,,9790.059024,0.0,area
14,9740.422725,9740.422725,2249.0,0.0,0.0,7491.422725,14,12,True,False,False,0,0,81,80,14,14,7331.422725,1975.0,364.0,70.0,0,0,0,0,3740.4227250000004,0.0,0.0,186,66,2,0,0,1245001089,True,,9740.422725,0.0,edge
13,8631.945285,2864.678053,1043.0,5767.267232,0.6681306520816298,7588.945285,13,13,True,True,False,161,161,77,77,13,13,6733.945285,1545.0,279.0,74.0,4823.267231999999,805.0,139.0,0.0,2631.945285,2631.945285,0.0,217,77,0,0,0,1245001090,True,,8631.945285,0.0,cluster
10,9540.811467,8255.325338,5708.860053,1285.486128999999,0.1347355131632431,3831.951413999999,10,8,True,False,False,40,40,125,122,10,10,6718.8114669999995,2335.0,437.0,50.0,1049.486128999999,200.0,36.0,0.0,3540.8114669999995,1285.486128999999,0.0,310,115,2,0,0,1245001091,True,,9540.811467,0.0,outward
15,10536.155244,10536.155244,8509.162486,0.0,0.0,2026.9927580000003,14,9,False,False,False,0,0,72,70,15,15,8587.155244,1585.0,286.0,78.0,0,0,0,0,4536.155244,0.0,0.0,155,57,6,0,1,1245001092,True,,10536.155244,0.0,area
14,10211.277204,9881.775485,7750.004642,329.50171899999987,0.03226841387392032,2461.272562,10,5,False,False,False,12,12,143,131,14,14,7366.277204,2300.0,430.0,115.0,259.50171899999987,60.0,10.0,0.0,4211.277204,329.50171899999987,0.0,186,81,9,15,4,1245001093,True,,10211.277204,0.0,edge
16,2732.094527,2732.094527,1100.811077,0.0,0.0,1631.2834500000001,16,16,True,True,False,0,0,0,0,16,16,1907.0945270000002,435.0,76.0,314.0,0,0,0,0,0.0,0.0,0.0,16,0,0,0,0,1245001094,True,,2732.094527,0.0,cluster
10,10316.791516,10316.791516,7293.986342,0.0,0.0,3022.805173999999,6,6,False,False,False,0,0,177,168,10,10,7367.791515999999,2440.0,459.0,50.0,0,0,0,0,4316.791515999999,0.0,0.0,310,130,4,0,4,1245001095,True,,10316.791516,0.0,outward
13,9566.957119,8361.476847,1661.935178,1205.4802720000007,0.12600456519303446,7905.021941000001,13,12,True,False,False,28,28,92,89,13,13,7540.957119000001,1660.0,301.0,65.0,1041.4802720000007,140.0,24.0,0.0,3566.9571190000006,1205.4802720000007,0.0,217,84,1,0,0,1245001096,True,,9566.957119,0.0,area
12,10045.530078,9753.736775,7196.749292,291.7933030000004,0.029047078724002442,2848.7807859999994,9,7,False,False,False,8,8,136,129,12,12,7198.530078,2340.0,438.0,69.0,244.79330300000038,40.0,7.0,0.0,4045.530078,291.7933030000004,0.0,248,104,5,1,3,1245001097,True,,10045.530078,0.0,edge
12,8466.725088,2855.54135,371.0,5611.183738,0.6627336638050058,8095.725087999999,12,12,True,True,False,184,184,82,82,12,12,6666.725087999999,1475.0,265.0,60.0,4529.183737999999,920.0,162.0,0.0,2466.7250879999992,2466.7250879999992,0.0,248,82,0,0,0,1245001098,True,,8466.725088,0.0,cluster
11,9413.596907,9176.325056,8438.242051,237.27185099999951,0.025205227432625987,975.3548559999999,7,7,False,False,False,9,9,137,128,11,11,6424.596906999999,2460.0,462.0,67.0,184.27185099999951,45.0,8.0,0.0,3413.596906999999,237.27185099999951,0.0,279,108,4,1,4,1245001099,True,,9413.596907,0.0,outward
16,5339.641859,5339.641859,3089.936868,0.0,0.0,2249.7049910000005,16,16,True,True,True,0,0,0,0,16,16,4278.641859,815.0,154.0,92.0,0,0,0,0,0.0,0.0,0.0,32,0,0,0,0,1245001100,True,,5339.641859,0.0,area
13,9276.438431,9276.438431,4667.454204,0.0,0.0,4608.984227000001,13,10,True,False,False,0,0,90,88,13,13,6905.4384310000005,1935.0,356.0,80.0,0,0,0,0,3276.4384310000005,0.0,0.0,217,77,3,1,0,1245001101,True,,9276.438431,0.0,edge
12,9482.524584,5339.151429,2942.441921,4143.373155000001,0.4369483166952368,6540.082663000001,12,12,True,True,False,120,120,104,104,12,12,7394.524584000001,1715.0,313.0,60.0,3437.373155000001,600.0,106.0,0.0,3482.5245840000007,3482.5245840000007,0.0,248,104,0,0,0,1245001102,True,,9482.524584,0.0,cluster
15,9430.262685,6925.101152,4490.171742,2505.1615329999995,0.26565129908679735,4940.090942999999,15,14,True,False,False,40,40,58,56,15,15,7321.262685,1720.0,314.0,75.0,2273.1615329999995,200.0,32.0,0.0,3430.2626849999997,2505.1615329999995,0.0,155,55,1,0,0,1245001103,True,,9430.262685,0.0,outward
13,11413.474454,11413.474454,5356.759674,0.0,0.0,6056.714779999999,13,7,True,False,False,0,0,152,150,13,13,8226.474454,2190.0,401.0,596.0,0,0,0,0,5413.474453999999,0.0,0.0,217,84,6,176,0,1245001104,True,,11413.474454,0.0,area
11,9454.22155,7957.083587,1703.0,1497.1379630000001,0.15835655586048755,7751.22155,11,4,True,False,False,45,45,115,110,11,11,6594.22155,2360.0,442.0,58.0,1232.1379630000001,225.0,40.0,0.0,3454.22155,1497.1379630000001,0.0,279,102,7,1,0,1245001105,True,,9454.22155,0.0,edge
12,8972.60007,5500.83146,1731.997071,3471.76861,0.3869300518149585,7240.602999000001,12,12,True,True,False,104,104,88,88,12,12,7085.60007,1535.0,277.0,75.0,2860.76861,520.0,91.0,0.0,2972.6000700000004,2972.6000700000004,0.0,248,88,0,0,0,1245001106,True,,8972.60007,0.0,cluster
11,10401.736407,10401.736407,4954.152099,0.0,0.0,5447.584308,11,9,True,False,False,0,0,117,117,11,11,7893.736407,2060.0,381.0,67.0,0,0,0,0,4401.736407,0.0,0.0,279,108,2,3,0,1245001107,True,,10401.736407,0.0,outward
10,10109.322334,10109.322334,4867.209704,0.0,0.0,5242.1126300000005,10,4,True,False,False,0,0,144,135,10,10,7294.322334,2330.0,435.0,50.0,0,0,0,0,4109.322334,0.0,0.0,310,110,6,0,0,1245001108,True,,10109.322334,0.0,area
12,9978.433499,9721.924741,4750.819897,256.50875799999994,0.025706315327521725,5227.613602,12,6,True,False,False,8,8,127,121,12,12,7136.433499000001,2340.0,439.0,63.0,209.50875799999994,40.0,7.0,0.0,3978.4334990000007,256.50875799999994,0.0,248,93,6,1,0,1245001109,True,,9978.433499,0.0,edge
14,8436.999253,1612.349216,401.0,6824.650036999999,0.8088954179500861,8035.999253,14,14,True,True,False,162,162,54,54,14,14,7046.999253,1125.0,195.0,70.0,5879.650037,810.0,135.0,0.0,2436.999253,2436.999253,0.0,186,54,0,0,0,1245001110,True,,8436.999253,0.0,cluster
15,9793.09718,9508.980422,8408.547431,284.1167580000001,0.029011941041516356,1384.5497489999998,9,6,False,False,False,10,10,117,101,15,15,7038.097180000001,2250.0,418.0,87.0,226.11675800000012,50.0,8.0,0.0,3793.0971800000007,284.1167580000001,0.0,155,65,9,0,6,1245001111,True,,9793.09718,0.0,outward
13,9874.049327,7394.724367,2108.405308,2479.324960000001,0.2510950551179073,7765.644019000001,13,11,True,False,False,70,70,102,101,13,13,7946.049327000001,1570.0,284.0,74.0,2068.324960000001,350.0,61.0,0.0,3874.0493270000006,2479.324960000001,0.0,217,98,2,2,0,1245001112,True,,9874.049327,0.0,area
16,12537.097147,12537.097147,7046.229376,0.0,0.0,5490.867771,14,5,False,False,False,0,0,98,90,16,16,9651.097147,2185.0,402.0,299.0,0,0,0,0,6537.097147,0.0,0.0,96,16,11,73,2,1245001113,True,,12537.097147,0.0,edge
15,9294.791221,5870.132346,4980.040795,3424.658874999999,0.36844925222877145,4314.750426,15,15,True,True,False,65,65,65,65,15,15,7432.7912209999995,1505.0,270.0,87.0,3047.658874999999,325.0,52.0,0.0,3294.7912209999995,3294.7912209999995,0.0,155,65,0,0,0,1245001114,True,,9294.791221,0.0,cluster
11,9283.1027,6860.176716,5966.694829,2422.9259839999995,0.2610038973284223,3316.4078709999994,11,7,True,False,False,72,72,92,91,11,11,6791.1026999999995,2055.0,382.0,55.0,1998.9259839999995,360.0,64.0,0.0,3283.1026999999995,2422.9259839999995,0.0,279,91,4,0,0,1245001115,True,,9283.1027,0.0,outward
14,9481.781958,8957.998978,1956.100063,523.78298,0.05524098553627592,7525.681895,14,11,True,False,False,18,18,106,103,14,14,7261.781958,1810.0,331.0,79.0,418.78297999999995,90.0,15.0,0.0,3481.7819579999996,523.78298,0.0,186,78,3,2,0,1245001116,True,,9481.781958,0.0,area
13,10162.319796,9469.369687,4082.041555,692.9501089999994,0.0681881817252742,6080.278241,13,10,True,False,False,21,21,90,89,13,13,7590.319796,2015.0,372.0,185.0,569.9501089999994,105.0,18.0,0.0,4162.319796,692.9501089999994,0.0,217,84,3,38,0,1245001117,True,,10162.319796,0.0,edge
16,3605.062519,3605.062519,658.063692,0.0,0.0,2946.9988270000003,16,16,True,True,False,0,0,0,0,16,16,2520.062519,330.0,57.0,698.0,0,0,0,0,0.0,0.0,0.0,9,0,0,0,0,1245001118,True,,3605.062519,0.0,cluster
12,13883.588286,13883.588286,9453.555382,0.0,0.0,4430.032904,10,3,False,False,False,0,0,153,146,12,12,9754.588286,2580.0,481.0,1068.0,0,0,0,0,7883.588286,0.0,0.0,248,88,9,336,2,1245001119,True,,13883.588286,0.0,outward
12,9099.598885,9099.598885,726.0,0.0,0.0,8373.598885,12,9,True,False,False,0,0,105,101,12,12,6841.598884999999,1850.0,342.0,66.0,0,0,0,0,3099.5988849999994,0.0,0.0,248,88,3,2,0,1245001120,True,,9099.598885,0.0,area
15,9719.891101,8521.655342,4544.082775,1198.2357589999992,0.1232766649902819,5175.808325999999,15,12,True,False,False,20,20,80,78,15,15,7407.891100999999,1870.0,343.0,99.0,1082.2357589999992,100.0,16.0,0.0,3719.8911009999993,1198.2357589999992,0.0,155,60,3,6,0,1245001121,True,,9719.891101,0.0,edge
15,12312.100274,12312.100274,6696.385642,0.0,0.0,5615.714632,14,7,False,False,False,0,0,119,117,15,15,9229.100274,2010.0,365.0,708.0,0,0,0,0,6312.100274,0.0,0.0,155,55,8,211,1,1245001122,True,,12312.100274,0.0,cluster
15,9222.241539,6661.023787,4384.595875,2561.2177520000005,0.27772182512991545,4837.645664000001,15,14,True,False,False,45,45,57,56,15,15,7010.241539000001,1805.0,332.0,75.0,2299.2177520000005,225.0,37.0,0.0,3222.2415390000006,2561.2177520000005,0.0,155,55,1,0,0,1245001123,True,,9222.241539,0.0,outward
14,9983.531895,9983.531895,7078.235706,0.0,0.0,2905.2961889999997,13,11,False,False,False,0,0,98,94,14,14,7861.531895,1730.0,316.0,76.0,0,0,0,0,3983.531895,0.0,0.0,186,78,3,0,1,1245001124,True,,9983.531895,0.0,area
10,11826.153782,11826.153782,8365.941194,0.0,0.0,3460.2125879999985,9,5,False,False,False,0,0,162,158,10,10,8448.153782,2585.0,482.0,311.0,0,0,0,0,5826.153781999999,0.0,0.0,310,120,5,87,1,1245001125,True,,11826.153782,0.0,edge
14,8826.849877,4506.572753,1423.706034,4320.277124,0.4894472189061792,7403.143843000001,14,14,True,True,False,102,102,72,72,14,14,7287.849877000001,1245.0,218.0,76.0,3725.277124,510.0,85.0,0.0,2826.8498770000006,2826.8498770000006,0.0,186,72,0,0,0,1245001126,True,,8826.849877,0.0,cluster
12,10030.893332,8455.676133,5761.152377,1575.2171989999988,0.15703658157492595,4269.740954999999,12,9,True,False,False,40,40,109,105,12,12,7360.893332,2200.0,410.0,60.0,1340.2171989999988,200.0,35.0,0.0,4030.8933319999996,1575.2171989999988,0.0,248,93,3,0,0,1245001127,True,,10030.893332,0.0,outward
10,11609.765438,11609.765438,7079.435617,0.0,0.0,4530.329821,8,3,False,False,False,0,0,150,144,10,10,8166.765438,2455.0,458.0,530.0,0,0,0,0,5609.765438,0.0,0.0,310,120,7,160,2,1245001128,True,,11609.765438,0.0,area
15,9004.347166,5389.787913,1709.0,3614.5592529999994,0.40142379967849406,7295.347166,15,15,True,True,False,65,65,50,50,15,15,6824.347166,1775.0,324.0,81.0,3237.5592529999994,325.0,52.0,0.0,3004.3471659999996,3004.3471659999996,0.0,155,50,0,0,0,1245001129,True,,9004.347166,0.0,edge
14,8627.443655,2629.262363,1055.0,5998.181291999999,0.6952443309813768,7572.443654999999,14,14,True,True,False,150,150,66,66,14,14,7049.443654999999,1260.0,221.0,97.0,5122.181291999999,750.0,126.0,0.0,2627.443654999999,2627.443654999999,0.0,186,66,0,0,0,1245001130,True,,8627.443655,0.0,cluster
12,11216.660859,11216.660859,8679.203242,0.0,0.0,2537.457617,11,6,False,False,False,0,0,147,139,12,12,7880.660859,2400.0,447.0,489.0,0,0,0,0,5216.660859,0.0,0.0,248,96,6,143,1,1245001131,True,,11216.660859,0.0,outward
10,9507.22305,8564.771011,8088.922073,942.4520389999998,0.09913010708210951,1418.3009770000008,9,9,False,False,False,40,40,139,137,10,10,7073.2230500000005,2010.0,371.0,53.0,706.4520389999998,200.0,36.0,0.0,3507.2230500000005,942.4520389999998,0.0,310,130,1,1,1,1245001132,True,,9507.22305,0.0,area
10,9528.51471,7050.501181,1625.0,2478.013529,0.26006293786788937,7903.5147099999995,10,9,True,False,False,80,80,124,124,10,10,6832.5147099999995,2225.0,415.0,56.0,2005.0135289999998,400.0,73.0,0.0,3528.5147099999995,2478.013529,0.0,310,120,1,1,0,1245001133,True,,9528.51471,0.0,edge
12,9426.92783,9426.92783,437.0,0.0,0.0,8989.92783,12,11,True,False,False,0,0,93,93,12,12,7170.9278300000005,1675.0,302.0,279.0,0,0,0,0,3426.9278300000005,0.0,0.0,248,80,1,72,0,1245001134,True,,9426.92783,0.0,cluster
13,10856.332621,10856.332621,7061.96253,0.0,0.0,3794.370091,9,7,False,False,False,0,0,132,121,13,13,8090.332621,2255.0,419.0,92.0,0,0,0,0,4856.332621,0.0,0.0,217,91,6,6,4,1245001135,True,,10856.332621,0.0,outward
15,12212.119361,12212.119361,3457.917496,0.0,0.0,8754.201864999999,15,11,True,False,False,0,0,97,95,15,15,9695.119361,1740.0,315.0,462.0,0,0,0,0,6212.119360999999,0.0,0.0,155,70,4,128,0,1245001136,True,,12212.119361,0.0,area
15,12022.987181,12022.987181,4975.763725,0.0,0.0,7047.223456000001,15,8,True,False,False,0,0,101,99,15,15,9013.987181,2205.0,408.0,396.0,0,0,0,0,6022.987181,0.0,0.0,155,55,7,103,0,1245001137,True,,12022.987181,0.0,edge
16,2096.169911,2096.169911,1819.635399,0.0,0.0,276.53451199999995,16,16,True,True,False,0,0,0,0,16,16,1634.169911,320.0,59.0,83.0,0,0,0,0,0.0,0.0,0.0,16,0,0,0,0,1245001138,True,,2096.169911,0.0,cluster
11,9611.461713,9611.461713,5714.768346,0.0,0.0,3896.6933670000008,11,7,True,False,False,0,0,129,122,11,11,6743.461713000001,2370.0,443.0,55.0,0,0,0,0,3611.4617130000006,0.0,0.0,279,104,4,0,0,1245001139,True,,9611.461713,0.0,outward
10,10604.288565,10604.288565,8514.160034,0.0,0.0,2090.1285310000003,8,7,False,False,False,0,0,202,197,10,10,7663.288565000001,2270.0,423.0,248.0,0,0,0,0,4604.288565000001,0.0,0.0,310,160,3,1,2,1245001140,True,,10604.288565,0.0,area
16,5992.599982,5992.599982,4703.276669,0.0,0.0,1289.3233129999999,16,16,True,True,True,0,0,0,0,16,16,4199.599982,1340.0,250.0,203.0,0,0,0,0,0.0,0.0,0.0,63,0,0,0,0,1245001141,True,,5992.599982,0.0,edge
16,2369.070188,2369.070188,1636.085209,0.0,0.0,732.9849790000001,16,16,True,True,False,0,0,0,0,16,16,1704.0701880000001,470.0,88.0,107.0,0,0,0,0,0.0,0.0,0.0,20,0,0,0,0,1245001142,True,,2369.070188,0.0,cluster
11,10225.998827,10225.998827,5579.186571,0.0,0.0,4646.812255999999,11,7,True,False,False,0,0,123,122,11,11,7340.998826999999,2305.0,429.0,151.0,0,0,0,0,4225.998826999999,0.0,0.0,279,99,4,32,0,1245001143,True,,10225.998827,0.0,outward
16,7071.886798,7071.886798,6273.795778,0.0,0.0,798.0910200000008,15,12,False,False,False,0,0,9,6,16,16,5336.886798,1380.0,257.0,98.0,0,0,0,0,1071.8867980000005,0.0,0.0,76,4,4,5,1,1245001144,True,,7071.886798,0.0,area
14,9897.6436,9897.6436,9114.458572,0.0,0.0,783.1850279999999,13,9,False,False,False,0,0,125,117,14,14,7304.643599999999,2125.0,395.0,73.0,0,0,0,0,3897.6435999999994,0.0,0.0,186,78,5,1,1,1245001145,True,,9897.6436,0.0,edge
10,9157.347411,3007.664649,743.0,6149.682762,0.6715572191367197,8414.347411,10,10,True,True,False,230,230,120,120,10,10,7013.347411000001,1770.0,324.0,50.0,4792.682762,1150.0,207.0,0.0,3157.3474110000006,3157.3474110000006,0.0,310,120,0,0,0,1245001146,True,,9157.347411,0.0,cluster
10,9441.266798,8994.996005,8304.620794,446.2707929999997,0.04726810528164884,1136.6460040000002,9,8,False,False,False,10,10,111,107,10,10,6877.266798000001,2120.0,394.0,50.0,386.2707929999997,50.0,10.0,0.0,3441.2667980000006,446.2707929999997,0.0,310,100,2,0,1,1245001147,True,,9441.266798,0.0,outward
11,9947.333686,9195.838907,4834.917766,751.4947790000006,0.07554735798776546,5112.41592,11,7,True,False,False,18,18,116,112,11,11,7395.333686,2105.0,392.0,55.0,645.4947790000006,90.0,16.0,0.0,3947.333686,751.4947790000006,0.0,279,108,4,0,0,1245001148,True,,9947.333686,0.0,area
10,9443.365846,7072.208269,6264.651387,2371.157577000001,0.2510924193416027,3178.7144590000007,9,6,False,False,False,80,80,122,116,10,10,6655.365846000001,2300.0,429.0,59.0,1899.1575770000009,400.0,72.0,0.0,3443.3658460000006,2371.157577000001,0.0,310,112,4,1,1,1245001149,True,,9443.365846,0.0,edge
15,7676.192544,1559.096768,119.0,6117.095776,0.7968919149613243,7557.192544,15,15,True,True,False,135,135,40,40,15,15,6450.192544,985.0,166.0,75.0,5334.095776,675.0,108.0,0.0,1676.1925440000005,1676.1925440000005,0.0,155,40,0,0,0,1245001150,True,,7676.192544,0.0,cluster
13,9917.7538,9917.7538,8696.803249,0.0,0.0,1220.950551,11,8,False,False,False,0,0,135,128,13,13,7171.7538,2260.0,421.0,65.0,0,0,0,0,3917.7538000000004,0.0,0.0,217,84,5,0,2,1245001151,True,,9917.7538,0.0,outward
15,9522.456005,5536.62134,1319.0,3985.8346650000003,0.4185721270759497,8203.456005,15,15,True,True,False,75,75,70,70,15,15,7730.456005,1455.0,262.0,75.0,3549.8346650000003,375.0,61.0,0.0,3522.456005,3522.456005,0.0,155,70,0,0,0,1245001152,True,,9522.456005,0.0,area
12,9443.956785,8852.378059,1637.0,591.5787259999997,0.06264098189644561,7806.956785,12,11,True,False,False,24,24,96,95,12,12,6936.956785,2060.0,381.0,66.0,450.57872599999973,120.0,21.0,0.0,3443.9567850000003,591.5787259999997,0.0,248,88,1,0,0,1245001153,True,,9443.956785,0.0,edge
10,9007.868838,1866.234508,707.0,7141.634330000001,0.7928217493435045,8300.868838,10,10,True,True,False,260,260,105,105,10,10,6881.868838,1750.0,320.0,56.0,5606.634330000001,1300.0,235.0,0.0,3007.8688380000003,3007.8688380000003,0.0,310,105,0,0,0,1245001154,True,,9007.868838,0.0,cluster
13,12402.725105,12402.725105,7247.953784,0.0,0.0,5154.771320999999,11,3,False,False,False,0,0,163,154,13,13,8903.725105,2545.0,475.0,479.0,0,0,0,0,6402.7251049999995,0.0,0.0,217,84,10,138,2,1245001155,True,,12402.725105,0.0,outward
14,8835.612108,4345.125636,3514.720897,4490.486472,0.5082258497896477,5320.891210999999,14,14,True,True,False,108,108,66,66,14,14,7046.612107999999,1445.0,259.0,85.0,3860.4864719999996,540.0,90.0,0.0,2835.6121079999994,2835.6121079999994,0.0,186,66,0,0,0,1245001156,True,,8835.612108,0.0,area
14,9270.444757,6427.926425,1955.0,2842.5183319999996,0.30662157064833906,7315.444756999999,14,13,True,False,False,60,60,67,66,14,14,7080.444756999999,1785.0,329.0,76.0,2491.5183319999996,300.0,51.0,0.0,3270.4447569999993,2842.5183319999996,0.0,186,66,1,0,0,1245001157,True,,9270.444757,0.0,edge
16,2886.497025,2886.497025,959.0,0.0,0.0,1927.4970250000001,16,16,True,True,False,0,0,0,0,16,16,2002.4970250000001,385.0,65.0,434.0,0,0,0,0,0.0,0.0,0.0,12,0,0,0,0,1245001158,True,,2886.497025,0.0,cluster
12,10549.295054,9622.279208,9152.532966,927.0158460000002,0.08787467231267757,1396.7620879999995,10,6,False,False,False,16,16,163,153,12,12,7730.295054,2325.0,434.0,60.0,833.0158460000002,80.0,14.0,0.0,4549.295054,927.0158460000002,0.0,248,112,6,0,2,1245001159,True,,10549.295054,0.0,outward
15,9564.361107,9564.361107,3210.64372,0.0,0.0,6353.717387000001,15,11,True,False,False,0,0,52,51,15,15,7781.361107000001,1445.0,260.0,78.0,0,0,0,0,3564.3611070000006,0.0,0.0,155,50,4,0,0,1245001160,True,,9564.361107,0.0,area
14,12109.542764,12109.542764,8077.635844,0.0,0.0,4031.9069199999994,12,5,False,False,False,0,0,151,141,14,14,9177.542764,2385.0,444.0,103.0,0,0,0,0,6109.542764,0.0,0.0,186,72,9,10,2,1245001161,True,,12109.542764,0.0,edge
15,8321.279321,2420.437151,731.0,5900.84217,0.7091267991819884,7590.279321,15,15,True,True,False,125,125,50,50,15,15,7002.279321,1060.0,181.0,78.0,5175.84217,625.0,100.0,0.0,2321.279321,2321.279321,0.0,155,50,0,0,0,1245001162,True,,8321.279321,0.0,cluster
15,11249.831244,11249.831244,8236.87079,0.0,0.0,3012.960454,10,6,False,False,False,0,0,141,123,15,15,8131.831244000001,2400.0,448.0,270.0,0,0,0,0,5249.831244000001,0.0,0.0,155,61,9,65,5,1245001163,True,,11249.831244,0.0,outward
13,12371.632025,12371.632025,4471.40082,0.0,0.0,7900.231205000001,13,5,True,False,False,0,0,147,147,13,13,9004.632025,2370.0,440.0,557.0,0,0,0,0,6371.632025000001,0.0,0.0,217,84,8,160,0,1245001164,True,,12371.632025,0.0,area
11,10149.478153,7748.878337,6640.240515,2400.599816,0.23652445769248012,3509.2376379999996,10,7,False,False,False,54,54,123,119,11,11,7413.478153,2245.0,418.0,73.0,2082.599816,270.0,48.0,0.0,4149.478153,2400.599816,0.0,279,108,4,6,1,1245001165,True,,10149.478153,0.0,edge
10,9051.546592,2689.638757,749.0,6361.907835,0.7028531279530533,8302.546592,10,10,True,True,False,240,240,120,120,10,10,6917.546592000001,1760.0,321.0,53.0,4945.907835000001,1200.0,216.0,0.0,3051.5465920000006,3051.5465920000006,0.0,310,120,0,0,0,1245001166,True,,9051.546592,0.0,cluster
14,12120.586891,12120.586891,9145.144943,0.0,0.0,2975.4419480000015,12,5,False,False,False,0,0,131,124,14,14,8977.586891,2320.0,432.0,391.0,0,0,0,0,6120.586891000001,0.0,0.0,186,66,9,107,2,1245001167,True,,12120.586891,0.0,outward
13,9839.013185,9157.650187,4522.809425,681.3629980000005,0.06925115204020336,5316.203759999999,13,11,True,False,False,14,14,88,86,13,13,7644.013185,1785.0,327.0,83.0,599.3629980000005,70.0,12.0,0.0,3839.013185,681.3629980000005,0.0,217,84,2,0,0,1245001168,True,,9839.013185,0.0,area
10,9608.938617,9608.938617,4203.072955,0.0,0.0,5405.865662,10,6,True,False,False,0,0,123,122,10,10,6817.938617,2310.0,431.0,50.0,0,0,0,0,3608.938617,0.0,0.0,310,110,4,0,0,1245001169,True,,9608.938617,0.0,edge
14,11572.572801,11572.572801,719.0,0.0,0.0,10853.572801,14,7,True,False,False,0,0,115,114,14,14,8693.572801,1945.0,354.0,580.0,0,0,0,0,5572.572801,0.0,0.0,186,62,7,169,0,1245001170,True,,11572.572801,0.0,cluster
15,9498.081999,8057.909176,6114.735788,1440.1728229999999,0.15162775212423177,3383.346211,14,12,False,False,False,25,25,65,61,15,15,7156.081999,1915.0,352.0,75.0,1295.1728229999999,125.0,20.0,0.0,3498.081999,1440.1728229999999,0.0,155,55,3,0,1,1245001171,True,,9498.081999,0.0,outward
15,11577.546329,11577.546329,8909.452301,0.0,0.0,2668.0940280000013,13,7,False,False,False,0,0,91,84,15,15,8807.546329,1805.0,329.0,636.0,0,0,0,0,5577.546329000001,0.0,0.0,155,63,8,187,2,1245001172,True,,11577.546329,0.0,area
11,12854.834122,12854.834122,8191.549837,0.0,0.0,4663.284285000001,8,4,False,False,False,0,0,163,154,11,11,9144.834122,2625.0,493.0,592.0,0,0,0,0,6854.834122,0.0,0.0,279,100,7,175,3,1245001173,True,,12854.834122,0.0,edge
12,8779.28474,6627.614949,119.0,2151.6697909999993,0.2450848622321822,8660.28474,12,11,True,False,False,72,72,90,89,12,12,6904.284739999999,1535.0,277.0,63.0,1728.6697909999993,360.0,63.0,0.0,2779.284739999999,2151.6697909999993,0.0,248,88,1,1,0,1245001174,True,,8779.28474,0.0,cluster
15,10751.990644,10751.990644,4411.639405,0.0,0.0,6340.351239,15,7,True,False,False,0,0,88,84,15,15,8042.9906439999995,2065.0,380.0,264.0,0,0,0,0,4751.9906439999995,0.0,0.0,155,55,8,62,0,1245001175,True,,10751.990644,0.0,outward
10,10160.395457,10160.395457,3807.945124,0.0,0.0,6352.450333000001,10,8,True,False,False,0,0,135,135,10,10,7512.3954570000005,2045.0,376.0,227.0,0,0,0,0,4160.3954570000005,0.0,0.0,310,120,2,58,0,1245001176,True,,10160.395457,0.0,area
16,6217.551857,6217.551857,1991.0,0.0,0.0,4226.551857,16,15,True,False,False,0,0,0,0,16,16,4969.551857,950.0,179.0,119.0,0,0,0,0,217.55185700000038,0.0,0.0,27,0,1,0,0,1245001177,True,,6217.551857,0.0,edge
12,8528.365292,2234.831301,1243.180211,6293.533991,0.7379531452415183,7285.1850810000005,12,12,True,True,False,200,200,80,80,12,12,6768.365292,1440.0,257.0,63.0,5118.533991,1000.0,175.0,0.0,2528.3652920000004,2528.3652920000004,0.0,248,80,0,0,0,1245001178,True,,8528.365292,0.0,cluster
10,13015.300525,13015.300525,8993.071932,0.0,0.0,4022.228593,7,3,False,False,False,0,0,173,167,10,10,9043.300525,2690.0,503.0,779.0,0,0,0,0,7015.300525000001,0.0,0.0,310,120,7,243,3,1245001179,True,,13015.300525,0.0,outward
16,8206.386539,8206.386539,3253.649903,0.0,0.0,4952.736636,16,14,True,False,False,0,0,0,0,16,16,6233.386538999999,830.0,148.0,995.0,0,0,0,0,2206.386538999999,0.0,0.0,41,0,2,205,0,1245001180,True,,8206.386539,0.0,area
15,9979.124119,6697.130679,4534.000295,3281.99344,0.3288859223377298,5445.123824,15,10,True,False,False,45,45,62,60,15,15,7665.124119,1880.0,347.0,87.0,3019.99344,225.0,37.0,0.0,3979.124119,3281.99344,0.0,155,55,5,2,0,1245001181,True,,9979.124119,0.0,edge
12,10241.628038,10241.628038,1833.774053,0.0,0.0,8407.853985000002,12,10,True,False,False,0,0,105,104,12,12,7899.628038000001,1700.0,309.0,333.0,0,0,0,0,4241.628038000001,0.0,0.0,248,88,2,88,0,1245001182,True,,10241.628038,0.0,cluster
12,9617.747898,9019.711602,4670.13215,598.0362960000002,0.062180491976126885,4947.615747999999,12,8,True,False,False,16,16,104,100,12,12,6986.747898,2165.0,403.0,63.0,504.0362960000002,80.0,14.0,0.0,3617.7478979999996,598.0362960000002,0.0,248,88,4,0,0,1245001183,True,,9617.747898,0.0,outward
12,11365.898726,11365.898726,5835.803021,0.0,0.0,5530.095705,12,6,True,False,False,0,0,126,122,12,12,8314.898726,2190.0,405.0,456.0,0,0,0,0,5365.898725999999,0.0,0.0,248,88,6,132,0,1245001184,True,,11365.898726,0.0,area
11,9152.286996,7986.308156,1613.0,1165.9788400000007,0.12739753905330883,7539.286996000001,11,9,True,False,False,36,36,99,99,11,11,6578.286996000001,2120.0,393.0,61.0,953.9788400000007,180.0,32.0,0.0,3152.2869960000007,1165.9788400000007,0.0,279,92,2,2,0,1245001185,True,,9152.286996,0.0,edge
15,8357.469173,2744.966546,2152.994863,5612.502627,0.6715552891456654,6204.47431,15,15,True,True,False,120,120,50,50,15,15,6931.4691729999995,1140.0,199.0,87.0,4916.502627,600.0,96.0,0.0,2357.4691729999995,2357.4691729999995,0.0,155,50,0,0,0,1245001186,True,,8357.469173,0.0,cluster
13,9578.542807,7251.213812,5570.425627,2327.328995,0.2429731788951434,4008.11718,13,11,True,False,False,56,56,80,79,13,13,7078.542807,2055.0,380.0,65.0,1999.3289949999998,280.0,48.0,0.0,3578.542807,2327.328995,0.0,217,77,2,0,0,1245001187,True,,9578.542807,0.0,outward
13,10682.24574,10682.24574,7874.111359,0.0,0.0,2808.134381,11,6,False,False,False,0,0,133,125,13,13,8100.24574,2120.0,394.0,68.0,0,0,0,0,4682.24574,0.0,0.0,217,84,7,1,2,1245001188,True,,10682.24574,0.0,area
10,9600.362384,7652.985798,5659.234067,1947.3765860000003,0.20284407068273855,3941.1283169999997,10,5,True,False,False,70,70,118,114,10,10,6777.362384,2325.0,436.0,62.0,1534.3765860000003,350.0,63.0,0.0,3600.362384,1947.3765860000003,0.0,310,112,5,2,0,1245001189,True,,9600.362384,0.0,edge
14,8338.504551,1701.604746,401.0,6636.899805,0.7959340628055502,7937.504551,14,14,True,True,False,162,162,54,54,14,14,6922.504551,1145.0,198.0,73.0,5691.899805,810.0,135.0,0.0,2338.504551,2338.504551,0.0,186,54,0,0,0,1245001190,True,,8338.504551,0.0,cluster
13,11816.472719,11816.472719,8743.851679,0.0,0.0,3072.62104,8,3,False,False,False,0,0,187,176,13,13,8299.472719,2760.0,518.0,239.0,0,0,0,0,5816.472718999999,0.0,0.0,217,84,10,58,5,1245001191,True,,11816.472719,0.0,outward
13,9706.121916,9706.121916,1604.710758,0.0,0.0,8101.411158,13,10,True,False,False,0,0,100,96,13,13,7442.121916,1855.0,341.0,68.0,0,0,0,0,3706.121916,0.0,0.0,217,77,3,0,0,1245001192,True,,9706.121916,0.0,area
13,9574.720375,7205.304553,1667.0,2369.415822000001,0.24746579839413854,7907.720375000001,13,10,True,False,False,56,56,83,82,13,13,7088.720375000001,2035.0,377.0,74.0,2041.4158220000008,280.0,48.0,0.0,3574.720375000001,2369.415822000001,0.0,217,82,3,2,0,1245001193,True,,9574.720375,0.0,edge
14,12149.764853,12149.764853,725.0,0.0,0.0,11424.764853,14,9,True,False,False,0,0,130,129,14,14,9233.764853,1915.0,343.0,658.0,0,0,0,0,6149.764853000001,0.0,0.0,186,72,5,196,0,1245001194,True,,12149.764853,0.0,cluster
10,9968.120648,9968.120648,8687.891281,0.0,0.0,1280.229367,6,3,False,False,False,0,0,180,166,10,10,6798.120648,2625.0,495.0,50.0,0,0,0,0,3968.120648,0.0,0.0,310,119,7,0,4,1245001195,True,,9968.120648,0.0,outward
11,9551.981582,8852.636021,1945.260046,699.3455610000001,0.07321470995273534,7606.721536,11,10,True,False,False,18,18,108,108,11,11,7337.981582,1825.0,334.0,55.0,593.3455610000001,90.0,16.0,0.0,3551.9815820000003,699.3455610000001,0.0,279,99,1,0,0,1245001196,True,,9551.981582,0.0,area
16,9932.791025,9932.791025,6401.423038,0.0,0.0,3531.3679870000005,15,8,False,False,False,0,0,30,24,16,16,7225.791025,1815.0,335.0,557.0,0,0,0,0,3932.7910250000004,0.0,0.0,80,4,8,157,1,1245001197,True,,9932.791025,0.0,edge
15,8601.919064,5167.574605,1361.686817,3434.344459,0.3992532867895861,7240.232247,15,15,True,True,False,70,70,55,55,15,15,7092.919064,1200.0,210.0,99.0,3028.344459,350.0,56.0,0.0,2601.9190639999997,2601.9190639999997,0.0,155,55,0,0,0,1245001198,True,,8601.919064,0.0,cluster
11,10044.783797,9763.091865,8710.858036,281.6919319999997,0.028043603296283044,1333.9257610000004,4,2,False,False,False,9,9,173,158,11,11,6761.783797,2710.0,512.0,61.0,227.69193199999972,45.0,9.0,0.0,4044.783797,281.6919319999997,0.0,279,108,9,2,7,1245001199,True,,10044.783797,0.0,outward
15,13997.828255,13997.828255,4098.844699,0.0,0.0,9898.983556,15,5,True,False,False,0,0,102,100,15,15,10765.828255,2010.0,367.0,855.0,0,0,0,0,7997.828255,0.0,0.0,155,55,10,260,0,1245001200,True,,13997.828255,0.0,area
15,9382.93447,8881.638586,8539.85496,501.295884000001,0.0534263439228731,843.0795099999996,12,5,False,False,False,10,10,112,99,15,15,6572.93447,2300.0,429.0,81.0,443.295884000001,50.0,8.0,0.0,3382.93447,501.295884000001,0.0,155,60,10,2,3,1245001201,True,,9382.93447,0.0,edge
14,8886.332355,8886.332355,1413.964495,0.0,0.0,7472.36786,14,13,True,False,False,0,0,78,77,14,14,7160.3323550000005,1405.0,251.0,70.0,0,0,0,0,2886.3323550000005,0.0,0.0,186,66,1,0,0,1245001202,True,,8886.332355,0.0,cluster
11,12548.229307,12548.229307,9200.704872,0.0,0.0,3347.5244349999994,6,2,False,False,False,0,0,204,191,11,11,8754.229307,2805.0,526.0,463.0,0,0,0,0,6548.229307,0.0,0.0,279,117,9,136,5,1245001203,True,,12548.229307,0.0,outward
11,10759.611218,10432.393109,7691.789647,327.21810899999946,0.030411703766079278,3067.8215710000004,10,7,False,False,False,9,9,163,154,11,11,7921.611218,2345.0,438.0,55.0,274.21810899999946,45.0,8.0,0.0,4759.611218,327.21810899999946,0.0,279,126,4,0,1,1245001204,True,,10759.611218,0.0,area
10,9539.97778,7941.400705,5744.182162,1598.5770749999992,0.16756612141710872,3795.795617999999,10,9,True,False,False,50,50,118,117,10,10,6798.977779999999,2265.0,423.0,53.0,1303.5770749999992,250.0,45.0,0.0,3539.9777799999993,1598.5770749999992,0.0,310,112,1,0,0,1245001205,True,,9539.97778,0.0,edge
16,2288.442534,2288.442534,720.0,0.0,0.0,1568.4425339999998,16,16,True,True,False,0,0,0,0,16,16,1735.4425339999998,395.0,75.0,83.0,0,0,0,0,0.0,0.0,0.0,12,0,0,0,0,1245001206,True,,2288.442534,0.0,cluster
11,10322.314796,10322.314796,8410.16591,0.0,0.0,1912.1488860000009,7,5,False,False,False,0,0,154,142,11,11,7348.314796000001,2450.0,460.0,64.0,0,0,0,0,4322.314796000001,0.0,0.0,279,108,6,3,4,1245001207,True,,10322.314796,0.0,outward
12,10581.8752,10581.8752,7280.916548,0.0,0.0,3300.9586520000003,9,6,False,False,False,0,0,134,128,12,12,8020.8752,2110.0,391.0,60.0,0,0,0,0,4581.8752,0.0,0.0,248,96,6,0,3,1245001208,True,,10581.8752,0.0,area
12,9463.157023,7309.6967,3884.653648,2153.4603229999993,0.2275625689995485,5578.503375,12,11,True,False,False,56,56,92,91,12,12,7017.157023,2005.0,372.0,69.0,1824.4603229999993,280.0,49.0,0.0,3463.1570229999998,2153.4603229999993,0.0,248,88,1,2,0,1245001209,True,,9463.157023,0.0,edge
12,8469.092967,1971.746644,1297.310812,6497.346323000001,0.7671832566152064,7171.782155000001,12,12,True,True,False,208,208,80,80,12,12,6693.0929670000005,1455.0,261.0,60.0,5275.346323000001,1040.0,182.0,0.0,2469.0929670000005,2469.0929670000005,0.0,248,80,0,0,0,1245001210,True,,8469.092967,0.0,cluster
16,10688.13475,10688.13475,9618.799868,0.0,0.0,1069.3348819999992,9,4,False,False,False,0,0,120,100,16,16,7966.134749999999,2225.0,417.0,80.0,0,0,0,0,4688.134749999999,0.0,0.0,115,44,12,0,7,1245001211,True,,10688.13475,0.0,outward
10,9679.906888,6720.235399,1997.0,2959.6714889999994,0.3057541279316487,7682.9068879999995,10,9,True,False,False,100,100,122,122,10,10,7211.9068879999995,2040.0,378.0,50.0,2369.6714889999994,500.0,90.0,0.0,3679.9068879999995,2959.6714889999994,0.0,310,120,1,0,0,1245001212,True,,9679.906888,0.0,area
11,9709.335009,9211.335874,2021.0,497.999135,0.05129075621949219,7688.335009,11,5,True,False,False,18,18,120,115,11,11,7004.335009,2220.0,415.0,70.0,391.999135,90.0,16.0,0.0,3709.3350090000004,497.999135,0.0,279,108,6,3,0,1245001213,True,,9709.335009,0.0,edge
13,8670.064682,8670.064682,953.0,0.0,0.0,7717.064682,13,11,True,False,False,0,0,72,72,13,13,6874.064682,1465.0,263.0,68.0,0,0,0,0,2670.064682,0.0,0.0,217,63,2,1,0,1245001214,True,,8670.064682,0.0,cluster
15,12735.89055,12735.89055,8690.377958,0.0,0.0,4045.512592000001,11,4,False,False,False,0,0,161,146,15,15,8975.89055,2640.0,496.0,624.0,0,0,0,0,6735.89055,0.0,0.0,155,60,11,183,4,1245001215,True,,12735.89055,0.0,outward
14,9502.719203,7633.689887,1553.0,1869.029316,0.19668363087167187,7949.719203000001,14,9,True,False,False,36,36,71,71,14,14,7675.719203000001,1485.0,266.0,76.0,1659.029316,180.0,30.0,0.0,3502.7192030000006,1869.029316,0.0,186,66,5,0,0,1245001216,True,,9502.719203,0.0,area
10,9560.542176,9045.492867,8370.656707,515.049309,0.05387239546863121,1189.8854690000007,8,5,False,False,False,20,20,130,122,10,10,6603.542176000001,2445.0,459.0,53.0,397.049309,100.0,18.0,0.0,3560.542176000001,515.049309,0.0,310,110,5,1,2,1245001217,True,,9560.542176,0.0,edge
12,9555.344208,9555.344208,1379.0,0.0,0.0,8176.344208,12,11,True,False,False,0,0,102,102,12,12,7300.344208,1710.0,311.0,234.0,0,0,0,0,3555.3442080000004,0.0,0.0,248,88,1,58,0,1245001218,True,,9555.344208,0.0,cluster
16,8738.333067,8738.333067,7649.094351,0.0,0.0,1089.2387159999998,13,8,False,False,False,0,0,57,45,16,16,6611.333067,1720.0,321.0,86.0,0,0,0,0,2738.3330669999996,0.0,0.0,88,20,8,1,3,1245001219,True,,8738.333067,0.0,outward
14,10219.830451,7874.661665,2921.982986,2345.168786,0.22947237698748005,7297.847465,14,11,True,False,False,42,42,90,89,14,14,8086.830451,1740.0,317.0,76.0,2100.168786,210.0,35.0,0.0,4219.830451,2345.168786,0.0,186,74,3,1,0,1245001220,True,,10219.830451,0.0,area
10,11416.859,11416.859,6363.801794,0.0,0.0,5053.057206,9,5,False,False,False,0,0,183,177,10,10,8036.859,2555.0,478.0,347.0,0,0,0,0,5416.859,0.0,0.0,310,135,5,99,1,1245001221,True,,11416.859,0.0,edge
13,8163.868289,6264.558842,1330.678708,1899.3094469999996,0.23264822260289647,6833.1895810000005,13,10,True,False,False,56,56,58,58,13,13,6489.868289,1365.0,244.0,65.0,1571.3094469999996,280.0,48.0,0.0,2163.868289,1899.3094469999996,0.0,217,58,3,0,0,1245001222,True,,8163.868289,0.0,cluster
15,13038.226131,13038.226131,8511.843902,0.0,0.0,4526.382228999999,10,7,False,False,False,0,0,159,147,15,15,9441.226131,2310.0,426.0,861.0,0,0,0,0,7038.226130999999,0.0,0.0,155,70,8,262,5,1245001223,True,,13038.226131,0.0,outward
10,10644.423228,10644.423228,8705.117186,0.0,0.0,1939.3060420000002,9,7,False,False,False,0,0,162,159,10,10,7834.423228,2255.0,418.0,137.0,0,0,0,0,4644.423228,0.0,0.0,310,130,3,29,1,1245001224,True,,10644.423228,0.0,area
15,9648.737326,8457.629802,6665.562571,1191.107524000001,0.12344698417588582,2983.174755,14,10,False,False,False,20,20,76,68,15,15,7212.737326,1990.0,368.0,78.0,1075.107524000001,100.0,16.0,0.0,3648.7373260000004,1191.107524000001,0.0,155,55,5,1,1,1245001225,True,,9648.737326,0.0,edge
16,2955.716991,2955.716991,1219.921374,0.0,0.0,1735.7956169999998,16,16,True,True,False,0,0,0,0,16,16,2110.716991,380.0,67.0,398.0,0,0,0,0,0.0,0.0,0.0,15,0,0,0,0,1245001226,True,,2955.716991,0.0,cluster
11,13642.523532,13642.523532,9193.425013,0.0,0.0,4449.098518999999,2,1,False,False,False,0,0,182,165,11,11,9163.523532,2795.0,525.0,1159.0,0,0,0,0,7642.523531999999,0.0,0.0,279,108,10,368,9,1245001227,True,,13642.523532,0.0,outward
10,9503.987132,7084.070253,1659.142038,2419.9168790000003,0.25462122847916335,7844.845094,10,9,True,False,False,90,90,133,132,10,10,7050.987132,2025.0,375.0,53.0,1888.9168790000003,450.0,81.0,0.0,3503.987132,2419.9168790000003,0.0,310,130,1,0,0,1245001228,True,,9503.987132,0.0,area
16,6672.366126,6672.366126,3074.329455,0.0,0.0,3598.036671,16,15,True,False,False,0,0,0,0,16,16,5181.366126,1040.0,194.0,257.0,0,0,0,0,672.3661259999999,0.0,0.0,40,0,1,44,0,1245001229,True,,6672.366126,0.0,edge
12,12604.878136,12604.878136,695.0,0.0,0.0,11909.878136,12,8,True,False,False,0,0,156,156,12,12,9130.878136,2210.0,403.0,861.0,0,0,0,0,6604.878135999999,0.0,0.0,248,96,4,267,0,1245001230,True,,12604.878136,0.0,cluster
13,9429.446699,9196.184522,8415.953996,233.26217700000052,0.02473763142695723,1013.4927029999999,10,8,False,False,False,7,7,117,108,13,13,6694.446699,2250.0,420.0,65.0,192.26217700000052,35.0,6.0,0.0,3429.446699,233.26217700000052,0.0,217,79,5,0,3,1245001231,True,,9429.446699,0.0,outward
11,10709.991494,10709.991494,7455.488875,0.0,0.0,3254.502619,9,6,False,False,False,0,0,143,134,11,11,8026.991494,2210.0,412.0,61.0,0,0,0,0,4709.991494,0.0,0.0,279,108,5,1,2,1245001232,True,,10709.991494,0.0,area
13,9289.589188,6851.006686,2689.606398,2438.582502,0.2625070336963969,6599.98279,13,11,True,False,False,56,56,80,79,13,13,6963.589188,1900.0,349.0,77.0,2110.582502,280.0,48.0,0.0,3289.589188,2438.582502,0.0,217,77,2,1,0,1245001233,True,,9289.589188,0.0,edge
13,8080.346636,1655.773996,706.095931,6424.57264,0.7950862666431777,7374.250705,13,13,True,True,False,189,189,63,63,13,13,6467.346636,1300.0,230.0,83.0,5316.57264,945.0,163.0,0.0,2080.346636,2080.346636,0.0,217,63,0,0,0,1245001234,True,,8080.346636,0.0,cluster
10,11876.790869,11876.790869,9035.919269,0.0,0.0,2840.8716000000004,6,2,False,False,False,0,0,181,168,10,10,8172.790869,2700.0,507.0,497.0,0,0,0,0,5876.790869,0.0,0.0,310,124,8,149,4,1245001235,True,,11876.790869,0.0,outward
13,9443.756218,9443.756218,2498.343328,0.0,0.0,6945.4128900000005,13,10,True,False,False,0,0,97,95,13,13,7414.756218,1660.0,301.0,68.0,0,0,0,0,3443.7562180000004,0.0,0.0,217,84,3,0,0,1245001236,True,,9443.756218,0.0,area
12,9444.080143,8022.083167,1697.0,1421.9969759999994,0.15057019365236868,7747.080142999999,12,7,True,False,False,40,40,119,112,12,12,6834.080142999999,2150.0,400.0,60.0,1185.9969759999994,200.0,36.0,0.0,3444.080142999999,1421.9969759999994,0.0,248,96,5,0,0,1245001237,True,,9444.080143,0.0,edge
11,8841.757545,7480.907816,707.0,1360.8497290000005,0.15391167673100908,8134.757545,11,1,True,False,False,45,45,87,86,11,11,6658.757545,1795.0,330.0,58.0,1094.8497290000005,225.0,41.0,0.0,2841.7575450000004,1360.8497290000005,0.0,279,79,10,1,0,1245001238,True,,8841.757545,0.0,cluster
15,9516.765496,8628.047201,4163.720964,888.7182950000006,0.09338449028438692,5353.044532,15,13,True,False,False,15,15,74,71,15,15,7246.765496,1855.0,340.0,75.0,801.7182950000006,75.0,12.0,0.0,3516.765496,888.7182950000006,0.0,155,60,2,0,0,1245001239,True,,9516.765496,0.0,outward
16,5244.305635,5244.305635,3224.550968,0.0,0.0,2019.7546669999997,16,16,True,True,True,0,0,0,0,16,16,4211.305635,675.0,125.0,233.0,0,0,0,0,0.0,0.0,0.0,37,0,0,0,0,1245001240,True,,5244.305635,0.0,area
11,9684.364523,9098.365939,7677.964304,585.9985840000008,0.06050976113179923,2006.400219,10,2,False,False,False,27,27,145,135,11,11,6561.364523,2570.0,483.0,70.0,426.99858400000085,135.0,24.0,0.0,3684.364523,585.9985840000008,0.0,279,107,9,5,1,1245001241,True,,9684.364523,0.0,edge
14,8351.661398,1646.495562,359.0,6705.165836,0.8028541288330616,7992.661398,14,14,True,True,False,162,162,54,54,14,14,6968.661398,1120.0,193.0,70.0,5760.165836,810.0,135.0,0.0,2351.661398,2351.661398,0.0,186,54,0,0,0,1245001242,True,,8351.661398,0.0,cluster
16,9980.531898,9980.531898,8853.67592,0.0,0.0,1126.8559779999996,12,8,False,False,False,0,0,115,101,16,16,7235.531897999999,2070.0,382.0,293.0,0,0,0,0,3980.5318979999993,0.0,0.0,110,42,8,71,4,1245001243,True,,9980.531898,0.0,outward
14,9679.543182,9679.543182,1626.0,0.0,0.0,8053.543181999999,14,13,True,False,False,0,0,72,72,14,14,7718.543181999999,1595.0,290.0,76.0,0,0,0,0,3679.5431819999994,0.0,0.0,186,72,1,0,0,1245001244,True,,9679.543182,0.0,area
15,10627.585668,10627.585668,4095.036592,0.0,0.0,6532.549075999999,15,8,True,False,False,0,0,84,78,15,15,8066.585668,2040.0,377.0,144.0,0,0,0,0,4627.585668,0.0,0.0,155,55,7,23,0,1245001245,True,,10627.585668,0.0,edge
14,8689.064656,2648.995562,947.0,6040.069094,0.6951345551133853,7742.0646560000005,14,14,True,True,False,144,144,64,64,14,14,7163.0646560000005,1235.0,218.0,73.0,5200.069094,720.0,120.0,0.0,2689.0646560000005,2689.0646560000005,0.0,186,64,0,0,0,1245001246,True,,8689.064656,0.0,cluster
12,10451.609314,10451.609314,9306.583759,0.0,0.0,1145.0255550000002,10,3,False,False,False,0,0,138,128,12,12,7403.609313999999,2515.0,473.0,60.0,0,0,0,0,4451.609313999999,0.0,0.0,248,94,9,0,2,1245001247,True,,10451.609314,0.0,outward
10,9557.105556,8350.468464,5752.37982,1206.6370920000008,0.12625549492256763,3804.7257360000003,10,7,True,False,False,40,40,124,121,10,10,7028.105556,2090.0,389.0,50.0,970.6370920000008,200.0,36.0,0.0,3557.1055560000004,1206.6370920000008,0.0,310,120,3,0,0,1245001248,True,,9557.105556,0.0,area
14,10220.943504,9458.311918,3606.601045,762.6315860000013,0.07461459753706132,6614.342459000001,14,6,True,False,False,12,12,99,87,14,14,7661.943504000001,2095.0,388.0,76.0,692.6315860000013,60.0,10.0,0.0,4220.943504000001,762.6315860000013,0.0,186,78,8,1,0,1245001249,True,,10220.943504,0.0,edge
11,9577.009219,2810.939015,1007.0,6766.070204,0.7064909356646198,8570.009219,11,11,True,True,False,207,207,99,99,11,11,7534.009219,1680.0,305.0,58.0,5547.070204,1035.0,184.0,0.0,3577.0092189999996,3577.0092189999996,0.0,279,99,0,0,0,1245001250,True,,9577.009219,0.0,cluster
11,11875.093124,11875.093124,7949.822457,0.0,0.0,3925.2706670000007,6,5,False,False,False,0,0,177,168,11,11,8354.093124,2560.0,477.0,484.0,0,0,0,0,5875.093124000001,0.0,0.0,279,108,6,143,5,1245001251,True,,11875.093124,0.0,outward
14,9271.847965,5617.453834,2839.262992,3654.394131000001,0.3941387029635144,6432.584973000001,14,14,True,True,False,84,84,72,72,14,14,7411.847965000001,1510.0,271.0,79.0,3164.394131000001,420.0,70.0,0.0,3271.847965000001,3271.847965000001,0.0,186,72,0,0,0,1245001252,True,,9271.847965,0.0,area
14,9396.835072,8257.231234,2327.0,1139.603837999999,0.12127528356815659,7069.835072,14,11,True,False,False,30,30,72,71,14,14,7171.835072,1815.0,334.0,76.0,963.6038379999991,150.0,26.0,0.0,3396.835072,1139.603837999999,0.0,186,66,3,0,0,1245001253,True,,9396.835072,0.0,edge
14,11747.29493,11747.29493,732.0,0.0,0.0,11015.29493,14,0,True,False,False,0,0,103,103,14,14,8772.29493,1980.0,361.0,634.0,0,0,0,0,5747.29493,0.0,0.0,186,60,14,188,0,1245001254,True,,11747.29493,0.0,cluster
12,9319.663989,9319.663989,3838.812576,0.0,0.0,5480.851413,12,8,True,False,False,0,0,107,100,12,12,6733.663989000001,2130.0,396.0,60.0,0,0,0,0,3319.6639890000006,0.0,0.0,248,88,4,0,0,1245001255,True,,9319.663989,0.0,outward
13,10236.465575,8126.774488,5687.706178,2109.691087,0.20609565592174622,4548.759397,13,6,True,False,False,42,42,85,79,13,13,7786.465575,2010.0,372.0,68.0,1863.6910870000002,210.0,36.0,0.0,4236.465575,2109.691087,0.0,217,77,7,0,0,1245001256,True,,10236.465575,0.0,area
14,11824.378759,11824.378759,9048.033798,0.0,0.0,2776.344960999999,13,8,False,False,False,0,0,123,118,14,14,8691.378759,2260.0,419.0,454.0,0,0,0,0,5824.378758999999,0.0,0.0,186,72,6,125,1,1245001257,True,,11824.378759,0.0,edge
16,1929.452402,1929.452402,1486.442158,0.0,0.0,443.01024399999983,16,16,True,True,False,0,0,0,0,16,16,1462.452402,315.0,60.0,92.0,0,0,0,0,0.0,0.0,0.0,13,0,0,0,0,1245001258,True,,1929.452402,0.0,cluster
16,12824.04708,12824.04708,7373.962997,0.0,0.0,5450.084083000001,13,7,False,False,False,0,0,81,74,16,16,9417.04708,2010.0,369.0,1028.0,0,0,0,0,6824.04708,0.0,0.0,91,19,9,316,3,1245001259,True,,12824.04708,0.0,outward
13,12078.460348,12078.460348,7177.589071,0.0,0.0,4900.871277,11,3,False,False,False,0,0,121,115,13,13,9193.460348,2195.0,409.0,281.0,0,0,0,0,6078.4603480000005,0.0,0.0,217,77,10,72,2,1245001260,True,,12078.460348,0.0,area
10,10029.966009,7128.348869,1625.0,2901.6171399999994,0.2892948129032886,8404.966009,10,8,True,False,False,80,80,122,121,10,10,7211.966009,2330.0,435.0,53.0,2429.6171399999994,400.0,72.0,0.0,4029.9660089999998,2901.6171399999994,0.0,310,121,2,0,0,1245001261,True,,10029.966009,0.0,edge
12,8227.965486,1543.123941,101.0,6684.841544999999,0.8124537659248028,8126.965485999999,12,12,True,True,False,216,216,72,72,12,12,6452.965485999999,1455.0,260.0,60.0,5415.841544999999,1080.0,189.0,0.0,2227.965485999999,2227.965485999999,0.0,248,72,0,0,0,1245001262,True,,8227.965486,0.0,cluster
15,8930.962793,7756.43671,3380.156989,1174.5260830000007,0.13151169814754826,5550.8058040000005,15,14,True,False,False,20,20,60,59,15,15,6748.962793000001,1780.0,327.0,75.0,1058.5260830000007,100.0,16.0,0.0,2930.9627930000006,1174.5260830000007,0.0,155,53,1,0,0,1245001263,True,,8930.962793,0.0,outward
14,9665.914269,8189.427733,3213.393089,1476.4865360000003,0.15275187580913152,6452.521180000001,14,8,True,False,False,30,30,74,71,14,14,7661.914269000001,1635.0,299.0,70.0,1300.4865360000003,150.0,26.0,0.0,3665.914269000001,1476.4865360000003,0.0,186,66,6,0,0,1245001264,True,,9665.914269,0.0,area
12,9311.918235,7998.721567,7268.16382,1313.1966679999996,0.14102321722115074,2043.7544149999994,11,5,False,False,False,48,48,132,122,12,12,6525.918234999999,2290.0,427.0,69.0,1031.1966679999996,240.0,42.0,0.0,3311.918234999999,1313.1966679999996,0.0,248,103,7,2,1,1245001265,True,,9311.918235,0.0,edge
10,10328.082471,10328.082471,2323.224926,0.0,0.0,8004.857545,10,2,True,False,False,0,0,168,165,10,10,7316.082471,2495.0,467.0,50.0,0,0,0,0,4328.082471,0.0,0.0,310,110,8,0,0,1245001266,True,,10328.082471,0.0,cluster
11,9856.881452,9532.587665,7393.771413,324.2937870000005,0.032900242189095215,2463.1100389999992,9,6,False,False,False,9,9,143,135,11,11,6877.881452,2460.0,464.0,55.0,271.2937870000005,45.0,8.0,0.0,3856.8814519999996,324.2937870000005,0.0,279,109,5,0,2,1245001267,True,,9856.881452,0.0,outward
12,9950.211959,8004.764692,1642.79559,1945.4472670000005,0.19551817338326516,8307.416369,12,9,True,False,False,48,48,104,104,12,12,7602.211959,1930.0,355.0,63.0,1663.4472670000005,240.0,42.0,0.0,3950.211959,1945.4472670000005,0.0,248,104,3,1,0,1245001268,True,,9950.211959,0.0,area
15,12456.771014,12456.771014,8947.78244,0.0,0.0,3508.988573999999,10,5,False,False,False,0,0,154,142,15,15,9126.771014,2350.0,437.0,543.0,0,0,0,0,6456.771014,0.0,0.0,155,65,10,156,5,1245001269,True,,12456.771014,0.0,edge
12,8956.857604,4861.661642,656.099695,4095.1959620000007,0.45721347185101463,8300.757909,12,12,True,True,False,120,120,88,88,12,12,7150.857604000001,1480.0,266.0,60.0,3390.1959620000007,600.0,105.0,0.0,2956.8576040000007,2956.8576040000007,0.0,248,88,0,0,0,1245001270,True,,8956.857604,0.0,cluster
16,10451.347089,10451.347089,8504.059194,0.0,0.0,1947.2878950000013,13,8,False,False,False,0,0,71,62,16,16,7769.347089000001,2015.0,371.0,296.0,0,0,0,0,4451.347089000001,0.0,0.0,103,27,8,72,3,1245001271,True,,10451.347089,0.0,outward
11,12528.507742,12528.507742,8856.871166,0.0,0.0,3671.636575999999,8,1,False,False,False,0,0,180,173,11,11,8907.507742,2760.0,515.0,346.0,0,0,0,0,6528.507742,0.0,0.0,279,105,10,97,3,1245001272,True,,12528.507742,0.0,area
10,9932.342618,7801.943869,3096.63687,2130.398749000001,0.2144910652940185,6835.705748,10,6,True,False,False,80,80,131,125,10,10,7171.342618000001,2280.0,425.0,56.0,1658.3987490000009,400.0,72.0,0.0,3932.3426180000006,2130.398749000001,0.0,310,120,4,0,0,1245001273,True,,9932.342618,0.0,edge
13,8553.93598,5648.56995,1025.0,2905.36603,0.3396525338502709,7528.93598,13,13,True,True,False,77,77,72,72,13,13,6796.93598,1435.0,257.0,65.0,2454.36603,385.0,66.0,0.0,2553.93598,2553.93598,0.0,217,72,0,0,0,1245001274,True,,8553.93598,0.0,cluster
15,16632.490935,16632.490935,9146.425546,0.0,0.0,7486.065389000001,8,3,False,False,False,0,0,150,136,15,15,11897.490935000002,2595.0,481.0,1659.0,0,0,0,0,10632.490935000002,0.0,0.0,155,57,12,528,7,1245001275,True,,16632.490935,0.0,outward
14,9132.510935,8562.557261,2105.775504,569.9536740000003,0.06240930649375678,7026.735431,14,9,True,False,False,18,18,82,80,14,14,7146.510935,1620.0,293.0,73.0,464.9536740000003,90.0,15.0,0.0,3132.5109350000002,569.9536740000003,0.0,186,66,5,1,0,1245001276,True,,9132.510935,0.0,area
12,9499.990034,7104.345327,2606.599545,2395.6447070000004,0.25217339159579166,6893.390489,12,7,True,False,False,64,64,97,93,12,12,6919.990034,2105.0,391.0,84.0,2019.6447070000004,320.0,56.0,0.0,3499.9900340000004,2395.6447070000004,0.0,248,88,5,6,0,1245001277,True,,9499.990034,0.0,edge
12,10504.831821,10504.831821,1850.005304,0.0,0.0,8654.826517,12,10,True,False,False,0,0,116,116,12,12,8004.831821,1720.0,309.0,471.0,0,0,0,0,4504.831821,0.0,0.0,248,88,2,135,0,1245001278,True,,10504.831821,0.0,cluster
15,9668.840316,9464.368289,7436.273044,204.4720269999998,0.021147523417222997,2232.5672720000002,13,7,False,False,False,5,5,108,94,15,15,6878.840316,2285.0,427.0,78.0,175.4720269999998,25.0,4.0,0.0,3668.840316,204.4720269999998,0.0,155,60,8,1,2,1245001279,True,,9668.840316,0.0,outward
16,5273.924225,5273.924225,1667.0,0.0,0.0,3606.9242249999998,16,16,True,True,True,0,0,0,0,16,16,4364.924225,695.0,131.0,83.0,0,0,0,0,0.0,0.0,0.0,24,0,0,0,0,1245001280,True,,5273.924225,0.0,area
14,13119.268989,13119.268989,8399.759128,0.0,0.0,4719.5098610000005,13,5,False,False,False,0,0,178,171,14,14,9819.268989,2555.0,474.0,271.0,0,0,0,0,7119.268989,0.0,0.0,186,72,9,66,1,1245001281,True,,13119.268989,0.0,edge
13,8766.591231,8592.045895,7569.260612,174.54533600000104,0.019910285697225413,1197.3306190000003,12,11,False,False,False,7,7,97,91,13,13,6763.591231,1635.0,297.0,71.0,132.54533600000104,35.0,7.0,0.0,2766.5912310000003,174.54533600000104,0.0,217,77,2,1,1,1245001282,True,,8766.591231,0.0,cluster
14,9321.356849,8580.739041,7903.901298,740.6178079999991,0.07945386277958588,1417.455551,13,10,False,False,False,18,18,90,85,14,14,7020.356849,1885.0,346.0,70.0,635.6178079999991,90.0,15.0,0.0,3321.356849,740.6178079999991,0.0,186,72,4,0,1,1245001283,True,,9321.356849,0.0,outward
15,9821.182171,8654.557443,3362.862333,1166.6247280000007,0.11878658879221402,6458.319838,15,10,True,False,False,25,25,105,101,15,15,7802.182171,1640.0,298.0,81.0,1021.6247280000007,125.0,20.0,0.0,3821.1821710000004,1166.6247280000007,0.0,155,75,5,0,0,1245001284,True,,9821.182171,0.0,area
13,9572.794474,9329.985282,7360.826703,242.80919200000062,0.02536450486422515,2211.9677710000005,12,8,False,False,False,7,7,112,105,13,13,6988.794474,2100.0,392.0,92.0,201.80919200000062,35.0,6.0,0.0,3572.7944740000003,242.80919200000062,0.0,217,84,5,8,1,1245001285,True,,9572.794474,0.0,edge
11,9175.272793,7310.537163,1707.661805,1864.7356300000001,0.2032348979773816,7467.610988,11,10,True,False,False,54,54,103,102,11,11,7126.272793,1685.0,306.0,58.0,1546.7356300000001,270.0,48.0,0.0,3175.272793,1864.7356300000001,0.0,279,98,1,0,0,1245001286,True,,9175.272793,0.0,cluster
11,11584.655054,11584.655054,8537.878219,0.0,0.0,3046.7768350000006,8,6,False,False,False,0,0,167,160,11,11,8075.655054000001,2430.0,454.0,625.0,0,0,0,0,5584.655054000001,0.0,0.0,279,115,5,190,3,1245001287,True,,11584.655054,0.0,outward
11,10295.2736,10295.2736,8277.071556,0.0,0.0,2018.2020439999997,10,7,False,False,False,0,0,144,138,11,11,7792.2736,2065.0,383.0,55.0,0,0,0,0,4295.2736,0.0,0.0,279,126,4,0,1,1245001288,True,,10295.2736,0.0,area
10,9721.748194,8715.933667,8202.509488,1005.8145270000005,0.10346025292249,1519.238706,8,6,False,False,False,40,40,138,132,10,10,6835.748194,2385.0,448.0,53.0,769.8145270000005,200.0,36.0,0.0,3721.748194,1005.8145270000005,0.0,310,120,4,0,2,1245001289,True,,9721.748194,0.0,edge
14,11923.425277,11923.425277,701.0,0.0,0.0,11222.425277,14,7,True,False,False,0,0,159,158,14,14,8722.425277,2205.0,401.0,595.0,0,0,0,0,5923.425277,0.0,0.0,186,66,7,175,0,1245001290,True,,11923.425277,0.0,cluster
10,9686.406901,9594.301098,8454.900007,92.10580300000038,0.009508768725221693,1231.506894,7,3,False,False,False,10,10,181,166,10,10,6451.406901,2680.0,505.0,50.0,33.10580300000038,50.0,9.0,0.0,3686.4069010000003,92.10580300000038,0.0,310,120,7,0,3,1245001291,True,,9686.406901,0.0,outward
11,11569.180764,11569.180764,9111.830551,0.0,0.0,2457.3502130000015,10,8,False,False,False,0,0,155,152,11,11,8468.180764,2270.0,422.0,409.0,0,0,0,0,5569.180764000001,0.0,0.0,279,117,3,113,1,1245001292,True,,11569.180764,0.0,area
11,10876.282162,10876.282162,6053.788364,0.0,0.0,4822.4937979999995,10,5,False,False,False,0,0,143,136,11,11,7740.2821619999995,2435.0,454.0,247.0,0,0,0,0,4876.2821619999995,0.0,0.0,279,108,6,62,1,1245001293,True,,10876.282162,0.0,edge
10,9239.634661,8440.207833,6690.59321,799.4268279999997,0.0865214759382573,2549.041451,9,8,False,False,False,20,20,104,102,10,10,7053.634661,1805.0,331.0,50.0,681.4268279999997,100.0,18.0,0.0,3239.634661,799.4268279999997,0.0,310,100,2,0,1,1245001294,True,,9239.634661,0.0,cluster
12,9784.964425,9784.964425,8729.114114,0.0,0.0,1055.8503110000001,2,2,False,False,False,0,0,185,160,12,12,6413.964425,2785.0,526.0,60.0,0,0,0,0,3784.964425,0.0,0.0,248,96,10,0,10,1245001295,True,,9784.964425,0.0,outward
15,12580.6914,12580.6914,1883.0,0.0,0.0,10697.6914,15,10,True,False,False,0,0,124,122,15,15,9739.6914,1900.0,344.0,597.0,0,0,0,0,6580.6914,0.0,0.0,155,65,5,174,0,1245001296,True,,12580.6914,0.0,area
11,9683.834017,9683.834017,4903.792571,0.0,0.0,4780.041445999999,11,9,True,False,False,0,0,98,96,11,11,7243.834016999999,2005.0,371.0,64.0,0,0,0,0,3683.834016999999,0.0,0.0,279,90,2,0,0,1245001297,True,,9683.834017,0.0,edge
15,8049.521925,2024.910307,1082.963823,6024.611618,0.7484434074636054,6966.558102,15,15,True,True,False,130,130,45,45,15,15,6733.521925,1060.0,181.0,75.0,5270.611618,650.0,104.0,0.0,2049.521925,2049.521925,0.0,155,45,0,0,0,1245001298,True,,8049.521925,0.0,cluster
10,11597.135165,11597.135165,6070.519246,0.0,0.0,5526.615919,9,6,False,False,False,0,0,156,152,10,10,8204.135165,2430.0,454.0,509.0,0,0,0,0,5597.135165,0.0,0.0,310,120,4,153,1,1245001299,True,,11597.135165,0.0,outward
14,9213.565906,7932.367966,6494.932522,1281.19794,0.13905560052114746,2718.6333839999998,13,10,False,False,False,36,36,89,83,14,14,7269.565906,1585.0,286.0,73.0,1071.19794,180.0,30.0,0.0,3213.565906,1281.19794,0.0,186,80,4,0,1,1245001300,True,,9213.565906,0.0,area
11,10078.98599,9131.466479,6742.739301,947.5195109999986,0.09400940848018767,3336.2466889999996,10,7,False,False,False,18,18,118,114,11,11,7333.985989999999,2255.0,420.0,70.0,841.5195109999986,90.0,16.0,0.0,4078.985989999999,947.5195109999986,0.0,279,99,4,2,1,1245001301,True,,10078.98599,0.0,edge
14,11855.528996,11855.528996,688.047128,0.0,0.0,11167.481867999999,14,12,True,False,False,0,0,91,91,14,14,9304.528996,1545.0,276.0,730.0,0,0,0,0,5855.528995999999,0.0,0.0,186,69,2,220,0,1245001302,True,,11855.528996,0.0,cluster
10,10008.020158,9711.912771,6798.782206,296.107387,0.029587009450945594,3209.2379519999995,9,4,False,False,False,10,10,142,133,10,10,6947.020157999999,2535.0,476.0,50.0,237.10738700000002,50.0,9.0,0.0,4008.0201579999994,296.107387,0.0,310,120,6,0,1,1245001303,True,,10008.020158,0.0,outward
15,9342.774033,6645.940393,1948.814475,2696.83364,0.2886544863949831,7393.959558,15,14,True,False,False,55,55,64,64,15,15,7577.774033,1430.0,257.0,78.0,2377.83364,275.0,44.0,0.0,3342.7740329999997,2696.83364,0.0,155,63,1,0,0,1245001304,True,,9342.774033,0.0,area
10,9375.779459,9375.779459,7553.894552,0.0,0.0,1821.8849069999997,9,8,False,False,False,0,0,121,119,10,10,6559.779458999999,2325.0,435.0,56.0,0,0,0,0,3375.7794589999994,0.0,0.0,310,110,2,1,1,1245001305,True,,9375.779459,0.0,edge
15,10089.236885,8200.68835,6594.678111,1888.548535,0.1871844775304827,3494.558774,14,0,False,False,False,30,30,110,94,15,15,7198.236885,2370.0,443.0,78.0,1714.548535,150.0,24.0,0.0,4089.2368850000003,1888.548535,0.0,155,55,15,1,1,1245001306,True,,10089.236885,0.0,cluster
15,10812.295199,10812.295199,8796.355519,0.0,0.0,2015.9396799999995,11,6,False,False,False,0,0,157,140,15,15,7969.295199,2325.0,434.0,84.0,0,0,0,0,4812.295199,0.0,0.0,155,70,9,1,4,1245001307,True,,10812.295199,0.0,outward
16,13312.506173,13312.506173,9685.857277,0.0,0.0,3626.6488960000006,14,7,False,False,False,0,0,100,95,16,16,10197.506173,1930.0,352.0,833.0,0,0,0,0,7312.506173,0.0,0.0,111,33,9,250,2,1245001308,True,,13312.506173,0.0,area
11,9765.98322,9765.98322,4721.417898,0.0,0.0,5044.565322,11,9,True,False,False,0,0,99,99,11,11,7159.98322,2115.0,391.0,100.0,0,0,0,0,3765.98322,0.0,0.0,279,99,2,15,0,1245001309,True,,9765.98322,0.0,edge
16,3182.58184,3182.58184,1404.239976,0.0,0.0,1778.3418639999998,16,16,True,True,False,0,0,0,0,16,16,2171.58184,325.0,57.0,629.0,0,0,0,0,0.0,0.0,0.0,12,0,0,0,0,1245001310,True,,3182.58184,0.0,cluster
16,15009.159524,15009.159524,8704.227472,0.0,0.0,6304.932052,9,4,False,False,False,0,0,168,154,16,16,10837.159524,2570.0,472.0,1130.0,0,0,0,0,9009.159524,0.0,0.0,104,32,12,350,7,1245001311,True,,15009.159524,0.0,outward
13,10330.622869,10330.622869,5942.129183,0.0,0.0,4388.493686000001,13,10,True,False,False,0,0,102,98,13,13,7949.622869000001,1950.0,360.0,71.0,0,0,0,0,4330.622869000001,0.0,0.0,217,84,3,1,0,1245001312,True,,10330.622869,0.0,area
13,10204.670162,10204.670162,7244.746029,0.0,0.0,2959.9241330000004,11,11,False,False,False,0,0,101,97,13,13,7602.670162,2010.0,371.0,221.0,0,0,0,0,4204.670162,0.0,0.0,217,84,2,46,2,1245001313,True,,10204.670162,0.0,edge
10,8856.694805,3573.2732,689.0,5283.4216049999995,0.5965455196691741,8167.694804999999,10,10,True,True,False,200,200,114,114,10,10,6578.694804999999,1880.0,345.0,53.0,4103.4216049999995,1000.0,180.0,0.0,2856.694804999999,2856.694804999999,0.0,310,114,0,0,0,1245001314,True,,8856.694805,0.0,cluster
12,9644.70778,9644.70778,5206.710687,0.0,0.0,4437.997093000001,12,8,True,False,False,0,0,101,99,12,12,6935.707780000001,2200.0,410.0,99.0,0,0,0,0,3644.7077800000006,0.0,0.0,248,96,4,12,0,1245001315,True,,9644.70778,0.0,outward
16,9308.730594,9308.730594,5270.047703,0.0,0.0,4038.6828910000004,16,13,True,False,False,0,0,4,4,16,16,6949.730594000001,1230.0,224.0,905.0,0,0,0,0,3308.7305940000006,0.0,0.0,67,0,3,274,0,1245001316,True,,9308.730594,0.0,area
10,12029.164347,12029.164347,6263.255017,0.0,0.0,5765.9093299999995,9,3,False,False,False,0,0,155,150,10,10,8401.164347,2605.0,487.0,536.0,0,0,0,0,6029.164347,0.0,0.0,310,112,7,162,1,1245001317,True,,12029.164347,0.0,edge
15,8418.543466,6600.651259,1036.022352,1817.892206999999,0.21593904151495166,7382.521113999999,15,14,True,False,False,40,40,52,51,15,15,6963.543465999999,1170.0,204.0,81.0,1585.892206999999,200.0,32.0,0.0,2418.543465999999,1817.892206999999,0.0,155,50,1,1,0,1245001318,True,,8418.543466,0.0,cluster
15,10884.596578,10884.596578,9463.142646,0.0,0.0,1421.4539320000003,14,10,False,False,False,0,0,111,104,15,15,8166.596578000001,2160.0,402.0,156.0,0,0,0,0,4884.596578000001,0.0,0.0,155,55,5,27,1,1245001319,True,,10884.596578,0.0,outward
10,11411.569689,11411.569689,6405.850187,0.0,0.0,5005.719502,8,3,False,False,False,0,0,175,168,10,10,8084.569689,2560.0,480.0,287.0,0,0,0,0,5411.569689,0.0,0.0,310,130,7,79,2,1245001320,True,,11411.569689,0.0,area
15,9458.573244,8876.376485,2238.0,582.1967589999986,0.061552281087352397,7220.573243999999,15,8,True,False,False,15,15,93,84,15,15,7195.573243999999,1830.0,337.0,96.0,495.19675899999856,75.0,12.0,0.0,3458.5732439999992,582.1967589999986,0.0,155,64,7,0,0,1245001321,True,,9458.573244,0.0,edge
13,8018.182371,1510.521766,329.0,6507.660605,0.8116129446664591,7689.182371,13,13,True,True,False,189,189,63,63,13,13,6472.182371,1260.0,221.0,65.0,5400.660605,945.0,162.0,0.0,2018.1823709999999,2018.1823709999999,0.0,217,63,0,0,0,1245001322,True,,8018.182371,0.0,cluster
12,9436.69404,7237.079199,6643.870074,2199.6148410000005,0.23309167719927482,2792.823966,11,10,False,False,False,56,56,92,90,12,12,6909.69404,2080.0,387.0,60.0,1870.6148410000005,280.0,49.0,0.0,3436.6940400000003,2199.6148410000005,0.0,248,88,2,0,1,1245001323,True,,9436.69404,0.0,outward
11,9994.761625,8336.636914,3819.102542,1658.1247109999986,0.16589937541406835,6175.659082999999,11,8,True,False,False,45,45,131,130,11,11,7551.761624999999,2010.0,372.0,61.0,1393.1247109999986,225.0,40.0,0.0,3994.761624999999,1658.1247109999986,0.0,279,117,3,0,0,1245001324,True,,9994.761625,0.0,area
12,9716.756527,8878.091052,7830.053199,838.6654749999998,0.08631125753430127,1886.7033279999996,11,4,False,False,False,24,24,126,115,12,12,6889.756527,2320.0,435.0,72.0,697.6654749999998,120.0,21.0,0.0,3716.7565269999996,838.6654749999998,0.0,248,96,8,4,1,1245001325,True,,9716.756527,0.0,edge
16,1783.935943,1783.935943,983.0,0.0,0.0,800.935943,16,16,True,True,False,0,0,0,0,16,16,1278.935943,355.0,67.0,83.0,0,0,0,0,0.0,0.0,0.0,15,0,0,0,0,1245001326,True,,1783.935943,0.0,cluster
15,9267.067349,7838.670208,6116.61497,1428.3971410000013,0.15413691162546025,3150.452379000001,14,12,False,False,False,25,25,66,61,15,15,7030.067349000001,1825.0,337.0,75.0,1282.3971410000013,125.0,21.0,0.0,3267.067349000001,1428.3971410000013,0.0,155,55,3,0,1,1245001327,True,,9267.067349,0.0,outward
12,9706.002537,8684.708682,4857.667937,1021.2938549999999,0.10522291243040088,4848.3346,12,9,True,False,False,32,32,88,88,12,12,7553.002537,1765.0,322.0,66.0,833.2938549999999,160.0,28.0,0.0,3706.0025370000003,1021.2938549999999,0.0,248,88,3,0,0,1245001328,True,,9706.002537,0.0,area
11,9436.130488,8355.882613,1949.0,1080.247875000001,0.11447996362213944,7487.130488000001,11,8,True,False,False,36,36,117,114,11,11,6859.130488000001,2125.0,394.0,58.0,868.2478750000009,180.0,32.0,0.0,3436.1304880000007,1080.247875000001,0.0,279,106,3,0,0,1245001329,True,,9436.130488,0.0,edge
15,8074.352959,1782.847417,413.0,6291.505542,0.7791962494019082,7661.352959,15,15,True,True,False,135,135,45,45,15,15,6832.352959,995.0,169.0,78.0,5508.505542,675.0,108.0,0.0,2074.352959,2074.352959,0.0,155,45,0,0,0,1245001330,True,,8074.352959,0.0,cluster
12,10174.099524,9837.916984,5427.913418,336.1825399999998,0.03304297733740154,4746.186105999999,12,8,True,False,False,8,8,103,101,12,12,7583.099523999999,2135.0,396.0,60.0,289.1825399999998,40.0,7.0,0.0,4174.099523999999,336.1825399999998,0.0,248,94,4,0,0,1245001331,True,,10174.099524,0.0,outward
12,11207.425732,11207.425732,4380.499117,0.0,0.0,6826.926614999999,12,6,True,False,False,0,0,139,138,12,12,8430.425732,2205.0,407.0,165.0,0,0,0,0,5207.425732,0.0,0.0,248,104,6,35,0,1245001332,True,,11207.425732,0.0,area
10,9657.799929,7656.908531,6670.196062,2000.8913980000007,0.20717879980013,2987.6038670000007,9,7,False,False,False,70,70,140,137,10,10,6914.799929000001,2270.0,423.0,50.0,1587.8913980000007,350.0,63.0,0.0,3657.7999290000007,2000.8913980000007,0.0,310,130,3,0,1,1245001333,True,,9657.799929,0.0,edge
10,10005.02829,10005.02829,695.0,0.0,0.0,9310.02829,10,9,True,False,False,0,0,113,113,10,10,7316.02829,1880.0,345.0,464.0,0,0,0,0,4005.02829,0.0,0.0,310,100,1,138,0,1245001334,True,,10005.02829,0.0,cluster
11,11751.725678,11751.725678,6807.684738,0.0,0.0,4944.040940000001,10,7,False,False,False,0,0,120,116,11,11,8359.725678,2370.0,442.0,580.0,0,0,0,0,5751.725678000001,0.0,0.0,279,99,4,175,1,1245001335,True,,11751.725678,0.0,outward
11,9149.97221,7897.561077,3100.442946,1252.4111329999996,0.13687594937515113,6049.529264,11,10,True,False,False,45,45,108,108,11,11,6990.97221,1775.0,326.0,58.0,987.4111329999996,225.0,40.0,0.0,3149.97221,1252.4111329999996,0.0,279,108,1,0,0,1245001336,True,,9149.97221,0.0,area
13,8898.738946,6426.244312,2009.0,2472.4946339999997,0.2778477544968763,6889.7389459999995,13,10,True,False,False,63,63,70,70,13,13,6660.7389459999995,1830.0,337.0,71.0,2103.4946339999997,315.0,54.0,0.0,2898.7389459999995,2472.4946339999997,0.0,217,70,3,0,0,1245001337,True,,8898.738946,0.0,edge
11,10028.560392,10028.560392,755.0,0.0,0.0,9273.560392,11,9,True,False,False,0,0,127,127,11,11,7545.560391999999,1935.0,352.0,196.0,0,0,0,0,4028.5603919999994,0.0,0.0,279,99,2,47,0,1245001338,True,,10028.560392,0.0,cluster
12,9776.024301,9776.024301,7266.782894,0.0,0.0,2509.2414069999995,8,6,False,False,False,0,0,138,127,12,12,6806.0243009999995,2450.0,460.0,60.0,0,0,0,0,3776.0243009999995,0.0,0.0,248,96,6,0,4,1245001339,True,,9776.024301,0.0,outward
14,10165.03179,10165.03179,4119.99468,0.0,0.0,6045.037109999999,14,9,True,False,False,0,0,117,114,14,14,7676.031789999999,2035.0,378.0,76.0,0,0,0,0,4165.031789999999,0.0,0.0,186,78,5,1,0,1245001340,True,,10165.03179,0.0,area
16,8131.636088,8131.636088,6446.853469,0.0,0.0,1684.7826190000005,15,11,False,False,False,0,0,25,23,16,16,6007.636088,1670.0,305.0,149.0,0,0,0,0,2131.636088,0.0,0.0,89,5,5,22,1,1245001341,True,,8131.636088,0.0,edge
14,8603.558656,8088.65916,1400.292952,514.8994959999991,0.059847269785382996,7203.2657039999995,14,13,True,False,False,6,6,62,60,14,14,6930.558655999999,1355.0,242.0,76.0,479.8994959999991,30.0,5.0,0.0,2603.5586559999992,514.8994959999991,0.0,186,54,1,0,0,1245001342,True,,8603.558656,0.0,cluster
11,9745.987242,9745.987242,8250.749723,0.0,0.0,1495.2375189999984,9,8,False,False,False,0,0,139,134,11,11,6981.987241999999,2250.0,417.0,97.0,0,0,0,0,3745.9872419999992,0.0,0.0,279,117,3,14,2,1245001343,True,,9745.987242,0.0,outward
11,10323.933081,10323.933081,1825.77246,0.0,0.0,8498.160620999999,11,8,True,False,False,0,0,137,136,11,11,7788.933080999999,1985.0,366.0,184.0,0,0,0,0,4323.933080999999,0.0,0.0,279,114,3,43,0,1245001344,True,,10323.933081,0.0,area
11,10006.080002,8635.348061,5696.743582,1370.731941,0.1369899042108418,4309.3364200000005,11,7,True,False,False,36,36,133,131,11,11,7260.080002000001,2250.0,420.0,76.0,1157.731941,180.0,33.0,0.0,4006.0800020000006,1370.731941,0.0,279,117,4,3,0,1245001345,True,,10006.080002,0.0,edge
15,10312.529625,10312.529625,2576.925313,0.0,0.0,7735.6043119999995,15,7,True,False,False,0,0,63,63,15,15,8222.529625,1605.0,290.0,195.0,0,0,0,0,4312.529624999999,0.0,0.0,155,50,8,39,0,1245001346,True,,10312.529625,0.0,cluster
14,9943.593211,9723.222192,7191.100534,220.37101900000016,0.022162111253326105,2752.4926769999993,13,7,False,False,False,6,6,69,66,14,14,7581.593210999999,1935.0,357.0,70.0,185.37101900000016,30.0,5.0,0.0,3943.5932109999994,220.37101900000016,0.0,186,60,7,0,1,1245001347,True,,9943.593211,0.0,outward
14,9971.055408,9971.055408,6771.895381,0.0,0.0,3199.160027,13,9,False,False,False,0,0,96,90,14,14,7724.055408,1835.0,336.0,76.0,0,0,0,0,3971.055408,0.0,0.0,186,68,5,2,1,1245001348,True,,9971.055408,0.0,area
16,10635.177119,10635.177119,8838.963461,0.0,0.0,1796.2136580000006,11,8,False,False,False,0,0,106,96,16,16,7739.177119,2055.0,380.0,461.0,0,0,0,0,4635.177119,0.0,0.0,107,39,8,123,5,1245001349,True,,10635.177119,0.0,edge
12,10712.155589,10712.155589,3575.0,0.0,0.0,7137.155589,12,0,True,False,False,0,0,125,124,12,12,7744.155589,2160.0,397.0,411.0,0,0,0,0,4712.155589,0.0,0.0,248,79,12,117,0,1245001350,True,,10712.155589,0.0,cluster
16,8742.539956,8742.539956,8458.91981,0.0,0.0,283.6201460000011,15,13,False,False,False,0,0,46,43,16,16,6503.5399560000005,1820.0,336.0,83.0,0,0,0,0,2742.5399560000005,0.0,0.0,106,28,3,1,1,1245001351,True,,8742.539956,0.0,outward
16,10752.723191,10752.723191,9286.506738,0.0,0.0,1466.216452999999,15,11,False,False,False,0,0,98,94,16,16,8399.723191,1850.0,339.0,164.0,0,0,0,0,4752.723190999999,0.0,0.0,112,40,5,27,1,1245001352,True,,10752.723191,0.0,area
11,9718.180348,9718.180348,6833.749328,0.0,0.0,2884.43102,10,4,False,False,False,0,0,151,143,11,11,6651.180348,2525.0,475.0,67.0,0,0,0,0,3718.180348,0.0,0.0,279,108,7,2,1,1245001353,True,,9718.180348,0.0,edge
14,8761.885018,8250.803729,2891.129199,511.08128900000156,0.058330061162644845,5870.755819000001,14,13,True,False,False,6,6,65,64,14,14,7101.885018000001,1350.0,240.0,70.0,476.08128900000156,30.0,5.0,0.0,2761.885018000001,511.08128900000156,0.0,186,56,1,0,0,1245001354,True,,8761.885018,0.0,cluster
13,10196.492263,10196.492263,8790.390308,0.0,0.0,1406.101955,7,4,False,False,False,0,0,138,121,13,13,7242.492263,2430.0,456.0,68.0,0,0,0,0,4196.492263,0.0,0.0,217,81,9,1,6,1245001355,True,,10196.492263,0.0,outward
13,10595.017796,10595.017796,2203.029401,0.0,0.0,8391.988395,13,10,True,False,False,0,0,92,91,13,13,8276.017796,1860.0,340.0,119.0,0,0,0,0,4595.017796,0.0,0.0,217,77,3,17,0,1245001356,True,,10595.017796,0.0,area
15,9024.832896,5455.572499,3540.746433,3569.260397,0.3954932393908338,5484.086463,15,15,True,True,False,65,65,53,53,15,15,6901.832896,1720.0,316.0,87.0,3192.260397,325.0,52.0,0.0,3024.832896,3024.832896,0.0,155,53,0,0,0,1245001357,True,,9024.832896,0.0,edge
10,8939.443154,2581.310573,1428.940388,6358.132581,0.7112448137393234,7510.5027660000005,10,10,True,True,False,240,240,110,110,10,10,6765.4431540000005,1790.0,328.0,56.0,4941.132581000001,1200.0,217.0,0.0,2939.4431540000005,2939.4431540000005,0.0,310,110,0,0,0,1245001358,True,,8939.443154,0.0,cluster
16,11217.670271,11217.670271,5080.163921,0.0,0.0,6137.506350000001,16,9,True,False,False,0,0,36,35,16,16,8358.670271,1750.0,318.0,791.0,0,0,0,0,5217.670271000001,0.0,0.0,67,0,7,235,0,1245001359,True,,11217.670271,0.0,outward
15,9186.899517,9186.899517,3218.370848,0.0,0.0,5968.528668999999,15,14,True,False,False,0,0,55,55,15,15,7399.899517,1435.0,259.0,93.0,0,0,0,0,3186.899517,0.0,0.0,155,55,1,0,0,1245001360,True,,9186.899517,0.0,area
10,9307.410811,9307.410811,2964.950529,0.0,0.0,6342.460282,10,6,True,False,False,0,0,128,124,10,10,6537.410811,2290.0,427.0,53.0,0,0,0,0,3307.4108109999997,0.0,0.0,310,110,4,0,0,1245001361,True,,9307.410811,0.0,edge
12,11117.528072,11117.528072,1595.0,0.0,0.0,9522.528072,12,10,True,False,False,0,0,116,116,12,12,8395.528072,1800.0,325.0,597.0,0,0,0,0,5117.528071999999,0.0,0.0,248,88,2,178,0,1245001362,True,,11117.528072,0.0,cluster
12,9700.679591,9700.679591,8958.336367,0.0,0.0,742.3432240000002,8,5,False,False,False,0,0,147,134,12,12,6736.679591,2445.0,459.0,60.0,0,0,0,0,3700.679591,0.0,0.0,248,96,7,0,4,1245001363,True,,9700.679591,0.0,outward
11,9396.902806,4972.035039,2850.348983,4424.867767,0.4708857650602372,6546.553823,11,11,True,True,False,153,153,117,117,11,11,7104.902806,1890.0,347.0,55.0,3523.8677669999997,765.0,136.0,0.0,3396.902806,3396.902806,0.0,279,117,0,0,0,1245001364,True,,9396.902806,0.0,area
16,10020.267259,10020.267259,8192.467305,0.0,0.0,1827.799954,12,7,False,False,False,0,0,74,65,16,16,7440.267259,1920.0,352.0,308.0,0,0,0,0,4020.267259,0.0,0.0,94,22,9,76,4,1245001365,True,,10020.267259,0.0,edge
16,2792.823145,2792.823145,1607.0,0.0,0.0,1185.8231449999998,16,16,True,True,False,0,0,0,0,16,16,2044.8231449999998,555.0,104.0,89.0,0,0,0,0,0.0,0.0,0.0,24,0,0,0,0,1245001366,True,,2792.823145,0.0,cluster
14,10377.128397,10377.128397,5304.837958,0.0,0.0,5072.290439,14,6,True,False,False,0,0,111,104,14,14,7689.128397,2205.0,413.0,70.0,0,0,0,0,4377.128397,0.0,0.0,186,72,8,0,0,1245001367,True,,10377.128397,0.0,outward
16,5436.350991,5436.350991,4013.369808,0.0,0.0,1422.9811830000003,16,16,True,True,True,0,0,0,0,16,16,4168.350991,825.0,153.0,290.0,0,0,0,0,0.0,0.0,0.0,42,0,0,0,0,1245001368,True,,5436.350991,0.0,area
10,9484.894092,8833.550301,4786.781827,651.3437910000011,0.0686716988805784,4698.112265000001,10,4,True,False,False,30,30,143,138,10,10,6479.8940920000005,2475.0,465.0,65.0,474.34379100000115,150.0,27.0,0.0,3484.8940920000005,651.3437910000011,0.0,310,120,6,4,0,1245001369,True,,9484.894092,0.0,edge
14,9819.968616,9819.968616,749.0,0.0,0.0,9070.968616,14,6,True,False,False,0,0,75,73,14,14,7616.968616,1800.0,330.0,73.0,0,0,0,0,3819.968616,0.0,0.0,186,60,8,1,0,1245001370,True,,9819.968616,0.0,cluster
14,11855.299158,11855.299158,5974.108113,0.0,0.0,5881.191045,14,5,True,False,False,0,0,101,97,14,14,8992.299158,2095.0,386.0,382.0,0,0,0,0,5855.299158,0.0,0.0,186,63,9,104,0,1245001371,True,,11855.299158,0.0,outward
14,8916.333833,7266.753871,119.0,1649.5799620000007,0.18500652767113598,8797.333833,14,13,True,False,False,42,42,75,75,14,14,7217.333833000001,1380.0,246.0,73.0,1404.5799620000007,210.0,35.0,0.0,2916.3338330000006,1649.5799620000007,0.0,186,75,1,0,0,1245001372,True,,8916.333833,0.0,area
14,10662.002883,10662.002883,5959.147105,0.0,0.0,4702.855777999999,14,8,True,False,False,0,0,73,72,14,14,7969.002882999999,2010.0,370.0,313.0,0,0,0,0,4662.002882999999,0.0,0.0,186,66,6,81,0,1245001373,True,,10662.002883,0.0,edge
11,10812.243283,10812.243283,1655.0,0.0,0.0,9157.243283,11,10,True,False,False,0,0,113,113,11,11,8038.243283,1860.0,340.0,574.0,0,0,0,0,4812.243283,0.0,0.0,279,99,1,171,0,1245001374,True,,10812.243283,0.0,cluster
12,10634.901953,10634.901953,8063.426344,0.0,0.0,2571.475609,9,7,False,False,False,0,0,148,135,12,12,7799.9019530000005,2335.0,437.0,63.0,0,0,0,0,4634.9019530000005,0.0,0.0,248,104,5,0,3,1245001375,True,,10634.901953,0.0,outward
15,9919.714071,8589.047603,5231.582459,1330.6664679999994,0.13414363140669192,4688.131612,15,12,True,False,False,20,20,73,71,15,15,7905.714071,1640.0,299.0,75.0,1213.6664679999994,100.0,17.0,0.0,3919.7140710000003,1330.6664679999994,0.0,155,60,3,0,0,1245001376,True,,9919.714071,0.0,area
15,9470.083928,7030.438441,2995.776997,2439.645487,0.2576160365154474,6474.306931,15,14,True,False,False,40,40,59,59,15,15,7215.083928,1835.0,339.0,81.0,2207.645487,200.0,32.0,0.0,3470.083928,2439.645487,0.0,155,59,1,0,0,1245001377,True,,9470.083928,0.0,edge
16,1605.987455,1605.987455,698.264426,0.0,0.0,907.723029,16,16,True,True,False,0,0,0,0,16,16,1179.987455,290.0,56.0,80.0,0,0,0,0,0.0,0.0,0.0,11,0,0,0,0,1245001378,True,,1605.987455,0.0,cluster
16,8806.853052,8806.853052,6082.805641,0.0,0.0,2724.0474110000005,15,12,False,False,False,0,0,12,11,16,16,6120.853052,1665.0,308.0,713.0,0,0,0,0,2806.8530520000004,0.0,0.0,83,3,4,211,1,1245001379,True,,8806.853052,0.0,outward
14,10312.32978,10312.32978,7112.704217,0.0,0.0,3199.6255629999996,13,11,False,False,False,0,0,91,88,14,14,8292.32978,1650.0,300.0,70.0,0,0,0,0,4312.32978,0.0,0.0,186,75,3,0,1,1245001380,True,,10312.32978,0.0,area
12,9028.802277,5747.358733,1709.0,3281.4435440000007,0.3634417327267383,7319.802277000001,12,12,True,True,False,96,96,88,88,12,12,6637.802277000001,1965.0,363.0,63.0,2717.4435440000007,480.0,84.0,0.0,3028.8022770000007,3028.8022770000007,0.0,248,88,0,0,0,1245001381,True,,9028.802277,0.0,edge
11,9036.801519,1934.279845,1097.237866,7102.5216740000005,0.7859552585134076,7939.563653000001,11,11,True,True,False,234,234,99,99,11,11,7128.801519000001,1570.0,283.0,55.0,5724.5216740000005,1170.0,208.0,0.0,3036.8015190000006,3036.8015190000006,0.0,279,99,0,0,0,1245001382,True,,9036.801519,0.0,cluster
15,9368.441513,9368.441513,6615.944876,0.0,0.0,2752.496637,14,11,False,False,False,0,0,66,64,15,15,7355.441513,1640.0,298.0,75.0,0,0,0,0,3368.4415129999998,0.0,0.0,155,55,4,0,1,1245001383,True,,9368.441513,0.0,outward
15,8878.327757,6087.834006,1699.844276,2790.493750999999,0.3143039801385876,7178.483480999999,15,14,True,False,False,55,55,55,55,15,15,7197.327756999999,1360.0,243.0,78.0,2471.493750999999,275.0,44.0,0.0,2878.327756999999,2790.493750999999,0.0,155,55,1,0,0,1245001384,True,,8878.327757,0.0,area
13,9598.545219,8021.853481,5952.238391,1576.6917379999995,0.16426361516524304,3646.3068279999998,13,11,True,False,False,35,35,85,83,13,13,7085.545219,2060.0,382.0,71.0,1371.6917379999995,175.0,30.0,0.0,3598.5452189999996,1576.6917379999995,0.0,217,77,2,0,0,1245001385,True,,9598.545219,0.0,edge
13,8552.450738,2348.189253,743.0,6204.261484999999,0.7254366818429488,7809.450738,13,13,True,True,False,175,175,72,72,13,13,6915.450738,1335.0,237.0,65.0,5179.261484999999,875.0,150.0,0.0,2552.4507379999995,2552.4507379999995,0.0,217,72,0,0,0,1245001386,True,,8552.450738,0.0,cluster
14,9304.088924,8479.826799,8015.191967,824.2621249999993,0.08859138511389396,1288.896957,13,11,False,False,False,24,24,98,92,14,14,6802.088924,2020.0,373.0,109.0,684.2621249999993,120.0,20.0,0.0,3304.0889239999997,824.2621249999993,0.0,186,78,3,3,1,1245001387,True,,9304.088924,0.0,outward
15,9134.386694,9134.386694,4534.977085,0.0,0.0,4599.409609,15,13,True,False,False,0,0,45,45,15,15,7376.386694000001,1425.0,255.0,78.0,0,0,0,0,3134.3866940000007,0.0,0.0,155,45,2,0,0,1245001388,True,,9134.386694,0.0,area
13,12545.892034,12545.892034,9905.451406,0.0,0.0,2640.4406280000003,11,4,False,False,False,0,0,172,165,13,13,8741.892034,2590.0,483.0,731.0,0,0,0,0,6545.892034,0.0,0.0,217,91,9,221,2,1245001389,True,,12545.892034,0.0,edge
10,8810.876016,2143.265234,1355.211157,6667.610782,0.7567477705839959,7455.664859,10,10,True,True,False,250,250,110,110,10,10,6620.876016,1805.0,332.0,53.0,5192.610782,1250.0,225.0,0.0,2810.876016,2810.876016,0.0,310,110,0,0,0,1245001390,True,,8810.876016,0.0,cluster
15,9721.996133,9721.996133,4448.390873,0.0,0.0,5273.60526,15,12,True,False,False,0,0,75,72,15,15,7313.996133000001,1970.0,363.0,75.0,0,0,0,0,3721.9961330000006,0.0,0.0,155,55,3,0,0,1245001391,True,,9721.996133,0.0,outward
13,12982.051166,12982.051166,4264.528663,0.0,0.0,8717.522503,13,5,True,False,False,0,0,154,150,13,13,9518.051166,2300.0,424.0,740.0,0,0,0,0,6982.051165999999,0.0,0.0,217,84,8,225,0,1245001392,True,,12982.051166,0.0,area
15,9849.911932,6842.898244,1925.0,3007.013688000001,0.30528330697363243,7924.911932000001,15,10,True,False,False,45,45,73,69,15,15,7524.911932000001,1885.0,347.0,93.0,2746.013688000001,225.0,36.0,0.0,3849.911932000001,3007.013688000001,0.0,155,60,5,2,0,1245001393,True,,9849.911932,0.0,edge
13,8400.099526,3537.842102,1400.189457,4862.257423999999,0.5788333113137926,6999.910069,13,13,True,True,False,140,140,71,71,13,13,6797.099526,1305.0,230.0,68.0,4042.257424,700.0,120.0,0.0,2400.099526,2400.099526,0.0,217,71,0,0,0,1245001394,True,,8400.099526,0.0,cluster
13,11387.003066,11387.003066,8548.104532,0.0,0.0,2838.898534,10,5,False,False,False,0,0,148,139,13,13,8088.003065999999,2490.0,465.0,344.0,0,0,0,0,5387.003065999999,0.0,0.0,217,84,8,93,3,1245001395,True,,11387.003066,0.0,outward
12,9547.23036,8365.028726,1669.348945,1182.201633999999,0.1238266585619496,7877.881415,12,11,True,False,False,40,40,112,112,12,12,7423.23036,1745.0,319.0,60.0,947.2016339999991,200.0,35.0,0.0,3547.2303599999996,1182.201633999999,0.0,248,104,1,0,0,1245001396,True,,9547.23036,0.0,area
11,10068.004515,10068.004515,9351.584637,0.0,0.0,716.4198780000006,9,5,False,False,False,0,0,172,159,11,11,7053.0045150000005,2490.0,467.0,58.0,0,0,0,0,4068.0045150000005,0.0,0.0,279,117,6,1,2,1245001397,True,,10068.004515,0.0,edge
11,8546.895798,2390.445879,107.0,6156.449919,0.7203141426435348,8439.895798,11,11,True,True,False,216,216,90,90,11,11,6632.895798,1570.0,283.0,61.0,4884.449919,1080.0,192.0,0.0,2546.8957979999996,2546.8957979999996,0.0,279,90,0,0,0,1245001398,True,,8546.895798,0.0,cluster
12,9057.352304,7782.075016,2623.107531,1275.2772880000002,0.1408002300448001,6434.244773,12,10,True,False,False,32,32,96,93,12,12,6561.352304,2055.0,381.0,60.0,1087.2772880000002,160.0,28.0,0.0,3057.352304,1275.2772880000002,0.0,248,88,2,0,0,1245001399,True,,9057.352304,0.0,outward
11,9274.506099,7389.596768,3866.510646,1884.9093309999998,0.2032355481660889,5407.9954529999995,11,10,True,False,False,63,63,103,102,11,11,6930.506099,1930.0,356.0,58.0,1513.9093309999998,315.0,56.0,0.0,3274.506099,1884.9093309999998,0.0,279,99,1,0,0,1245001400,True,,9274.506099,0.0,area
15,13086.674182,13086.674182,8419.081067,0.0,0.0,4667.5931150000015,14,10,False,False,False,0,0,105,101,15,15,9839.674182,1915.0,351.0,981.0,0,0,0,0,7086.674182000001,0.0,0.0,155,67,5,298,1,1245001401,True,,13086.674182,0.0,edge
13,8375.758873,2189.764245,364.0,6185.994628,0.7385593021237874,8011.758873000001,13,13,True,True,False,175,175,66,66,13,13,6790.758873000001,1290.0,227.0,68.0,5160.994628000001,875.0,150.0,0.0,2375.7588730000007,2375.7588730000007,0.0,217,66,0,0,0,1245001402,True,,8375.758873,0.0,cluster
12,9763.093363,9763.093363,6432.626409,0.0,0.0,3330.4669539999995,11,7,False,False,False,0,0,123,119,12,12,7021.093363,2260.0,422.0,60.0,0,0,0,0,3763.093363,0.0,0.0,248,96,5,0,1,1245001403,True,,9763.093363,0.0,outward
14,14694.75938,14694.75938,8026.092203,0.0,0.0,6668.667176999999,13,4,False,False,False,0,0,190,186,14,14,10400.75938,2675.0,499.0,1120.0,0,0,0,0,8694.75938,0.0,0.0,186,72,10,350,1,1245001404,True,,14694.75938,0.0,area
15,9915.648784,9328.58074,4962.301945,587.0680440000015,0.05920621603170343,4953.346839000001,15,13,True,False,False,15,15,65,64,15,15,7660.648784000001,1835.0,336.0,84.0,500.06804400000146,75.0,12.0,0.0,3915.648784000001,587.0680440000015,0.0,155,60,2,0,0,1245001405,True,,9915.648784,0.0,edge
13,8260.405776,2034.16857,1013.0,6226.237206,0.7537447160392379,7247.405776,13,13,True,True,False,182,182,70,70,13,13,6582.405776,1365.0,242.0,71.0,5160.237206,910.0,156.0,0.0,2260.4057759999996,2260.4057759999996,0.0,217,70,0,0,0,1245001406,True,,8260.405776,0.0,cluster
10,11688.637333,11688.637333,9361.175048,0.0,0.0,2327.4622850000014,9,5,False,False,False,0,0,142,139,10,10,8437.637333,2435.0,454.0,362.0,0,0,0,0,5688.637333000001,0.0,0.0,310,114,5,104,1,1245001407,True,,11688.637333,0.0,outward
15,8913.461201,7649.43025,3187.212897,1264.0309509999997,0.1418114604973193,5726.248304000001,15,13,True,False,False,20,20,45,45,15,15,7221.461201,1365.0,243.0,84.0,1148.0309509999997,100.0,16.0,0.0,2913.461201,1264.0309509999997,0.0,155,45,2,0,0,1245001408,True,,8913.461201,0.0,area
10,11211.221697,11211.221697,5212.135711,0.0,0.0,5999.085986000001,10,7,True,False,False,0,0,135,134,10,10,8120.221697000001,2365.0,442.0,284.0,0,0,0,0,5211.221697000001,0.0,0.0,310,110,3,78,0,1245001409,True,,11211.221697,0.0,edge
11,9821.692912,9821.692912,707.0,0.0,0.0,9114.692912,11,10,True,False,False,0,0,123,123,11,11,7308.692912,2005.0,369.0,139.0,0,0,0,0,3821.6929120000004,0.0,0.0,279,108,1,26,0,1245001410,True,,9821.692912,0.0,cluster
12,10169.7455,9156.39854,4066.946234,1013.3469600000008,0.09964329589172125,6102.799266000001,12,7,True,False,False,24,24,141,134,12,12,7476.745500000001,2220.0,413.0,60.0,872.3469600000008,120.0,21.0,0.0,4169.745500000001,1013.3469600000008,0.0,248,112,5,0,0,1245001411,True,,10169.7455,0.0,outward
10,9201.556283,7353.751284,1498.583911,1847.804999,0.20081439945260615,7702.972372,10,9,True,False,False,70,70,125,125,10,10,6859.556283,1935.0,357.0,50.0,1434.804999,350.0,63.0,0.0,3201.556283,1847.804999,0.0,310,120,1,0,0,1245001412,True,,9201.556283,0.0,area
10,12932.292423,12932.292423,9760.332802,0.0,0.0,3171.959621,8,3,False,False,False,0,0,182,174,10,10,9111.292423,2725.0,512.0,584.0,0,0,0,0,6932.292423000001,0.0,0.0,310,120,7,178,2,1245001413,True,,12932.292423,0.0,edge
11,8844.996731,2605.340045,1604.880367,6239.656685999999,0.7054447701638161,7240.1163639999995,11,11,True,True,False,216,216,99,99,11,11,6865.996730999999,1625.0,296.0,58.0,4966.656685999999,1080.0,193.0,0.0,2844.9967309999993,2844.9967309999993,0.0,279,99,0,0,0,1245001414,True,,8844.996731,0.0,cluster
13,9713.188814,9713.188814,8632.24636,0.0,0.0,1080.942454,12,10,False,False,False,0,0,137,133,13,13,7107.188813999999,2135.0,397.0,74.0,0,0,0,0,3713.188813999999,0.0,0.0,217,98,3,1,1,1245001415,True,,9713.188814,0.0,outward
10,11798.126194,11798.126194,1367.0,0.0,0.0,10431.126194,10,7,True,False,False,0,0,146,145,10,10,8834.126194,2065.0,381.0,518.0,0,0,0,0,5798.126194,0.0,0.0,310,127,3,155,0,1245001416,True,,11798.126194,0.0,area
11,9761.105282,8420.007279,1919.0,1341.098003000001,0.137392023162895,7842.105282,11,5,True,False,False,45,45,142,136,11,11,6881.105282,2370.0,443.0,67.0,1076.098003000001,225.0,40.0,0.0,3761.1052820000004,1341.098003000001,0.0,279,108,6,3,0,1245001417,True,,9761.105282,0.0,edge
11,10747.074259,10747.074259,3113.0,0.0,0.0,7634.074259000001,11,10,True,False,False,0,0,127,127,11,11,7908.074259000001,2050.0,377.0,412.0,0,0,0,0,4747.074259000001,0.0,0.0,279,112,1,118,0,1245001418,True,,10747.074259,0.0,cluster
13,13291.438448,13291.438448,10079.525671,0.0,0.0,3211.9127770000014,8,1,False,False,False,0,0,184,169,13,13,8905.438448,2800.0,522.0,1064.0,0,0,0,0,7291.438448000001,0.0,0.0,217,84,12,333,5,1245001419,True,,13291.438448,0.0,outward
10,9537.218983,9025.179628,3844.710537,512.0393550000008,0.053688539176116844,5692.508446000001,10,8,True,False,False,20,20,132,130,10,10,7045.218983000001,2055.0,381.0,56.0,394.0393550000008,100.0,18.0,0.0,3537.2189830000007,512.0393550000008,0.0,310,122,2,0,0,1245001420,True,,9537.218983,0.0,area
14,10023.617986,8185.641605,6420.384268,1837.9763809999995,0.18336456792019643,3603.2337179999995,13,8,False,False,False,36,36,93,88,14,14,7411.617985999999,2110.0,390.0,112.0,1627.9763809999995,180.0,30.0,0.0,4023.6179859999993,1837.9763809999995,0.0,186,72,6,14,1,1245001421,True,,10023.617986,0.0,edge
13,8214.123249,1308.09012,383.0,6906.033129,0.8407510965751276,7831.123249,13,13,True,True,False,196,196,63,63,13,13,6659.123249,1265.0,222.0,68.0,5758.033129,980.0,168.0,0.0,2214.123249,2214.123249,0.0,217,63,0,0,0,1245001422,True,,8214.123249,0.0,cluster
15,9180.932952,5956.556169,5306.448361,3224.376782999999,0.35120360859378585,3874.4845909999995,15,15,True,True,False,55,55,55,55,15,15,6923.932951999999,1840.0,339.0,78.0,2905.376782999999,275.0,44.0,0.0,3180.932951999999,3180.932951999999,0.0,155,55,0,0,0,1245001423,True,,9180.932952,0.0,outward
15,10366.829783,9288.261185,2572.186661,1078.5685979999998,0.10404034990221271,7794.6431219999995,15,13,True,False,False,10,10,76,74,15,15,8360.829783,1625.0,297.0,84.0,1019.5685979999998,50.0,9.0,0.0,4366.829782999999,1078.5685979999998,0.0,155,60,2,0,0,1245001424,True,,10366.829783,0.0,area
13,11361.198688,11361.198688,5874.321045,0.0,0.0,5486.877643000001,13,6,True,False,False,0,0,148,143,13,13,8382.198688,2370.0,442.0,167.0,0,0,0,0,5361.198688,0.0,0.0,217,91,7,29,0,1245001425,True,,11361.198688,0.0,edge
11,8573.044686,2269.819521,107.0,6303.225165,0.7352376426187684,8466.044686,11,11,True,True,False,216,216,99,99,11,11,6676.044685999999,1560.0,282.0,55.0,5030.225164999999,1080.0,193.0,0.0,2573.0446859999993,2573.0446859999993,0.0,279,99,0,0,0,1245001426,True,,8573.044686,0.0,cluster
14,10316.411146,10316.411146,7616.784297,0.0,0.0,2699.626849,13,5,False,False,False,0,0,118,106,14,14,7366.411146,2420.0,454.0,76.0,0,0,0,0,4316.411146,0.0,0.0,186,66,9,0,1,1245001427,True,,10316.411146,0.0,outward
13,11304.51156,11304.51156,2438.719889,0.0,0.0,8865.791671,13,10,True,False,False,0,0,120,119,13,13,8406.51156,1990.0,366.0,542.0,0,0,0,0,5304.511560000001,0.0,0.0,217,84,3,157,0,1245001428,True,,11304.51156,0.0,area
13,9908.785785,9377.928206,8444.449132,530.8575789999995,0.053574432883957995,1464.3366530000003,12,9,False,False,False,21,21,110,104,13,13,7348.785785,2100.0,389.0,71.0,407.85757899999953,105.0,18.0,0.0,3908.785785,530.8575789999995,0.0,217,84,4,1,1,1245001429,True,,9908.785785,0.0,edge
12,10250.399954,10250.399954,1668.0,0.0,0.0,8582.399954,12,11,True,False,False,0,0,94,94,12,12,7726.399954,1725.0,313.0,486.0,0,0,0,0,4250.399954,0.0,0.0,248,81,1,142,0,1245001430,True,,10250.399954,0.0,cluster
16,7159.018921,7159.018921,5748.690403,0.0,0.0,1410.3285180000003,16,15,True,False,False,0,0,0,0,16,16,4940.018921,1460.0,271.0,488.0,0,0,0,0,1159.0189209999999,0.0,0.0,74,0,1,136,0,1245001431,True,,7159.018921,0.0,outward
14,9055.813665,8115.90216,7248.899812,939.911505,0.10379095018625255,1806.913853,13,12,False,False,False,24,24,84,79,14,14,7137.813665,1560.0,282.0,76.0,799.911505,120.0,20.0,0.0,3055.8136649999997,939.911505,0.0,186,72,2,0,1,1245001432,True,,9055.813665,0.0,area
15,9879.181432,9879.181432,7999.55153,0.0,0.0,1879.6299019999997,14,9,False,False,False,0,0,83,78,15,15,7557.181431999999,1875.0,345.0,102.0,0,0,0,0,3879.1814319999994,0.0,0.0,155,60,6,7,1,1245001433,True,,9879.181432,0.0,edge
14,11565.850022,11565.850022,983.0,0.0,0.0,10582.850022,14,11,True,False,False,0,0,115,114,14,14,8855.850022,1745.0,316.0,649.0,0,0,0,0,5565.8500220000005,0.0,0.0,186,72,3,193,0,1245001434,True,,11565.850022,0.0,cluster
10,10159.907137,10159.907137,5907.257569,0.0,0.0,4252.649568,10,6,True,False,False,0,0,149,141,10,10,7203.907137,2440.0,457.0,59.0,0,0,0,0,4159.907137,0.0,0.0,310,120,4,1,0,1245001435,True,,10159.907137,0.0,outward
11,10500.515609,10500.515609,2273.0,0.0,0.0,8227.515609,11,7,True,False,False,0,0,160,157,11,11,7706.515609,2295.0,426.0,73.0,0,0,0,0,4500.515609,0.0,0.0,279,117,4,6,0,1245001436,True,,10500.515609,0.0,area
15,9384.061016,7928.638004,1991.0,1455.4230119999993,0.1550952204507703,7393.061016,15,13,True,False,False,25,25,61,60,15,15,7175.061016,1800.0,331.0,78.0,1309.4230119999993,125.0,21.0,0.0,3384.0610159999997,1455.4230119999993,0.0,155,55,2,0,0,1245001437,True,,9384.061016,0.0,edge
11,8806.916879,2302.208543,1025.0,6504.708336,0.7385908627695134,7781.916879,11,11,True,True,False,225,225,99,99,11,11,6864.916879,1595.0,289.0,58.0,5179.708336,1125.0,200.0,0.0,2806.9168790000003,2806.9168790000003,0.0,279,99,0,0,0,1245001438,True,,8806.916879,0.0,cluster
12,9796.223902,9712.383146,8310.71642,83.8407559999996,0.008558476902807689,1485.507481999999,10,7,False,False,False,8,8,149,140,12,12,6937.223902,2355.0,441.0,63.0,36.8407559999996,40.0,7.0,0.0,3796.2239019999997,83.8407559999996,0.0,248,107,5,1,2,1245001439,True,,9796.223902,0.0,outward
14,12405.878053,12405.878053,1973.0,0.0,0.0,10432.878053,14,8,True,False,False,0,0,136,132,14,14,9423.878053,1980.0,362.0,640.0,0,0,0,0,6405.878053,0.0,0.0,186,90,6,188,0,1245001440,True,,12405.878053,0.0,area
12,10137.537556,8535.205394,5235.470786,1602.3321619999988,0.15805930711957195,4902.066769999999,12,7,True,False,False,48,48,111,105,12,12,7425.537555999999,2235.0,417.0,60.0,1320.3321619999988,240.0,42.0,0.0,4137.537555999999,1602.3321619999988,0.0,248,96,5,0,0,1245001441,True,,10137.537556,0.0,edge
15,9619.305717,5132.011895,1519.63234,4487.293822,0.4664883260825881,8099.673376999999,15,15,True,True,False,75,75,60,60,15,15,8088.305716999999,1235.0,218.0,78.0,4051.2938219999996,375.0,61.0,0.0,3619.3057169999993,3619.3057169999993,0.0,155,60,0,0,0,1245001442,True,,9619.305717,0.0,cluster
16,12352.775941,12352.775941,7659.687861,0.0,0.0,4693.0880799999995,11,5,False,False,False,0,0,108,95,16,16,9303.775941,2245.0,418.0,386.0,0,0,0,0,6352.775941,0.0,0.0,104,24,11,102,5,1245001443,True,,12352.775941,0.0,outward
16,8372.771649,8372.771649,5292.069938,0.0,0.0,3080.7017110000006,16,12,True,False,False,0,0,6,6,16,16,6418.771649,1375.0,250.0,329.0,0,0,0,0,2372.7716490000003,0.0,0.0,67,0,4,83,0,1245001444,True,,8372.771649,0.0,area
15,10621.367654,10621.367654,5303.647599,0.0,0.0,5317.720055,15,11,True,False,False,0,0,95,92,15,15,8192.367654,1960.0,361.0,108.0,0,0,0,0,4621.367654,0.0,0.0,155,65,4,11,0,1245001445,True,,10621.367654,0.0,edge
10,11134.083132,11134.083132,1283.760085,0.0,0.0,9850.323047,10,8,True,False,False,0,0,130,130,10,10,8315.083132,1925.0,352.0,542.0,0,0,0,0,5134.083132,0.0,0.0,310,130,2,164,0,1245001446,True,,11134.083132,0.0,cluster
13,9266.353515,9266.353515,4598.149838,0.0,0.0,4668.203677,13,10,True,False,False,0,0,89,86,13,13,6741.353515000001,2075.0,385.0,65.0,0,0,0,0,3266.3535150000007,0.0,0.0,217,77,3,0,0,1245001447,True,,9266.353515,0.0,outward
10,9821.995757,7628.117179,1850.043851,2193.8785780000007,0.22336382872456995,7971.951906,10,5,True,False,False,80,80,115,113,10,10,7372.995757000001,2025.0,374.0,50.0,1721.8785780000007,400.0,72.0,0.0,3821.9957570000006,2193.8785780000007,0.0,310,110,5,0,0,1245001448,True,,9821.995757,0.0,area
14,11011.933555,11011.933555,5356.294102,0.0,0.0,5655.639453,14,8,True,False,False,0,0,88,83,14,14,8255.933555,2100.0,388.0,268.0,0,0,0,0,5011.933555,0.0,0.0,186,66,6,65,0,1245001449,True,,11011.933555,0.0,edge
16,3420.476491,3420.476491,1289.0,0.0,0.0,2131.476491,16,16,True,True,False,0,0,0,0,16,16,2447.476491,450.0,80.0,443.0,0,0,0,0,0.0,0.0,0.0,20,0,0,0,0,1245001450,True,,3420.476491,0.0,cluster
14,10836.413761,10836.413761,8890.624197,0.0,0.0,1945.7895640000006,6,2,False,False,False,0,0,172,154,14,14,7638.413761,2630.0,495.0,73.0,0,0,0,0,4836.413761,0.0,0.0,186,78,12,1,8,1245001451,True,,10836.413761,0.0,outward
14,12188.776455,12188.776455,4590.662067,0.0,0.0,7598.114387999999,14,10,True,False,False,0,0,121,119,14,14,9422.776455,1925.0,351.0,490.0,0,0,0,0,6188.776454999999,0.0,0.0,186,84,4,139,0,1245001452,True,,12188.776455,0.0,area
13,10704.523229,10704.523229,6702.323732,0.0,0.0,4002.1994970000005,10,4,False,False,False,0,0,141,124,13,13,7757.523229,2415.0,452.0,80.0,0,0,0,0,4704.523229,0.0,0.0,217,84,9,5,3,1245001453,True,,10704.523229,0.0,edge
11,10371.091939,10371.091939,1027.993786,0.0,0.0,9343.098152999999,11,9,True,False,False,0,0,102,102,11,11,7846.091939,1825.0,333.0,367.0,0,0,0,0,4371.091939,0.0,0.0,279,102,2,103,0,1245001454,True,,10371.091939,0.0,cluster
10,9834.527869,8213.682788,6907.425589,1620.8450809999995,0.16481168212550007,2927.102279999999,9,6,False,False,False,40,40,139,134,10,10,6848.527869,2470.0,463.0,53.0,1384.8450809999995,200.0,36.0,0.0,3834.5278689999996,1620.8450809999995,0.0,310,119,4,1,1,1245001455,True,,9834.527869,0.0,outward
11,9381.79212,9381.79212,6719.383342,0.0,0.0,2662.408778,9,7,False,False,False,0,0,111,102,11,11,6881.79212,2055.0,381.0,64.0,0,0,0,0,3381.79212,0.0,0.0,279,99,4,0,2,1245001456,True,,9381.79212,0.0,area
14,9498.803536,9498.803536,9369.443899,0.0,0.0,129.35963699999957,10,8,False,False,False,0,0,115,106,14,14,6923.803535999999,2090.0,385.0,100.0,0,0,0,0,3498.8035359999994,0.0,0.0,186,72,6,6,4,1245001457,True,,9498.803536,0.0,edge
14,8485.849229,8485.849229,1001.0,0.0,0.0,7484.8492289999995,14,12,True,False,False,0,0,62,60,14,14,6852.8492289999995,1325.0,235.0,73.0,0,0,0,0,2485.8492289999995,0.0,0.0,186,54,2,0,0,1245001458,True,,8485.849229,0.0,cluster
13,10392.504119,10178.60009,9332.691643,213.90402899999935,0.020582530115040444,1059.8124759999992,7,1,False,False,False,7,7,148,131,13,13,7192.504118999999,2620.0,491.0,89.0,172.90402899999935,35.0,6.0,0.0,4392.504118999999,213.90402899999935,0.0,217,84,12,8,6,1245001459,True,,10392.504119,0.0,outward
13,9655.27894,9655.27894,3501.441864,0.0,0.0,6153.837076,13,11,True,False,False,0,0,100,96,13,13,7536.27894,1730.0,315.0,74.0,0,0,0,0,3655.27894,0.0,0.0,217,84,2,0,0,1245001460,True,,9655.27894,0.0,area
13,9813.175722,9813.175722,3954.434541,0.0,0.0,5858.741180999999,13,11,True,False,False,0,0,98,97,13,13,7375.175722,2000.0,370.0,68.0,0,0,0,0,3813.175722,0.0,0.0,217,77,2,0,0,1245001461,True,,9813.175722,0.0,edge
16,2194.119562,2194.119562,119.0,0.0,0.0,2075.119562,16,16,True,True,False,0,0,0,0,16,16,1686.1195619999999,205.0,37.0,266.0,0,0,0,0,0.0,0.0,0.0,4,0,0,0,0,1245001462,True,,2194.119562,0.0,cluster
13,9736.307293,9736.307293,8318.468274,0.0,0.0,1417.839018999999,9,7,False,False,False,0,0,128,116,13,13,6845.307293,2380.0,446.0,65.0,0,0,0,0,3736.307293,0.0,0.0,217,84,6,0,4,1245001463,True,,9736.307293,0.0,outward
15,12073.977883,12073.977883,3614.902923,0.0,0.0,8459.07496,15,11,True,False,False,0,0,86,85,15,15,9639.977883,1525.0,273.0,636.0,0,0,0,0,6073.977883,0.0,0.0,155,65,4,186,0,1245001464,True,,12073.977883,0.0,area
14,10249.573736,10249.573736,4175.698598,0.0,0.0,6073.875138,14,8,True,False,False,0,0,113,110,14,14,7444.573736,2285.0,429.0,91.0,0,0,0,0,4249.573736,0.0,0.0,186,69,6,6,0,1245001465,True,,10249.573736,0.0,edge
14,8139.841506,1699.776731,749.0,6440.064775,0.7911781538071634,7390.841506,14,14,True,True,False,162,162,54,54,14,14,6690.841506,1170.0,203.0,76.0,5495.064775,810.0,135.0,0.0,2139.8415059999998,2139.8415059999998,0.0,186,54,0,0,0,1245001466,True,,8139.841506,0.0,cluster
11,11279.19348,11279.19348,6503.700671,0.0,0.0,4775.492809,9,6,False,False,False,0,0,116,112,11,11,8287.19348,2200.0,407.0,385.0,0,0,0,0,5279.19348,0.0,0.0,279,99,5,110,2,1245001467,True,,11279.19348,0.0,outward
15,9087.924566,8177.612619,3161.497717,910.3119469999992,0.10016719883499958,5926.4268489999995,15,13,True,False,False,20,20,68,66,15,15,7363.924566,1395.0,248.0,81.0,794.3119469999992,100.0,16.0,0.0,3087.9245659999997,910.3119469999992,0.0,155,60,2,0,0,1245001468,True,,9087.924566,0.0,area
10,9426.073615,9132.26184,2327.0,293.8117750000001,0.031170112498638717,7099.073614999999,10,5,True,False,False,10,10,145,138,10,10,6375.073614999999,2525.0,476.0,50.0,234.81177500000013,50.0,9.0,0.0,3426.0736149999993,293.8117750000001,0.0,310,115,5,0,0,1245001469,True,,9426.073615,0.0,edge
12,10225.390254,10225.390254,743.0,0.0,0.0,9482.390254,12,11,True,False,False,0,0,99,99,12,12,7790.390254,1595.0,288.0,552.0,0,0,0,0,4225.390254,0.0,0.0,248,86,1,164,0,1245001470,True,,10225.390254,0.0,cluster
16,10143.543135,10143.543135,9184.068701,0.0,0.0,959.4744339999997,10,8,False,False,False,0,0,119,105,16,16,7215.543135,2235.0,418.0,275.0,0,0,0,0,4143.543135,0.0,0.0,115,43,8,65,6,1245001471,True,,10143.543135,0.0,outward
13,8993.45086,6716.769244,1247.0,2276.6816160000008,0.2531488359074662,7746.450860000001,13,11,True,False,False,63,63,79,77,13,13,7006.450860000001,1625.0,294.0,68.0,1907.6816160000008,315.0,54.0,0.0,2993.450860000001,2276.6816160000008,0.0,217,77,2,0,0,1245001472,True,,8993.45086,0.0,area
15,11167.683754,11167.683754,4805.091635,0.0,0.0,6362.592119,15,7,True,False,False,0,0,109,104,15,15,8328.683754,2240.0,416.0,183.0,0,0,0,0,5167.683754,0.0,0.0,155,55,8,36,0,1245001473,True,,11167.683754,0.0,edge
13,8752.64586,2079.48493,1024.293408,6673.16093,0.7624164209015535,7728.352452000001,13,13,True,True,False,182,182,75,75,13,13,7103.6458600000005,1340.0,238.0,71.0,5607.160930000001,910.0,156.0,0.0,2752.6458600000005,2752.6458600000005,0.0,217,75,0,0,0,1245001474,True,,8752.64586,0.0,cluster
16,6065.138972,6065.138972,5541.168186,0.0,0.0,523.9707859999999,16,15,True,False,False,0,0,0,0,16,16,4355.138972,1370.0,257.0,83.0,0,0,0,0,65.13897199999974,0.0,0.0,68,0,1,1,0,1245001475,True,,6065.138972,0.0,outward
15,11377.987394,11377.987394,2328.033149,0.0,0.0,9049.954245,15,10,True,False,False,0,0,85,84,15,15,8707.987394,1785.0,324.0,561.0,0,0,0,0,5377.987394,0.0,0.0,155,54,5,161,0,1245001476,True,,11377.987394,0.0,area
11,9211.726232,8063.265056,7595.90653,1148.4611760000007,0.12467382845252588,1615.8197020000007,10,8,False,False,False,36,36,117,113,11,11,6532.726232000001,2195.0,408.0,76.0,936.4611760000007,180.0,32.0,0.0,3211.726232000001,1148.4611760000007,0.0,279,107,3,2,1,1245001477,True,,9211.726232,0.0,edge
13,9366.709368,9366.709368,713.0,0.0,0.0,8653.709368,13,11,True,False,False,0,0,90,89,13,13,7363.709368,1605.0,288.0,110.0,0,0,0,0,3366.709368,0.0,0.0,217,70,2,15,0,1245001478,True,,9366.709368,0.0,cluster
15,12890.270036,12890.270036,8764.284239,0.0,0.0,4125.985796999999,13,7,False,False,False,0,0,118,110,15,15,9522.270036,2185.0,403.0,780.0,0,0,0,0,6890.270036,0.0,0.0,155,68,8,235,2,1245001479,True,,12890.270036,0.0,outward
13,9984.314288,9539.704069,9035.600782,444.61021900000014,0.044530871742926866,948.713506,11,7,False,False,False,14,14,122,112,13,13,7219.314288,2255.0,421.0,89.0,362.61021900000014,70.0,12.0,0.0,3984.3142879999996,444.61021900000014,0.0,217,84,6,2,2,1245001480,True,,9984.314288,0.0,area
13,10473.641402,10473.641402,4311.338165,0.0,0.0,6162.303236999999,13,8,True,False,False,0,0,105,100,13,13,7760.641401999999,2225.0,414.0,74.0,0,0,0,0,4473.641401999999,0.0,0.0,217,78,5,3,0,1245001481,True,,10473.641402,0.0,edge
13,9555.716673,9555.716673,2940.597377,0.0,0.0,6615.119296000001,13,11,True,False,False,0,0,102,101,13,13,7252.716673000001,1755.0,318.0,230.0,0,0,0,0,3555.716673000001,0.0,0.0,217,77,2,55,0,1245001482,True,,9555.716673,0.0,cluster
11,9655.662524,9363.224351,8879.425005,292.43817299999864,0.03028670195060337,776.2375190000002,8,6,False,False,False,9,9,132,123,11,11,6744.662523999999,2400.0,450.0,61.0,239.43817299999864,45.0,8.0,0.0,3655.6625239999994,292.43817299999864,0.0,279,108,5,0,3,1245001483,True,,9655.662524,0.0,outward
12,9570.384282,9570.384282,7012.195657,0.0,0.0,2558.1886250000007,11,9,False,False,False,0,0,92,90,12,12,7251.384282000001,1900.0,350.0,69.0,0,0,0,0,3570.384282000001,0.0,0.0,248,88,3,2,1,1245001484,True,,9570.384282,0.0,area
11,12029.597195,12029.597195,7775.038542,0.0,0.0,4254.558653,9,2,False,False,False,0,0,178,170,11,11,8274.597195,2770.0,519.0,466.0,0,0,0,0,6029.597195,0.0,0.0,279,108,9,137,2,1245001485,True,,12029.597195,0.0,edge
14,8887.207677,3706.534092,2771.398496,5180.6735850000005,0.5829360326987214,6115.8091810000005,14,14,True,True,False,120,120,66,66,14,14,7266.207677,1315.0,233.0,73.0,4480.6735850000005,600.0,100.0,0.0,2887.2076770000003,2887.2076770000003,0.0,186,66,0,0,0,1245001486,True,,8887.207677,0.0,cluster
13,10411.967995,10411.967995,8983.700662,0.0,0.0,1428.2673330000016,6,3,False,False,False,0,0,153,136,13,13,7252.967995000001,2600.0,491.0,68.0,0,0,0,0,4411.967995000001,0.0,0.0,217,84,10,1,7,1245001487,True,,10411.967995,0.0,outward
16,9991.052281,9991.052281,8496.449358,0.0,0.0,1494.6029230000004,15,12,False,False,False,0,0,67,63,16,16,8189.052281,1455.0,261.0,86.0,0,0,0,0,3991.052281,0.0,0.0,110,34,4,2,1,1245001488,True,,9991.052281,0.0,area
15,10109.215223,7775.170679,5316.191261,2334.0445439999994,0.2308828620731799,4793.023961999999,15,9,True,False,False,30,30,70,66,15,15,7825.215222999999,1840.0,336.0,108.0,2159.0445439999994,150.0,25.0,0.0,4109.215222999999,2334.0445439999994,0.0,155,55,6,8,0,1245001489,True,,10109.215223,0.0,edge
13,9713.97465,9713.97465,1031.0,0.0,0.0,8682.97465,13,11,True,False,False,0,0,83,83,13,13,7593.97465,1510.0,269.0,341.0,0,0,0,0,3713.97465,0.0,0.0,217,70,2,91,0,1245001490,True,,9713.97465,0.0,cluster
11,9530.130098,6920.78808,5920.340148,2609.3420179999994,0.27379920223204485,3609.7899499999994,11,8,True,False,False,81,81,102,100,11,11,6836.130098,2225.0,414.0,55.0,2132.3420179999994,405.0,72.0,0.0,3530.1300979999996,2609.3420179999994,0.0,279,99,3,0,0,1245001491,True,,9530.130098,0.0,outward
10,9504.488487,7586.985364,5982.492321,1917.5031230000004,0.20174711407380974,3521.996166000001,10,8,True,False,False,80,80,144,140,10,10,6953.4884870000005,2110.0,391.0,50.0,1445.5031230000004,400.0,72.0,0.0,3504.4884870000005,1917.5031230000004,0.0,310,137,2,0,0,1245001492,True,,9504.488487,0.0,area
11,9878.575847,9478.285078,8144.054241,400.2907689999993,0.040521100935977786,1734.5216060000002,9,6,False,False,False,18,18,134,127,11,11,7019.575847,2355.0,440.0,64.0,294.2907689999993,90.0,16.0,0.0,3878.575847,400.2907689999993,0.0,279,108,5,3,2,1245001493,True,,9878.575847,0.0,edge
15,10360.511358,10360.511358,3582.061165,0.0,0.0,6778.450193,15,13,True,False,False,0,0,78,78,15,15,8024.511358,1675.0,301.0,360.0,0,0,0,0,4360.511358,0.0,0.0,155,52,2,94,0,1245001494,True,,10360.511358,0.0,cluster
13,9544.902599,7950.945997,3931.055136,1593.9566019999993,0.16699558591273578,5613.847462999999,13,12,True,False,False,35,35,83,81,13,13,7130.902598999999,1980.0,369.0,65.0,1387.9566019999993,175.0,31.0,0.0,3544.902598999999,1593.9566019999993,0.0,217,77,1,0,0,1245001495,True,,9544.902599,0.0,outward
13,10362.34158,10362.34158,9927.283417,0.0,0.0,435.0581629999997,11,10,False,False,False,0,0,116,110,13,13,7950.34158,1975.0,366.0,71.0,0,0,0,0,4362.34158,0.0,0.0,217,91,3,2,2,1245001496,True,,10362.34158,0.0,area
16,8624.905035,8624.905035,5229.787556,0.0,0.0,3395.1174789999995,16,12,True,False,False,0,0,6,6,16,16,6237.905035,1540.0,284.0,563.0,0,0,0,0,2624.9050349999998,0.0,0.0,71,0,4,149,0,1245001497,True,,8624.905035,0.0,edge
11,9393.472121,9393.472121,1623.205047,0.0,0.0,7770.267074000001,11,10,True,False,False,0,0,99,99,11,11,7317.472121000001,1710.0,311.0,55.0,0,0,0,0,3393.4721210000007,0.0,0.0,279,99,1,0,0,1245001498,True,,9393.472121,0.0,cluster
14,9988.010433,9988.010433,7983.417122,0.0,0.0,2004.5933109999996,11,5,False,False,False,0,0,117,107,14,14,7247.0104329999995,2250.0,421.0,70.0,0,0,0,0,3988.0104329999995,0.0,0.0,186,72,9,0,3,1245001499,True,,9988.010433,0.0,outward
13,11155.839623,11155.839623,7043.616941,0.0,0.0,4112.222682,12,10,False,False,False,0,0,105,104,13,13,8686.839623,1800.0,328.0,341.0,0,0,0,0,5155.839623,0.0,0.0,217,84,3,91,1,1245001500,True,,11155.839623,0.0,area
10,9060.370203,8427.587125,7938.79057,632.7830780000004,0.06984075306221793,1121.5796330000003,9,4,False,False,False,30,30,135,128,10,10,6119.370203,2435.0,456.0,50.0,455.7830780000004,150.0,27.0,0.0,3060.3702030000004,632.7830780000004,0.0,310,110,6,0,1,1245001501,True,,9060.370203,0.0,edge
13,9243.212381,9243.212381,959.0,0.0,0.0,8284.212381,13,12,True,False,False,0,0,97,96,13,13,7337.212380999999,1560.0,281.0,65.0,0,0,0,0,3243.2123809999994,0.0,0.0,217,84,1,0,0,1245001502,True,,9243.212381,0.0,cluster
12,10614.446496,10614.446496,6280.888985,0.0,0.0,4333.557511000001,11,9,False,False,False,0,0,117,114,12,12,8022.4464960000005,2135.0,394.0,63.0,0,0,0,0,4614.4464960000005,0.0,0.0,248,96,3,1,1,1245001503,True,,10614.446496,0.0,outward
16,4797.153513,4797.153513,2653.012507,0.0,0.0,2144.1410060000003,16,16,True,True,False,0,0,0,0,16,16,3855.153513,705.0,133.0,104.0,0,0,0,0,0.0,0.0,0.0,29,0,0,0,0,1245001504,True,,4797.153513,0.0,area
14,10404.679056,10404.679056,4521.590424,0.0,0.0,5883.088632000001,14,10,True,False,False,0,0,101,98,14,14,7822.679056000001,2105.0,392.0,85.0,0,0,0,0,4404.679056000001,0.0,0.0,186,72,4,4,0,1245001505,True,,10404.679056,0.0,edge
13,9910.275107,9910.275107,1175.285275,0.0,0.0,8734.989832,13,6,True,False,False,0,0,112,112,13,13,7421.2751069999995,1925.0,352.0,212.0,0,0,0,0,3910.2751069999995,0.0,0.0,217,69,7,49,0,1245001506,True,,9910.275107,0.0,cluster
15,9479.550382,8000.009286,7337.160503,1479.541095999999,0.15607713830071387,2142.3898789999994,14,10,False,False,False,30,30,69,63,15,15,7208.550381999999,1855.0,341.0,75.0,1305.541095999999,150.0,24.0,0.0,3479.5503819999994,1479.541095999999,0.0,155,55,5,0,1,1245001507,True,,9479.550382,0.0,outward
13,10454.752417,10454.752417,4712.764306,0.0,0.0,5741.988111,13,11,True,False,False,0,0,105,102,13,13,8323.752417,1740.0,317.0,74.0,0,0,0,0,4454.752417,0.0,0.0,217,91,2,1,0,1245001508,True,,10454.752417,0.0,area
14,13375.043411,13375.043411,5886.344943,0.0,0.0,7488.6984680000005,14,2,True,False,False,0,0,176,168,14,14,9687.043411,2645.0,493.0,550.0,0,0,0,0,7375.043411000001,0.0,0.0,186,72,12,160,0,1245001509,True,,13375.043411,0.0,edge
12,9306.848487,3180.077256,713.0,6126.771230999999,0.6583078299338386,8593.848487,12,12,True,True,False,176,176,88,88,12,12,7213.848486999999,1715.0,312.0,66.0,5092.771230999999,880.0,154.0,0.0,3306.8484869999993,3306.8484869999993,0.0,248,88,0,0,0,1245001510,True,,9306.848487,0.0,cluster
12,9350.898827,8707.108851,2686.432102,643.789976,0.06884792445204369,6664.466725,12,9,True,False,False,24,24,126,122,12,12,6817.898827000001,2085.0,388.0,60.0,501.789976,120.0,22.0,0.0,3350.898827000001,643.789976,0.0,248,104,3,0,0,1245001511,True,,9350.898827,0.0,outward
14,10468.51016,10468.51016,6026.403277,0.0,0.0,4442.1068829999995,13,9,False,False,False,0,0,88,84,14,14,8149.51016,1830.0,335.0,154.0,0,0,0,0,4468.51016,0.0,0.0,186,71,5,28,1,1245001512,True,,10468.51016,0.0,area
15,9740.391437,9151.98135,4404.251372,588.4100870000002,0.0604092854795195,5336.1400650000005,15,13,True,False,False,10,10,72,70,15,15,7409.391437,1895.0,352.0,84.0,529.4100870000002,50.0,9.0,0.0,3740.391437,588.4100870000002,0.0,155,59,2,1,0,1245001513,True,,9740.391437,0.0,edge
15,9780.8392,9780.8392,1026.0,0.0,0.0,8754.8392,15,14,True,False,False,0,0,63,63,15,15,7813.8392,1260.0,221.0,486.0,0,0,0,0,3780.8392000000003,0.0,0.0,155,50,1,136,0,1245001514,True,,9780.8392,0.0,cluster
15,12740.853047,12740.853047,11049.889832,0.0,0.0,1690.9632149999998,11,4,False,False,False,0,0,144,132,15,15,9394.853047,2385.0,442.0,519.0,0,0,0,0,6740.8530470000005,0.0,0.0,155,60,11,146,4,1245001515,True,,12740.853047,0.0,outward
14,9276.218443,6686.058085,1943.0,2590.160358,0.2792258907997775,7333.218443,14,13,True,False,False,60,60,74,74,14,14,7191.218443,1695.0,308.0,82.0,2240.160358,300.0,50.0,0.0,3276.2184429999998,2590.160358,0.0,186,72,1,0,0,1245001516,True,,9276.218443,0.0,area
16,7520.522981,7520.522981,6419.575025,0.0,0.0,1100.947956,15,12,False,False,False,0,0,13,8,16,16,5749.522981,1410.0,263.0,98.0,0,0,0,0,1520.522981,0.0,0.0,77,5,4,2,1,1245001517,True,,7520.522981,0.0,edge
11,10967.867757,10967.867757,5171.0,0.0,0.0,5796.867757,11,8,True,False,False,0,0,163,162,11,11,7622.867757,2575.0,481.0,289.0,0,0,0,0,4967.867757,0.0,0.0,279,117,3,78,0,1245001518,True,,10967.867757,0.0,cluster
12,9688.332155,9406.062458,8289.758517,282.2696969999997,0.029135014415698438,1398.5736379999998,9,6,False,False,False,8,8,128,120,12,12,6846.332155,2340.0,439.0,63.0,235.26969699999972,40.0,7.0,0.0,3688.332155,282.2696969999997,0.0,248,96,6,1,3,1245001519,True,,9688.332155,0.0,outward
13,9371.606049,7114.877769,4038.513029,2256.7282800000003,0.2408048597220756,5333.09302,13,12,True,False,False,56,56,88,87,13,13,7315.606049,1675.0,304.0,77.0,1928.7282800000003,280.0,48.0,0.0,3371.606049,2256.7282800000003,0.0,217,84,1,0,0,1245001520,True,,9371.606049,0.0,area
13,9523.591945,9030.35651,7252.461328,493.2354350000005,0.051790903878337104,2271.130617,12,10,False,False,False,14,14,86,83,13,13,7069.591945,2000.0,371.0,83.0,411.2354350000005,70.0,12.0,0.0,3523.591945,493.2354350000005,0.0,217,77,3,3,1,1245001521,True,,9523.591945,0.0,edge
14,8522.312621,2764.615197,437.0,5757.697423999999,0.6756027008223499,8085.312620999999,14,14,True,True,False,144,144,66,66,14,14,6882.312620999999,1325.0,236.0,79.0,4917.697423999999,720.0,120.0,0.0,2522.312620999999,2522.312620999999,0.0,186,66,0,0,0,1245001522,True,,8522.312621,0.0,cluster
14,9169.629813,8579.699206,3861.870728,589.9306070000002,0.06433526969252802,5307.759085,14,11,True,False,False,12,12,76,74,14,14,6808.629813,1935.0,356.0,70.0,519.9306070000002,60.0,10.0,0.0,3169.6298129999996,589.9306070000002,0.0,186,66,3,0,0,1245001523,True,,9169.629813,0.0,outward
11,10520.522691,9692.129993,7404.672742,828.3926979999997,0.07874064077716075,3115.8499490000004,10,6,False,False,False,18,18,124,121,11,11,8167.522691,1940.0,358.0,55.0,722.3926979999997,90.0,16.0,0.0,4520.522691,828.3926979999997,0.0,279,117,5,0,1,1245001524,True,,10520.522691,0.0,area
13,9240.652055,7768.573335,1679.0,1472.0787200000004,0.15930463686309637,7561.6520550000005,13,10,True,False,False,35,35,84,83,13,13,6803.6520550000005,2000.0,369.0,68.0,1267.0787200000004,175.0,30.0,0.0,3240.6520550000005,1472.0787200000004,0.0,217,77,3,0,0,1245001525,True,,9240.652055,0.0,edge
14,7844.875652,1359.77968,119.0,6485.095971999999,0.8266665094107217,7725.875652,14,14,True,True,False,168,168,48,48,14,14,6472.875652,1110.0,192.0,70.0,5504.095971999999,840.0,141.0,0.0,1844.8756519999997,1844.8756519999997,0.0,186,48,0,0,0,1245001526,True,,7844.875652,0.0,cluster
10,11807.228751,11807.228751,8165.603298,0.0,0.0,3641.6254530000006,9,5,False,False,False,0,0,160,155,10,10,8270.228751,2470.0,462.0,605.0,0,0,0,0,5807.228751000001,0.0,0.0,310,120,5,185,1,1245001527,True,,11807.228751,0.0,outward
14,9526.554007,8723.6641,3270.309451,802.8899070000007,0.08427915344940537,6256.244556000001,14,10,True,False,False,18,18,74,72,14,14,7326.554007000001,1790.0,328.0,82.0,697.8899070000007,90.0,15.0,0.0,3526.5540070000006,802.8899070000007,0.0,186,63,4,1,0,1245001528,True,,9526.554007,0.0,area
16,7045.582611,7045.582611,5050.560929,0.0,0.0,1995.0216819999996,16,12,True,False,False,0,0,2,0,16,16,5229.582611,1415.0,264.0,137.0,0,0,0,0,1045.5826109999998,0.0,0.0,68,0,4,13,0,1245001529,True,,7045.582611,0.0,edge
10,10109.283325,10109.283325,1522.178937,0.0,0.0,8587.104388,10,4,True,False,False,0,0,166,165,10,10,7173.283325,2425.0,455.0,56.0,0,0,0,0,4109.283325,0.0,0.0,310,110,6,1,0,1245001530,True,,10109.283325,0.0,cluster
13,9126.755913,8622.574829,4404.891315,504.18108400000165,0.05524209136368536,4721.864598000001,13,12,True,False,False,14,14,78,77,13,13,6733.755913000001,1965.0,363.0,65.0,422.18108400000165,70.0,12.0,0.0,3126.755913000001,504.18108400000165,0.0,217,70,1,0,0,1245001531,True,,9126.755913,0.0,outward
10,9691.849117,9691.849117,1616.61957,0.0,0.0,8075.229547,10,6,True,False,False,0,0,116,114,10,10,7191.849117,2065.0,382.0,53.0,0,0,0,0,3691.8491169999998,0.0,0.0,310,110,4,0,0,1245001532,True,,9691.849117,0.0,area
13,11100.645348,11100.645348,5926.53298,0.0,0.0,5174.112368,13,6,True,False,False,0,0,139,133,13,13,8092.645348,2410.0,452.0,146.0,0,0,0,0,5100.645348,0.0,0.0,217,77,7,26,0,1245001533,True,,11100.645348,0.0,edge
12,8715.535541,2596.89603,1325.0,6118.639510999999,0.7020382720277407,7390.535540999999,12,12,True,True,False,192,192,88,88,12,12,6765.535540999999,1580.0,286.0,84.0,4989.639510999999,960.0,169.0,0.0,2715.5355409999993,2715.5355409999993,0.0,248,88,0,0,0,1245001534,True,,8715.535541,0.0,cluster
10,9384.335583,8219.281398,4190.75338,1165.0541850000009,0.12414881956166729,5193.582203,10,3,True,False,False,50,50,158,144,10,10,6231.335583,2610.0,493.0,50.0,869.0541850000009,250.0,46.0,0.0,3384.335583,1165.0541850000009,0.0,310,120,7,0,0,1245001535,True,,9384.335583,0.0,outward
11,9578.156037,6772.584619,2875.977898,2805.5714180000004,0.29291352188899406,6702.178139000001,11,10,True,False,False,90,90,120,119,11,11,7183.156037000001,1975.0,365.0,55.0,2275.5714180000004,450.0,80.0,0.0,3578.1560370000007,2805.5714180000004,0.0,279,117,1,0,0,1245001536,True,,9578.156037,0.0,area
10,9659.078659,8032.991884,1703.0,1626.0867750000007,0.16834802080060382,7956.078659000001,10,6,True,False,False,60,60,133,127,10,10,6787.078659000001,2375.0,444.0,53.0,1272.0867750000007,300.0,54.0,0.0,3659.0786590000007,1626.0867750000007,0.0,310,120,4,0,0,1245001537,True,,9659.078659,0.0,edge
11,8798.638558,3260.208925,684.85589,5538.429633000001,0.6294643877562496,8113.782668000001,11,11,True,True,False,189,189,99,99,11,11,6728.638558000001,1700.0,309.0,61.0,4425.429633000001,945.0,168.0,0.0,2798.6385580000006,2798.6385580000006,0.0,279,99,0,0,0,1245001538,True,,8798.638558,0.0,cluster
16,10639.649059,10639.649059,5922.044235,0.0,0.0,4717.604823999999,16,10,True,False,False,0,0,21,20,16,16,7896.649058999999,1450.0,262.0,1031.0,0,0,0,0,4639.649058999999,0.0,0.0,72,0,6,317,0,1245001539,True,,10639.649059,0.0,outward
15,10030.892184,10030.892184,4545.354551,0.0,0.0,5485.537633,15,10,True,False,False,0,0,82,81,15,15,7881.892184,1745.0,320.0,84.0,0,0,0,0,4030.8921840000003,0.0,0.0,155,60,5,0,0,1245001540,True,,10030.892184,0.0,area
13,9827.190786,7022.005573,6492.251661,2805.185212999999,0.2854513842344771,3334.939124999999,12,11,False,False,False,56,56,83,81,13,13,7438.190785999999,1960.0,361.0,68.0,2477.185212999999,280.0,48.0,0.0,3827.190785999999,2805.185212999999,0.0,217,80,2,0,1,1245001541,True,,9827.190786,0.0,edge
13,8632.836364,2874.689611,401.0,5758.146753000001,0.6670052008644792,8231.836364,13,13,True,True,False,161,161,70,70,13,13,6848.836364000001,1455.0,261.0,68.0,4815.146753000001,805.0,138.0,0.0,2632.8363640000007,2632.8363640000007,0.0,217,70,0,0,0,1245001542,True,,8632.836364,0.0,cluster
12,9731.329432,9731.329432,8453.989114,0.0,0.0,1277.3403180000005,10,6,False,False,False,0,0,128,118,12,12,6962.329432,2280.0,426.0,63.0,0,0,0,0,3731.3294320000005,0.0,0.0,248,96,6,0,2,1245001543,True,,9731.329432,0.0,outward
10,10069.596403,10069.596403,1734.65305,0.0,0.0,8334.943352999999,10,8,True,False,False,0,0,124,124,10,10,7330.596403,2025.0,373.0,341.0,0,0,0,0,4069.5964029999996,0.0,0.0,310,110,2,97,0,1245001544,True,,10069.596403,0.0,area
13,11105.074289,11105.074289,6481.204636,0.0,0.0,4623.869653,11,6,False,False,False,0,0,141,132,13,13,8166.074289,2335.0,434.0,170.0,0,0,0,0,5105.074289,0.0,0.0,217,91,7,33,2,1245001545,True,,11105.074289,0.0,edge
12,8432.095268,1993.807928,695.0,6438.287339999999,0.7635453745919417,7737.095267999999,12,12,True,True,False,208,208,80,80,12,12,6639.095267999999,1465.0,262.0,66.0,5216.287339999999,1040.0,182.0,0.0,2432.095267999999,2432.095267999999,0.0,248,80,0,0,0,1245001546,True,,8432.095268,0.0,cluster
13,10383.098598,10383.098598,4480.811183,0.0,0.0,5902.287415000001,13,7,True,False,False,0,0,111,104,13,13,7721.0985980000005,2190.0,407.0,65.0,0,0,0,0,4383.0985980000005,0.0,0.0,217,82,6,0,0,1245001547,True,,10383.098598,0.0,outward
15,11322.590478,11322.590478,9002.335435,0.0,0.0,2320.255042999999,12,7,False,False,False,0,0,120,112,15,15,8802.590478,2055.0,381.0,84.0,0,0,0,0,5322.590478,0.0,0.0,155,65,8,0,3,1245001548,True,,11322.590478,0.0,area
10,9728.448093,9035.039192,7967.664006,693.4089010000007,0.07127641473452848,1760.784087000001,7,4,False,False,False,30,30,144,134,10,10,6759.448093000001,2445.0,459.0,65.0,516.4089010000007,150.0,27.0,0.0,3728.448093000001,693.4089010000007,0.0,310,120,6,5,3,1245001549,True,,9728.448093,0.0,edge
10,8867.325452,2474.232987,1844.471478,6393.092465,0.7209718984158923,7022.853974,10,10,True,True,False,240,240,110,110,10,10,6703.325451999999,1785.0,326.0,53.0,4977.092465,1200.0,216.0,0.0,2867.325451999999,2867.325451999999,0.0,310,110,0,0,0,1245001550,True,,8867.325452,0.0,cluster
12,11922.434506,11922.434506,6645.3448,0.0,0.0,5277.089706,10,7,False,False,False,0,0,161,156,12,12,8443.434506,2455.0,457.0,567.0,0,0,0,0,5922.434506,0.0,0.0,248,104,5,169,2,1245001551,True,,11922.434506,0.0,outward
14,10160.285393,6699.686574,1625.0,3460.598819,0.34060055255772675,8535.285393,14,12,True,False,False,66,66,89,89,14,14,8205.285393,1590.0,289.0,76.0,3075.598819,330.0,55.0,0.0,4160.285393,3460.598819,0.0,186,84,2,2,0,1245001552,True,,10160.285393,0.0,area
16,5260.974245,5260.974245,2003.0,0.0,0.0,3257.9742450000003,16,16,True,True,True,0,0,0,0,16,16,3995.9742450000003,975.0,183.0,107.0,0,0,0,0,0.0,0.0,0.0,27,0,0,0,0,1245001553,True,,5260.974245,0.0,edge
16,1253.483042,1253.483042,401.0,0.0,0.0,852.4830420000001,16,16,True,True,False,0,0,0,0,16,16,890.4830420000001,225.0,43.0,95.0,0,0,0,0,0.0,0.0,0.0,7,0,0,0,0,1245001554,True,,1253.483042,0.0,cluster
13,9528.150935,7944.921111,2661.056525,1583.229824,0.16616338624362903,6867.09441,13,11,True,False,False,35,35,83,81,13,13,7100.150935,1995.0,368.0,65.0,1378.229824,175.0,30.0,0.0,3528.1509349999997,1583.229824,0.0,217,77,2,0,0,1245001555,True,,9528.150935,0.0,outward
15,9530.518557,9075.131047,8353.54023,455.38750999999866,0.047782028572361836,1176.978326999999,14,10,False,False,False,10,10,86,80,15,15,7475.518556999999,1675.0,305.0,75.0,397.38750999999866,50.0,8.0,0.0,3530.5185569999994,455.38750999999866,0.0,155,60,5,0,1,1245001556,True,,9530.518557,0.0,area
11,9981.357012,8710.640011,1931.0,1270.717001000001,0.1273090421945926,8050.357012,11,6,True,False,False,36,36,148,143,11,11,7214.357012,2280.0,426.0,61.0,1058.717001000001,180.0,32.0,0.0,3981.3570120000004,1270.717001000001,0.0,279,121,5,1,0,1245001557,True,,9981.357012,0.0,edge
12,8578.22566,2442.461485,977.0,6135.764175,0.7152719476255887,7601.22566,12,12,True,True,False,192,192,80,80,12,12,6776.22566,1475.0,264.0,63.0,5007.764175,960.0,168.0,0.0,2578.22566,2578.22566,0.0,248,80,0,0,0,1245001558,True,,8578.22566,0.0,cluster
14,11105.037272,11105.037272,8506.80685,0.0,0.0,2598.2304219999987,12,10,False,False,False,0,0,106,101,14,14,8151.037272,2200.0,408.0,346.0,0,0,0,0,5105.037272,0.0,0.0,186,72,4,92,2,1245001559,True,,11105.037272,0.0,outward
16,8561.089326,8561.089326,3785.795055,0.0,0.0,4775.294270999999,16,11,True,False,False,0,0,7,6,16,16,6507.089325999999,1085.0,193.0,776.0,0,0,0,0,2561.0893259999993,0.0,0.0,46,0,5,195,0,1245001560,True,,8561.089326,0.0,area
15,9198.728756,8410.763873,4423.435508,787.9648830000006,0.08566019326160035,4775.293248000001,15,12,True,False,False,15,15,55,55,15,15,7168.728756,1645.0,298.0,87.0,700.9648830000006,75.0,12.0,0.0,3198.7287560000004,787.9648830000006,0.0,155,55,3,0,0,1245001561,True,,9198.728756,0.0,edge
15,8854.439531,8854.439531,2002.531803,0.0,0.0,6851.907728,15,14,True,False,False,0,0,64,64,15,15,7129.439531,1325.0,232.0,168.0,0,0,0,0,2854.439531,0.0,0.0,155,51,1,31,0,1245001562,True,,8854.439531,0.0,cluster
13,15666.36297,15666.36297,8399.903017,0.0,0.0,7266.459953,7,4,False,False,False,0,0,159,147,13,13,10855.36297,2645.0,493.0,1673.0,0,0,0,0,9666.36297,0.0,0.0,217,84,9,536,6,1245001563,True,,15666.36297,0.0,outward
15,9758.648584,8569.9908,1950.819394,1188.657784000001,0.1218055731557841,7807.82919,15,13,True,False,False,20,20,55,55,15,15,7893.6485840000005,1515.0,272.0,78.0,1072.657784000001,100.0,16.0,0.0,3758.6485840000005,1188.657784000001,0.0,155,55,2,0,0,1245001564,True,,9758.648584,0.0,area
14,12009.110656,12009.110656,6648.651655,0.0,0.0,5360.459001000001,13,7,False,False,False,0,0,107,103,14,14,9084.110656,2190.0,407.0,328.0,0,0,0,0,6009.110656000001,0.0,0.0,186,72,7,85,1,1245001565,True,,12009.110656,0.0,edge
12,9229.503488,9229.503488,431.0,0.0,0.0,8798.503488,12,10,True,False,False,0,0,98,98,12,12,7026.503488,1700.0,305.0,198.0,0,0,0,0,3229.5034880000003,0.0,0.0,248,74,2,46,0,1245001566,True,,9229.503488,0.0,cluster
16,10878.877795,10878.877795,9871.821864,0.0,0.0,1007.0559310000008,10,7,False,False,False,0,0,105,91,16,16,8019.877795,2185.0,405.0,269.0,0,0,0,0,4878.877795,0.0,0.0,118,42,9,62,6,1245001567,True,,10878.877795,0.0,outward
14,9958.525459,9958.525459,8814.474154,0.0,0.0,1144.0513050000009,12,7,False,False,False,0,0,105,99,14,14,7616.525459,1915.0,354.0,73.0,0,0,0,0,3958.5254590000004,0.0,0.0,186,69,7,1,2,1245001568,True,,9958.525459,0.0,area
11,9264.790093,7455.355991,5779.287574,1809.4341019999993,0.1953022231304641,3485.5025189999997,11,7,True,False,False,54,54,109,106,11,11,6636.790093,2170.0,403.0,55.0,1491.4341019999993,270.0,48.0,0.0,3264.7900929999996,1809.4341019999993,0.0,279,99,4,0,0,1245001569,True,,9264.790093,0.0,edge
10,8601.253053,1614.276348,395.0,6986.976705,0.81232079348753,8206.253053,10,10,True,True,False,270,270,104,104,10,10,6559.253053,1685.0,307.0,50.0,5393.976705,1350.0,243.0,0.0,2601.2530530000004,2601.2530530000004,0.0,310,104,0,0,0,1245001570,True,,8601.253053,0.0,cluster
16,12150.935716,12150.935716,9098.660129,0.0,0.0,3052.275587,8,3,False,False,False,0,0,141,121,16,16,8616.935716,2510.0,470.0,554.0,0,0,0,0,6150.935716,0.0,0.0,114,38,13,158,8,1245001571,True,,12150.935716,0.0,outward
13,9785.727268,9785.727268,6398.953634,0.0,0.0,3386.773634,10,8,False,False,False,0,0,102,95,13,13,7258.727268000001,2020.0,373.0,134.0,0,0,0,0,3785.7272680000005,0.0,0.0,217,77,5,23,3,1245001572,True,,9785.727268,0.0,area
13,9845.543479,6968.642142,4531.536932,2876.9013370000002,0.2922034058491816,5314.006547,13,11,True,False,False,56,56,80,79,13,13,7365.543479,2020.0,374.0,86.0,2547.9013370000002,280.0,49.0,0.0,3845.543479,2876.9013370000002,0.0,217,77,2,2,0,1245001573,True,,9845.543479,0.0,edge
11,9049.111874,4612.216636,1991.265963,4436.895238,0.49031278425766095,7057.845911,11,11,True,True,False,153,153,113,113,11,11,6934.111874,1735.0,316.0,64.0,3535.895238,765.0,136.0,0.0,3049.111874,3049.111874,0.0,279,113,0,0,0,1245001574,True,,9049.111874,0.0,cluster
11,12377.602308,12377.602308,6423.71772,0.0,0.0,5953.884588,10,5,False,False,False,0,0,154,149,11,11,8850.602308,2465.0,461.0,601.0,0,0,0,0,6377.6023079999995,0.0,0.0,279,108,6,182,1,1245001575,True,,12377.602308,0.0,outward
15,8675.812464,4514.672354,1302.091767,4161.14011,0.4796254099851184,7373.720697000001,15,15,True,True,False,85,85,55,55,15,15,7023.812464000001,1340.0,237.0,75.0,3668.1401100000003,425.0,68.0,0.0,2675.8124640000005,2675.8124640000005,0.0,155,55,0,0,0,1245001576,True,,8675.812464,0.0,area
12,9633.455197,8864.777384,7871.447855,768.6778129999984,0.07979253520993963,1762.007341999999,11,5,False,False,False,24,24,122,115,12,12,6916.455196999999,2230.0,415.0,72.0,627.6778129999984,120.0,21.0,0.0,3633.4551969999993,768.6778129999984,0.0,248,101,7,3,1,1245001577,True,,9633.455197,0.0,edge
15,8956.008984,8956.008984,425.0,0.0,0.0,8531.008984,15,14,True,False,False,0,0,63,63,15,15,7441.008984,1165.0,200.0,150.0,0,0,0,0,2956.008984,0.0,0.0,155,50,1,24,0,1245001578,True,,8956.008984,0.0,cluster
14,10404.072017,10404.072017,9211.238603,0.0,0.0,1192.8334140000006,13,8,False,False,False,0,0,108,97,14,14,7777.072017,2155.0,402.0,70.0,0,0,0,0,4404.072017,0.0,0.0,186,69,6,0,1,1245001579,True,,10404.072017,0.0,outward
13,10335.435284,10335.435284,5679.080067,0.0,0.0,4656.355216999999,13,9,True,False,False,0,0,137,131,13,13,7990.435283999999,1920.0,354.0,71.0,0,0,0,0,4335.435283999999,0.0,0.0,217,98,4,0,0,1245001580,True,,10335.435284,0.0,area
14,10703.934073,10703.934073,8915.334317,0.0,0.0,1788.5997559999996,13,7,False,False,False,0,0,113,107,14,14,7994.934073,2220.0,413.0,76.0,0,0,0,0,4703.934073,0.0,0.0,186,68,7,1,1,1245001581,True,,10703.934073,0.0,edge
11,8780.288868,3283.222394,1985.978076,5497.066473999999,0.6260689775292253,6794.310791999999,11,11,True,True,False,198,198,101,101,11,11,6674.288868,1710.0,311.0,85.0,4331.066473999999,990.0,176.0,0.0,2780.2888679999996,2780.2888679999996,0.0,279,101,0,0,0,1245001582,True,,8780.288868,0.0,cluster
13,9527.981204,8921.135501,7305.398178,606.845702999999,0.06369090051785949,2222.5830259999993,12,8,False,False,False,21,21,115,108,13,13,6918.981204,2145.0,399.0,65.0,483.84570299999905,105.0,18.0,0.0,3527.9812039999997,606.845702999999,0.0,217,84,5,0,1,1245001583,True,,9527.981204,0.0,outward
12,9539.623137,7499.235299,6551.173879,2040.3878380000006,0.21388558108613684,2988.4492580000006,11,9,False,False,False,56,56,102,99,12,12,7235.6231370000005,1895.0,349.0,60.0,1711.3878380000006,280.0,49.0,0.0,3539.6231370000005,2040.3878380000006,0.0,248,96,3,0,1,1245001584,True,,9539.623137,0.0,area
12,9627.202265,8556.717055,7392.55768,1070.4852100000007,0.11119380070488222,2234.644585,11,7,False,False,False,40,40,140,131,12,12,6916.202265,2230.0,415.0,66.0,835.4852100000007,200.0,35.0,0.0,3627.202265,1070.4852100000007,0.0,248,107,5,1,1,1245001585,True,,9627.202265,0.0,edge
15,9926.377894,9926.377894,437.0,0.0,0.0,9489.377894,15,14,True,False,False,0,0,57,57,15,15,7813.377893999999,1305.0,229.0,579.0,0,0,0,0,3926.3778939999993,0.0,0.0,155,45,1,167,0,1245001586,True,,9926.377894,0.0,cluster
10,11866.231447,11866.231447,7996.647527,0.0,0.0,3869.58392,9,4,False,False,False,0,0,154,150,10,10,8223.231447,2495.0,465.0,683.0,0,0,0,0,5866.231447,0.0,0.0,310,110,6,211,1,1245001587,True,,11866.231447,0.0,outward
13,9050.609686,6359.774106,5435.844377,2690.83558,0.29730986898731676,3614.7653089999994,13,10,True,False,False,77,77,77,77,13,13,6985.609686,1675.0,304.0,86.0,2239.83558,385.0,66.0,0.0,3050.609686,2690.83558,0.0,217,77,3,2,0,1245001588,True,,9050.609686,0.0,area
12,11042.384463,11042.384463,8000.641589,0.0,0.0,3041.7428740000005,10,8,False,False,False,0,0,123,117,12,12,7904.384463,2195.0,406.0,537.0,0,0,0,0,5042.384463,0.0,0.0,248,96,4,154,2,1245001589,True,,11042.384463,0.0,edge
12,9134.90832,9134.90832,437.0,0.0,0.0,8697.90832,12,11,True,False,False,0,0,93,93,12,12,7188.9083200000005,1575.0,284.0,87.0,0,0,0,0,3134.9083200000005,0.0,0.0,248,80,1,8,0,1245001590,True,,9134.90832,0.0,cluster
12,9665.200391,8940.01895,8572.136184,725.1814410000006,0.07503015060870047,1093.0642069999994,9,4,False,False,False,24,24,122,110,12,12,6832.200391,2330.0,437.0,66.0,584.1814410000006,120.0,21.0,0.0,3665.2003910000003,725.1814410000006,0.0,248,96,8,2,3,1245001591,True,,9665.200391,0.0,outward
14,10224.061687,10224.061687,7047.222823,0.0,0.0,3176.8388639999994,11,8,False,False,False,0,0,111,102,14,14,7844.061686999999,1945.0,359.0,76.0,0,0,0,0,4224.061686999999,0.0,0.0,186,78,6,2,3,1245001592,True,,10224.061687,0.0,area
12,10840.966304,10840.966304,8655.41811,0.0,0.0,2185.548193999999,8,5,False,False,False,0,0,147,137,12,12,7885.966304,2395.0,449.0,111.0,0,0,0,0,4840.966304,0.0,0.0,248,96,7,17,4,1245001593,True,,10840.966304,0.0,edge
14,8577.389239,7715.362973,1632.0,862.0262659999999,0.10049984231571374,6945.389239,14,13,True,False,False,24,24,73,71,14,14,6805.389239,1440.0,259.0,73.0,722.0262659999999,120.0,20.0,0.0,2577.389239,862.0262659999999,0.0,186,66,1,0,0,1245001594,True,,8577.389239,0.0,cluster
10,9421.673286,9421.673286,6347.718226,0.0,0.0,3073.9550599999993,9,3,False,False,False,0,0,150,138,10,10,6276.673285999999,2605.0,490.0,50.0,0,0,0,0,3421.6732859999993,0.0,0.0,310,120,7,0,1,1245001595,True,,9421.673286,0.0,outward
12,10533.544367,10533.544367,1959.723562,0.0,0.0,8573.820805000001,12,10,True,False,False,0,0,114,114,12,12,8132.544367,1815.0,331.0,255.0,0,0,0,0,4533.544367,0.0,0.0,248,99,2,65,0,1245001596,True,,10533.544367,0.0,area
16,6094.123719,6094.123719,5453.781949,0.0,0.0,640.34177,16,15,True,False,False,0,0,3,3,16,16,4245.123719,1485.0,278.0,86.0,0,0,0,0,94.12371900000016,0.0,0.0,69,0,1,1,0,1245001597,True,,6094.123719,0.0,edge
11,10256.363576,10256.363576,1208.013646,0.0,0.0,9048.34993,11,10,True,False,False,0,0,90,90,11,11,7988.363576,1580.0,285.0,403.0,0,0,0,0,4256.363576,0.0,0.0,279,90,1,116,0,1245001598,True,,10256.363576,0.0,cluster
12,9502.944536,9502.944536,5999.556825,0.0,0.0,3503.387711000001,12,9,True,False,False,0,0,104,100,12,12,6881.944536000001,2160.0,401.0,60.0,0,0,0,0,3502.944536000001,0.0,0.0,248,91,3,0,0,1245001599,True,,9502.944536,0.0,outward
14,10270.176917,10270.176917,2175.729718,0.0,0.0,8094.447199,14,10,True,False,False,0,0,87,83,14,14,8070.176917000001,1800.0,330.0,70.0,0,0,0,0,4270.176917000001,0.0,0.0,186,72,4,0,0,1245001600,True,,10270.176917,0.0,area
16,7238.44467,7238.44467,4759.199538,0.0,0.0,2479.245132,16,12,True,False,False,0,0,0,0,16,16,5346.44467,1340.0,250.0,302.0,0,0,0,0,1238.4446699999999,0.0,0.0,60,0,4,45,0,1245001601,True,,7238.44467,0.0,edge
15,8210.034335,1553.521049,713.866892,6656.513286,0.8107777646705786,7496.167443,15,15,True,True,False,135,135,40,40,15,15,6984.034335,985.0,166.0,75.0,5873.513286,675.0,108.0,0.0,2210.0343350000003,2210.0343350000003,0.0,155,40,0,0,0,1245001602,True,,8210.034335,0.0,cluster
12,9362.49877,8642.811499,8158.179793,719.6872710000007,0.0768691445179224,1204.318977,11,9,False,False,False,24,24,99,96,12,12,6904.49877,2020.0,375.0,63.0,578.6872710000007,120.0,21.0,0.0,3362.49877,719.6872710000007,0.0,248,88,3,1,1,1245001603,True,,9362.49877,0.0,outward
13,9760.043844,7143.798406,2236.639279,2616.245438,0.26805673005335323,7523.404565,13,8,True,False,False,56,56,78,76,13,13,7583.043844,1785.0,327.0,65.0,2288.245438,280.0,48.0,0.0,3760.043844,2616.245438,0.0,217,72,5,0,0,1245001604,True,,9760.043844,0.0,area
12,9368.015118,5574.167517,2003.0,3793.8476009999995,0.4049788085536264,7365.015117999999,12,12,True,True,False,104,104,88,88,12,12,6867.015117999999,2055.0,380.0,66.0,3182.8476009999995,520.0,91.0,0.0,3368.0151179999993,3368.0151179999993,0.0,248,88,0,0,0,1245001605,True,,9368.015118,0.0,edge
16,2986.921067,2986.921067,974.308335,0.0,0.0,2012.612732,16,16,True,True,False,0,0,0,0,16,16,2086.921067,375.0,67.0,458.0,0,0,0,0,0.0,0.0,0.0,12,0,0,0,0,1245001606,True,,2986.921067,0.0,cluster
15,10273.188578,10273.188578,6124.145445,0.0,0.0,4149.043132999999,13,10,False,False,False,0,0,76,69,15,15,7665.188577999999,1885.0,345.0,378.0,0,0,0,0,4273.188577999999,0.0,0.0,155,55,5,100,2,1245001607,True,,10273.188578,0.0,outward
11,11610.27219,11610.27219,8693.512206,0.0,0.0,2916.7599840000003,6,4,False,False,False,0,0,173,164,11,11,7972.27219,2680.0,504.0,454.0,0,0,0,0,5610.27219,0.0,0.0,279,108,7,133,5,1245001608,True,,11610.27219,0.0,area
11,10317.707318,10151.773513,8394.652967,165.93380500000058,0.016082429931940097,1923.0543510000007,10,5,False,False,False,9,9,167,159,11,11,7358.707318000001,2440.0,458.0,61.0,112.93380500000058,45.0,8.0,0.0,4317.707318000001,165.93380500000058,0.0,279,117,6,1,1,1245001609,True,,10317.707318,0.0,edge
15,9776.228317,9776.228317,1001.0,0.0,0.0,8775.228317,15,14,True,False,False,0,0,79,78,15,15,8159.228316999999,1305.0,231.0,81.0,0,0,0,0,3776.228316999999,0.0,0.0,155,65,1,0,0,1245001610,True,,9776.228317,0.0,cluster
11,10823.63803,10823.63803,5192.207339,0.0,0.0,5631.4306910000005,11,5,True,False,False,0,0,151,146,11,11,7498.63803,2430.0,453.0,442.0,0,0,0,0,4823.63803,0.0,0.0,279,108,6,129,0,1245001611,True,,10823.63803,0.0,outward
14,9225.553178,8089.662115,7264.469726,1135.891063,0.12312443937873967,1961.0834519999999,13,11,False,False,False,30,30,86,83,14,14,7235.553178,1620.0,294.0,76.0,960.891063,150.0,25.0,0.0,3225.553178,1135.891063,0.0,186,72,3,1,1,1245001612,True,,9225.553178,0.0,area
15,9877.860735,9877.860735,4860.737653,0.0,0.0,5017.123082,15,9,True,False,False,0,0,84,81,15,15,7432.860735,1985.0,367.0,93.0,0,0,0,0,3877.860735,0.0,0.0,155,55,6,4,0,1245001613,True,,9877.860735,0.0,edge
11,11079.623671,11079.623671,1043.0,0.0,0.0,10036.623671,11,8,True,False,False,0,0,141,141,11,11,8031.623670999999,2040.0,371.0,637.0,0,0,0,0,5079.623670999999,0.0,0.0,279,99,3,194,0,1245001614,True,,11079.623671,0.0,cluster
15,10035.824449,10035.824449,8669.719199,0.0,0.0,1366.1052500000005,11,3,False,False,False,0,0,140,119,15,15,6986.824449,2495.0,470.0,84.0,0,0,0,0,4035.8244489999997,0.0,0.0,155,60,12,2,4,1245001615,True,,10035.824449,0.0,outward
11,10719.163055,10719.163055,7979.91938,0.0,0.0,2739.2436750000006,10,5,False,False,False,0,0,130,128,11,11,8019.163055000001,2070.0,383.0,247.0,0,0,0,0,4719.163055000001,0.0,0.0,279,99,6,63,1,1245001616,True,,10719.163055,0.0,area
14,9618.470929,8001.43602,2255.0,1617.034908999999,0.16811766869561218,7363.470928999999,14,11,True,False,False,36,36,98,95,14,14,7293.470928999999,1900.0,349.0,76.0,1407.034908999999,180.0,30.0,0.0,3618.470928999999,1617.034908999999,0.0,186,78,3,0,0,1245001617,True,,9618.470929,0.0,edge
10,8972.703097,2345.506551,1351.826809,6627.196545999999,0.7385953234333348,7620.8762879999995,10,10,True,True,False,250,250,110,110,10,10,6849.703097,1750.0,320.0,53.0,5152.196545999999,1250.0,225.0,0.0,2972.7030969999996,2972.7030969999996,0.0,310,110,0,0,0,1245001618,True,,8972.703097,0.0,cluster
11,10102.539344,9322.524388,7885.174958,780.0149560000009,0.07720979146329775,2217.364386000001,8,1,False,False,False,18,18,147,133,11,11,6939.539344000001,2615.0,493.0,55.0,674.0149560000009,90.0,16.0,0.0,4102.539344000001,780.0149560000009,0.0,279,108,10,0,3,1245001619,True,,10102.539344,0.0,outward
15,13189.764028,13189.764028,3209.0,0.0,0.0,9980.764028,15,9,True,False,False,0,0,143,140,15,15,9960.764028,2120.0,389.0,720.0,0,0,0,0,7189.764028,0.0,0.0,155,75,6,215,0,1245001620,True,,13189.764028,0.0,area
16,6273.495715,6273.495715,3593.570265,0.0,0.0,2679.92545,16,15,True,False,False,0,0,2,2,16,16,4790.495715,1095.0,203.0,185.0,0,0,0,0,273.495715,0.0,0.0,48,0,1,30,0,1245001621,True,,6273.495715,0.0,edge
14,8099.392872,1840.996306,731.0,6258.396566,0.772699468331211,7368.392872,14,14,True,True,False,162,162,54,54,14,14,6684.392872,1145.0,200.0,70.0,5312.396566,810.0,136.0,0.0,2099.3928720000004,2099.3928720000004,0.0,186,54,0,0,0,1245001622,True,,8099.392872,0.0,cluster
10,10593.077442,10593.077442,5046.119234,0.0,0.0,5546.958208,10,8,True,False,False,0,0,135,135,10,10,7602.077442,2265.0,421.0,305.0,0,0,0,0,4593.077442,0.0,0.0,310,110,2,85,0,1245001623,True,,10593.077442,0.0,outward
11,9513.926076,9513.926076,3799.088109,0.0,0.0,5714.8379669999995,11,7,True,False,False,0,0,100,98,11,11,7042.926076,2035.0,378.0,58.0,0,0,0,0,3513.9260759999997,0.0,0.0,279,90,4,0,0,1245001624,True,,9513.926076,0.0,area
16,11847.088004,11847.088004,8343.748958,0.0,0.0,3503.339045999999,14,6,False,False,False,0,0,109,103,16,16,8656.088004,2305.0,428.0,458.0,0,0,0,0,5847.088003999999,0.0,0.0,110,32,10,122,2,1245001625,True,,11847.088004,0.0,edge
13,13181.756144,13181.756144,689.0,0.0,0.0,12492.756144,13,8,True,False,False,0,0,159,159,13,13,9641.756144,2190.0,397.0,953.0,0,0,0,0,7181.756144000001,0.0,0.0,217,84,5,295,0,1245001626,True,,13181.756144,0.0,cluster
12,9629.511003,7834.622086,5355.404139,1794.8889169999993,0.18639460679164452,4274.106863999999,12,6,True,False,False,48,48,110,104,12,12,6972.511003,2190.0,407.0,60.0,1512.8889169999993,240.0,42.0,0.0,3629.5110029999996,1794.8889169999993,0.0,248,96,6,0,0,1245001627,True,,9629.511003,0.0,outward
10,9508.06577,6238.020572,1596.0,3270.045197999999,0.34392328335776745,7912.065769999999,10,8,True,False,False,120,120,131,130,10,10,7171.065769999999,1930.0,357.0,50.0,2562.045197999999,600.0,108.0,0.0,3508.0657699999992,3270.045197999999,0.0,310,130,2,0,0,1245001628,True,,9508.06577,0.0,area
13,10385.076592,9997.941634,7836.853073,387.13495799999873,0.03727800701038862,2548.223518999999,10,7,False,False,False,7,7,110,102,13,13,7830.076591999999,2100.0,390.0,65.0,346.13495799999873,35.0,6.0,0.0,4385.076591999999,387.13495799999873,0.0,217,84,6,0,3,1245001629,True,,10385.076592,0.0,edge
16,1994.483748,1994.483748,1276.154596,0.0,0.0,718.329152,16,16,True,True,False,0,0,0,0,16,16,1496.483748,315.0,58.0,125.0,0,0,0,0,0.0,0.0,0.0,12,0,0,0,0,1245001630,True,,1994.483748,0.0,cluster
11,11409.033499,11409.033499,8288.088886,0.0,0.0,3120.9446129999997,8,6,False,False,False,0,0,150,144,11,11,8036.033498999999,2425.0,452.0,496.0,0,0,0,0,5409.033498999999,0.0,0.0,279,117,5,147,3,1245001631,True,,11409.033499,0.0,outward
10,10267.528678,10267.528678,5422.636088,0.0,0.0,4844.89259,10,8,True,False,False,0,0,135,135,10,10,7684.528678000001,2130.0,394.0,59.0,0,0,0,0,4267.528678000001,0.0,0.0,310,120,2,3,0,1245001632,True,,10267.528678,0.0,area
16,8796.776488,8796.776488,8245.1244,0.0,0.0,551.6520879999989,14,10,False,False,False,0,0,77,70,16,16,6478.7764879999995,1870.0,347.0,101.0,0,0,0,0,2796.7764879999995,0.0,0.0,101,33,6,4,2,1245001633,True,,8796.776488,0.0,edge
15,7564.300456,1433.716775,659.687588,6130.583681,0.8104627409580517,6904.612868,15,15,True,True,False,135,135,35,35,15,15,6329.300456,990.0,167.0,78.0,5347.583681,675.0,108.0,0.0,1564.300456,1564.300456,0.0,155,35,0,0,0,1245001634,True,,7564.300456,0.0,cluster
10,10316.51803,10316.51803,8613.652257,0.0,0.0,1702.8657729999995,8,6,False,False,False,0,0,153,147,10,10,7339.518029999999,2465.0,462.0,50.0,0,0,0,0,4316.518029999999,0.0,0.0,310,120,4,0,2,1245001635,True,,10316.51803,0.0,outward
11,9703.333861,9703.333861,1062.0,0.0,0.0,8641.333861,11,8,True,False,False,0,0,96,96,11,11,7493.333860999999,1820.0,335.0,55.0,0,0,0,0,3703.333860999999,0.0,0.0,279,96,3,0,0,1245001636,True,,9703.333861,0.0,area
11,10766.795344,10766.795344,6459.873586,0.0,0.0,4306.921758,10,7,False,False,False,0,0,141,135,11,11,7897.795344,2290.0,425.0,154.0,0,0,0,0,4766.795344,0.0,0.0,279,108,4,33,1,1245001637,True,,10766.795344,0.0,edge
15,9697.840473,9697.840473,1857.179001,0.0,0.0,7840.661472,15,12,True,False,False,0,0,103,102,15,15,7798.840473,1470.0,258.0,171.0,0,0,0,0,3697.840473,0.0,0.0,155,60,3,31,0,1245001638,True,,9697.840473,0.0,cluster
13,9561.380611,9296.410298,7795.059084,264.9703129999998,0.027712557817765528,1766.321527,10,7,False,False,False,7,7,119,108,13,13,6902.3806110000005,2175.0,404.0,80.0,223.9703129999998,35.0,6.0,0.0,3561.3806110000005,264.9703129999998,0.0,217,91,6,3,3,1245001639,True,,9561.380611,0.0,outward
13,9389.595148,7929.229361,1674.834438,1460.3657870000006,0.15553021871353645,7714.7607100000005,13,10,True,False,False,42,42,109,105,13,13,7044.595148,1925.0,355.0,65.0,1214.3657870000006,210.0,36.0,0.0,3389.5951480000003,1460.3657870000006,0.0,217,91,3,0,0,1245001640,True,,9389.595148,0.0,area
13,12757.517016,12757.517016,9175.427829,0.0,0.0,3582.0891869999996,12,7,False,False,False,0,0,136,130,13,13,9361.517016,2355.0,436.0,605.0,0,0,0,0,6757.517016,0.0,0.0,217,84,6,179,1,1245001641,True,,12757.517016,0.0,edge
11,8698.286789,8698.286789,1317.511723,0.0,0.0,7380.775066,11,10,True,False,False,0,0,81,81,11,11,6796.286789,1565.0,282.0,55.0,0,0,0,0,2698.2867889999998,0.0,0.0,279,81,1,0,0,1245001642,True,,8698.286789,0.0,cluster
15,10155.894752,10155.894752,7160.77768,0.0,0.0,2995.117072,14,10,False,False,False,0,0,76,72,15,15,7726.894752,1985.0,369.0,75.0,0,0,0,0,4155.894752,0.0,0.0,155,55,5,0,1,1245001643,True,,10155.894752,0.0,outward
16,9923.052906,9923.052906,7588.341169,0.0,0.0,2334.7117370000005,14,10,False,False,False,0,0,59,55,16,16,7528.052906000001,1520.0,276.0,599.0,0,0,0,0,3923.052906000001,0.0,0.0,100,24,6,173,2,1245001644,True,,9923.052906,0.0,area
16,9145.59963,9145.59963,8872.268144,0.0,0.0,273.33148600000095,15,13,False,False,False,0,0,66,62,16,16,7038.599630000001,1690.0,310.0,107.0,0,0,0,0,3145.5996300000006,0.0,0.0,113,41,3,1,1,1245001645,True,,9145.59963,0.0,edge
13,10836.570052,10836.570052,1055.0,0.0,0.0,9781.570052,13,12,True,False,False,0,0,91,91,13,13,8226.570052,1790.0,326.0,494.0,0,0,0,0,4836.570051999999,0.0,0.0,217,91,1,140,0,1245001646,True,,10836.570052,0.0,cluster
16,8563.167174,8563.167174,5298.774147,0.0,0.0,3264.393027,16,10,True,False,False,0,0,14,14,16,16,6121.167174,1675.0,309.0,458.0,0,0,0,0,2563.167174,0.0,0.0,72,0,6,126,0,1245001647,True,,8563.167174,0.0,outward
14,9304.254184,5418.332398,4981.851607,3885.921786,0.4176500028000525,4322.402577,14,14,True,True,False,96,96,78,78,14,14,7391.254183999999,1555.0,282.0,76.0,3324.921786,480.0,81.0,0.0,3304.2541839999994,3304.2541839999994,0.0,186,78,0,0,0,1245001648,True,,9304.254184,0.0,area
10,10359.468708,10359.468708,7624.153275,0.0,0.0,2735.3154330000007,9,3,False,False,False,0,0,159,153,10,10,7234.468708,2575.0,485.0,65.0,0,0,0,0,4359.468708,0.0,0.0,310,120,7,3,1,1245001649,True,,10359.468708,0.0,edge
15,10245.40011,10245.40011,4711.003633,0.0,0.0,5534.396477,15,13,True,False,False,0,0,95,94,15,15,8039.4001100000005,1740.0,316.0,150.0,0,0,0,0,4245.4001100000005,0.0,0.0,155,65,2,24,0,1245001650,True,,10245.40011,0.0,cluster
12,9331.077418,8386.728328,7269.264275,944.3490900000015,0.10120472135171835,2061.8131430000003,11,8,False,False,False,32,32,118,111,12,12,6637.077418000001,2205.0,411.0,78.0,756.3490900000015,160.0,28.0,0.0,3331.0774180000008,944.3490900000015,0.0,248,96,4,0,1,1245001651,True,,9331.077418,0.0,outward
14,11055.054369,11055.054369,7799.903287,0.0,0.0,3255.1510819999994,11,9,False,False,False,0,0,132,122,14,14,8250.054369,1990.0,367.0,448.0,0,0,0,0,5055.0543689999995,0.0,0.0,186,78,5,126,3,1245001652,True,,11055.054369,0.0,area
10,10547.627314,10547.627314,8515.388285,0.0,0.0,2032.2390289999985,9,5,False,False,False,0,0,159,156,10,10,7557.627313999999,2435.0,454.0,101.0,0,0,0,0,4547.627313999999,0.0,0.0,310,130,5,16,1,1245001653,True,,10547.627314,0.0,edge
12,8328.137704,1470.43804,113.0,6857.699664000001,0.8234373527116693,8215.137704,12,12,True,True,False,216,216,72,72,12,12,6565.137704000001,1445.0,258.0,60.0,5588.699664000001,1080.0,189.0,0.0,2328.1377040000007,2328.1377040000007,0.0,248,72,0,0,0,1245001654,True,,8328.137704,0.0,cluster
10,9509.861076,9509.861076,9012.416458,0.0,0.0,497.44461799999954,9,5,False,False,False,0,0,140,133,10,10,6496.861075999999,2495.0,468.0,50.0,0,0,0,0,3509.8610759999992,0.0,0.0,310,113,5,0,1,1245001655,True,,9509.861076,0.0,outward
13,13468.972625,13468.972625,8118.843424,0.0,0.0,5350.129201000001,12,8,False,False,False,0,0,140,138,13,13,9963.972625,2085.0,380.0,1040.0,0,0,0,0,7468.972625,0.0,0.0,217,83,5,323,1,1245001656,True,,13468.972625,0.0,area
13,9779.084252,8011.176261,3901.978245,1767.907991000001,0.18078461596630907,5877.106007,13,8,True,False,False,35,35,102,99,13,13,7404.084252000001,1945.0,359.0,71.0,1562.907991000001,175.0,30.0,0.0,3779.0842520000006,1767.907991000001,0.0,217,91,5,0,0,1245001657,True,,9779.084252,0.0,edge
11,8474.7458,1880.536642,714.776934,6594.209158000001,0.7781011151980511,7759.968866000001,11,11,True,True,False,234,234,90,90,11,11,6577.745800000001,1560.0,282.0,55.0,5216.209158000001,1170.0,208.0,0.0,2474.7458000000006,2474.7458000000006,0.0,279,90,0,0,0,1245001658,True,,8474.7458,0.0,cluster
10,10584.078931,9919.456741,8631.90157,664.62219,0.06279452320157683,1952.177361,6,5,False,False,False,20,20,178,169,10,10,7583.078931,2485.0,466.0,50.0,546.62219,100.0,18.0,0.0,4584.078931,664.62219,0.0,310,140,5,0,4,1245001659,True,,10584.078931,0.0,outward
13,9872.408397,9872.408397,7916.61223,0.0,0.0,1955.7961669999995,11,6,False,False,False,0,0,132,120,13,13,7301.408396999999,2105.0,392.0,74.0,0,0,0,0,3872.4083969999992,0.0,0.0,217,84,7,1,2,1245001660,True,,9872.408397,0.0,area
15,8959.122965,7121.342094,1367.0,1837.7808710000008,0.20512955098166807,7592.1229650000005,15,13,True,False,False,30,30,45,45,15,15,7063.1229650000005,1535.0,277.0,84.0,1663.7808710000008,150.0,24.0,0.0,2959.1229650000005,1837.7808710000008,0.0,155,45,2,0,0,1245001661,True,,8959.122965,0.0,edge
10,9557.914483,7205.52738,1159.811601,2352.387103,0.2461192875479298,8398.102882000001,10,4,True,False,False,80,80,127,123,10,10,6876.9144830000005,2215.0,413.0,53.0,1879.387103,400.0,73.0,0.0,3557.9144830000005,2352.387103,0.0,310,111,6,0,0,1245001662,True,,9557.914483,0.0,cluster
13,10362.738518,10362.738518,3237.649324,0.0,0.0,7125.089194,13,7,True,False,False,0,0,104,94,13,13,7766.738518,2135.0,396.0,65.0,0,0,0,0,4362.738518,0.0,0.0,217,77,6,0,0,1245001663,True,,10362.738518,0.0,outward
12,10023.846065,10023.846065,5517.59999,0.0,0.0,4506.246075,12,11,True,False,False,0,0,118,117,12,12,7609.846065,1985.0,366.0,63.0,0,0,0,0,4023.8460649999997,0.0,0.0,248,104,1,0,0,1245001664,True,,10023.846065,0.0,area
14,11913.818475,11913.818475,9436.499321,0.0,0.0,2477.3191540000007,9,3,False,False,False,0,0,150,136,14,14,8499.818475,2575.0,484.0,355.0,0,0,0,0,5913.818475,0.0,0.0,186,72,11,95,5,1245001665,True,,11913.818475,0.0,edge
13,9684.817721,9684.817721,1055.0,0.0,0.0,8629.817721,13,12,True,False,False,0,0,94,92,13,13,7707.817720999999,1610.0,293.0,74.0,0,0,0,0,3684.8177209999994,0.0,0.0,217,84,1,0,0,1245001666,True,,9684.817721,0.0,cluster
12,9323.643038,9057.474602,7817.446558,266.16843599999993,0.02854768623328755,1506.1964800000005,10,6,False,False,False,8,8,143,129,12,12,6497.643038,2330.0,436.0,60.0,219.16843599999993,40.0,7.0,0.0,3323.643038,266.16843599999993,0.0,248,96,6,0,2,1245001667,True,,9323.643038,0.0,outward
14,10458.275429,10458.275429,4233.78611,0.0,0.0,6224.489318999999,14,10,True,False,False,0,0,109,107,14,14,8058.275428999999,1965.0,362.0,73.0,0,0,0,0,4458.275428999999,0.0,0.0,186,72,4,0,0,1245001668,True,,10458.275429,0.0,area
14,9640.688846,7448.406795,6292.340385,2192.2820509999992,0.22739890126311826,3348.3484609999987,13,8,False,False,False,36,36,85,80,14,14,7200.688845999999,1985.0,367.0,88.0,1982.2820509999992,180.0,30.0,0.0,3640.688845999999,2192.2820509999992,0.0,186,72,6,2,1,1245001669,True,,9640.688846,0.0,edge
11,8216.439244,1210.092255,383.0,7006.346989,0.8527230325613785,7833.439243999999,11,11,True,True,False,252,252,81,81,11,11,6356.439243999999,1530.0,275.0,55.0,5522.346988999999,1260.0,224.0,0.0,2216.4392439999992,2216.4392439999992,0.0,279,81,0,0,0,1245001670,True,,8216.439244,0.0,cluster
15,13127.510872,13127.510872,8369.621083,0.0,0.0,4757.889789000001,12,7,False,False,False,0,0,115,108,15,15,9490.510872,2275.0,420.0,942.0,0,0,0,0,7127.510872000001,0.0,0.0,155,55,8,289,3,1245001671,True,,13127.510872,0.0,outward
14,9411.470766,8170.228308,3501.001003,1241.2424580000006,0.13188613011306682,5910.469763000001,14,12,True,False,False,24,24,88,85,14,14,7452.470766,1600.0,289.0,70.0,1101.2424580000006,120.0,20.0,0.0,3411.4707660000004,1241.2424580000006,0.0,186,72,2,0,0,1245001672,True,,9411.470766,0.0,area
10,9761.59946,9761.59946,2567.0,0.0,0.0,7194.599459999999,10,6,True,False,False,0,0,121,118,10,10,6922.599459999999,2350.0,439.0,50.0,0,0,0,0,3761.5994599999995,0.0,0.0,310,110,4,0,0,1245001673,True,,9761.59946,0.0,edge
10,10436.050877,10436.050877,7182.423857,0.0,0.0,3253.62702,9,8,False,False,False,0,0,123,121,10,10,7745.050877,1985.0,365.0,341.0,0,0,0,0,4436.050877,0.0,0.0,310,110,2,96,1,1245001674,True,,10436.050877,0.0,cluster
13,9484.667321,8016.804502,7537.499475,1467.8628190000009,0.15476165576730413,1947.1678460000012,9,5,False,False,False,42,42,117,102,13,13,6644.667321000001,2335.0,437.0,68.0,1221.8628190000009,210.0,36.0,0.0,3484.667321000001,1467.8628190000009,0.0,217,84,8,1,4,1245001675,True,,9484.667321,0.0,outward
13,9882.616491,9580.527196,5005.05272,302.0892950000016,0.03056774441010751,4877.563771000001,13,12,True,False,False,7,7,103,102,13,13,7775.616491000001,1725.0,314.0,68.0,261.0892950000016,35.0,6.0,0.0,3882.6164910000007,302.0892950000016,0.0,217,91,1,0,0,1245001676,True,,9882.616491,0.0,area
11,9913.554673,9913.554673,6448.73603,0.0,0.0,3464.8186430000005,10,4,False,False,False,0,0,142,136,11,11,6898.554673000001,2485.0,466.0,64.0,0,0,0,0,3913.5546730000005,0.0,0.0,279,108,7,2,1,1245001677,True,,9913.554673,0.0,edge
13,8612.183756,5609.501975,2028.680703,3002.6817810000002,0.3486550991098012,6583.503053,13,13,True,True,False,84,84,77,77,13,13,6737.183756,1520.0,275.0,80.0,2510.6817810000002,420.0,72.0,0.0,2612.1837560000004,2612.1837560000004,0.0,217,77,0,0,0,1245001678,True,,8612.183756,0.0,cluster
13,9528.379446,8952.487757,8487.771943,575.891689,0.060439625884311156,1040.607503000001,12,10,False,False,False,21,21,114,110,13,13,7046.379446000001,2035.0,376.0,71.0,452.89168900000004,105.0,18.0,0.0,3528.379446000001,575.891689,0.0,217,91,3,2,1,1245001679,True,,9528.379446,0.0,outward
10,10132.419841,10132.419841,5993.850962,0.0,0.0,4138.568879,10,5,True,False,False,0,0,144,140,10,10,7354.419841000001,2295.0,430.0,53.0,0,0,0,0,4132.419841000001,0.0,0.0,310,127,5,1,0,1245001680,True,,10132.419841,0.0,area
12,9016.647527,6623.26808,1649.0,2393.3794469999993,0.2654400584954794,7367.647526999999,12,10,True,False,False,64,64,80,80,12,12,6623.647526999999,1970.0,363.0,60.0,2017.3794469999993,320.0,56.0,0.0,3016.647526999999,2393.3794469999993,0.0,248,80,2,0,0,1245001681,True,,9016.647527,0.0,edge
11,9086.324701,3403.254073,2580.165984,5683.0706279999995,0.6254531744143533,6506.158716999999,11,11,True,True,False,189,189,99,99,11,11,6986.324701,1730.0,315.0,55.0,4570.0706279999995,945.0,168.0,0.0,3086.3247009999995,3086.3247009999995,0.0,279,99,0,0,0,1245001682,True,,9086.324701,0.0,cluster
12,10895.854449,10895.854449,9063.564915,0.0,0.0,1832.2895339999995,7,6,False,False,False,0,0,156,145,12,12,7802.854449,2455.0,458.0,180.0,0,0,0,0,4895.854449,0.0,0.0,248,104,6,40,5,1245001683,True,,10895.854449,0.0,outward
15,9809.428188,9082.869759,3356.452087,726.5584290000006,0.07406735796168108,6452.976101,15,9,True,False,False,10,10,72,70,15,15,7898.428188,1545.0,279.0,87.0,668.5584290000006,50.0,8.0,0.0,3809.428188,726.5584290000006,0.0,155,60,6,4,0,1245001684,True,,9809.428188,0.0,area
13,9581.179032,8114.327172,6694.454736,1466.8518599999998,0.15309721852612176,2886.7242960000003,12,9,False,False,False,35,35,87,84,13,13,6988.179032,2125.0,397.0,71.0,1260.8518599999998,175.0,31.0,0.0,3581.179032,1466.8518599999998,0.0,217,77,4,0,1,1245001685,True,,9581.179032,0.0,edge
15,11449.342489,11449.342489,4624.522725,0.0,0.0,6824.819764000001,15,13,True,False,False,0,0,75,75,15,15,9023.342489,1530.0,272.0,624.0,0,0,0,0,5449.342489000001,0.0,0.0,155,60,2,181,0,1245001686,True,,11449.342489,0.0,cluster
11,9432.001533,9353.063214,8094.109593,78.93831900000077,0.008369201247881177,1337.8919400000004,9,7,False,False,False,9,9,149,135,11,11,6588.001533000001,2350.0,439.0,55.0,25.938319000000774,45.0,8.0,0.0,3432.0015330000006,78.93831900000077,0.0,279,108,4,0,2,1245001687,True,,9432.001533,0.0,outward
14,10210.654683,7458.875906,6976.365734,2751.7787770000004,0.26950071885023325,3234.2889490000007,13,12,False,False,False,54,54,89,87,14,14,8221.654683,1620.0,296.0,73.0,2436.7787770000004,270.0,45.0,0.0,4210.654683000001,2751.7787770000004,0.0,186,84,2,0,1,1245001688,True,,10210.654683,0.0,area
16,7103.991674,7103.991674,5285.171792,0.0,0.0,1818.8198819999998,16,11,True,False,False,0,0,5,4,16,16,5387.991674,1300.0,240.0,176.0,0,0,0,0,1103.9916739999999,0.0,0.0,69,0,5,16,0,1245001689,True,,7103.991674,0.0,edge
14,8238.825952,8033.503171,6806.501932,205.32278099999894,0.02492136406281968,1432.324019999999,13,13,False,False,False,6,6,62,60,14,14,6623.825951999999,1300.0,230.0,85.0,170.32278099999894,30.0,5.0,0.0,2238.8259519999992,205.32278099999894,0.0,186,54,1,5,1,1245001690,True,,8238.825952,0.0,cluster
14,9598.81297,9598.81297,8354.881401,0.0,0.0,1243.9315690000003,12,10,False,False,False,0,0,85,80,14,14,7266.812970000001,1910.0,352.0,70.0,0,0,0,0,3598.812970000001,0.0,0.0,186,66,4,0,2,1245001691,True,,9598.81297,0.0,outward
15,9908.787671,9908.787671,1961.0,0.0,0.0,7947.787671,15,13,True,False,False,0,0,82,79,15,15,7836.787671,1690.0,307.0,75.0,0,0,0,0,3908.787671,0.0,0.0,155,60,2,0,0,1245001692,True,,9908.787671,0.0,area
16,9420.069258,9420.069258,5163.885833,0.0,0.0,4256.183424999999,16,8,True,False,False,0,0,25,22,16,16,6856.0692579999995,1745.0,322.0,497.0,0,0,0,0,3420.0692579999995,0.0,0.0,67,0,8,137,0,1245001693,True,,9420.069258,0.0,edge
11,8805.876646,2736.035817,792.762583,6069.840829000001,0.6892943284365876,8013.114063000001,11,11,True,True,False,207,207,99,99,11,11,6843.876646000001,1615.0,292.0,55.0,4850.840829000001,1035.0,184.0,0.0,2805.8766460000006,2805.8766460000006,0.0,279,99,0,0,0,1245001694,True,,8805.876646,0.0,cluster
15,13128.041213,13128.041213,7478.097989,0.0,0.0,5649.943224000001,10,7,False,False,False,0,0,156,143,15,15,9473.041213,2405.0,446.0,804.0,0,0,0,0,7128.041213,0.0,0.0,155,65,8,242,5,1245001695,True,,13128.041213,0.0,outward
16,4937.839252,4937.839252,3179.436209,0.0,0.0,1758.4030429999998,16,16,True,True,False,0,0,0,0,16,16,3858.8392519999998,815.0,154.0,110.0,0,0,0,0,0.0,0.0,0.0,34,0,0,0,0,1245001696,True,,4937.839252,0.0,area
16,10737.527914,10737.527914,6367.705968,0.0,0.0,4369.821946,15,11,False,False,False,0,0,32,30,16,16,8071.527914,1715.0,310.0,641.0,0,0,0,0,4737.527914,0.0,0.0,85,5,5,186,1,1245001697,True,,10737.527914,0.0,edge
12,8524.60774,1672.297893,359.0,6852.3098469999995,0.8038269977921588,8165.6077399999995,12,12,True,True,False,216,216,72,72,12,12,6766.6077399999995,1435.0,257.0,66.0,5583.3098469999995,1080.0,189.0,0.0,2524.6077399999995,2524.6077399999995,0.0,248,72,0,0,0,1245001698,True,,8524.60774,0.0,cluster
16,10277.074306,10277.074306,7937.524707,0.0,0.0,2339.549599000001,13,6,False,False,False,0,0,81,70,16,16,7371.074306,2185.0,407.0,314.0,0,0,0,0,4277.074306,0.0,0.0,100,21,10,76,3,1245001699,True,,10277.074306,0.0,outward
13,9801.116673,9801.116673,3575.321482,0.0,0.0,6225.795191000001,13,11,True,False,False,0,0,91,91,13,13,7770.116673,1645.0,297.0,89.0,0,0,0,0,3801.1166730000004,0.0,0.0,217,77,2,5,0,1245001700,True,,9801.116673,0.0,area
12,9557.918128,6714.650205,2981.502688,2843.2679229999994,0.2974777440989605,6576.415439999999,12,8,True,False,False,80,80,111,107,12,12,7039.918127999999,2065.0,384.0,69.0,2372.2679229999994,400.0,71.0,0.0,3557.9181279999993,2843.2679229999994,0.0,248,102,4,1,0,1245001701,True,,9557.918128,0.0,edge
15,8455.971284,4711.739171,4275.844817,3744.232112999999,0.4427914886708122,4180.126466999999,15,15,True,True,False,75,75,50,50,15,15,7134.971283999999,1060.0,183.0,78.0,3308.232112999999,375.0,61.0,0.0,2455.9712839999993,2455.9712839999993,0.0,155,50,0,0,0,1245001702,True,,8455.971284,0.0,cluster
13,11461.036063,11461.036063,8540.589476,0.0,0.0,2920.4465870000004,9,4,False,False,False,0,0,162,150,13,13,8102.036063,2585.0,484.0,290.0,0,0,0,0,5461.036063,0.0,0.0,217,84,9,75,4,1245001703,True,,11461.036063,0.0,outward
16,11289.956827,11289.956827,7325.17062,0.0,0.0,3964.786207,13,8,False,False,False,0,0,58,50,16,16,8523.956827,1770.0,328.0,668.0,0,0,0,0,5289.956827,0.0,0.0,89,17,8,196,3,1245001704,True,,11289.956827,0.0,area
16,7148.983894,7148.983894,6018.107883,0.0,0.0,1130.8760110000003,15,12,False,False,False,0,0,8,5,16,16,5246.983894,1525.0,285.0,92.0,0,0,0,0,1148.983894,0.0,0.0,76,2,4,1,1,1245001705,True,,7148.983894,0.0,edge
13,9698.532165,9698.532165,2452.300793,0.0,0.0,7246.231372,13,12,True,False,False,0,0,99,99,13,13,7573.5321650000005,1735.0,316.0,74.0,0,0,0,0,3698.5321650000005,0.0,0.0,217,84,1,3,0,1245001706,True,,9698.532165,0.0,cluster
13,14073.503104,14073.503104,8666.667846,0.0,0.0,5406.835257999999,9,3,False,False,False,0,0,183,170,13,13,9927.503104,2680.0,501.0,965.0,0,0,0,0,8073.503103999999,0.0,0.0,217,91,10,300,4,1245001707,True,,14073.503104,0.0,outward
14,9773.495353,9015.021269,3215.262922,758.4740839999995,0.07760520229512197,6558.232431,14,8,True,False,False,18,18,105,98,14,14,7539.495353,1820.0,335.0,79.0,653.4740839999995,90.0,15.0,0.0,3773.4953530000003,758.4740839999995,0.0,186,74,6,1,0,1245001708,True,,9773.495353,0.0,area
12,10448.521729,10448.521729,6429.440745,0.0,0.0,4019.080984,11,8,False,False,False,0,0,115,111,12,12,7727.521729,2235.0,414.0,72.0,0,0,0,0,4448.521729,0.0,0.0,248,88,4,2,1,1245001709,True,,10448.521729,0.0,edge
15,9902.205534,9902.205534,737.0,0.0,0.0,9165.205534,15,14,True,False,False,0,0,57,57,15,15,8104.205534000001,1165.0,201.0,432.0,0,0,0,0,3902.2055340000006,0.0,0.0,155,45,1,118,0,1245001710,True,,9902.205534,0.0,cluster
15,10108.47092,9608.959025,8333.004598,499.51189499999964,0.04941517851247869,1775.4663220000002,14,9,False,False,False,10,10,115,106,15,15,7590.47092,2055.0,382.0,81.0,441.51189499999964,50.0,8.0,0.0,4108.47092,499.51189499999964,0.0,155,68,6,2,1,1245001711,True,,10108.47092,0.0,outward
15,10070.288617,7477.469432,5701.032873,2592.8191850000003,0.2574721821401398,4369.255744,15,11,True,False,False,45,45,69,68,15,15,8108.288617,1590.0,288.0,84.0,2331.8191850000003,225.0,36.0,0.0,4070.288617,2592.8191850000003,0.0,155,60,4,0,0,1245001712,True,,10070.288617,0.0,area
12,10657.044653,10657.044653,9234.608707,0.0,0.0,1422.4359460000014,9,7,False,False,False,0,0,141,135,12,12,7807.044653000001,2300.0,427.0,123.0,0,0,0,0,4657.044653000001,0.0,0.0,248,96,5,21,3,1245001713,True,,10657.044653,0.0,edge
15,8101.335642,2121.683002,666.0,5979.65264,0.7381070115154229,7435.335642,15,15,True,True,False,130,130,50,50,15,15,6810.335642,1035.0,178.0,78.0,5225.65264,650.0,104.0,0.0,2101.335642,2101.335642,0.0,155,50,0,0,0,1245001714,True,,8101.335642,0.0,cluster
16,10705.480868,10705.480868,10020.450893,0.0,0.0,685.0299750000013,10,8,False,False,False,0,0,89,75,16,16,7866.480868000001,2170.0,403.0,266.0,0,0,0,0,4705.480868000001,0.0,0.0,116,40,8,62,6,1245001715,True,,10705.480868,0.0,outward
12,9274.581808,7236.764857,3041.598239,2037.8169510000007,0.21972062926246824,6232.983569000001,12,8,True,False,False,64,64,95,94,12,12,7067.581808000001,1815.0,332.0,60.0,1661.8169510000007,320.0,56.0,0.0,3274.581808000001,2037.8169510000007,0.0,248,90,4,0,0,1245001716,True,,9274.581808,0.0,area
10,9620.57861,8426.431763,7922.146234,1194.146847,0.12412422323110148,1698.4323760000007,9,7,False,False,False,50,50,138,136,10,10,6853.5786100000005,2275.0,424.0,68.0,899.146847,250.0,45.0,0.0,3620.5786100000005,1194.146847,0.0,310,130,3,5,1,1245001717,True,,9620.57861,0.0,edge
15,8639.964854,2588.429804,1194.410535,6051.53505,0.7004119984583447,7445.554319,15,15,True,True,False,125,125,60,60,15,15,7301.964854,1075.0,185.0,78.0,5326.53505,625.0,100.0,0.0,2639.964854,2639.964854,0.0,155,60,0,0,0,1245001718,True,,8639.964854,0.0,cluster
14,12796.947078,12796.947078,7220.759727,0.0,0.0,5576.187351,12,5,False,False,False,0,0,156,149,14,14,9435.947078,2425.0,449.0,487.0,0,0,0,0,6796.947077999999,0.0,0.0,186,69,9,139,2,1245001719,True,,12796.947078,0.0,outward
15,9721.554302,9721.554302,2794.797728,0.0,0.0,6926.756574000001,15,14,True,False,False,0,0,78,75,15,15,7831.5543020000005,1530.0,276.0,84.0,0,0,0,0,3721.5543020000005,0.0,0.0,155,65,1,0,0,1245001720,True,,9721.554302,0.0,area
15,9383.951829,8952.554926,7338.029978,431.39690299999893,0.045971772965289266,2045.921851,14,11,False,False,False,10,10,86,81,15,15,7126.951829,1835.0,338.0,84.0,373.39690299999893,50.0,8.0,0.0,3383.9518289999996,431.39690299999893,0.0,155,65,4,0,1,1245001721,True,,9383.951829,0.0,edge
12,9536.412209,9536.412209,731.0,0.0,0.0,8805.412209,12,10,True,False,False,0,0,93,93,12,12,7504.412209,1635.0,295.0,102.0,0,0,0,0,3536.412209,0.0,0.0,248,80,2,14,0,1245001722,True,,9536.412209,0.0,cluster
12,10280.919763,10280.919763,6994.396014,0.0,0.0,3286.523749,11,7,False,False,False,0,0,141,132,12,12,7405.919763,2355.0,439.0,81.0,0,0,0,0,4280.919763,0.0,0.0,248,104,5,0,1,1245001723,True,,10280.919763,0.0,outward
12,9273.840592,6113.900506,5169.984245,3159.9400860000005,0.34073694222498235,4103.856347000001,12,11,True,False,False,96,96,96,96,12,12,7214.8405920000005,1690.0,309.0,60.0,2594.9400860000005,480.0,85.0,0.0,3273.8405920000005,3159.9400860000005,0.0,248,96,1,0,0,1245001724,True,,9273.840592,0.0,area
15,9614.796602,9614.796602,4226.450064,0.0,0.0,5388.346538000001,15,12,True,False,False,0,0,66,64,15,15,7182.796602,1985.0,366.0,81.0,0,0,0,0,3614.7966020000003,0.0,0.0,155,55,3,0,0,1245001725,True,,9614.796602,0.0,edge
16,3270.376698,3270.376698,1510.747459,0.0,0.0,1759.629239,16,16,True,True,False,0,0,0,0,16,16,2332.376698,425.0,79.0,434.0,0,0,0,0,0.0,0.0,0.0,19,0,0,0,0,1245001726,True,,3270.376698,0.0,cluster
16,12277.443302,12277.443302,8774.352849,0.0,0.0,3503.090452999999,10,5,False,False,False,0,0,116,103,16,16,8926.443302,2345.0,434.0,572.0,0,0,0,0,6277.443302,0.0,0.0,115,39,11,164,6,1245001727,True,,12277.443302,0.0,outward
15,14783.972152,14783.972152,7594.872872,0.0,0.0,7189.09928,14,9,False,False,False,0,0,147,144,15,15,10982.972152,2170.0,398.0,1233.0,0,0,0,0,8783.972152,0.0,0.0,155,65,6,385,1,1245001728,True,,14783.972152,0.0,area
16,6742.42769,6742.42769,3985.799204,0.0,0.0,2756.6284860000005,16,14,True,False,False,0,0,0,0,16,16,4826.42769,1230.0,231.0,455.0,0,0,0,0,742.4276900000004,0.0,0.0,50,0,2,33,0,1245001729,True,,6742.42769,0.0,edge
16,3791.386612,3791.386612,689.0,0.0,0.0,3102.386612,16,16,True,True,False,0,0,0,0,16,16,2742.386612,335.0,58.0,656.0,0,0,0,0,0.0,0.0,0.0,11,0,0,0,0,1245001730,True,,3791.386612,0.0,cluster
11,14532.82047,14532.82047,8984.455308,0.0,0.0,5548.365162,8,2,False,False,False,0,0,205,198,11,11,10095.82047,2805.0,524.0,1108.0,0,0,0,0,8532.82047,0.0,0.0,279,117,9,351,3,1245001731,True,,14532.82047,0.0,outward
12,9542.802757,8648.928431,5284.763223,893.8743259999992,0.0936699991356637,4258.039534,12,10,True,False,False,32,32,113,111,12,12,7179.8027569999995,1930.0,358.0,75.0,705.8743259999992,160.0,28.0,0.0,3542.8027569999995,893.8743259999992,0.0,248,104,2,0,0,1245001732,True,,9542.802757,0.0,area
12,9586.048581,8073.324867,2237.0,1512.7237139999988,0.15780472018452824,7349.048580999999,12,8,True,False,False,40,40,100,97,12,12,6885.048580999999,2220.0,415.0,66.0,1277.7237139999988,200.0,35.0,0.0,3586.048580999999,1512.7237139999988,0.0,248,88,4,2,0,1245001733,True,,9586.048581,0.0,edge
13,10171.041297,10171.041297,1061.0,0.0,0.0,9110.041297,13,10,True,False,False,0,0,96,96,13,13,7727.041297,1680.0,303.0,461.0,0,0,0,0,4171.041297,0.0,0.0,217,70,3,131,0,1245001734,True,,10171.041297,0.0,cluster
11,10024.007743,9938.856965,9067.770406,85.15077799999926,0.008494683981011691,956.2373370000005,6,4,False,False,False,9,9,174,162,11,11,7050.007743,2455.0,461.0,58.0,32.150777999999264,45.0,8.0,0.0,4024.007743,85.15077799999926,0.0,279,126,7,1,5,1245001735,True,,10024.007743,0.0,outward
13,9897.197726,9897.197726,1987.627504,0.0,0.0,7909.570222,13,11,True,False,False,0,0,93,91,13,13,7849.197726,1675.0,305.0,68.0,0,0,0,0,3897.1977260000003,0.0,0.0,217,91,2,0,0,1245001736,True,,9897.197726,0.0,area
11,9555.097509,7904.152013,5724.138086,1650.9454959999994,0.17278164816685174,3830.9594229999993,11,8,True,False,False,63,63,105,103,11,11,6983.097508999999,2115.0,393.0,64.0,1279.9454959999994,315.0,56.0,0.0,3555.0975089999993,1650.9454959999994,0.0,279,100,3,1,0,1245001737,True,,9555.097509,0.0,edge
16,2784.445929,2784.445929,1589.214911,0.0,0.0,1195.231018,16,16,True,True,False,0,0,0,0,16,16,2033.445929,550.0,103.0,98.0,0,0,0,0,0.0,0.0,0.0,24,0,0,0,0,1245001738,True,,2784.445929,0.0,cluster
10,11696.676159,11696.676159,7988.059771,0.0,0.0,3708.6163880000004,8,4,False,False,False,0,0,168,161,10,10,8162.676159000001,2610.0,487.0,437.0,0,0,0,0,5696.676159000001,0.0,0.0,310,119,6,129,2,1245001739,True,,11696.676159,0.0,outward
11,9917.054412,9249.811267,3921.322436,667.2431450000004,0.06728239225879529,5995.731975999999,11,6,True,False,False,27,27,144,140,11,11,7302.0544119999995,2155.0,402.0,58.0,508.24314500000037,135.0,24.0,0.0,3917.0544119999995,667.2431450000004,0.0,279,117,5,0,0,1245001740,True,,9917.054412,0.0,area
11,9876.719573,8604.8892,8096.412709,1271.8303730000007,0.12877052584107024,1780.3068640000001,9,6,False,False,False,45,45,137,129,11,11,7100.719573,2285.0,427.0,64.0,1006.8303730000007,225.0,40.0,0.0,3876.7195730000003,1271.8303730000007,0.0,279,117,5,1,2,1245001741,True,,9876.719573,0.0,edge
11,8554.308955,8554.308955,1025.0,0.0,0.0,7529.308955,11,10,True,False,False,0,0,81,81,11,11,6616.308955,1595.0,288.0,55.0,0,0,0,0,2554.3089550000004,0.0,0.0,279,81,1,0,0,1245001742,True,,8554.308955,0.0,cluster
15,17012.527695,17012.527695,8904.467594,0.0,0.0,8108.060101000001,12,4,False,False,False,0,0,153,145,15,15,12090.527695,2535.0,470.0,1917.0,0,0,0,0,11012.527695,0.0,0.0,155,61,11,614,3,1245001743,True,,17012.527695,0.0,outward
12,9028.059109,8845.725593,437.0,182.3335160000006,0.020196313936207373,8591.059109,12,7,True,False,False,8,8,98,97,12,12,6854.059109,1785.0,329.0,60.0,135.3335160000006,40.0,7.0,0.0,3028.059109,182.3335160000006,0.0,248,88,5,0,0,1245001744,True,,9028.059109,0.0,area
14,10202.569144,10202.569144,8707.088031,0.0,0.0,1495.4811129999998,11,6,False,False,False,0,0,116,106,14,14,7627.569143999999,2105.0,391.0,79.0,0,0,0,0,4202.569143999999,0.0,0.0,186,69,8,2,3,1245001745,True,,10202.569144,0.0,edge
16,7256.562262,7256.562262,1061.0,0.0,0.0,6195.562262,16,14,True,False,False,0,0,0,0,16,16,5063.562262,525.0,88.0,1580.0,0,0,0,0,1256.5622620000004,0.0,0.0,16,0,2,147,0,1245001746,True,,7256.562262,0.0,cluster
11,9173.216448,8595.188781,5507.489328,578.0276669999985,0.06301253985193205,3665.7271199999996,11,6,True,False,False,27,27,125,120,11,11,6302.216447999999,2365.0,442.0,64.0,419.0276669999985,135.0,24.0,0.0,3173.216447999999,578.0276669999985,0.0,279,108,5,3,0,1245001747,True,,9173.216448,0.0,outward
15,9725.62492,9148.895916,4458.258421,576.7290040000007,0.05929994306216785,5267.366499,15,12,True,False,False,10,10,80,78,15,15,7754.62492,1605.0,291.0,75.0,518.7290040000007,50.0,8.0,0.0,3725.62492,576.7290040000007,0.0,155,65,3,0,0,1245001748,True,,9725.62492,0.0,area
12,13964.593417,13964.593417,5628.629823,0.0,0.0,8335.963594,12,4,True,False,False,0,0,174,168,12,12,10045.593417,2610.0,487.0,822.0,0,0,0,0,7964.593417,0.0,0.0,248,88,8,254,0,1245001749,True,,13964.593417,0.0,edge
14,8691.839962,2959.870993,1744.224297,5731.968969,0.6594655440113589,6947.615665,14,14,True,True,False,138,138,66,66,14,14,7139.839962,1250.0,220.0,82.0,4926.968969,690.0,115.0,0.0,2691.839962,2691.839962,0.0,186,66,0,0,0,1245001750,True,,8691.839962,0.0,cluster
14,9839.358646,9266.267516,7494.596903,573.0911300000007,0.05824476478789395,2344.761743000001,12,9,False,False,False,12,12,101,94,14,14,7242.358646000001,2130.0,397.0,70.0,502.0911300000007,60.0,11.0,0.0,3839.3586460000006,573.0911300000007,0.0,186,72,5,0,2,1245001751,True,,9839.358646,0.0,outward
12,10881.015029,10881.015029,8804.739808,0.0,0.0,2076.275221,11,5,False,False,False,0,0,174,167,12,12,8055.015029,2330.0,436.0,60.0,0,0,0,0,4881.015029,0.0,0.0,248,112,7,0,1,1245001752,True,,10881.015029,0.0,area
13,10577.659469,10310.508433,5829.673623,267.1510359999993,0.02525615773347026,4747.9858460000005,13,6,True,False,False,7,7,136,128,13,13,7632.659469,2400.0,450.0,95.0,226.1510359999993,35.0,6.0,0.0,4577.659469,267.1510359999993,0.0,217,84,7,5,0,1245001753,True,,10577.659469,0.0,edge
14,8632.842199,8632.842199,971.0,0.0,0.0,7661.842199000001,14,12,True,False,False,0,0,64,63,14,14,6993.842199000001,1330.0,236.0,73.0,0,0,0,0,2632.8421990000006,0.0,0.0,186,54,2,0,0,1245001754,True,,8632.842199,0.0,cluster
14,15149.164244,15149.164244,10145.766215,0.0,0.0,5003.398029,5,2,False,False,False,0,0,170,151,14,14,10481.164244,2720.0,507.0,1441.0,0,0,0,0,9149.164244,0.0,0.0,186,72,12,457,9,1245001755,True,,15149.164244,0.0,outward
13,9437.953024,6746.054921,1283.0,2691.8981030000004,0.2852205447679923,8154.953024,13,12,True,False,False,70,70,91,91,13,13,7275.953024,1770.0,324.0,68.0,2281.8981030000004,350.0,60.0,0.0,3437.9530240000004,2691.8981030000004,0.0,217,91,1,0,0,1245001756,True,,9437.953024,0.0,area
13,10475.219609,8173.899493,6247.676937,2301.320116,0.2196918252694935,4227.542672,12,7,False,False,False,42,42,117,109,13,13,7763.219609,2220.0,415.0,77.0,2054.320116,210.0,37.0,0.0,4475.219609,2301.320116,0.0,217,91,6,3,1,1245001757,True,,10475.219609,0.0,edge
11,10282.674169,10282.674169,749.0,0.0,0.0,9533.674169,11,4,True,False,False,0,0,138,138,11,11,7541.674169,2160.0,400.0,181.0,0,0,0,0,4282.674169,0.0,0.0,279,93,7,42,0,1245001758,True,,10282.674169,0.0,cluster
16,9366.383224,9366.383224,8929.335335,0.0,0.0,437.0478889999995,9,7,False,False,False,0,0,101,84,16,16,6867.383223999999,2015.0,374.0,110.0,0,0,0,0,3366.3832239999992,0.0,0.0,108,39,9,8,7,1245001759,True,,9366.383224,0.0,outward
13,10131.562265,7287.320042,5739.923406,2844.242223,0.28073086347458776,4391.638859000001,13,10,True,False,False,63,63,88,87,13,13,7921.5622650000005,1810.0,332.0,68.0,2475.242223,315.0,54.0,0.0,4131.5622650000005,2844.242223,0.0,217,80,3,0,0,1245001760,True,,10131.562265,0.0,area
11,14898.662495,14898.662495,9698.584071,0.0,0.0,5200.078424000001,8,4,False,False,False,0,0,209,204,11,11,10336.662495,2735.0,506.0,1321.0,0,0,0,0,8898.662495,0.0,0.0,279,117,7,422,3,1245001761,True,,14898.662495,0.0,edge
15,9000.704068,3525.435938,1672.843119,5475.268129999999,0.6083155371662642,7327.860948999999,15,15,True,True,False,105,105,55,55,15,15,7580.704067999999,1140.0,199.0,81.0,4866.268129999999,525.0,84.0,0.0,3000.704067999999,3000.704067999999,0.0,155,55,0,0,0,1245001762,True,,9000.704068,0.0,cluster
13,11536.088906,11536.088906,7892.06959,0.0,0.0,3644.019316000001,10,5,False,False,False,0,0,124,114,13,13,8293.088906,2315.0,431.0,497.0,0,0,0,0,5536.088906000001,0.0,0.0,217,91,8,144,3,1245001763,True,,11536.088906,0.0,outward
14,11060.160392,11060.160392,3457.889025,0.0,0.0,7602.271366999999,14,9,True,False,False,0,0,103,102,14,14,8570.160392,1835.0,336.0,319.0,0,0,0,0,5060.160392,0.0,0.0,186,72,5,80,0,1245001764,True,,11060.160392,0.0,area
14,9643.514458,8406.635817,2667.453674,1236.8786409999993,0.1282601531202059,6976.060783999999,14,11,True,False,False,24,24,78,76,14,14,7206.514458,1995.0,369.0,73.0,1095.8786409999993,120.0,21.0,0.0,3643.5144579999996,1236.8786409999993,0.0,186,66,3,1,0,1245001765,True,,9643.514458,0.0,edge
12,8469.707377,1885.899315,113.0,6583.808062000001,0.7773359537637307,8356.707377,12,12,True,True,False,208,208,80,80,12,12,6664.707377000001,1480.0,265.0,60.0,5361.808062000001,1040.0,182.0,0.0,2469.7073770000006,2469.7073770000006,0.0,248,80,0,0,0,1245001766,True,,8469.707377,0.0,cluster
16,12747.852107,12747.852107,8550.690405,0.0,0.0,4197.161702000001,13,8,False,False,False,0,0,109,101,16,16,9494.852107,2175.0,401.0,677.0,0,0,0,0,6747.852107000001,0.0,0.0,110,30,8,197,3,1245001767,True,,12747.852107,0.0,outward
16,6431.554493,6431.554493,4458.727026,0.0,0.0,1972.827467,16,14,True,False,False,0,0,0,0,16,16,5079.554493,1070.0,199.0,83.0,0,0,0,0,431.55449299999964,0.0,0.0,57,0,2,0,0,1245001768,True,,6431.554493,0.0,area
15,9564.600769,8178.732107,4065.720343,1385.8686620000008,0.14489560991314604,5498.880426000001,15,14,True,False,False,15,15,57,56,15,15,7448.600769000001,1720.0,315.0,81.0,1298.8686620000008,75.0,12.0,0.0,3564.6007690000006,1385.8686620000008,0.0,155,50,1,1,0,1245001769,True,,9564.600769,0.0,edge
15,9551.070965,9551.070965,419.0,0.0,0.0,9132.070965,15,13,True,False,False,0,0,69,69,15,15,7772.070965000001,1305.0,228.0,246.0,0,0,0,0,3551.070965000001,0.0,0.0,155,45,2,57,0,1245001770,True,,9551.070965,0.0,cluster
14,10196.169397,9946.5602,8009.141081,249.60919699999977,0.024480683605888485,2187.028316,11,6,False,False,False,6,6,120,106,14,14,7560.169397,2160.0,403.0,73.0,214.60919699999977,30.0,5.0,0.0,4196.169397,249.60919699999977,0.0,186,79,8,1,3,1245001771,True,,10196.169397,0.0,outward
11,10354.043694,10354.043694,5240.572885,0.0,0.0,5113.470809,11,9,True,False,False,0,0,123,123,11,11,7808.043694,2015.0,371.0,160.0,0,0,0,0,4354.043694,0.0,0.0,279,108,2,33,0,1245001772,True,,10354.043694,0.0,area
13,9364.496401,8146.073211,6735.023557,1218.4231900000004,0.13011091443955167,2629.472844,12,7,False,False,False,28,28,106,100,13,13,6830.496401,2080.0,386.0,68.0,1054.4231900000004,140.0,24.0,0.0,3364.4964010000003,1218.4231900000004,0.0,217,84,6,1,1,1245001773,True,,9364.496401,0.0,edge
13,9069.339825,5352.081208,4625.813356,3717.2586169999995,0.4098709154941165,4443.526468999999,13,13,True,True,False,91,91,70,70,13,13,7264.339824999999,1470.0,264.0,71.0,3183.2586169999995,455.0,79.0,0.0,3069.339824999999,3069.339824999999,0.0,217,70,0,0,0,1245001774,True,,9069.339825,0.0,cluster
14,9731.534466,9272.752327,8328.556721,458.782138999999,0.047143864166837246,1402.9777449999983,10,5,False,False,False,12,12,127,113,14,14,6802.534465999999,2405.0,451.0,73.0,387.782138999999,60.0,11.0,0.0,3731.534465999999,458.782138999999,0.0,186,72,9,1,4,1245001775,True,,9731.534466,0.0,outward
15,10847.118937,10847.118937,8300.320146,0.0,0.0,2546.7987909999993,14,10,False,False,False,0,0,113,110,15,15,8600.118937,1680.0,300.0,267.0,0,0,0,0,4847.118936999999,0.0,0.0,155,70,5,64,1,1245001776,True,,10847.118937,0.0,area
14,8859.505434,6322.308019,1367.0,2537.1974150000005,0.2863813825614953,7492.505434000001,14,12,True,False,False,54,54,60,60,14,14,6790.505434000001,1690.0,309.0,70.0,2222.1974150000005,270.0,45.0,0.0,2859.5054340000006,2537.1974150000005,0.0,186,60,2,0,0,1245001777,True,,8859.505434,0.0,edge
15,9257.449137,9257.449137,2955.614688,0.0,0.0,6301.834449,15,14,True,False,False,0,0,73,72,15,15,7630.449137,1320.0,232.0,75.0,0,0,0,0,3257.4491369999996,0.0,0.0,155,60,1,0,0,1245001778,True,,9257.449137,0.0,cluster
16,12656.492738,12656.492738,8448.858936,0.0,0.0,4207.633802,8,5,False,False,False,0,0,125,110,16,16,8826.492738,2425.0,449.0,956.0,0,0,0,0,6656.492738000001,0.0,0.0,107,31,11,292,8,1245001779,True,,12656.492738,0.0,outward
14,9079.793313,6861.744928,6192.336916,2218.048385,0.2442840171068991,2887.456397,13,11,False,False,False,54,54,70,67,14,14,7106.793313,1605.0,292.0,76.0,1902.048385,270.0,46.0,0.0,3079.793313,2218.048385,0.0,186,66,3,2,1,1245001780,True,,9079.793313,0.0,area
10,10377.309914,10377.309914,8256.010439,0.0,0.0,2121.299475,9,6,False,False,False,0,0,166,162,10,10,7382.3099139999995,2480.0,465.0,50.0,0,0,0,0,4377.3099139999995,0.0,0.0,310,130,4,0,1,1245001781,True,,10377.309914,0.0,edge
16,3228.375903,3228.375903,2263.276388,0.0,0.0,965.0995149999999,16,16,True,True,False,0,0,0,0,16,16,2511.375903,480.0,85.0,152.0,0,0,0,0,0.0,0.0,0.0,26,0,0,0,0,1245001782,True,,3228.375903,0.0,cluster
10,9977.662662,9087.425284,7467.678131,890.2373779999998,0.08922303831642607,2509.984531000001,8,5,False,False,False,30,30,146,138,10,10,7018.662662000001,2445.0,458.0,56.0,713.2373779999998,150.0,27.0,0.0,3977.6626620000006,890.2373779999998,0.0,310,120,5,1,2,1245001783,True,,9977.662662,0.0,outward
15,9322.441745,7903.006041,7295.393283,1419.4357040000004,0.1522600776520058,2027.0484619999997,14,13,False,False,False,25,25,70,67,15,15,7564.441745,1425.0,255.0,78.0,1274.4357040000004,125.0,20.0,0.0,3322.441745,1419.4357040000004,0.0,155,60,2,0,1,1245001784,True,,9322.441745,0.0,area
11,9815.464724,9815.464724,6235.877407,0.0,0.0,3579.5873169999995,10,4,False,False,False,0,0,105,100,11,11,7143.4647239999995,2200.0,411.0,61.0,0,0,0,0,3815.4647239999995,0.0,0.0,279,92,7,2,1,1245001785,True,,9815.464724,0.0,edge
13,8748.541673,6319.077767,437.0,2429.463906,0.27769930084437744,8311.541673,13,12,True,False,False,63,63,71,70,13,13,7061.541673,1375.0,244.0,68.0,2060.463906,315.0,54.0,0.0,2748.5416729999997,2429.463906,0.0,217,70,1,0,0,1245001786,True,,8748.541673,0.0,cluster
11,10005.080043,10005.080043,7954.307798,0.0,0.0,2050.772245,10,7,False,False,False,0,0,134,128,11,11,7116.080043,2385.0,446.0,58.0,0,0,0,0,4005.080043,0.0,0.0,279,108,4,1,1,1245001787,True,,10005.080043,0.0,outward
14,13447.002286,13447.002286,6199.445767,0.0,0.0,7247.556519000001,12,6,False,False,False,0,0,133,124,14,14,10089.002286,2165.0,397.0,796.0,0,0,0,0,7447.002286000001,0.0,0.0,186,66,8,242,2,1245001788,True,,13447.002286,0.0,area
15,10650.998216,10650.998216,6678.943694,0.0,0.0,3972.0545220000004,14,5,False,False,False,0,0,79,72,15,15,8018.998216,2145.0,400.0,87.0,0,0,0,0,4650.998216,0.0,0.0,155,55,10,4,1,1245001789,True,,10650.998216,0.0,edge
12,8952.921683,2832.97809,1878.0,6119.943593,0.6835694323810159,7074.9216830000005,12,12,True,True,False,184,184,88,88,12,12,6999.9216830000005,1600.0,290.0,63.0,5038.943593000001,920.0,161.0,0.0,2952.9216830000005,2952.9216830000005,0.0,248,88,0,0,0,1245001790,True,,8952.921683,0.0,cluster
15,10853.819431,10853.819431,3878.345637,0.0,0.0,6975.4737939999995,15,14,True,False,False,0,0,63,63,15,15,8321.819431,1790.0,325.0,417.0,0,0,0,0,4853.819431,0.0,0.0,155,50,1,114,0,1245001791,True,,10853.819431,0.0,outward
14,8965.287007,6941.946952,2612.217872,2023.3400550000006,0.2256860325185572,6353.069135000001,14,13,True,False,False,48,48,69,68,14,14,7250.287007000001,1380.0,247.0,88.0,1743.3400550000006,240.0,40.0,0.0,2965.287007000001,2023.3400550000006,0.0,186,66,1,5,0,1245001792,True,,8965.287007,0.0,area
12,9316.099942,8117.098078,2327.0,1199.0018640000008,0.12870212551010873,6989.099942000001,12,8,True,False,False,40,40,120,117,12,12,6671.099942000001,2175.0,404.0,66.0,964.0018640000008,200.0,35.0,0.0,3316.0999420000007,1199.0018640000008,0.0,248,96,4,2,0,1245001793,True,,9316.099942,0.0,edge
12,13170.845261,13170.845261,1019.0,0.0,0.0,12151.845261,12,6,True,False,False,0,0,136,135,12,12,9673.845261,2100.0,383.0,1014.0,0,0,0,0,7170.845261,0.0,0.0,248,85,6,318,0,1245001794,True,,13170.845261,0.0,cluster
13,9849.831506,9488.964339,6665.952096,360.86716700000034,0.03663688731935962,3183.8794100000005,12,5,False,False,False,14,14,104,96,13,13,7205.831506,2175.0,404.0,65.0,278.86716700000034,70.0,12.0,0.0,3849.8315060000004,360.86716700000034,0.0,217,91,8,0,1,1245001795,True,,9849.831506,0.0,outward
15,9302.530129,9042.67921,7469.656392,259.85091900000043,0.02793335956955764,1832.8737370000008,13,12,False,False,False,5,5,73,68,15,15,7321.530129000001,1610.0,293.0,78.0,230.85091900000043,25.0,4.0,0.0,3302.5301290000007,259.85091900000043,0.0,155,55,3,0,2,1245001796,True,,9302.530129,0.0,area
16,11004.075823,11004.075823,4725.001799,0.0,0.0,6279.074024,16,9,True,False,False,0,0,50,47,16,16,8332.075823,1800.0,327.0,545.0,0,0,0,0,5004.075822999999,0.0,0.0,62,0,7,152,0,1245001797,True,,11004.075823,0.0,edge
10,9278.691046,2187.867121,671.0,7090.823925,0.7642051976778363,8607.691046,10,10,True,True,False,260,260,120,120,10,10,7159.691046,1745.0,318.0,56.0,5556.823925,1300.0,234.0,0.0,3278.691046,3278.691046,0.0,310,120,0,0,0,1245001798,True,,9278.691046,0.0,cluster
13,11133.855768,11133.855768,8633.36769,0.0,0.0,2500.4880780000003,9,6,False,False,False,0,0,130,120,13,13,8011.855767999999,2325.0,432.0,365.0,0,0,0,0,5133.855767999999,0.0,0.0,217,82,7,100,4,1245001799,True,,11133.855768,0.0,outward
15,13931.987878,13931.987878,3185.677964,0.0,0.0,10746.309914,15,8,True,False,False,0,0,130,128,15,15,10759.987878,1930.0,348.0,894.0,0,0,0,0,7931.987878,0.0,0.0,155,75,7,272,0,1245001800,True,,13931.987878,0.0,area
16,7667.496352,7667.496352,6167.254717,0.0,0.0,1500.2416350000003,15,10,False,False,False,0,0,21,18,16,16,5576.496352,1610.0,296.0,185.0,0,0,0,0,1667.4963520000001,0.0,0.0,77,1,6,35,1,1245001801,True,,7667.496352,0.0,edge
10,9122.619654,7639.723273,1031.0,1482.8963810000005,0.16255159562086907,8091.619654,10,9,True,False,False,50,50,116,115,10,10,6907.619654,1830.0,335.0,50.0,1187.8963810000005,250.0,45.0,0.0,3122.619654,1482.8963810000005,0.0,310,110,1,0,0,1245001802,True,,9122.619654,0.0,cluster
16,10878.984965,10878.984965,6706.019513,0.0,0.0,4172.9654519999995,14,9,False,False,False,0,0,40,34,16,16,7863.984965,1820.0,332.0,863.0,0,0,0,0,4878.984965,0.0,0.0,92,12,7,261,2,1245001803,True,,10878.984965,0.0,outward
12,10185.239268,9626.060936,7441.593106,559.1783319999995,0.054900853802897574,2743.646161999999,11,10,False,False,False,16,16,110,106,12,12,7840.239267999999,1925.0,354.0,66.0,465.1783319999995,80.0,14.0,0.0,4185.239267999999,559.1783319999995,0.0,248,96,2,1,1,1245001804,True,,10185.239268,0.0,area
10,9066.796417,8163.373708,2009.0,903.4227089999995,0.09964078462224057,7057.796417,10,7,True,False,False,40,40,128,126,10,10,6284.796417,2295.0,428.0,59.0,667.4227089999995,200.0,36.0,0.0,3066.7964169999996,903.4227089999995,0.0,310,117,3,0,0,1245001805,True,,9066.796417,0.0,edge
13,10074.474448,10074.474448,4619.736797,0.0,0.0,5454.737651000001,13,11,True,False,False,0,0,105,105,13,13,7685.474448000001,1750.0,316.0,323.0,0,0,0,0,4074.474448000001,0.0,0.0,217,77,2,86,0,1245001806,True,,10074.474448,0.0,cluster
14,9533.527686,9533.527686,8359.63118,0.0,0.0,1173.8965059999991,10,6,False,False,False,0,0,128,111,14,14,6796.527685999999,2240.0,418.0,79.0,0,0,0,0,3533.5276859999994,0.0,0.0,186,78,8,3,4,1245001807,True,,9533.527686,0.0,outward
10,10127.155324,8984.659006,7218.158015,1142.4963179999995,0.11281512739243137,2908.9973089999994,9,8,False,False,False,30,30,146,141,10,10,7575.155323999999,2105.0,391.0,56.0,965.4963179999995,150.0,27.0,0.0,4127.155323999999,1142.4963179999995,0.0,310,130,2,0,1,1245001808,True,,10127.155324,0.0,area
10,9524.315022,9198.335038,8420.208757,325.9799840000014,0.034226081691652116,1104.1062650000003,9,5,False,False,False,20,20,149,143,10,10,6523.315022000001,2480.0,465.0,56.0,207.97998400000142,100.0,18.0,0.0,3524.3150220000007,325.9799840000014,0.0,310,120,5,1,1,1245001809,True,,9524.315022,0.0,edge
14,8577.214507,2831.153449,419.0,5746.061058000001,0.6699215757412328,8158.214507000001,14,14,True,True,False,138,138,60,60,14,14,7107.214507000001,1190.0,207.0,73.0,4941.061058,690.0,115.0,0.0,2577.2145070000006,2577.2145070000006,0.0,186,60,0,0,0,1245001810,True,,8577.214507,0.0,cluster
12,9878.113987,9239.537718,8819.481939,638.576269000001,0.06464556592892058,1058.6320480000013,7,4,False,False,False,24,24,154,137,12,12,6948.113987000001,2415.0,452.0,63.0,497.57626900000105,120.0,21.0,0.0,3878.1139870000006,638.576269000001,0.0,248,105,8,0,5,1245001811,True,,9878.113987,0.0,outward
11,11714.291901,11714.291901,6520.804082,0.0,0.0,5193.487819000001,10,4,False,False,False,0,0,142,137,11,11,8407.291901,2455.0,458.0,394.0,0,0,0,0,5714.2919010000005,0.0,0.0,279,103,7,113,1,1245001812,True,,11714.291901,0.0,area
16,7886.477782,7886.477782,6583.357209,0.0,0.0,1303.1205730000001,14,9,False,False,False,0,0,33,25,16,16,5808.477782,1685.0,313.0,80.0,0,0,0,0,1886.477782,0.0,0.0,92,12,7,0,2,1245001813,True,,7886.477782,0.0,edge
10,9548.539373,9548.539373,731.0,0.0,0.0,8817.539373,10,8,True,False,False,0,0,140,140,10,10,6968.539373,2085.0,382.0,113.0,0,0,0,0,3548.5393729999996,0.0,0.0,310,112,2,20,0,1245001814,True,,9548.539373,0.0,cluster
16,10198.38557,10198.38557,5739.130034,0.0,0.0,4459.255536000001,16,9,True,False,False,0,0,29,27,16,16,7576.38557,1750.0,321.0,551.0,0,0,0,0,4198.38557,0.0,0.0,77,0,7,157,0,1245001815,True,,10198.38557,0.0,outward
11,9933.901804,9933.901804,7016.795315,0.0,0.0,2917.106488999999,10,8,False,False,False,0,0,142,136,11,11,7392.901803999999,2095.0,388.0,58.0,0,0,0,0,3933.901803999999,0.0,0.0,279,117,3,1,1,1245001816,True,,9933.901804,0.0,area
15,9989.968813,8546.573621,3388.727346,1443.395192,0.14448445425792542,6601.241467,15,12,True,False,False,20,20,78,76,15,15,7758.9688129999995,1810.0,331.0,90.0,1327.395192,100.0,16.0,0.0,3989.9688129999995,1443.395192,0.0,155,60,3,0,0,1245001817,True,,9989.968813,0.0,edge
12,11928.013655,11928.013655,1055.0,0.0,0.0,10873.013655,12,0,True,False,False,0,0,155,153,12,12,8644.013655,2360.0,435.0,489.0,0,0,0,0,5928.013655000001,0.0,0.0,248,88,12,143,0,1245001818,True,,11928.013655,0.0,cluster
12,9255.960228,8689.513653,3852.280654,566.4465749999999,0.06119803467677562,5403.679574,12,10,True,False,False,16,16,97,95,12,12,6730.960228,2080.0,385.0,60.0,472.44657499999994,80.0,14.0,0.0,3255.960228,566.4465749999999,0.0,248,88,2,0,0,1245001819,True,,9255.960228,0.0,outward
13,10532.338173,10532.338173,8508.872474,0.0,0.0,2023.4656990000003,11,8,False,False,False,0,0,149,142,13,13,7898.338173,2160.0,403.0,71.0,0,0,0,0,4532.338173,0.0,0.0,217,98,5,0,2,1245001820,True,,10532.338173,0.0,area
11,10105.450289,9583.172975,4612.381058,522.2773140000008,0.051682735460933486,5493.069231,11,8,True,False,False,18,18,138,134,11,11,7329.450289,2290.0,428.0,58.0,415.27731400000084,90.0,17.0,0.0,4105.450289,522.2773140000008,0.0,279,114,3,0,0,1245001821,True,,10105.450289,0.0,edge
12,8577.187464,1766.334486,389.0,6810.852978000001,0.7940660043384123,8188.187464000001,12,12,True,True,False,216,216,80,80,12,12,6817.187464000001,1440.0,257.0,63.0,5541.852978000001,1080.0,189.0,0.0,2577.1874640000005,2577.1874640000005,0.0,248,80,0,0,0,1245001822,True,,8577.187464,0.0,cluster
10,9732.316339,9732.316339,4009.731858,0.0,0.0,5722.584481000001,10,8,True,False,False,0,0,134,132,10,10,6970.316339000001,2285.0,427.0,50.0,0,0,0,0,3732.316339000001,0.0,0.0,310,119,2,0,0,1245001823,True,,9732.316339,0.0,outward
15,10489.891086,10489.891086,4531.32564,0.0,0.0,5958.565446,15,10,True,False,False,0,0,118,114,15,15,8081.891086,1950.0,359.0,99.0,0,0,0,0,4489.891086,0.0,0.0,155,65,5,8,0,1245001824,True,,10489.891086,0.0,area
16,7541.346201,7541.346201,3704.561789,0.0,0.0,3836.7844120000004,16,13,True,False,False,0,0,3,3,16,16,5697.346201,1185.0,219.0,440.0,0,0,0,0,1541.3462010000003,0.0,0.0,48,0,3,56,0,1245001825,True,,7541.346201,0.0,edge
10,9640.423192,9640.423192,425.0,0.0,0.0,9215.423192,10,9,True,False,False,0,0,113,113,10,10,7162.423192,1860.0,340.0,278.0,0,0,0,0,3640.423192,0.0,0.0,310,100,1,76,0,1245001826,True,,9640.423192,0.0,cluster
13,10146.125961,10146.125961,4392.973145,0.0,0.0,5753.152816,13,9,True,False,False,0,0,103,101,13,13,7558.125961,2070.0,381.0,137.0,0,0,0,0,4146.125961,0.0,0.0,217,84,4,24,0,1245001827,True,,10146.125961,0.0,outward
16,4617.259474,4617.259474,2600.324772,0.0,0.0,2016.9347020000005,16,16,True,True,False,0,0,0,0,16,16,3620.2594740000004,760.0,142.0,95.0,0,0,0,0,0.0,0.0,0.0,34,0,0,0,0,1245001828,True,,4617.259474,0.0,area
16,6377.553599,6377.553599,4984.893745,0.0,0.0,1392.6598539999995,16,15,True,False,False,0,0,0,0,16,16,4608.553599,1325.0,247.0,197.0,0,0,0,0,377.55359899999985,0.0,0.0,66,0,1,28,0,1245001829,True,,6377.553599,0.0,edge
16,3669.866457,3669.866457,713.0,0.0,0.0,2956.866457,16,16,True,True,False,0,0,0,0,16,16,2803.866457,445.0,74.0,347.0,0,0,0,0,0.0,0.0,0.0,10,0,0,0,0,1245001830,True,,3669.866457,0.0,cluster
16,9797.069456,9797.069456,8879.021209,0.0,0.0,918.0482469999988,12,8,False,False,False,0,0,107,93,16,16,7111.069455999999,2155.0,400.0,131.0,0,0,0,0,3797.0694559999993,0.0,0.0,112,40,8,14,4,1245001831,True,,9797.069456,0.0,outward
15,9676.838632,9676.838632,2179.254656,0.0,0.0,7497.583976000001,15,12,True,False,False,0,0,81,78,15,15,7785.838632000001,1535.0,278.0,78.0,0,0,0,0,3676.838632000001,0.0,0.0,155,60,3,0,0,1245001832,True,,9676.838632,0.0,area
10,9302.22396,9223.541128,4873.551451,78.6828319999986,0.008458496843156913,4428.672508999999,10,7,True,False,False,10,10,129,126,10,10,6429.223959999999,2375.0,445.0,53.0,19.682831999998598,50.0,9.0,0.0,3302.2239599999994,78.6828319999986,0.0,310,120,3,0,0,1245001833,True,,9302.22396,0.0,edge
15,8430.821529,2032.172335,1546.415762,6398.6491940000005,0.7589591562328991,6884.405767,15,15,True,True,False,130,130,50,50,15,15,7177.821529000001,1005.0,170.0,78.0,5644.6491940000005,650.0,104.0,0.0,2430.8215290000007,2430.8215290000007,0.0,155,50,0,0,0,1245001834,True,,8430.821529,0.0,cluster
13,10760.311339,10760.311339,6478.052546,0.0,0.0,4282.258793,12,7,False,False,False,0,0,108,99,13,13,7793.311339,2235.0,415.0,317.0,0,0,0,0,4760.311339,0.0,0.0,217,77,6,84,1,1245001835,True,,10760.311339,0.0,outward
13,12434.676674,12434.676674,5486.10462,0.0,0.0,6948.572054,13,4,True,False,False,0,0,137,135,13,13,9277.676674,2260.0,418.0,479.0,0,0,0,0,6434.676674,0.0,0.0,217,77,9,138,0,1245001836,True,,12434.676674,0.0,area
14,9393.933488,6523.37644,2974.310101,2870.5570480000006,0.3055756198047291,6419.623387000001,14,13,True,False,False,60,60,66,66,14,14,7086.933488000001,1890.0,347.0,70.0,2520.5570480000006,300.0,50.0,0.0,3393.9334880000006,2870.5570480000006,0.0,186,66,1,0,0,1245001837,True,,9393.933488,0.0,edge
10,8715.195557,2249.579969,1032.0,6465.615587999999,0.7418784289707476,7683.195556999999,10,10,True,True,False,250,250,110,110,10,10,6562.195556999999,1775.0,325.0,53.0,4990.615588,1250.0,225.0,0.0,2715.195556999999,2715.195556999999,0.0,310,110,0,0,0,1245001838,True,,8715.195557,0.0,cluster
13,11252.318118,11252.318118,6663.788711,0.0,0.0,4588.529406999999,12,7,False,False,False,0,0,106,101,13,13,8235.318118,2185.0,404.0,428.0,0,0,0,0,5252.318117999999,0.0,0.0,217,77,6,121,1,1245001839,True,,11252.318118,0.0,outward
14,10311.09,8724.565044,8103.781799,1586.5249559999993,0.15386588188057707,2207.308201,13,10,False,False,False,24,24,111,105,14,14,7887.09,1980.0,365.0,79.0,1446.5249559999993,120.0,20.0,0.0,4311.09,1586.5249559999993,0.0,186,78,4,2,1,1245001840,True,,10311.09,0.0,area
13,9393.705356,7626.856106,4829.205446,1766.8492500000002,0.1880886384062992,4564.49991,13,10,True,False,False,42,42,82,82,13,13,6967.705356,1990.0,368.0,68.0,1520.8492500000002,210.0,36.0,0.0,3393.7053560000004,1766.8492500000002,0.0,217,77,3,1,0,1245001841,True,,9393.705356,0.0,edge
13,9524.146095,9524.146095,1037.0,0.0,0.0,8487.146095,13,9,True,False,False,0,0,94,93,13,13,7387.146095,1690.0,304.0,143.0,0,0,0,0,3524.146095,0.0,0.0,217,70,4,26,0,1245001842,True,,9524.146095,0.0,cluster
10,9086.226437,8436.705174,7631.283909,649.5212629999987,0.07148415984385827,1454.9425279999996,8,7,False,False,False,30,30,129,123,10,10,6198.226436999999,2380.0,446.0,62.0,472.5212629999987,150.0,27.0,0.0,3086.2264369999994,649.5212629999987,0.0,310,110,3,4,2,1245001843,True,,9086.226437,0.0,outward
10,9657.02502,9657.02502,9002.542047,0.0,0.0,654.4829729999983,8,7,False,False,False,0,0,143,138,10,10,7094.025019999999,2115.0,392.0,56.0,0,0,0,0,3657.025019999999,0.0,0.0,310,120,3,0,2,1245001844,True,,9657.02502,0.0,area
15,9434.968797,9262.851834,8160.442176,172.1169630000004,0.018242451745545545,1274.526621,14,13,False,False,False,5,5,77,75,15,15,7466.9687969999995,1595.0,292.0,81.0,143.1169630000004,25.0,4.0,0.0,3434.9687969999995,172.1169630000004,0.0,155,65,2,0,1,1245001845,True,,9434.968797,0.0,edge
12,8739.02827,8498.808389,641.0,240.2198810000009,0.027488168429966743,8098.028270000001,12,11,True,False,False,8,8,89,88,12,12,6868.028270000001,1535.0,276.0,60.0,193.2198810000009,40.0,7.0,0.0,2739.0282700000007,240.2198810000009,0.0,248,80,1,0,0,1245001846,True,,8739.02827,0.0,cluster
10,12216.44119,12216.44119,8169.081295,0.0,0.0,4047.3598949999996,5,3,False,False,False,0,0,200,188,10,10,8399.44119,2740.0,514.0,563.0,0,0,0,0,6216.44119,0.0,0.0,310,130,7,171,5,1245001847,True,,12216.44119,0.0,outward
16,9224.486861,9224.486861,3602.03371,0.0,0.0,5622.453151,16,12,True,False,False,0,0,1,0,16,16,6974.486860999999,1120.0,204.0,926.0,0,0,0,0,3224.4868609999994,0.0,0.0,41,0,4,262,0,1245001848,True,,9224.486861,0.0,area
16,8757.27152,8757.27152,6779.723172,0.0,0.0,1977.5483480000003,14,9,False,False,False,0,0,38,32,16,16,6114.27152,1765.0,324.0,554.0,0,0,0,0,2757.2715200000002,0.0,0.0,88,10,7,150,2,1245001849,True,,8757.27152,0.0,edge
14,7672.010108,1187.084768,119.0,6484.925340000001,0.8452706981235381,7553.010108,14,14,True,True,False,168,168,48,48,14,14,6313.010108,1095.0,188.0,76.0,5504.92534,840.0,140.0,0.0,1672.0101080000004,1672.0101080000004,0.0,186,48,0,0,0,1245001850,True,,7672.010108,0.0,cluster
10,15366.22731,15366.22731,8506.891802,0.0,0.0,6859.335508,6,1,False,False,False,0,0,219,209,10,10,10513.22731,2985.0,558.0,1310.0,0,0,0,0,9366.22731,0.0,0.0,310,120,9,420,4,1245001851,True,,15366.22731,0.0,outward
13,10018.289277,10018.289277,2631.728245,0.0,0.0,7386.561032,13,10,True,False,False,0,0,100,97,13,13,7701.289277,1900.0,349.0,68.0,0,0,0,0,4018.289277,0.0,0.0,217,84,3,0,0,1245001852,True,,10018.289277,0.0,area
13,11135.853935,10646.093399,10242.474838,489.7605359999998,0.04398051005865675,893.3790969999991,10,5,False,False,False,14,14,134,124,13,13,8172.853934999999,2420.0,454.0,89.0,407.7605359999998,70.0,12.0,0.0,5135.853934999999,489.7605359999998,0.0,217,84,8,6,3,1245001853,True,,11135.853935,0.0,edge
10,10291.337859,10291.337859,1544.209461,0.0,0.0,8747.128397999999,10,5,True,False,False,0,0,149,148,10,10,7528.337858999999,2260.0,417.0,86.0,0,0,0,0,4291.337858999999,0.0,0.0,310,110,5,12,0,1245001854,True,,10291.337859,0.0,cluster
12,9341.96513,8713.749886,5776.936417,628.2152440000009,0.06724658412421208,3565.0287130000006,12,8,True,False,False,16,16,97,92,12,12,6814.9651300000005,2080.0,387.0,60.0,534.2152440000009,80.0,14.0,0.0,3341.9651300000005,628.2152440000009,0.0,248,85,4,0,0,1245001855,True,,9341.96513,0.0,outward
10,9789.324534,9789.324534,1967.753,0.0,0.0,7821.571534,10,9,True,False,False,0,0,120,120,10,10,7346.324533999999,2020.0,373.0,50.0,0,0,0,0,3789.3245339999994,0.0,0.0,310,120,1,0,0,1245001856,True,,9789.324534,0.0,area
12,14280.390483,14280.390483,7147.075033,0.0,0.0,7133.315449999999,10,5,False,False,False,0,0,147,142,12,12,10297.390483,2470.0,460.0,1053.0,0,0,0,0,8280.390483,0.0,0.0,248,89,7,330,2,1245001857,True,,14280.390483,0.0,edge
13,8336.307655,2815.04664,725.348704,5521.261015,0.6623149292826813,7610.9589510000005,13,13,True,True,False,161,161,70,70,13,13,6600.3076550000005,1410.0,252.0,74.0,4578.261015000001,805.0,138.0,0.0,2336.3076550000005,2336.3076550000005,0.0,217,70,0,0,0,1245001858,True,,8336.307655,0.0,cluster
11,9928.053058,9928.053058,8125.94009,0.0,0.0,1802.1129679999995,8,5,False,False,False,0,0,159,146,11,11,6852.0530579999995,2540.0,478.0,58.0,0,0,0,0,3928.0530579999995,0.0,0.0,279,108,6,1,3,1245001859,True,,9928.053058,0.0,outward
12,9928.707056,9336.220201,4984.082286,592.4868549999992,0.05967411986860409,4944.624769999999,12,11,True,False,False,16,16,118,117,12,12,7667.707055999999,1860.0,341.0,60.0,498.4868549999992,80.0,14.0,0.0,3928.7070559999993,592.4868549999992,0.0,248,107,1,0,0,1245001860,True,,9928.707056,0.0,area
12,10127.356299,8763.435582,5937.193143,1363.920716999999,0.13467687684047178,4190.163155999999,12,4,True,False,False,32,32,122,113,12,12,7334.356298999999,2300.0,430.0,63.0,1175.920716999999,160.0,28.0,0.0,4127.356298999999,1363.920716999999,0.0,248,96,8,0,0,1245001861,True,,10127.356299,0.0,edge
14,8986.590803,8276.280477,6883.945377,710.3103259999989,0.07904113379268093,2102.645425999999,13,9,False,False,False,12,12,100,95,14,14,6800.590802999999,1780.0,327.0,79.0,639.3103259999989,60.0,11.0,0.0,2986.590802999999,710.3103259999989,0.0,186,60,5,3,1,1245001862,True,,8986.590803,0.0,cluster
15,9321.454869,9321.454869,6127.859773,0.0,0.0,3193.595095999999,14,11,False,False,False,0,0,63,59,15,15,7105.454868999999,1810.0,331.0,75.0,0,0,0,0,3321.4548689999992,0.0,0.0,155,50,4,0,1,1245001863,True,,9321.454869,0.0,outward
11,9333.906049,9333.906049,1715.829333,0.0,0.0,7618.076716,11,8,True,False,False,0,0,103,102,11,11,7022.906048999999,1905.0,351.0,55.0,0,0,0,0,3333.9060489999993,0.0,0.0,279,99,3,0,0,1245001864,True,,9333.906049,0.0,area
15,9705.262248,7463.944691,6194.890147,2241.317557000001,0.23093838164567657,3510.372101000001,14,12,False,False,False,30,30,64,58,15,15,7458.262248000001,1825.0,335.0,87.0,2067.317557000001,150.0,24.0,0.0,3705.262248000001,2241.317557000001,0.0,155,55,3,1,1,1245001865,True,,9705.262248,0.0,edge
13,8862.607594,5490.88571,744.314508,3371.7218839999996,0.38044354872291325,8118.293085999999,13,13,True,True,False,84,84,70,70,13,13,7202.607593999999,1355.0,240.0,65.0,2879.7218839999996,420.0,72.0,0.0,2862.607593999999,2862.607593999999,0.0,217,70,0,0,0,1245001866,True,,8862.607594,0.0,cluster
11,9773.08818,8876.431911,8414.609094,896.656269000001,0.09174748579829153,1358.4790860000012,10,6,False,False,False,27,27,137,128,11,11,6772.088180000001,2480.0,466.0,55.0,736.656269000001,135.0,25.0,0.0,3773.0881800000006,896.656269000001,0.0,279,108,5,0,1,1245001867,True,,9773.08818,0.0,outward
13,9434.751537,9434.751537,1324.0,0.0,0.0,8110.751537,13,11,True,False,False,0,0,77,77,13,13,7480.751537,1600.0,289.0,65.0,0,0,0,0,3434.751537,0.0,0.0,217,77,2,0,0,1245001868,True,,9434.751537,0.0,area
15,12459.338978,12459.338978,9547.377338,0.0,0.0,2911.9616399999995,13,6,False,False,False,0,0,107,101,15,15,9332.338978,2150.0,398.0,579.0,0,0,0,0,6459.338978,0.0,0.0,155,60,9,166,2,1245001869,True,,12459.338978,0.0,edge
12,8564.829625,8564.829625,848.523712,0.0,0.0,7716.305913,12,11,True,False,False,0,0,76,75,12,12,6705.829625,1520.0,273.0,66.0,0,0,0,0,2564.8296250000003,0.0,0.0,248,68,1,0,0,1245001870,True,,8564.829625,0.0,cluster
11,9734.417586,8925.926019,7375.278989,808.4915669999991,0.08305495011460864,2359.138596999999,10,4,False,False,False,27,27,154,144,11,11,6674.417586,2530.0,475.0,55.0,649.4915669999991,135.0,24.0,0.0,3734.4175859999996,808.4915669999991,0.0,279,108,7,0,1,1245001871,True,,9734.417586,0.0,outward
11,10785.10422,10785.10422,7343.872352,0.0,0.0,3441.231867999999,10,5,False,False,False,0,0,154,150,11,11,8000.104219999999,2235.0,414.0,136.0,0,0,0,0,4785.104219999999,0.0,0.0,279,117,6,27,1,1245001872,True,,10785.10422,0.0,area
13,9631.887217,8540.034156,6569.411765,1091.8530609999998,0.11335816506166217,3062.4754519999997,12,6,False,False,False,28,28,90,85,13,13,7028.8872169999995,2140.0,398.0,65.0,926.8530609999998,140.0,25.0,0.0,3631.8872169999995,1091.8530609999998,0.0,217,77,7,0,1,1245001873,True,,9631.887217,0.0,edge
15,7734.629632,1555.572782,437.0,6179.05685,0.7988820595152707,7297.629632,15,15,True,True,False,135,135,40,40,15,15,6489.629632,1000.0,170.0,75.0,5395.05685,675.0,109.0,0.0,1734.6296320000001,1734.6296320000001,0.0,155,40,0,0,0,1245001874,True,,7734.629632,0.0,cluster
10,13331.191084,13331.191084,9007.674553,0.0,0.0,4323.516530999999,7,3,False,False,False,0,0,192,186,10,10,9220.191084,2800.0,526.0,785.0,0,0,0,0,7331.191084,0.0,0.0,310,116,7,245,3,1245001875,True,,13331.191084,0.0,outward
10,9269.870137,8124.514392,1760.981017,1145.3557449999998,0.12355682744986872,7508.88912,10,8,True,False,False,50,50,134,131,10,10,6799.870137,2040.0,377.0,53.0,850.3557449999998,250.0,45.0,0.0,3269.870137,1145.3557449999998,0.0,310,120,2,0,0,1245001876,True,,9269.870137,0.0,area
11,9551.610827,8971.620749,6296.005151,579.9900780000007,0.06072170322941914,3255.605676,10,6,False,False,False,18,18,127,124,11,11,6753.610827,2290.0,429.0,79.0,473.9900780000007,90.0,16.0,0.0,3551.6108270000004,579.9900780000007,0.0,279,108,5,4,1,1245001877,True,,9551.610827,0.0,edge
14,11244.076155,11244.076155,2390.400008,0.0,0.0,8853.676147,14,10,True,False,False,0,0,116,114,14,14,8595.076155,1855.0,337.0,457.0,0,0,0,0,5244.076155000001,0.0,0.0,186,72,4,128,0,1245001878,True,,11244.076155,0.0,cluster
13,8955.155364,6344.853089,5749.640093,2610.302275,0.29148598420676153,3205.515271,13,12,True,False,False,70,70,80,79,13,13,6625.155364,1910.0,352.0,68.0,2200.302275,350.0,60.0,0.0,2955.155364,2610.302275,0.0,217,78,1,1,0,1245001879,True,,8955.155364,0.0,outward
15,10042.051805,10042.051805,2281.738213,0.0,0.0,7760.313591999999,15,13,True,False,False,0,0,74,72,15,15,8119.051804999999,1565.0,283.0,75.0,0,0,0,0,4042.051804999999,0.0,0.0,155,70,2,0,0,1245001880,True,,10042.051805,0.0,area
14,9000.138713,5285.511313,2959.545972,3714.6274000000003,0.41273001655346825,6040.592741,14,14,True,True,False,78,78,60,60,14,14,6815.138713,1780.0,326.0,79.0,3259.6274000000003,390.0,65.0,0.0,3000.1387130000003,3000.1387130000003,0.0,186,60,0,0,0,1245001881,True,,9000.138713,0.0,edge
11,8742.974426,2733.842038,1547.0,6009.132388000001,0.687309843905061,7195.974426000001,11,11,True,True,False,216,216,99,99,11,11,6716.974426000001,1665.0,303.0,58.0,4736.132388000001,1080.0,193.0,0.0,2742.9744260000007,2742.9744260000007,0.0,279,99,0,0,0,1245001882,True,,8742.974426,0.0,cluster
11,11923.451344,11923.451344,6324.646423,0.0,0.0,5598.804920999999,9,5,False,False,False,0,0,162,155,11,11,8402.451344,2535.0,475.0,511.0,0,0,0,0,5923.451343999999,0.0,0.0,279,114,6,150,2,1245001883,True,,11923.451344,0.0,outward
15,14375.656257,14375.656257,6064.522715,0.0,0.0,8311.133542,14,6,False,False,False,0,0,176,170,15,15,10697.656257,2405.0,445.0,828.0,0,0,0,0,8375.656257,0.0,0.0,155,70,9,251,1,1245001884,True,,14375.656257,0.0,area
13,9996.002225,9491.580098,8285.347287,504.4221269999998,0.050462386426689675,1710.6549379999997,11,5,False,False,False,7,7,144,128,13,13,7121.002225,2360.0,441.0,74.0,463.4221269999998,35.0,6.0,0.0,3996.002225,504.4221269999998,0.0,217,94,8,1,2,1245001885,True,,9996.002225,0.0,edge
14,9593.959334,9593.959334,658.459443,0.0,0.0,8935.499891,14,13,True,False,False,0,0,66,66,14,14,7834.959333999999,1310.0,229.0,220.0,0,0,0,0,3593.959333999999,0.0,0.0,186,66,1,49,0,1245001886,True,,9593.959334,0.0,cluster
12,9824.826451,9824.826451,3824.488785,0.0,0.0,6000.337666000001,12,6,True,False,False,0,0,108,105,12,12,7190.826451000001,2170.0,404.0,60.0,0,0,0,0,3824.826451000001,0.0,0.0,248,88,6,0,0,1245001887,True,,9824.826451,0.0,outward
12,9333.516581,6482.058725,1638.387241,2851.457856,0.3055073434813026,7695.1293399999995,12,10,True,False,False,80,80,96,96,12,12,7324.516581,1640.0,297.0,72.0,2381.457856,400.0,70.0,0.0,3333.516581,2851.457856,0.0,248,96,2,0,0,1245001888,True,,9333.516581,0.0,area
15,8911.451482,5025.743874,1703.0,3885.7076080000006,0.4360353210527641,7208.451482,15,15,True,True,False,75,75,55,55,15,15,6886.451482,1640.0,298.0,87.0,3449.7076080000006,375.0,61.0,0.0,2911.4514820000004,2911.4514820000004,0.0,155,55,0,0,0,1245001889,True,,8911.451482,0.0,edge
16,2159.757806,2159.757806,731.0,0.0,0.0,1428.757806,16,16,True,True,False,0,0,0,0,16,16,1599.757806,345.0,63.0,152.0,0,0,0,0,0.0,0.0,0.0,11,0,0,0,0,1245001890,True,,2159.757806,0.0,cluster
15,9922.851556,8969.697493,7522.778083,953.154063,0.09605646699649167,2400.0734729999995,11,7,False,False,False,20,20,110,96,15,15,7256.851556,2175.0,404.0,87.0,837.154063,100.0,16.0,0.0,3922.8515559999996,953.154063,0.0,155,65,8,3,4,1245001891,True,,9922.851556,0.0,outward
15,9511.999187,8620.064304,1595.0,891.9348829999999,0.09376944483121936,7916.999186999999,15,14,True,False,False,15,15,69,69,15,15,7565.999186999999,1580.0,285.0,81.0,804.9348829999999,75.0,12.0,0.0,3511.9991869999994,891.9348829999999,0.0,155,60,1,0,0,1245001892,True,,9511.999187,0.0,area
14,10260.243322,10260.243322,7383.473492,0.0,0.0,2876.76983,13,10,False,False,False,0,0,112,108,14,14,7777.243322,1910.0,350.0,223.0,0,0,0,0,4260.243322,0.0,0.0,186,66,4,51,1,1245001893,True,,10260.243322,0.0,edge
12,8422.429122,1689.740094,653.0,6732.689028,0.7993761574572026,7769.429122,12,12,True,True,False,216,216,74,74,12,12,6653.429122,1450.0,259.0,60.0,5463.689028,1080.0,189.0,0.0,2422.4291219999996,2422.4291219999996,0.0,248,74,0,0,0,1245001894,True,,8422.429122,0.0,cluster
11,10110.71067,7601.154331,6909.028683,2509.5563390000007,0.24820770971581965,3201.681987000001,10,9,False,False,False,63,63,127,122,11,11,7423.71067,2215.0,414.0,58.0,2138.5563390000007,315.0,56.0,0.0,4110.71067,2509.5563390000007,0.0,279,117,2,0,1,1245001895,True,,10110.71067,0.0,outward
10,12269.84008,12269.84008,7272.01205,0.0,0.0,4997.82803,6,4,False,False,False,0,0,186,179,10,10,8614.84008,2670.0,497.0,488.0,0,0,0,0,6269.84008,0.0,0.0,310,120,6,146,4,1245001896,True,,12269.84008,0.0,area
10,9105.657478,8482.716218,1283.0,622.9412599999996,0.06841255137315189,7822.657477999999,10,5,True,False,False,30,30,124,116,10,10,6284.657477999999,2335.0,436.0,50.0,445.9412599999996,150.0,27.0,0.0,3105.657477999999,622.9412599999996,0.0,310,110,5,0,0,1245001897,True,,9105.657478,0.0,edge
13,8502.425484,8502.425484,697.027636,0.0,0.0,7805.397848,13,12,True,False,False,0,0,80,79,13,13,6772.425483999999,1410.0,252.0,68.0,0,0,0,0,2502.4254839999994,0.0,0.0,217,70,1,1,0,1245001898,True,,8502.425484,0.0,cluster
11,9976.854171,9976.854171,7682.605446,0.0,0.0,2294.2487250000013,10,5,False,False,False,0,0,145,139,11,11,6904.854171000001,2535.0,476.0,61.0,0,0,0,0,3976.854171000001,0.0,0.0,279,108,6,0,1,1245001899,True,,9976.854171,0.0,outward
11,10632.39439,10632.39439,7192.078703,0.0,0.0,3440.3156869999993,10,5,False,False,False,0,0,131,125,11,11,7892.3943899999995,2260.0,422.0,58.0,0,0,0,0,4632.3943899999995,0.0,0.0,279,99,6,1,1,1245001900,True,,10632.39439,0.0,area
13,10036.936854,7237.621536,2974.18112,2799.315318,0.27890135792618787,7062.755733999999,13,7,True,False,False,56,56,101,94,13,13,7412.936854,2150.0,400.0,74.0,2471.315318,280.0,48.0,0.0,4036.9368539999996,2799.315318,0.0,217,84,6,0,0,1245001901,True,,10036.936854,0.0,edge
16,5668.391603,5668.391603,1631.0,0.0,0.0,4037.391603,16,16,True,True,True,0,0,0,0,16,16,4008.391603,645.0,116.0,899.0,0,0,0,0,0.0,0.0,0.0,22,0,0,0,0,1245001902,True,,5668.391603,0.0,cluster
14,9851.112827,9851.112827,7929.431221,0.0,0.0,1921.681606000001,13,9,False,False,False,0,0,110,101,14,14,7221.112827000001,2150.0,401.0,79.0,0,0,0,0,3851.112827000001,0.0,0.0,186,72,5,0,1,1245001903,True,,9851.112827,0.0,outward
15,11779.399461,11779.399461,7611.441114,0.0,0.0,4167.958347000001,13,9,False,False,False,0,0,131,125,15,15,8997.399461,1975.0,363.0,444.0,0,0,0,0,5779.399461000001,0.0,0.0,155,70,6,122,2,1245001904,True,,11779.399461,0.0,area
10,9155.549281,7497.656905,5250.941047,1657.8923759999998,0.1810806020607121,3904.6082339999994,10,6,True,False,False,70,70,130,126,10,10,6297.549281,2360.0,442.0,56.0,1244.8923759999998,350.0,63.0,0.0,3155.5492809999996,1657.8923759999998,0.0,310,120,4,1,0,1245001905,True,,9155.549281,0.0,edge
10,8962.717053,8601.99764,701.0,360.7194130000007,0.04024665855977912,8261.717053,10,9,True,False,False,10,10,104,104,10,10,6842.717053,1750.0,320.0,50.0,301.7194130000007,50.0,9.0,0.0,2962.7170530000003,360.7194130000007,0.0,310,104,1,0,0,1245001906,True,,8962.717053,0.0,cluster
10,9222.717718,8506.974386,4970.822579,715.743332,0.07760655306657409,4251.895139,10,6,True,False,False,30,30,135,129,10,10,6371.717718,2360.0,441.0,50.0,538.743332,150.0,27.0,0.0,3222.717718,715.743332,0.0,310,120,4,0,0,1245001907,True,,9222.717718,0.0,outward
16,9183.56693,9183.56693,4207.563966,0.0,0.0,4976.002964000001,16,12,True,False,False,0,0,6,6,16,16,6715.566930000001,1220.0,223.0,1025.0,0,0,0,0,3183.566930000001,0.0,0.0,55,0,4,309,0,1245001908,True,,9183.56693,0.0,area
12,9486.278829,8223.933346,2279.0,1262.345483000001,0.13307067036032627,7207.278829000001,12,7,True,False,False,40,40,121,115,12,12,6731.278829000001,2265.0,424.0,66.0,1027.345483000001,200.0,35.0,0.0,3486.2788290000008,1262.345483000001,0.0,248,96,5,2,0,1245001909,True,,9486.278829,0.0,edge
15,7861.693504,1707.804579,664.451709,6153.888924999999,0.7827688680395546,7197.241795,15,15,True,True,False,135,135,45,45,15,15,6612.693504,1000.0,171.0,78.0,5369.888924999999,675.0,109.0,0.0,1861.6935039999998,1861.6935039999998,0.0,155,45,0,0,0,1245001910,True,,7861.693504,0.0,cluster
13,11384.868128,11384.868128,8479.894678,0.0,0.0,2904.9734499999995,11,6,False,False,False,0,0,137,129,13,13,8273.868128,2345.0,437.0,329.0,0,0,0,0,5384.868128,0.0,0.0,217,84,7,88,2,1245001911,True,,11384.868128,0.0,outward
14,9249.902657,9249.902657,3941.938061,0.0,0.0,5307.964596000001,14,13,True,False,False,0,0,72,72,14,14,7437.9026570000005,1430.0,255.0,127.0,0,0,0,0,3249.9026570000005,0.0,0.0,186,72,1,15,0,1245001912,True,,9249.902657,0.0,area
16,6637.435083,6637.435083,2584.313138,0.0,0.0,4053.1219450000003,16,15,True,False,False,0,0,0,0,16,16,4799.435083,1025.0,193.0,620.0,0,0,0,0,637.4350830000003,0.0,0.0,34,0,1,72,0,1245001913,True,,6637.435083,0.0,edge
14,9377.488852,9377.488852,719.0,0.0,0.0,8658.488852,14,10,True,False,False,0,0,78,78,14,14,7503.488852,1470.0,259.0,145.0,0,0,0,0,3377.4888520000004,0.0,0.0,186,54,4,25,0,1245001914,True,,9377.488852,0.0,cluster
12,9647.11125,9098.86292,6825.152221,548.2483300000004,0.05683031073161931,2821.9590289999996,11,5,False,False,False,16,16,125,115,12,12,6820.11125,2330.0,437.0,60.0,454.24833000000035,80.0,14.0,0.0,3647.11125,548.2483300000004,0.0,248,97,7,0,1,1245001915,True,,9647.11125,0.0,outward
16,4562.242639,4562.242639,2982.429286,0.0,0.0,1579.813353,16,16,True,True,False,0,0,0,0,16,16,3502.242639,820.0,154.0,86.0,0,0,0,0,0.0,0.0,0.0,37,0,0,0,0,1245001916,True,,4562.242639,0.0,area
15,12420.301083,12420.301083,6262.342646,0.0,0.0,6157.958437,14,6,False,False,False,0,0,116,113,15,15,9098.301083,2235.0,415.0,672.0,0,0,0,0,6420.301083,0.0,0.0,155,56,9,196,1,1245001917,True,,12420.301083,0.0,edge
16,4280.513206,4280.513206,1919.541658,0.0,0.0,2360.9715479999995,16,16,True,True,False,0,0,0,0,16,16,3080.5132059999996,435.0,76.0,689.0,0,0,0,0,0.0,0.0,0.0,18,0,0,0,0,1245001918,True,,4280.513206,0.0,cluster
14,9845.909761,9845.909761,7392.675375,0.0,0.0,2453.234386000001,12,9,False,False,False,0,0,102,95,14,14,7310.909761000001,2080.0,385.0,70.0,0,0,0,0,3845.909761000001,0.0,0.0,186,72,5,0,2,1245001919,True,,9845.909761,0.0,outward
16,6848.281529,6848.281529,4749.594747,0.0,0.0,2098.6867819999998,16,14,True,False,False,0,0,4,3,16,16,5085.281529,1250.0,229.0,284.0,0,0,0,0,848.2815289999999,0.0,0.0,61,0,2,45,0,1245001920,True,,6848.281529,0.0,area
15,8949.986744,7776.563255,3875.984243,1173.4234889999998,0.1311089639084274,5074.002501,15,13,True,False,False,25,25,61,60,15,15,6822.986744,1730.0,316.0,81.0,1028.4234889999998,125.0,20.0,0.0,2949.986744,1173.4234889999998,0.0,155,55,2,0,0,1245001921,True,,8949.986744,0.0,edge
16,1862.541171,1862.541171,662.784809,0.0,0.0,1199.756362,16,16,True,True,False,0,0,0,0,16,16,1438.541171,280.0,52.0,92.0,0,0,0,0,0.0,0.0,0.0,8,0,0,0,0,1245001922,True,,1862.541171,0.0,cluster
16,16706.730064,16706.730064,7655.103858,0.0,0.0,9051.626205999999,12,4,False,False,False,0,0,107,98,16,16,12163.730064,2240.0,411.0,1892.0,0,0,0,0,10706.730064,0.0,0.0,100,24,12,604,4,1245001923,True,,16706.730064,0.0,outward
12,9613.204658,8889.139158,1911.849909,724.0655000000006,0.07531988819123303,7701.354749,12,7,True,False,False,16,16,98,97,12,12,7348.204658000001,1860.0,342.0,63.0,630.0655000000006,80.0,14.0,0.0,3613.2046580000006,724.0655000000006,0.0,248,91,5,0,0,1245001924,True,,9613.204658,0.0,area
10,9490.604794,8113.53706,7130.174109,1377.067734000001,0.14509799574317844,2360.430685000001,8,2,False,False,False,60,60,140,134,10,10,6471.604794000001,2500.0,469.0,50.0,1023.0677340000011,300.0,54.0,0.0,3490.6047940000008,1377.067734000001,0.0,310,117,8,0,2,1245001925,True,,9490.604794,0.0,edge
16,4531.681019,4531.681019,2447.099808,0.0,0.0,2084.5812109999997,16,16,True,True,False,0,0,0,0,16,16,3397.6810189999997,565.0,99.0,470.0,0,0,0,0,0.0,0.0,0.0,28,0,0,0,0,1245001926,True,,4531.681019,0.0,cluster
14,9662.471092,9189.105795,8753.81884,473.3652970000003,0.048990086748297856,908.6522519999999,12,7,False,False,False,12,12,121,112,14,14,7038.471092,2150.0,401.0,73.0,402.3652970000003,60.0,11.0,0.0,3662.4710919999998,473.3652970000003,0.0,186,78,7,0,2,1245001927,True,,9662.471092,0.0,outward
13,9142.739734,6705.256812,2786.017813,2437.482922000001,0.26660311820268656,6356.721921,13,12,True,False,False,56,56,80,79,13,13,6993.739734000001,1760.0,321.0,68.0,2109.482922000001,280.0,48.0,0.0,3142.7397340000007,2437.482922000001,0.0,217,77,1,0,0,1245001928,True,,9142.739734,0.0,area
16,10294.370779,10294.370779,5105.83642,0.0,0.0,5188.534359000001,16,9,True,False,False,0,0,23,19,16,16,7767.370779000001,1530.0,281.0,716.0,0,0,0,0,4294.370779000001,0.0,0.0,62,0,7,212,0,1245001929,True,,10294.370779,0.0,edge
15,8620.776817,2629.155183,1006.403043,5991.621634,0.6950210823443013,7614.373774,15,15,True,True,False,125,125,53,53,15,15,7243.776817,1100.0,190.0,87.0,5266.621634,625.0,100.0,0.0,2620.776817,2620.776817,0.0,155,53,0,0,0,1245001930,True,,8620.776817,0.0,cluster
14,9857.700662,9399.037514,8363.903825,458.66314799999964,0.04652841100846968,1493.7968369999999,9,7,False,False,False,12,12,143,130,14,14,7051.700661999999,2300.0,430.0,76.0,388.66314799999964,60.0,10.0,0.0,3857.7006619999993,458.66314799999964,0.0,186,78,7,2,5,1245001931,True,,9857.700662,0.0,outward
14,13662.021758,13662.021758,9575.154909,0.0,0.0,4086.866849,13,10,False,False,False,0,0,149,147,14,14,10234.021758,1965.0,355.0,1108.0,0,0,0,0,7662.021758000001,0.0,0.0,186,84,4,345,1,1245001932,True,,13662.021758,0.0,area
15,11841.052625,11841.052625,3294.028687,0.0,0.0,8547.023938,15,8,True,False,False,0,0,89,85,15,15,9199.052625,1900.0,349.0,393.0,0,0,0,0,5841.052625,0.0,0.0,155,65,7,103,0,1245001933,True,,11841.052625,0.0,edge
15,7822.999795,1654.198205,707.0,6168.80159,0.7885468172890321,7115.999795,15,15,True,True,False,135,135,40,40,15,15,6562.999795,1010.0,172.0,78.0,5384.80159,675.0,109.0,0.0,1822.9997949999997,1822.9997949999997,0.0,155,40,0,0,0,1245001934,True,,7822.999795,0.0,cluster
13,12526.239531,12526.239531,4805.0,0.0,0.0,7721.239530999999,13,7,True,False,False,0,0,149,145,13,13,9052.239531,2445.0,457.0,572.0,0,0,0,0,6526.239530999999,0.0,0.0,217,96,6,169,0,1245001935,True,,12526.239531,0.0,outward
12,9920.642555,8142.037427,3680.124928,1778.6051280000001,0.1792832589360438,6240.517627,12,11,True,False,False,40,40,103,101,12,12,7617.642555,1890.0,347.0,66.0,1543.6051280000001,200.0,35.0,0.0,3920.6425550000004,1778.6051280000001,0.0,248,96,1,0,0,1245001936,True,,9920.642555,0.0,area
15,10057.700803,10057.700803,4135.906175,0.0,0.0,5921.794628,15,14,True,False,False,0,0,69,69,15,15,7772.700803,1835.0,336.0,114.0,0,0,0,0,4057.7008029999997,0.0,0.0,155,55,1,9,0,1245001937,True,,10057.700803,0.0,edge
11,9002.153035,9002.153035,737.0,0.0,0.0,8265.153035,11,10,True,False,False,0,0,103,103,11,11,6866.153034999999,1735.0,316.0,85.0,0,0,0,0,3002.1530349999994,0.0,0.0,279,90,1,8,0,1245001938,True,,9002.153035,0.0,cluster
13,10970.787613,10970.787613,6306.149175,0.0,0.0,4664.638438000001,12,7,False,False,False,0,0,140,130,13,13,8053.787613,2400.0,449.0,68.0,0,0,0,0,4970.787613,0.0,0.0,217,84,6,0,1,1245001939,True,,10970.787613,0.0,outward
10,10155.976923,10155.976923,5599.295968,0.0,0.0,4556.680955,10,8,True,False,False,0,0,120,120,10,10,7639.976923,2075.0,385.0,56.0,0,0,0,0,4155.976923,0.0,0.0,310,120,2,0,0,1245001940,True,,10155.976923,0.0,area
16,8733.51356,8733.51356,6414.182867,0.0,0.0,2319.330692999999,15,9,False,False,False,0,0,20,13,16,16,6350.513559999999,1635.0,302.0,446.0,0,0,0,0,2733.5135599999994,0.0,0.0,84,4,7,122,1,1245001941,True,,8733.51356,0.0,edge
15,8188.858405,1884.177457,401.0,6304.680948,0.76990963040104,7787.858405,15,15,True,True,False,135,135,45,45,15,15,6921.858405,1015.0,174.0,78.0,5520.680948,675.0,109.0,0.0,2188.858405,2188.858405,0.0,155,45,0,0,0,1245001942,True,,8188.858405,0.0,cluster
12,10138.453327,9911.699157,8864.640236,226.75417000000016,0.02236575567163926,1273.813091,7,3,False,False,False,8,8,148,135,12,12,7042.453326999999,2545.0,479.0,72.0,179.75417000000016,40.0,7.0,0.0,4138.453326999999,226.75417000000016,0.0,248,97,9,3,5,1245001943,True,,10138.453327,0.0,outward
13,14445.14011,14445.14011,9316.504062,0.0,0.0,5128.636048,9,1,False,False,False,0,0,172,163,13,13,10525.14011,2620.0,485.0,815.0,0,0,0,0,8445.14011,0.0,0.0,217,83,12,250,4,1245001944,True,,14445.14011,0.0,area
12,10103.386974,8733.517699,6621.685048,1369.869274999999,0.13558515362474122,3481.701925999999,10,6,False,False,False,24,24,127,113,12,12,7229.386973999999,2360.0,442.0,72.0,1228.869274999999,120.0,21.0,0.0,4103.386973999999,1369.869274999999,0.0,248,96,6,2,2,1245001945,True,,10103.386974,0.0,edge
10,8343.276107,1154.4758,107.0,7188.8003069999995,0.8616280001771252,8236.276107,10,10,True,True,False,280,280,94,94,10,10,6293.276107,1690.0,307.0,53.0,5536.8003069999995,1400.0,252.0,0.0,2343.2761069999997,2343.2761069999997,0.0,310,94,0,0,0,1245001946,True,,8343.276107,0.0,cluster
10,9697.933065,8840.338053,7644.716741,857.5950119999998,0.08843070025870506,2053.216323999999,8,6,False,False,False,30,30,153,147,10,10,6845.933064999999,2360.0,442.0,50.0,680.5950119999998,150.0,27.0,0.0,3697.9330649999993,857.5950119999998,0.0,310,128,4,0,2,1245001947,True,,9697.933065,0.0,outward
10,9751.707405,9222.699746,6611.74586,529.007658999999,0.05424769602180235,3139.961544999999,9,5,False,False,False,10,10,143,137,10,10,6972.707404999999,2285.0,426.0,68.0,470.00765899999897,50.0,9.0,0.0,3751.707404999999,529.007658999999,0.0,310,120,5,6,1,1245001948,True,,9751.707405,0.0,area
13,10224.534515,9760.151978,2549.0,464.3825369999995,0.04541845267564237,7675.534514999999,13,6,True,False,False,14,14,100,94,13,13,7587.534514999999,2165.0,404.0,68.0,382.3825369999995,70.0,12.0,0.0,4224.534514999999,464.3825369999995,0.0,217,84,7,1,0,1245001949,True,,10224.534515,0.0,edge
15,10495.218548,10495.218548,2351.475651,0.0,0.0,8143.742897,15,11,True,False,False,0,0,118,117,15,15,8119.218548000001,1815.0,327.0,234.0,0,0,0,0,4495.218548000001,0.0,0.0,155,60,4,53,0,1245001950,True,,10495.218548,0.0,cluster
15,10163.387437,9729.688344,5456.497498,433.69909299999927,0.04267269113653089,4706.889939,15,9,True,False,False,10,10,94,89,15,15,7628.387436999999,2070.0,384.0,81.0,375.69909299999927,50.0,8.0,0.0,4163.387436999999,433.69909299999927,0.0,155,60,6,2,0,1245001951,True,,10163.387437,0.0,outward
11,9677.422705,9677.422705,7327.311907,0.0,0.0,2350.1107980000006,10,6,False,False,False,0,0,136,134,11,11,7052.422705000001,2155.0,400.0,70.0,0,0,0,0,3677.422705000001,0.0,0.0,279,105,5,1,1,1245001952,True,,9677.422705,0.0,area
14,14235.668371,14235.668371,8132.08193,0.0,0.0,6103.5864409999995,10,2,False,False,False,0,0,172,159,14,14,10034.668371,2680.0,500.0,1021.0,0,0,0,0,8235.668371,0.0,0.0,186,66,12,316,4,1245001953,True,,14235.668371,0.0,edge
16,2816.886718,2816.886718,1561.00623,0.0,0.0,1255.8804880000002,16,16,True,True,False,0,0,0,0,16,16,2085.886718,430.0,80.0,221.0,0,0,0,0,0.0,0.0,0.0,18,0,0,0,0,1245001954,True,,2816.886718,0.0,cluster
11,9878.765983,9124.131547,5112.122863,754.6344359999985,0.07638954473652082,4766.64312,11,5,True,False,False,18,18,135,129,11,11,6878.765982999999,2480.0,465.0,55.0,648.6344359999985,90.0,16.0,0.0,3878.7659829999993,754.6344359999985,0.0,279,108,6,0,0,1245001955,True,,9878.765983,0.0,outward
13,9817.656651,8287.929142,2243.0,1529.7275089999985,0.1558139139897691,7574.656650999999,13,9,True,False,False,35,35,109,106,13,13,7546.656650999999,1860.0,343.0,68.0,1324.7275089999985,175.0,30.0,0.0,3817.6566509999993,1529.7275089999985,0.0,217,91,4,1,0,1245001956,True,,9817.656651,0.0,area
14,9296.117146,7110.465516,2933.403447,2185.6516300000003,0.23511446722037685,6362.713699,14,11,True,False,False,36,36,67,66,14,14,6998.1171460000005,1880.0,345.0,73.0,1975.6516300000003,180.0,30.0,0.0,3296.1171460000005,2185.6516300000003,0.0,186,66,3,0,0,1245001957,True,,9296.117146,0.0,edge
11,8952.943403,6440.35845,5480.563687,2512.5849529999996,0.2806434532087033,3472.3797159999995,11,10,True,False,False,81,81,93,92,11,11,6951.943402999999,1645.0,298.0,58.0,2035.5849529999996,405.0,72.0,0.0,2952.9434029999993,2512.5849529999996,0.0,279,92,1,0,0,1245001958,True,,8952.943403,0.0,cluster
15,9316.729348,8855.247612,4418.429066,461.48173600000155,0.04953259011426222,4898.300282000001,15,13,True,False,False,10,10,53,52,15,15,7172.729348000001,1750.0,319.0,75.0,403.48173600000155,50.0,8.0,0.0,3316.7293480000008,461.48173600000155,0.0,155,50,2,0,0,1245001959,True,,9316.729348,0.0,outward
11,10581.395161,9358.921723,4845.055737,1222.473438000001,0.11553045882887814,5736.339424000001,11,3,True,False,False,36,36,128,126,11,11,7803.395161,2290.0,427.0,61.0,1010.4734380000009,180.0,32.0,0.0,4581.395161,1222.473438000001,0.0,279,108,8,2,0,1245001960,True,,10581.395161,0.0,area
12,9666.583101,9062.380377,1979.0,604.2027240000007,0.06250427040114065,7687.583101,12,6,True,False,False,16,16,131,127,12,12,6979.583101,2210.0,411.0,66.0,510.20272400000067,80.0,14.0,0.0,3666.583101,604.2027240000007,0.0,248,96,6,2,0,1245001961,True,,9666.583101,0.0,edge
14,9464.214445,9464.214445,2591.664049,0.0,0.0,6872.550396,14,12,True,False,False,0,0,90,90,14,14,7486.214445,1590.0,285.0,103.0,0,0,0,0,3464.2144449999996,0.0,0.0,186,66,2,11,0,1245001962,True,,9464.214445,0.0,cluster
10,9635.457307,9112.675171,5457.361011,522.7821359999998,0.054256079326946656,4178.096296000001,10,6,True,False,False,20,20,143,138,10,10,6849.457307000001,2305.0,431.0,50.0,404.7821359999998,100.0,18.0,0.0,3635.4573070000006,522.7821359999998,0.0,310,126,4,0,0,1245001963,True,,9635.457307,0.0,outward
11,10044.677889,7851.311964,2737.177485,2193.365925,0.2183610016406769,7307.500404,11,9,True,False,False,54,54,115,113,11,11,7695.6778890000005,1935.0,356.0,58.0,1875.365925,270.0,48.0,0.0,4044.6778890000005,2193.365925,0.0,279,108,2,0,0,1245001964,True,,10044.677889,0.0,area
10,9738.319375,9738.319375,8969.145572,0.0,0.0,769.1738029999997,7,4,False,False,False,0,0,159,151,10,10,6662.319374999999,2545.0,478.0,53.0,0,0,0,0,3738.319374999999,0.0,0.0,310,120,6,1,3,1245001965,True,,9738.319375,0.0,edge
12,8584.490344,2081.309985,942.0,6503.180359,0.7575499649254426,7642.490344,12,12,True,True,False,208,208,80,80,12,12,6787.490344,1470.0,264.0,63.0,5281.180359,1040.0,182.0,0.0,2584.490344,2584.490344,0.0,248,80,0,0,0,1245001966,True,,8584.490344,0.0,cluster
12,9731.303861,9667.904168,7645.374063,63.39969300000121,0.006515025520278654,2085.929798,6,6,False,False,False,8,8,148,131,12,12,6767.303861,2445.0,459.0,60.0,16.399693000001207,40.0,7.0,0.0,3731.3038610000003,63.39969300000121,0.0,248,96,6,0,6,1245001967,True,,9731.303861,0.0,outward
16,7004.39886,7004.39886,3186.553053,0.0,0.0,3817.845807,16,15,True,False,False,0,0,0,0,16,16,5404.39886,965.0,177.0,458.0,0,0,0,0,1004.3988600000002,0.0,0.0,37,0,1,107,0,1245001968,True,,7004.39886,0.0,area
15,8974.18359,6722.187723,6317.815029,2251.9958670000005,0.25094158643126224,2656.368561,14,13,False,False,False,40,40,59,57,15,15,6763.183590000001,1800.0,330.0,81.0,2019.9958670000005,200.0,32.0,0.0,2974.1835900000005,2251.9958670000005,0.0,155,55,2,1,1,1245001969,True,,8974.18359,0.0,edge
11,10033.440583,10033.440583,2130.0,0.0,0.0,7903.440583,11,9,True,False,False,0,0,123,123,11,11,7556.440583,1950.0,358.0,169.0,0,0,0,0,4033.4405829999996,0.0,0.0,279,99,2,38,0,1245001970,True,,10033.440583,0.0,cluster
13,12169.689815,12169.689815,10300.90358,0.0,0.0,1868.7862349999996,6,3,False,False,False,0,0,180,165,13,13,8731.689815,2630.0,494.0,314.0,0,0,0,0,6169.689815,0.0,0.0,217,91,10,83,7,1245001971,True,,12169.689815,0.0,outward
13,10174.96593,9539.050405,8329.293565,635.9155250000003,0.06249804956349375,1845.6723650000004,12,10,False,False,False,14,14,104,101,13,13,7812.96593,1925.0,357.0,80.0,552.9155250000003,70.0,13.0,0.0,4174.96593,635.9155250000003,0.0,217,84,3,3,1,1245001972,True,,10174.96593,0.0,area
14,9417.625061,9417.625061,4214.108009,0.0,0.0,5203.517052000001,14,11,True,False,False,0,0,72,71,14,14,7108.625061000001,1890.0,349.0,70.0,0,0,0,0,3417.6250610000006,0.0,0.0,186,66,3,0,0,1245001973,True,,9417.625061,0.0,edge
16,3888.277335,3888.277335,1310.473205,0.0,0.0,2577.8041300000004,16,16,True,True,False,0,0,0,0,16,16,2823.277335,380.0,65.0,620.0,0,0,0,0,0.0,0.0,0.0,16,0,0,0,0,1245001974,True,,3888.277335,0.0,cluster
15,9842.03535,8319.886584,7704.672085,1522.1487660000003,0.15465792510082788,2137.363265,14,13,False,False,False,25,25,73,70,15,15,7595.03535,1835.0,337.0,75.0,1377.1487660000003,125.0,20.0,0.0,3842.03535,1522.1487660000003,0.0,155,65,2,0,1,1245001975,True,,9842.03535,0.0,outward
14,9273.755917,5734.128253,4285.719103,3539.6276640000006,0.3816822111428879,4988.036814,14,14,True,True,False,78,78,72,72,14,14,7328.755917,1575.0,285.0,85.0,3084.6276640000006,390.0,65.0,0.0,3273.7559170000004,3273.7559170000004,0.0,186,72,0,0,0,1245001976,True,,9273.755917,0.0,area
11,10628.388432,10628.388432,4804.487525,0.0,0.0,5823.900907,11,8,True,False,False,0,0,127,126,11,11,7769.388432,2260.0,421.0,178.0,0,0,0,0,4628.388432,0.0,0.0,279,108,3,37,0,1245001977,True,,10628.388432,0.0,edge
11,8740.522157,1983.934972,985.937757,6756.587184999999,0.7730187125707209,7754.5844,11,11,True,True,False,234,234,99,99,11,11,6819.522156999999,1580.0,286.0,55.0,5378.587184999999,1170.0,208.0,0.0,2740.5221569999994,2740.5221569999994,0.0,279,99,0,0,0,1245001978,True,,8740.522157,0.0,cluster
11,10071.339206,9736.394408,9224.151638,334.94479800000045,0.033257225394658245,847.1875680000012,6,5,False,False,False,9,9,149,137,11,11,7088.339206000001,2465.0,463.0,55.0,281.94479800000045,45.0,8.0,0.0,4071.3392060000006,334.94479800000045,0.0,279,108,6,0,5,1245001979,True,,10071.339206,0.0,outward
11,12540.29243,12540.29243,2903.590915,0.0,0.0,9636.701514999999,11,7,True,False,False,0,0,165,164,11,11,9413.29243,2335.0,431.0,361.0,0,0,0,0,6540.2924299999995,0.0,0.0,279,116,4,102,0,1245001980,True,,12540.29243,0.0,area
12,9820.652534,9820.652534,9070.699331,0.0,0.0,749.9532030000009,11,8,False,False,False,0,0,114,111,12,12,7183.652534000001,2165.0,403.0,69.0,0,0,0,0,3820.6525340000007,0.0,0.0,248,96,4,1,1,1245001981,True,,9820.652534,0.0,edge
12,8808.696131,8086.759966,1909.508455,721.936165000001,0.08195721072263208,6899.1876760000005,12,11,True,False,False,24,24,96,95,12,12,6886.696131000001,1575.0,284.0,63.0,580.936165000001,120.0,21.0,0.0,2808.6961310000006,721.936165000001,0.0,248,88,1,0,0,1245001982,True,,8808.696131,0.0,cluster
14,13775.31864,13775.31864,7470.00011,0.0,0.0,6305.31853,13,3,False,False,False,0,0,142,136,14,14,10069.31864,2455.0,455.0,796.0,0,0,0,0,7775.3186399999995,0.0,0.0,186,70,11,242,1,1245001983,True,,13775.31864,0.0,outward
12,9868.923969,8282.825703,4983.172697,1586.098265999999,0.1607164338262417,4885.7512719999995,12,10,True,False,False,40,40,103,102,12,12,7496.9239689999995,1950.0,359.0,63.0,1351.098265999999,200.0,35.0,0.0,3868.9239689999995,1586.098265999999,0.0,248,96,2,1,0,1245001984,True,,9868.923969,0.0,area
11,10049.885654,10049.885654,8949.196786,0.0,0.0,1100.6888679999993,9,4,False,False,False,0,0,159,153,11,11,6914.885654,2590.0,487.0,58.0,0,0,0,0,4049.8856539999997,0.0,0.0,279,108,7,1,2,1245001985,True,,10049.885654,0.0,edge
11,9676.194513,9676.194513,1078.520452,0.0,0.0,8597.674061,11,8,True,False,False,0,0,114,111,11,11,7300.194513,1960.0,361.0,55.0,0,0,0,0,3676.1945130000004,0.0,0.0,279,90,3,0,0,1245001986,True,,9676.194513,0.0,cluster
16,8495.213443,8495.213443,5303.214317,0.0,0.0,3191.9991260000006,16,12,True,False,False,0,0,6,6,16,16,6304.213443000001,1395.0,257.0,539.0,0,0,0,0,2495.2134430000006,0.0,0.0,68,0,4,152,0,1245001987,True,,8495.213443,0.0,outward
13,9665.637426,9665.637426,1919.0,0.0,0.0,7746.637425999999,13,7,True,False,False,0,0,101,98,13,13,7544.637425999999,1735.0,318.0,68.0,0,0,0,0,3665.6374259999993,0.0,0.0,217,81,6,0,0,1245001988,True,,9665.637426,0.0,area
10,11334.490004,11334.490004,7369.542468,0.0,0.0,3964.9475359999997,8,4,False,False,False,0,0,146,140,10,10,8334.490004,2460.0,460.0,80.0,0,0,0,0,5334.490003999999,0.0,0.0,310,111,6,10,2,1245001989,True,,11334.490004,0.0,edge
10,9040.5239,2306.968694,1437.674941,6733.555206,0.7448191366431761,7602.848959,10,10,True,True,False,250,250,110,110,10,10,6963.5239,1710.0,311.0,56.0,5258.555206,1250.0,225.0,0.0,3040.5239,3040.5239,0.0,310,110,0,0,0,1245001990,True,,9040.5239,0.0,cluster
13,9009.280002,6424.99433,2688.186681,2584.285671999999,0.2868470811681183,6321.093320999999,13,12,True,False,False,70,70,86,84,13,13,6796.2800019999995,1815.0,333.0,65.0,2174.285671999999,350.0,60.0,0.0,3009.2800019999995,2584.285671999999,0.0,217,84,1,0,0,1245001991,True,,9009.280002,0.0,outward
14,9763.593281,9297.427436,2126.607061,466.16584499999954,0.04774531584669351,7636.986219999999,14,10,True,False,False,12,12,99,96,14,14,7602.5932809999995,1765.0,323.0,73.0,396.16584499999954,60.0,10.0,0.0,3763.5932809999995,466.16584499999954,0.0,186,72,4,0,0,1245001992,True,,9763.593281,0.0,area
15,9200.175899,7187.632829,3851.296148,2012.5430699999997,0.21875049913108185,5348.879751,15,14,True,False,False,35,35,59,57,15,15,6972.175899,1820.0,333.0,75.0,1809.5430699999997,175.0,28.0,0.0,3200.175899,2012.5430699999997,0.0,155,55,1,0,0,1245001993,True,,9200.175899,0.0,edge
12,8496.064464,2561.795893,1566.0,5934.268570999999,0.6984726394373553,6930.064463999999,12,12,True,True,False,192,192,87,87,12,12,6647.064463999999,1515.0,274.0,60.0,4805.268571,960.0,169.0,0.0,2496.064463999999,2496.064463999999,0.0,248,87,0,0,0,1245001994,True,,8496.064464,0.0,cluster
12,14745.037272,14745.037272,7989.44257,0.0,0.0,6755.594701999999,9,4,False,False,False,0,0,173,167,12,12,10204.037272,2625.0,485.0,1431.0,0,0,0,0,8745.037272,0.0,0.0,248,96,8,457,3,1245001995,True,,14745.037272,0.0,outward
10,9965.770824,9965.770824,8398.054212,0.0,0.0,1567.7166120000002,9,8,False,False,False,0,0,136,131,10,10,7283.770823999999,2215.0,414.0,53.0,0,0,0,0,3965.7708239999993,0.0,0.0,310,120,2,0,1,1245001996,True,,9965.770824,0.0,area
16,5178.722648,5178.722648,2309.0,0.0,0.0,2869.722648,16,16,True,True,True,0,0,0,0,16,16,3867.722648,1030.0,195.0,86.0,0,0,0,0,0.0,0.0,0.0,31,0,0,0,0,1245001997,True,,5178.722648,0.0,edge
16,2857.546802,2857.546802,701.0,0.0,0.0,2156.546802,16,16,True,True,False,0,0,0,0,16,16,2081.546802,355.0,62.0,359.0,0,0,0,0,0.0,0.0,0.0,12,0,0,0,0,1245001998,True,,2857.546802,0.0,cluster
12,9223.791423,6846.435102,4710.085776,2377.356321,0.2577417692980285,4513.705647000001,12,9,True,False,False,64,64,88,88,12,12,6788.791423000001,2005.0,370.0,60.0,2001.3563210000002,320.0,56.0,0.0,3223.7914230000006,2377.356321,0.0,248,88,3,0,0,1245001999,True,,9223.791423,0.0,outward
10,9496.894801,9496.894801,6955.952636,0.0,0.0,2540.9421650000004,9,5,False,False,False,0,0,120,116,10,10,6987.894801,2075.0,384.0,50.0,0,0,0,0,3496.8948010000004,0.0,0.0,310,110,5,0,1,1245002000,True,,9496.894801,0.0,area
15,9149.039519,8664.863394,5018.207466,484.17612499999996,0.05292097864420646,4130.832053,15,14,True,False,False,10,10,55,55,15,15,7048.039519,1710.0,313.0,78.0,426.17612499999996,50.0,8.0,0.0,3149.039519,484.17612499999996,0.0,155,55,1,0,0,1245002001,True,,9149.039519,0.0,edge
15,8192.299075,7966.762607,719.0,225.53646800000115,0.027530302047719262,7473.299075000001,15,14,True,False,False,5,5,47,47,15,15,6804.299075000001,1120.0,193.0,75.0,196.53646800000115,25.0,4.0,0.0,2192.299075000001,225.53646800000115,0.0,155,40,1,0,0,1245002002,True,,8192.299075,0.0,cluster
11,9972.405139,9193.514595,7067.512948,778.8905439999999,0.07810458291088888,2904.892191000001,10,3,False,False,False,27,27,121,110,11,11,7108.405139,2365.0,444.0,55.0,619.8905439999999,135.0,24.0,0.0,3972.4051390000004,778.8905439999999,0.0,279,99,8,0,1,1245002003,True,,9972.405139,0.0,outward
10,11075.777915,11075.777915,5461.277406,0.0,0.0,5614.500509,10,4,True,False,False,0,0,174,171,10,10,8140.777915000001,2430.0,455.0,50.0,0,0,0,0,5075.777915000001,0.0,0.0,310,127,6,0,0,1245002004,True,,11075.777915,0.0,area
10,9729.808928,9171.456524,4798.465032,558.3524040000011,0.0573857521901792,4931.343896,10,8,True,False,False,10,10,129,129,10,10,6991.808928,2260.0,422.0,56.0,499.3524040000011,50.0,9.0,0.0,3729.8089280000004,558.3524040000011,0.0,310,125,2,0,0,1245002005,True,,9729.808928,0.0,edge
12,9691.449258,9691.449258,666.0,0.0,0.0,9025.449258,12,10,True,False,False,0,0,101,100,12,12,7577.449258000001,1665.0,302.0,147.0,0,0,0,0,3691.4492580000006,0.0,0.0,248,88,2,27,0,1245002006,True,,9691.449258,0.0,cluster
10,9125.927408,7962.273317,7402.681799,1163.6540909999994,0.12751077660117188,1723.2456089999996,9,6,False,False,False,40,40,106,104,10,10,6699.927408,2000.0,370.0,56.0,927.6540909999994,200.0,36.0,0.0,3125.9274079999996,1163.6540909999994,0.0,310,100,4,0,1,1245002007,True,,9125.927408,0.0,outward
10,9418.08804,8536.514332,7537.064849,881.5737079999999,0.0936043180161225,1881.0231910000002,8,6,False,False,False,30,30,139,131,10,10,6671.088040000001,2270.0,424.0,53.0,703.5737079999999,150.0,28.0,0.0,3418.0880400000005,881.5737079999999,0.0,310,120,4,1,2,1245002008,True,,9418.08804,0.0,area
10,10405.882703,10056.387008,5059.493125,349.4956949999996,0.03358635734950583,5346.389577999999,10,6,True,False,False,10,10,121,119,10,10,7677.882702999999,2250.0,419.0,59.0,290.4956949999996,50.0,9.0,0.0,4405.882702999999,349.4956949999996,0.0,310,110,4,1,0,1245002009,True,,10405.882703,0.0,edge
11,10670.327257,10670.327257,725.0,0.0,0.0,9945.327257,11,10,True,False,False,0,0,110,110,11,11,8001.327257000001,1825.0,333.0,511.0,0,0,0,0,4670.327257000001,0.0,0.0,279,96,1,152,0,1245002010,True,,10670.327257,0.0,cluster
16,9292.138341,9292.138341,8855.193526,0.0,0.0,436.94481500000074,13,11,False,False,False,0,0,63,56,16,16,6949.138341,1900.0,351.0,92.0,0,0,0,0,3292.138341,0.0,0.0,110,30,5,4,3,1245002011,True,,9292.138341,0.0,outward
12,9438.357961,9438.357961,5976.897946,0.0,0.0,3461.4600149999997,12,10,True,False,False,0,0,90,89,12,12,7291.357961,1755.0,320.0,72.0,0,0,0,0,3438.3579609999997,0.0,0.0,248,88,2,0,0,1245002012,True,,9438.357961,0.0,area
15,9696.186175,9386.475331,4882.337525,309.7108440000011,0.03194151168410306,4813.848650000001,15,11,True,False,False,5,5,73,72,15,15,7454.186175000001,1825.0,336.0,81.0,280.7108440000011,25.0,4.0,0.0,3696.1861750000007,309.7108440000011,0.0,155,60,4,1,0,1245002013,True,,9696.186175,0.0,edge
16,5900.883134,5900.883134,1589.0,0.0,0.0,4311.883134,16,16,True,True,True,0,0,0,0,16,16,4398.883134,990.0,183.0,329.0,0,0,0,0,0.0,0.0,0.0,24,0,0,0,0,1245002014,True,,5900.883134,0.0,cluster
13,9522.57315,8992.22487,3190.588951,530.3482800000002,0.055693799527284295,6331.984199,13,10,True,False,False,21,21,101,98,13,13,6960.57315,2105.0,392.0,65.0,407.34828000000016,105.0,18.0,0.0,3522.57315,530.3482800000002,0.0,217,80,3,0,0,1245002015,True,,9522.57315,0.0,outward
16,8099.712668,8099.712668,4397.359757,0.0,0.0,3702.352911,16,14,True,False,False,0,0,0,0,16,16,6374.712668,975.0,178.0,572.0,0,0,0,0,2099.712668,0.0,0.0,52,0,2,159,0,1245002016,True,,8099.712668,0.0,area
16,5752.692297,5752.692297,3247.73144,0.0,0.0,2504.9608569999996,16,16,True,True,True,0,0,0,0,16,16,4112.692297,1260.0,237.0,143.0,0,0,0,0,0.0,0.0,0.0,43,0,0,0,0,1245002017,True,,5752.692297,0.0,edge
13,8774.649424,3407.240145,1006.314363,5367.4092789999995,0.6116950113493218,7768.335061,13,13,True,True,False,147,147,77,77,13,13,7090.649423999999,1370.0,243.0,71.0,4506.4092789999995,735.0,126.0,0.0,2774.6494239999993,2774.6494239999993,0.0,217,77,0,0,0,1245002018,True,,8774.649424,0.0,cluster
10,10022.392014,9951.763999,8102.778838,70.62801499999841,0.007047021798921866,1919.613175999999,9,5,False,False,False,10,10,192,184,10,10,6894.392013999999,2590.0,488.0,50.0,11.628014999998413,50.0,9.0,0.0,4022.392013999999,70.62801499999841,0.0,310,140,5,0,1,1245002019,True,,10022.392014,0.0,outward
15,9046.654125,6278.421143,1569.945972,2768.2329819999995,0.3059952269370086,7476.708153,15,14,True,False,False,50,50,56,55,15,15,7464.654124999999,1270.0,225.0,87.0,2477.2329819999995,250.0,41.0,0.0,3046.654124999999,2768.2329819999995,0.0,155,55,1,0,0,1245002020,True,,9046.654125,0.0,area
12,10383.807766,10383.807766,8588.906239,0.0,0.0,1794.901527,10,6,False,False,False,0,0,151,143,12,12,7526.807766,2350.0,441.0,66.0,0,0,0,0,4383.807766,0.0,0.0,248,104,6,1,2,1245002021,True,,10383.807766,0.0,edge
16,2076.073417,2076.073417,1591.370051,0.0,0.0,484.70336599999996,16,16,True,True,False,0,0,0,0,16,16,1555.073417,320.0,58.0,143.0,0,0,0,0,0.0,0.0,0.0,12,0,0,0,0,1245002022,True,,2076.073417,0.0,cluster
14,9242.899105,5991.273712,4712.090385,3251.6253930000003,0.35179713162085846,4530.80872,14,14,True,True,False,66,66,66,66,14,14,6998.899105,1835.0,336.0,73.0,2866.6253930000003,330.0,55.0,0.0,3242.8991050000004,3242.8991050000004,0.0,186,66,0,0,0,1245002023,True,,9242.899105,0.0,outward
10,10298.943349,10298.943349,7594.820232,0.0,0.0,2704.123116999999,9,3,False,False,False,0,0,169,161,10,10,7174.943348999999,2585.0,486.0,53.0,0,0,0,0,4298.943348999999,0.0,0.0,310,120,7,1,1,1245002024,True,,10298.943349,0.0,area
15,11582.34804,11582.34804,6482.995738,0.0,0.0,5099.352302000001,14,8,False,False,False,0,0,122,117,15,15,8696.34804,2185.0,404.0,297.0,0,0,0,0,5582.348040000001,0.0,0.0,155,60,7,71,1,1245002025,True,,11582.34804,0.0,edge
12,8281.653844,1343.520193,119.0,6938.133651,0.8377715105813833,8162.653844,12,12,True,True,False,224,224,80,80,12,12,6552.653844,1410.0,253.0,66.0,5621.133651,1120.0,197.0,0.0,2281.6538440000004,2281.6538440000004,0.0,248,80,0,0,0,1245002026,True,,8281.653844,0.0,cluster
10,9683.387011,9163.114181,8259.650695,520.2728299999999,0.05372839373341038,1423.7363160000004,8,5,False,False,False,20,20,168,160,10,10,6573.387011000001,2575.0,485.0,50.0,402.2728299999999,100.0,18.0,0.0,3683.3870110000007,520.2728299999999,0.0,310,127,5,0,2,1245002027,True,,9683.387011,0.0,outward
12,13723.607887,13723.607887,2867.0,0.0,0.0,10856.607887,12,3,True,False,False,0,0,195,192,12,12,10013.607887,2545.0,472.0,693.0,0,0,0,0,7723.607887,0.0,0.0,248,101,9,211,0,1245002028,True,,13723.607887,0.0,area
12,9583.508338,9583.508338,5578.686217,0.0,0.0,4004.8221209999992,12,11,True,False,False,0,0,99,99,12,12,6974.508338,2140.0,397.0,72.0,0,0,0,0,3583.5083379999996,0.0,0.0,248,88,1,1,0,1245002029,True,,9583.508338,0.0,edge
14,8288.742988,2866.968899,1920.788498,5421.7740890000005,0.6541129453343355,6367.95449,14,14,True,True,False,138,138,60,60,14,14,6737.742988,1260.0,221.0,70.0,4616.7740890000005,690.0,115.0,0.0,2288.742988,2288.742988,0.0,186,60,0,0,0,1245002030,True,,8288.742988,0.0,cluster
15,9036.779881,8576.955188,4365.452903,459.8246930000005,0.05088368855445849,4671.326978,15,13,True,False,False,10,10,66,64,15,15,6960.779881,1690.0,308.0,78.0,401.8246930000005,50.0,8.0,0.0,3036.7798810000004,459.8246930000005,0.0,155,55,2,0,0,1245002031,True,,9036.779881,0.0,outward
11,9308.686109,5343.828983,1019.0,3964.857126,0.425930907925515,8289.686109,11,11,True,True,False,126,126,101,101,11,11,7195.686109,1735.0,317.0,61.0,3222.857126,630.0,112.0,0.0,3308.686109,3308.686109,0.0,279,101,0,0,0,1245002032,True,,9308.686109,0.0,area
12,9205.31821,5720.551361,5014.512484,3484.7668489999996,0.3785601724462277,4190.805726,12,12,True,True,False,96,96,96,96,12,12,6761.318209999999,1995.0,368.0,81.0,2920.7668489999996,480.0,84.0,0.0,3205.3182099999995,3205.3182099999995,0.0,248,96,0,0,0,1245002033,True,,9205.31821,0.0,edge
11,10354.310221,10354.310221,995.0,0.0,0.0,9359.310221,11,6,True,False,False,0,0,132,130,11,11,7741.310221,2155.0,400.0,58.0,0,0,0,0,4354.310221,0.0,0.0,279,90,5,0,0,1245002034,True,,10354.310221,0.0,cluster
10,9779.720155,9779.720155,5908.939376,0.0,0.0,3870.7807790000006,10,5,True,False,False,0,0,138,131,10,10,6903.720155000001,2380.0,446.0,50.0,0,0,0,0,3779.720155000001,0.0,0.0,310,120,5,0,0,1245002035,True,,9779.720155,0.0,outward
11,10376.249506,9438.853515,3327.48136,937.3959909999994,0.09034054071829674,7048.768146,11,9,True,False,False,27,27,148,143,11,11,7922.249506,2025.0,374.0,55.0,778.3959909999994,135.0,24.0,0.0,4376.249506,937.3959909999994,0.0,279,126,2,0,0,1245002036,True,,10376.249506,0.0,area
12,12399.749329,12399.749329,7460.682991,0.0,0.0,4939.0663380000005,11,5,False,False,False,0,0,142,136,12,12,9168.749329,2415.0,450.0,366.0,0,0,0,0,6399.749329,0.0,0.0,248,96,7,100,1,1245002037,True,,12399.749329,0.0,edge
15,8354.371731,2500.874715,731.0,5853.497015999999,0.7006507735680262,7623.371730999999,15,15,True,True,False,120,120,45,45,15,15,6916.371730999999,1150.0,201.0,87.0,5156.497015999999,600.0,97.0,0.0,2354.3717309999993,2354.3717309999993,0.0,155,45,0,0,0,1245002038,True,,8354.371731,0.0,cluster
15,10611.798843,10611.798843,5119.896176,0.0,0.0,5491.902667,15,12,True,False,False,0,0,87,85,15,15,8030.7988430000005,2065.0,381.0,135.0,0,0,0,0,4611.7988430000005,0.0,0.0,155,55,3,20,0,1245002039,True,,10611.798843,0.0,outward
12,9847.357311,8235.416188,2960.324454,1611.9411230000005,0.16369276264601268,6887.032857,12,9,True,False,False,48,48,98,97,12,12,7433.357311,1985.0,369.0,60.0,1328.9411230000005,240.0,43.0,0.0,3847.3573109999998,1611.9411230000005,0.0,248,92,3,0,0,1245002040,True,,9847.357311,0.0,area
15,8883.640899,8076.381512,1703.0,807.2593870000001,0.090870330777426,7180.640899,15,14,True,False,False,20,20,55,55,15,15,6798.640899,1700.0,310.0,75.0,691.2593870000001,100.0,16.0,0.0,2883.640899,807.2593870000001,0.0,155,55,1,0,0,1245002041,True,,8883.640899,0.0,edge
15,8065.650061,6065.083862,4925.441136,2000.5661989999999,0.2480353330320364,3140.208925,15,14,True,False,False,45,45,45,45,15,15,6612.650061,1170.0,205.0,78.0,1739.5661989999999,225.0,36.0,0.0,2065.6500610000003,2000.5661989999999,0.0,155,45,1,0,0,1245002042,True,,8065.650061,0.0,cluster
12,10157.363901,9846.480157,8236.02863,310.88374400000066,0.030606734880237373,1921.335271,11,8,False,False,False,8,8,118,113,12,12,7509.363901000001,2175.0,404.0,69.0,263.88374400000066,40.0,7.0,0.0,4157.363901000001,310.88374400000066,0.0,248,100,4,0,1,1245002043,True,,10157.363901,0.0,outward
15,10098.906162,8288.456455,2450.129078,1810.4497069999998,0.17927186152222413,7648.777083999999,15,12,True,False,False,20,20,76,74,15,15,8066.906161999999,1650.0,301.0,81.0,1693.4497069999998,100.0,17.0,0.0,4098.906161999999,1810.4497069999998,0.0,155,60,3,0,0,1245002044,True,,10098.906162,0.0,area
13,9889.650626,6388.235365,1961.0,3501.415261000001,0.3540484283433372,7928.650626000001,13,10,True,False,False,77,77,86,84,13,13,7320.650626000001,2105.0,390.0,74.0,3050.415261000001,385.0,66.0,0.0,3889.6506260000006,3501.415261000001,0.0,217,84,3,1,0,1245002045,True,,9889.650626,0.0,edge
15,10124.882846,10124.882846,656.556084,0.0,0.0,9468.326762,15,14,True,False,False,0,0,56,56,15,15,8316.882846,1220.0,213.0,375.0,0,0,0,0,4124.882846,0.0,0.0,155,56,1,100,0,1245002046,True,,10124.882846,0.0,cluster
15,10027.618327,9831.724931,4989.41476,195.89339599999948,0.019535386131774087,5038.2035670000005,15,9,True,False,False,5,5,90,82,15,15,7524.618327,2040.0,379.0,84.0,165.89339599999948,25.0,5.0,0.0,4027.618327,195.89339599999948,0.0,155,60,6,1,0,1245002047,True,,10027.618327,0.0,outward
10,9959.08612,9959.08612,5810.193245,0.0,0.0,4148.892875,10,4,True,False,False,0,0,122,120,10,10,7409.08612,2100.0,391.0,59.0,0,0,0,0,3959.08612,0.0,0.0,310,110,6,0,0,1245002048,True,,9959.08612,0.0,area
12,9440.663753,8827.430277,4762.380321,613.2334760000012,0.06495660602308088,4678.283432000001,12,6,True,False,False,16,16,113,109,12,12,6675.663753000001,2280.0,425.0,60.0,519.2334760000012,80.0,14.0,0.0,3440.6637530000007,613.2334760000012,0.0,248,88,6,0,0,1245002049,True,,9440.663753,0.0,edge
10,8841.022632,6030.234047,995.923897,2810.7885850000002,0.3179257312187367,7845.0987350000005,10,9,True,False,False,100,100,100,100,10,10,6653.022632,1805.0,330.0,53.0,2220.7885850000002,500.0,90.0,0.0,2841.022632,2810.7885850000002,0.0,310,100,1,0,0,1245002050,True,,8841.022632,0.0,cluster
14,10865.509372,10865.509372,8568.90486,0.0,0.0,2296.604512,13,9,False,False,False,0,0,107,102,14,14,8372.509372,2045.0,378.0,70.0,0,0,0,0,4865.509372,0.0,0.0,186,76,5,0,1,1245002051,True,,10865.509372,0.0,outward
14,13938.188406,13938.188406,6162.830617,0.0,0.0,7775.357789,13,4,False,False,False,0,0,143,141,14,14,10141.188406,2290.0,420.0,1087.0,0,0,0,0,7938.188405999999,0.0,0.0,186,66,10,339,1,1245002052,True,,13938.188406,0.0,area
10,9729.434693,7913.307031,6203.680822,1816.127661999999,0.1866632254910598,3525.753870999999,9,5,False,False,False,60,60,136,130,10,10,6908.434692999999,2330.0,435.0,56.0,1462.127661999999,300.0,54.0,0.0,3729.4346929999992,1816.127661999999,0.0,310,120,5,2,1,1245002053,True,,9729.434693,0.0,edge
12,8874.420928,3276.906068,730.635495,5597.514859999999,0.6307470544178361,8143.785432999999,12,12,True,True,False,176,176,92,92,12,12,6930.420928,1595.0,289.0,60.0,4563.514859999999,880.0,154.0,0.0,2874.4209279999995,2874.4209279999995,0.0,248,92,0,0,0,1245002054,True,,8874.420928,0.0,cluster
14,9117.08128,6797.025939,2644.85392,2320.055341,0.2544734734447821,6472.227360000001,14,9,True,False,False,48,48,65,62,14,14,6818.08128,1880.0,346.0,73.0,2040.0553410000002,240.0,40.0,0.0,3117.0812800000003,2320.055341,0.0,186,60,5,1,0,1245002055,True,,9117.08128,0.0,outward
10,9903.397239,9903.397239,2002.084422,0.0,0.0,7901.312817,10,8,True,False,False,0,0,105,105,10,10,7542.397239,1945.0,360.0,56.0,0,0,0,0,3903.397239,0.0,0.0,310,105,2,0,0,1245002056,True,,9903.397239,0.0,area
10,9442.212371,6137.886113,1931.0,3304.326258,0.34995254588306274,7511.212371,10,9,True,False,False,110,110,110,110,10,10,6756.212371,2220.0,413.0,53.0,2655.326258,550.0,99.0,0.0,3442.2123709999996,3304.326258,0.0,310,110,1,0,0,1245002057,True,,9442.212371,0.0,edge
13,11054.346603,11054.346603,2890.053201,0.0,0.0,8164.293401999999,13,10,True,False,False,0,0,98,98,13,13,8541.346603,1710.0,306.0,497.0,0,0,0,0,5054.346603,0.0,0.0,217,98,3,144,0,1245002058,True,,11054.346603,0.0,cluster
13,10101.661642,9783.547114,8602.835606,318.11452799999824,0.03149130700214343,1498.8260359999986,8,5,False,False,False,14,14,140,125,13,13,7127.661641999999,2445.0,458.0,71.0,236.11452799999824,70.0,12.0,0.0,4101.661641999999,318.11452799999824,0.0,217,90,8,2,5,1245002059,True,,10101.661642,0.0,outward
10,10102.281087,10102.281087,9085.358183,0.0,0.0,1016.9229039999991,9,8,False,False,False,0,0,135,134,10,10,7454.281086999999,2185.0,404.0,59.0,0,0,0,0,4102.281086999999,0.0,0.0,310,120,2,1,1,1245002060,True,,10102.281087,0.0,area
11,9564.855735,7056.836404,6275.0427,2508.0193309999995,0.2622119350763004,3289.813034999999,10,7,False,False,False,72,72,101,99,11,11,6828.855734999999,2255.0,420.0,61.0,2084.0193309999995,360.0,64.0,0.0,3564.855734999999,2508.0193309999995,0.0,279,99,4,2,1,1245002061,True,,9564.855735,0.0,edge
12,8382.924337,2340.516927,341.0,6042.40741,0.7207994689073381,8041.924337,12,12,True,True,False,192,192,76,76,12,12,6666.924337,1405.0,251.0,60.0,4914.407410000001,960.0,168.0,0.0,2382.9243370000004,2382.9243370000004,0.0,248,76,0,0,0,1245002062,True,,8382.924337,0.0,cluster
12,9772.099038,7650.782999,6175.352251,2121.3160390000003,0.21707885181586922,3596.746787,11,6,False,False,False,64,64,117,111,12,12,7095.099038,2200.0,411.0,66.0,1744.3160390000003,320.0,57.0,0.0,3772.0990380000003,2121.3160390000003,0.0,248,96,6,2,1,1245002063,True,,9772.099038,0.0,outward
13,9434.145379,8650.645395,2218.162182,783.499984,0.08304938630096131,7215.983197,13,10,True,False,False,21,21,104,101,13,13,7246.145379,1795.0,328.0,65.0,660.499984,105.0,18.0,0.0,3434.1453789999996,783.499984,0.0,217,84,3,0,0,1245002064,True,,9434.145379,0.0,area
13,9644.137734,8081.827215,3845.157445,1562.3105189999997,0.161995873772327,5798.980289,13,8,True,False,False,42,42,107,100,13,13,7026.137734,2140.0,398.0,80.0,1316.3105189999997,210.0,36.0,0.0,3644.137734,1562.3105189999997,0.0,217,84,5,5,0,1245002065,True,,9644.137734,0.0,edge
11,9585.867898,2708.922987,1676.074234,6876.9449110000005,0.7174045150814993,7909.793664000001,11,11,True,True,False,216,216,108,108,11,11,7503.867898,1715.0,312.0,55.0,5604.9449110000005,1080.0,192.0,0.0,3585.8678980000004,3585.8678980000004,0.0,279,108,0,0,0,1245002066,True,,9585.867898,0.0,cluster
14,11104.775553,11104.775553,9716.942895,0.0,0.0,1387.8326579999994,7,5,False,False,False,0,0,141,127,14,14,7941.7755529999995,2420.0,451.0,292.0,0,0,0,0,5104.7755529999995,0.0,0.0,186,78,9,74,7,1245002067,True,,11104.775553,0.0,outward
11,9475.722833,7791.665698,5174.084499,1684.057135,0.1777233425544202,4301.638334,11,7,True,False,False,63,63,117,113,11,11,7123.722833,1935.0,356.0,61.0,1313.057135,315.0,56.0,0.0,3475.722833,1684.057135,0.0,279,108,4,0,0,1245002068,True,,9475.722833,0.0,area
14,10794.45977,10794.45977,5374.187722,0.0,0.0,5420.272048,14,10,True,False,False,0,0,106,102,14,14,8245.45977,1960.0,360.0,229.0,0,0,0,0,4794.4597699999995,0.0,0.0,186,72,4,50,0,1245002069,True,,10794.45977,0.0,edge
16,5153.644384,5153.644384,708.952094,0.0,0.0,4444.69229,16,16,True,True,True,0,0,0,0,16,16,3593.644384,325.0,54.0,1181.0,0,0,0,0,0.0,0.0,0.0,10,0,0,0,0,1245002070,True,,5153.644384,0.0,cluster
13,9833.950057,8438.969238,3571.696434,1394.9808190000003,0.14185355944603617,6262.2536230000005,13,9,True,False,False,28,28,91,87,13,13,7277.950057,2100.0,391.0,65.0,1229.9808190000003,140.0,25.0,0.0,3833.950057,1394.9808190000003,0.0,217,77,4,0,0,1245002071,True,,9833.950057,0.0,outward
15,9019.44573,5683.789618,1661.0,3335.6561119999997,0.3698293899485551,7358.4457299999995,15,15,True,True,False,70,70,60,60,15,15,7286.4457299999995,1405.0,250.0,78.0,2929.6561119999997,350.0,56.0,0.0,3019.4457299999995,3019.4457299999995,0.0,155,60,0,0,0,1245002072,True,,9019.44573,0.0,area
12,12173.941557,12173.941557,9661.147703,0.0,0.0,2512.7938539999996,8,6,False,False,False,0,0,169,160,12,12,8732.941557,2440.0,455.0,546.0,0,0,0,0,6173.941557,0.0,0.0,248,112,6,160,4,1245002073,True,,12173.941557,0.0,edge
15,8074.606377,1683.308378,734.767912,6391.297999,0.7915305961173791,7339.838465,15,15,True,True,False,135,135,45,45,15,15,6795.606377,1015.0,174.0,90.0,5607.297999,675.0,109.0,0.0,2074.606377,2074.606377,0.0,155,45,0,0,0,1245002074,True,,8074.606377,0.0,cluster
14,11240.244183,11240.244183,8509.687954,0.0,0.0,2730.556229,7,6,False,False,False,0,0,129,117,14,14,8165.244183000001,2335.0,433.0,307.0,0,0,0,0,5240.244183000001,0.0,0.0,186,72,8,79,7,1245002075,True,,11240.244183,0.0,outward
15,13429.074487,13429.074487,7407.584587,0.0,0.0,6021.4899,14,6,False,False,False,0,0,175,173,15,15,10120.074487,2280.0,414.0,615.0,0,0,0,0,7429.074487,0.0,0.0,155,60,9,180,1,1245002076,True,,13429.074487,0.0,area
16,5066.603943,5066.603943,1649.0,0.0,0.0,3417.603943,16,16,True,True,True,0,0,0,0,16,16,3804.603943,970.0,182.0,110.0,0,0,0,0,0.0,0.0,0.0,22,0,0,0,0,1245002077,True,,5066.603943,0.0,edge
10,9021.774079,1953.261591,726.440296,7068.512488,0.7834947346390982,8295.333783,10,10,True,True,False,260,260,110,110,10,10,6964.774079000001,1695.0,309.0,53.0,5534.512488,1300.0,234.0,0.0,3021.7740790000007,3021.7740790000007,0.0,310,110,0,0,0,1245002078,True,,9021.774079,0.0,cluster
16,15354.065808,15354.065808,8966.31924,0.0,0.0,6387.746567999999,9,2,False,False,False,0,0,135,117,16,16,11065.065808,2435.0,451.0,1403.0,0,0,0,0,9354.065808,0.0,0.0,111,35,14,441,7,1245002079,True,,15354.065808,0.0,outward
11,8764.137735,6346.925278,1575.136502,2417.2124570000005,0.2758072191570824,7189.001233,11,10,True,False,False,90,90,99,99,11,11,6646.137735,1745.0,318.0,55.0,1887.2124570000005,450.0,80.0,0.0,2764.1377350000002,2417.2124570000005,0.0,279,99,1,0,0,1245002080,True,,8764.137735,0.0,area
14,10203.190879,9892.797585,8171.848728,310.3932939999995,0.030421198395772904,2031.3421509999998,8,6,False,False,False,6,6,117,100,14,14,7529.190879,2190.0,408.0,76.0,275.3932939999995,30.0,5.0,0.0,4203.190879,310.3932939999995,0.0,186,72,8,1,6,1245002081,True,,10203.190879,0.0,edge
12,8415.473592,1459.255766,401.0,6956.217826,0.8265984973932766,8014.473592,12,12,True,True,False,224,224,80,80,12,12,6685.473592,1415.0,252.0,63.0,5640.217826,1120.0,196.0,0.0,2415.4735920000003,2415.4735920000003,0.0,248,80,0,0,0,1245002082,True,,8415.473592,0.0,cluster
13,9507.635746,8433.290753,6649.26969,1074.3449930000006,0.11299812295101788,2858.366056,11,6,False,False,False,35,35,128,105,13,13,6834.635746,2195.0,410.0,68.0,868.3449930000006,175.0,31.0,0.0,3507.635746,1074.3449930000006,0.0,217,91,7,0,2,1245002083,True,,9507.635746,0.0,outward
11,9885.618339,8031.574896,2349.906732,1854.0434430000005,0.18754956740394957,7535.711607000001,11,10,True,False,False,54,54,128,127,11,11,7625.618339000001,1860.0,342.0,58.0,1536.0434430000005,270.0,48.0,0.0,3885.6183390000006,1854.0434430000005,0.0,279,120,1,0,0,1245002084,True,,9885.618339,0.0,area
12,10925.301225,10925.301225,6228.299265,0.0,0.0,4697.00196,11,9,False,False,False,0,0,106,103,12,12,7801.301224999999,2255.0,419.0,450.0,0,0,0,0,4925.301224999999,0.0,0.0,248,88,3,130,1,1245002085,True,,10925.301225,0.0,edge
10,9688.869479,9688.869479,1467.392879,0.0,0.0,8221.476600000002,10,8,True,False,False,0,0,140,139,10,10,7221.869479000001,2035.0,376.0,56.0,0,0,0,0,3688.869479000001,0.0,0.0,310,116,2,0,0,1245002086,True,,9688.869479,0.0,cluster
12,9728.450375,9728.450375,8175.434147,0.0,0.0,1553.0162280000004,9,6,False,False,False,0,0,135,125,12,12,6849.450375,2375.0,444.0,60.0,0,0,0,0,3728.4503750000003,0.0,0.0,248,101,6,0,3,1245002087,True,,9728.450375,0.0,outward
16,10121.732538,10121.732538,8239.898565,0.0,0.0,1881.8339730000007,15,13,False,False,False,0,0,75,72,16,16,7927.732538,1530.0,278.0,386.0,0,0,0,0,4121.732538,0.0,0.0,104,40,3,95,1,1245002088,True,,10121.732538,0.0,area
10,9695.718363,9563.633531,1631.0,132.08483200000046,0.013623006264708729,8064.718363,10,5,True,False,False,10,10,154,144,10,10,6795.718363,2400.0,450.0,50.0,73.08483200000046,50.0,9.0,0.0,3695.718363,132.08483200000046,0.0,310,123,5,0,0,1245002089,True,,9695.718363,0.0,edge
16,5471.137843,5471.137843,2794.304165,0.0,0.0,2676.8336780000004,16,16,True,True,True,0,0,0,0,16,16,3873.1378430000004,680.0,118.0,800.0,0,0,0,0,0.0,0.0,0.0,32,0,0,0,0,1245002090,True,,5471.137843,0.0,cluster
12,11797.404994,11797.404994,9196.141646,0.0,0.0,2601.2633480000004,9,4,False,False,False,0,0,155,144,12,12,8445.404994,2485.0,465.0,402.0,0,0,0,0,5797.404994,0.0,0.0,248,96,8,114,3,1245002091,True,,11797.404994,0.0,outward
11,9674.892486,9674.892486,6765.119018,0.0,0.0,2909.7734680000003,10,7,False,False,False,0,0,115,112,11,11,7411.892486000001,1855.0,341.0,67.0,0,0,0,0,3674.8924860000006,0.0,0.0,279,104,4,0,1,1245002092,True,,9674.892486,0.0,area
15,10758.302165,10758.302165,9138.129855,0.0,0.0,1620.17231,13,9,False,False,False,0,0,117,108,15,15,8073.302164999999,2185.0,407.0,93.0,0,0,0,0,4758.302164999999,0.0,0.0,155,60,6,5,2,1245002093,True,,10758.302165,0.0,edge
16,9290.190051,9290.190051,7356.617399,0.0,0.0,1933.5726519999998,15,12,False,False,False,0,0,50,47,16,16,7353.190051,1290.0,228.0,419.0,0,0,0,0,3290.1900509999996,0.0,0.0,109,21,4,113,1,1245002094,True,,9290.190051,0.0,cluster
11,9454.421775,9454.421775,4472.958519,0.0,0.0,4981.463256000001,11,7,True,False,False,0,0,113,108,11,11,6783.421775000001,2205.0,411.0,55.0,0,0,0,0,3454.4217750000007,0.0,0.0,279,99,4,0,0,1245002095,True,,9454.421775,0.0,outward
13,9975.875699,9975.875699,8796.92719,0.0,0.0,1178.9485089999998,12,6,False,False,False,0,0,99,95,13,13,7311.875699,2000.0,368.0,296.0,0,0,0,0,3975.875699,0.0,0.0,217,77,7,77,1,1245002096,True,,9975.875699,0.0,area
10,11345.182945,11345.182945,8315.200916,0.0,0.0,3029.9820290000007,8,3,False,False,False,0,0,139,134,10,10,8354.182945,2410.0,450.0,131.0,0,0,0,0,5345.1829450000005,0.0,0.0,310,116,7,27,2,1245002097,True,,11345.182945,0.0,edge
16,2279.671176,2279.671176,389.0,0.0,0.0,1890.6711759999998,16,16,True,True,False,0,0,0,0,16,16,1625.6711759999998,255.0,46.0,353.0,0,0,0,0,0.0,0.0,0.0,5,0,0,0,0,1245002098,True,,2279.671176,0.0,cluster
11,10058.571592,9409.83108,5219.573103,648.7405120000003,0.06449628618401151,4838.9984890000005,11,6,True,False,False,18,18,128,123,11,11,7334.571592,2250.0,419.0,55.0,542.7405120000003,90.0,16.0,0.0,4058.5715920000002,648.7405120000003,0.0,279,108,5,0,0,1245002099,True,,10058.571592,0.0,outward
13,9708.419811,7243.98499,3179.071827,2464.434821,0.253845102393255,6529.347984,13,10,True,False,False,63,63,90,87,13,13,7532.419811,1785.0,326.0,65.0,2095.434821,315.0,54.0,0.0,3708.4198109999998,2464.434821,0.0,217,84,3,0,0,1245002100,True,,9708.419811,0.0,area
16,6222.943906,6222.943906,4797.374254,0.0,0.0,1425.5696520000001,16,13,True,False,False,0,0,0,0,16,16,4658.943906,1235.0,231.0,98.0,0,0,0,0,222.94390600000042,0.0,0.0,61,0,3,0,0,1245002101,True,,6222.943906,0.0,edge
11,9002.303688,3121.746549,419.0,5880.5571390000005,0.6532280339352178,8583.303688,11,11,True,True,False,198,198,99,99,11,11,6992.303688,1655.0,300.0,55.0,4714.5571390000005,990.0,176.0,0.0,3002.303688,3002.303688,0.0,279,99,0,0,0,1245002102,True,,9002.303688,0.0,cluster
15,9546.64474,9546.64474,6621.07859,0.0,0.0,2925.5661499999997,14,10,False,False,False,0,0,79,74,15,15,7137.64474,1965.0,363.0,81.0,0,0,0,0,3546.6447399999997,0.0,0.0,155,55,5,0,1,1245002103,True,,9546.64474,0.0,outward
16,8588.563456,8588.563456,7869.927967,0.0,0.0,718.6354890000002,13,11,False,False,False,0,0,55,46,16,16,6649.563456,1545.0,284.0,110.0,0,0,0,0,2588.563456,0.0,0.0,100,28,5,7,3,1245002104,True,,8588.563456,0.0,area
10,9302.352499,8950.553911,2741.687753,351.79858799999965,0.037818238777536956,6560.664746,10,6,True,False,False,10,10,110,108,10,10,6793.3524990000005,2070.0,383.0,56.0,292.79858799999965,50.0,9.0,0.0,3302.3524990000005,351.79858799999965,0.0,310,100,4,0,0,1245002105,True,,9302.352499,0.0,edge
11,9258.180526,9258.180526,720.0,0.0,0.0,8538.180526,11,10,True,False,False,0,0,103,103,11,11,7011.180526,1715.0,312.0,220.0,0,0,0,0,3258.180526,0.0,0.0,279,90,1,54,0,1245002106,True,,9258.180526,0.0,cluster
15,9681.071477,9429.304323,9094.163873,251.7671539999992,0.02600612490034188,586.907604,10,7,False,False,False,5,5,117,103,15,15,7008.0714769999995,2185.0,407.0,81.0,222.7671539999992,25.0,4.0,0.0,3681.0714769999995,251.7671539999992,0.0,155,65,8,2,5,1245002107,True,,9681.071477,0.0,outward
11,11271.948758,11271.948758,4049.313158,0.0,0.0,7222.6356000000005,11,6,True,False,False,0,0,138,135,11,11,8184.948758,2305.0,427.0,355.0,0,0,0,0,5271.948758,0.0,0.0,279,99,5,100,0,1245002108,True,,11271.948758,0.0,area
12,9806.964863,9806.964863,7586.597383,0.0,0.0,2220.367479999999,10,6,False,False,False,0,0,140,132,12,12,6954.964862999999,2345.0,438.0,69.0,0,0,0,0,3806.9648629999992,0.0,0.0,248,96,6,3,2,1245002109,True,,9806.964863,0.0,edge
10,9071.914824,9071.914824,341.0,0.0,0.0,8730.914824,10,9,True,False,False,0,0,110,110,10,10,6801.9148239999995,1870.0,344.0,56.0,0,0,0,0,3071.9148239999995,0.0,0.0,310,110,1,0,0,1245002110,True,,9071.914824,0.0,cluster
10,9559.198629,9320.084379,7320.770276,239.11425000000054,0.025014047649830513,2238.4283530000002,7,5,False,False,False,10,10,157,145,10,10,6609.198629,2440.0,457.0,53.0,180.11425000000054,50.0,9.0,0.0,3559.1986290000004,239.11425000000054,0.0,310,130,5,1,3,1245002111,True,,9559.198629,0.0,outward
14,12123.599952,12123.599952,3736.032931,0.0,0.0,8387.567021,14,9,True,False,False,0,0,108,106,14,14,9326.599952,1915.0,350.0,532.0,0,0,0,0,6123.5999520000005,0.0,0.0,186,78,5,154,0,1245002112,True,,12123.599952,0.0,area
13,9996.160549,9996.160549,4353.059271,0.0,0.0,5643.101278,13,8,True,False,False,0,0,139,136,13,13,7234.160549,2255.0,421.0,86.0,0,0,0,0,3996.160549,0.0,0.0,217,91,5,3,0,1245002113,True,,9996.160549,0.0,edge
14,9552.249223,9552.249223,437.0,0.0,0.0,9115.249223,14,13,True,False,False,0,0,66,66,14,14,7598.249223000001,1300.0,227.0,427.0,0,0,0,0,3552.2492230000007,0.0,0.0,186,54,1,119,0,1245002114,True,,9552.249223,0.0,cluster
14,10730.860201,10730.860201,5226.483564,0.0,0.0,5504.376636999999,14,10,True,False,False,0,0,95,90,14,14,8060.8602009999995,2070.0,383.0,217.0,0,0,0,0,4730.8602009999995,0.0,0.0,186,68,4,49,0,1245002115,True,,10730.860201,0.0,outward
12,9361.479589,8730.72811,8330.362605,630.7514790000005,0.0673773278041594,1031.1169840000002,11,8,False,False,False,24,24,107,103,12,12,6776.4795890000005,2120.0,393.0,72.0,489.7514790000005,120.0,21.0,0.0,3361.4795890000005,630.7514790000005,0.0,248,96,4,3,1,1245002116,True,,9361.479589,0.0,area
16,12515.074852,12515.074852,3922.10538,0.0,0.0,8592.969472,16,8,True,False,False,0,0,58,54,16,16,9656.074852,1820.0,332.0,707.0,0,0,0,0,6515.074852,0.0,0.0,48,0,8,200,0,1245002117,True,,12515.074852,0.0,edge
12,9785.85159,9785.85159,3196.582101,0.0,0.0,6589.269489,12,11,True,False,False,0,0,111,111,12,12,7549.85159,1785.0,325.0,126.0,0,0,0,0,3785.85159,0.0,0.0,248,96,1,20,0,1245002118,True,,9785.85159,0.0,cluster
13,9427.312114,8903.522993,8305.848677,523.7891209999998,0.05556081252705619,1121.4634370000003,11,3,False,False,False,14,14,117,104,13,13,6572.312114,2345.0,439.0,71.0,441.7891209999998,70.0,12.0,0.0,3427.3121140000003,523.7891209999998,0.0,217,84,10,2,2,1245002119,True,,9427.312114,0.0,outward
15,9307.665875,9307.665875,5310.402593,0.0,0.0,3997.263282000001,15,14,True,False,False,0,0,72,71,15,15,7454.665875000001,1505.0,270.0,78.0,0,0,0,0,3307.6658750000006,0.0,0.0,155,60,1,0,0,1245002120,True,,9307.665875,0.0,area
13,12201.088979,12201.088979,6316.149272,0.0,0.0,5884.939707,11,7,False,False,False,0,0,117,112,13,13,8892.088979,2265.0,421.0,623.0,0,0,0,0,6201.088979,0.0,0.0,217,83,6,186,2,1245002121,True,,12201.088979,0.0,edge
12,8341.253726,2587.012559,660.554255,5754.241167000001,0.6898532709853694,7680.699471000001,12,12,True,True,False,184,184,72,72,12,12,6584.253726000001,1440.0,257.0,60.0,4673.241167000001,920.0,161.0,0.0,2341.253726000001,2341.253726000001,0.0,248,72,0,0,0,1245002122,True,,8341.253726,0.0,cluster
15,14283.592452,14283.592452,8221.962127,0.0,0.0,6061.630325,11,6,False,False,False,0,0,119,107,15,15,10376.592452,2325.0,430.0,1152.0,0,0,0,0,8283.592452,0.0,0.0,155,58,9,358,4,1245002123,True,,14283.592452,0.0,outward
13,12988.094351,12988.094351,3529.929101,0.0,0.0,9458.16525,13,8,True,False,False,0,0,129,129,13,13,10011.094351,2000.0,363.0,614.0,0,0,0,0,6988.094351,0.0,0.0,217,84,5,183,0,1245002124,True,,12988.094351,0.0,area
14,11195.430304,11195.430304,8354.502338,0.0,0.0,2840.9279659999993,13,2,False,False,False,0,0,112,103,14,14,8250.430304,2400.0,451.0,94.0,0,0,0,0,5195.4303039999995,0.0,0.0,186,66,12,7,1,1245002125,True,,11195.430304,0.0,edge
14,10434.930144,8663.234594,7481.0,1771.6955500000004,0.1697850896509078,2953.930144,13,0,False,False,False,30,30,126,109,14,14,7406.930144,2485.0,467.0,76.0,1596.6955500000004,150.0,25.0,0.0,4434.930144,1771.6955500000004,0.0,186,66,14,2,1,1245002126,True,,10434.930144,0.0,cluster
11,9832.923281,9518.818675,8206.996951,314.10460599999897,0.031944173367744896,1625.9263300000002,9,8,False,False,False,9,9,126,121,11,11,7214.923280999999,2160.0,403.0,55.0,261.10460599999897,45.0,8.0,0.0,3832.9232809999994,314.10460599999897,0.0,279,108,3,0,2,1245002127,True,,9832.923281,0.0,outward
13,9285.634644,6332.149854,1019.0,2953.4847899999995,0.3180703207947581,8266.634644,13,12,True,False,False,70,70,80,80,13,13,7440.634644,1505.0,272.0,68.0,2543.4847899999995,350.0,60.0,0.0,3285.6346439999998,2953.4847899999995,0.0,217,80,1,0,0,1245002128,True,,9285.634644,0.0,area
10,9670.72031,9564.403979,7823.842667,106.31633099999999,0.010993631042153465,1846.8776430000007,9,7,False,False,False,10,10,148,143,10,10,6870.720310000001,2300.0,429.0,71.0,47.31633099999999,50.0,9.0,0.0,3670.7203100000006,106.31633099999999,0.0,310,120,3,6,1,1245002129,True,,9670.72031,0.0,edge
11,12493.025958,12493.025958,1037.0,0.0,0.0,11456.025958,11,0,True,False,False,0,0,166,165,11,11,8772.025958,2405.0,442.0,874.0,0,0,0,0,6493.025958,0.0,0.0,279,98,11,273,0,1245002130,True,,12493.025958,0.0,cluster
10,10280.402364,8868.182692,7777.811988,1412.2196719999993,0.13737007774572346,2502.590375999999,9,6,False,False,False,40,40,120,115,10,10,7585.402364,2230.0,415.0,50.0,1176.2196719999993,200.0,36.0,0.0,4280.402364,1412.2196719999993,0.0,310,110,4,0,1,1245002131,True,,10280.402364,0.0,outward
15,9457.877949,7938.93189,6203.691798,1518.9460589999999,0.16060114829041552,3254.186151,14,9,False,False,False,30,30,61,57,15,15,7516.877949,1580.0,286.0,75.0,1344.9460589999999,150.0,24.0,0.0,3457.8779489999997,1518.9460589999999,0.0,155,55,6,0,1,1245002132,True,,9457.877949,0.0,area
15,9569.026714,7757.031072,6527.543013,1811.9956419999999,0.18936049570735894,3041.483700999999,14,11,False,False,False,30,30,69,66,15,15,7225.026714,1915.0,354.0,75.0,1637.9956419999999,150.0,24.0,0.0,3569.0267139999996,1811.9956419999999,0.0,155,55,4,0,1,1245002133,True,,9569.026714,0.0,edge
16,2641.004194,2641.004194,1498.851138,0.0,0.0,1142.153056,16,16,True,True,False,0,0,0,0,16,16,1891.004194,465.0,85.0,200.0,0,0,0,0,0.0,0.0,0.0,20,0,0,0,0,1245002134,True,,2641.004194,0.0,cluster
11,10052.825525,9526.533554,5754.26482,526.2919710000006,0.05235264152264301,4298.560705,11,7,True,False,False,18,18,154,150,11,11,7256.825525,2310.0,431.0,55.0,420.29197100000056,90.0,16.0,0.0,4052.825525,526.2919710000006,0.0,279,124,4,0,0,1245002135,True,,10052.825525,0.0,outward
10,11504.335251,11504.335251,6823.642103,0.0,0.0,4680.693148,8,5,False,False,False,0,0,135,131,10,10,8477.335251,2150.0,398.0,479.0,0,0,0,0,5504.335251,0.0,0.0,310,112,5,142,2,1245002136,True,,11504.335251,0.0,area
14,9007.912143,7283.174775,1601.0,1724.7373679999992,0.19146915962543923,7406.912143,14,12,True,False,False,36,36,71,71,14,14,6731.912143,1860.0,343.0,73.0,1513.7373679999992,180.0,31.0,0.0,3007.9121429999996,1724.7373679999992,0.0,186,66,2,1,0,1245002137,True,,9007.912143,0.0,edge
12,8168.797177,1382.299013,119.0,6786.4981640000005,0.8307830414871862,8049.797177,12,12,True,True,False,224,224,72,72,12,12,6447.797177,1410.0,251.0,60.0,5470.4981640000005,1120.0,196.0,0.0,2168.7971770000004,2168.7971770000004,0.0,248,72,0,0,0,1245002138,True,,8168.797177,0.0,cluster
12,11008.16244,11008.16244,8970.976747,0.0,0.0,2037.1856929999994,10,4,False,False,False,0,0,128,122,12,12,8063.16244,2300.0,429.0,216.0,0,0,0,0,5008.16244,0.0,0.0,248,96,8,52,2,1245002139,True,,11008.16244,0.0,outward
15,9365.299649,9365.299649,4282.461741,0.0,0.0,5082.837908,15,14,True,False,False,0,0,72,71,15,15,7589.2996490000005,1440.0,258.0,78.0,0,0,0,0,3365.2996490000005,0.0,0.0,155,60,1,0,0,1245002140,True,,9365.299649,0.0,area
12,9473.061666,4695.868395,1949.0,4777.193270999999,0.5042924283018173,7524.061666,12,12,True,True,False,128,128,88,88,12,12,7163.061666,1895.0,349.0,66.0,4025.193270999999,640.0,112.0,0.0,3473.0616659999996,3473.0616659999996,0.0,248,88,0,0,0,1245002141,True,,9473.061666,0.0,edge
16,3963.126559,3963.126559,1021.12278,0.0,0.0,2942.0037789999997,16,16,True,True,False,0,0,0,0,16,16,2704.126559,425.0,73.0,761.0,0,0,0,0,0.0,0.0,0.0,16,0,0,0,0,1245002142,True,,3963.126559,0.0,cluster
15,10148.93244,8893.552431,4390.781486,1255.3800090000004,0.12369576962126279,5758.150954000001,15,11,True,False,False,15,15,70,66,15,15,7770.9324400000005,1940.0,360.0,78.0,1168.3800090000004,75.0,12.0,0.0,4148.9324400000005,1255.3800090000004,0.0,155,50,4,1,0,1245002143,True,,10148.93244,0.0,outward
14,9379.648562,9379.648562,7277.593562,0.0,0.0,2102.0550000000003,13,12,False,False,False,0,0,89,84,14,14,7507.648562,1525.0,274.0,73.0,0,0,0,0,3379.6485620000003,0.0,0.0,186,72,2,0,1,1245002144,True,,9379.648562,0.0,area
15,13699.238569,13699.238569,6742.238737,0.0,0.0,6956.9998319999995,14,8,False,False,False,0,0,133,128,15,15,10309.238569,2230.0,413.0,747.0,0,0,0,0,7699.238568999999,0.0,0.0,155,60,7,224,1,1245002145,True,,13699.238569,0.0,edge
12,8421.53682,2048.798823,647.0,6372.737996999999,0.7567191277802903,7774.536819999999,12,12,True,True,False,208,208,80,80,12,12,6619.536819999999,1470.0,263.0,69.0,5150.737996999999,1040.0,182.0,0.0,2421.5368199999994,2421.5368199999994,0.0,248,80,0,0,0,1245002146,True,,8421.53682,0.0,cluster
16,9448.931564,9448.931564,8941.816141,0.0,0.0,507.1154230000011,13,8,False,False,False,0,0,98,87,16,16,6894.931564,2040.0,377.0,137.0,0,0,0,0,3448.9315640000004,0.0,0.0,112,44,8,19,3,1245002147,True,,9448.931564,0.0,outward
12,10125.775112,10125.775112,4709.867138,0.0,0.0,5415.907974,12,9,True,False,False,0,0,111,111,12,12,7647.775111999999,2025.0,372.0,81.0,0,0,0,0,4125.775111999999,0.0,0.0,248,96,3,6,0,1245002148,True,,10125.775112,0.0,area
12,8908.759698,6425.345518,1649.0,2483.4141799999998,0.2787609346514893,7259.759698,12,10,True,False,False,72,72,88,88,12,12,6634.759698,1865.0,343.0,66.0,2060.4141799999998,360.0,63.0,0.0,2908.759698,2483.4141799999998,0.0,248,88,2,0,0,1245002149,True,,8908.759698,0.0,edge
12,8533.433969,2590.64807,965.0,5942.7858989999995,0.6964120095835712,7568.433969,12,12,True,True,False,192,192,88,88,12,12,6697.433969,1505.0,271.0,60.0,4814.7858989999995,960.0,168.0,0.0,2533.4339689999997,2533.4339689999997,0.0,248,88,0,0,0,1245002150,True,,8533.433969,0.0,cluster
15,13405.534616,13405.534616,6457.986786,0.0,0.0,6947.54783,13,5,False,False,False,0,0,123,114,15,15,10053.534616,2385.0,442.0,525.0,0,0,0,0,7405.534616000001,0.0,0.0,155,55,10,150,2,1245002151,True,,13405.534616,0.0,outward
11,9310.45094,7658.723071,994.828363,1651.7278690000003,0.1774057862121123,8315.622577,11,7,True,False,False,45,45,95,94,11,11,7104.450940000001,1815.0,333.0,58.0,1386.7278690000003,225.0,40.0,0.0,3310.4509400000006,1651.7278690000003,0.0,279,90,4,0,0,1245002152,True,,9310.45094,0.0,area
16,5103.186572,5103.186572,1955.0,0.0,0.0,3148.1865719999996,16,16,True,True,True,0,0,0,0,16,16,3951.1865719999996,885.0,169.0,98.0,0,0,0,0,0.0,0.0,0.0,25,0,0,0,0,1245002153,True,,5103.186572,0.0,edge
11,9489.375702,9489.375702,1331.300215,0.0,0.0,8158.075486999999,11,10,True,False,False,0,0,113,113,11,11,7328.375701999999,1780.0,323.0,58.0,0,0,0,0,3489.3757019999994,0.0,0.0,279,99,1,1,0,1245002154,True,,9489.375702,0.0,cluster
14,9571.538795,9158.627213,8616.96149,412.91158200000064,0.04313951923965436,954.5773050000007,9,8,False,False,False,12,12,130,117,14,14,6678.538795,2365.0,443.0,85.0,341.91158200000064,60.0,11.0,0.0,3571.5387950000004,412.91158200000064,0.0,186,78,6,3,5,1245002155,True,,9571.538795,0.0,outward
11,9346.816876,8023.243533,6411.219343,1323.573343000001,0.14160685509936172,2935.597533000001,10,7,False,False,False,36,36,107,103,11,11,6826.816876000001,2075.0,384.0,61.0,1111.573343000001,180.0,32.0,0.0,3346.816876000001,1323.573343000001,0.0,279,99,4,0,1,1245002156,True,,9346.816876,0.0,area
10,9926.477407,9264.334853,1913.0,662.142554,0.06670468554464923,8013.477407,10,5,True,False,False,10,10,143,138,10,10,7087.477407,2350.0,439.0,50.0,603.142554,50.0,9.0,0.0,3926.4774070000003,662.142554,0.0,310,120,5,0,0,1245002157,True,,9926.477407,0.0,edge
14,8357.585906,2507.96817,1583.0,5849.617736,0.6999171533253995,6774.585906,14,14,True,True,False,144,144,60,60,14,14,6746.585906,1310.0,231.0,70.0,5009.617736,720.0,120.0,0.0,2357.5859060000003,2357.5859060000003,0.0,186,60,0,0,0,1245002158,True,,8357.585906,0.0,cluster
15,9756.845452,8220.017606,4955.460349,1536.8278460000001,0.15751277946961584,4801.385103,15,12,True,False,False,25,25,73,71,15,15,7420.845452,1910.0,351.0,75.0,1391.8278460000001,125.0,20.0,0.0,3756.8454519999996,1536.8278460000001,0.0,155,60,3,0,0,1245002159,True,,9756.845452,0.0,outward
16,10307.571111,10307.571111,8635.608924,0.0,0.0,1671.9621869999992,14,10,False,False,False,0,0,73,68,16,16,8028.571110999999,1615.0,293.0,371.0,0,0,0,0,4307.571110999999,0.0,0.0,101,30,6,96,2,1245002160,True,,10307.571111,0.0,area
10,9604.7561,6204.394918,1673.0,3400.3611820000006,0.3540288942891533,7931.7561000000005,10,8,True,False,False,110,110,121,120,10,10,6915.7561000000005,2225.0,414.0,50.0,2751.3611820000006,550.0,99.0,0.0,3604.7561000000005,3400.3611820000006,0.0,310,120,2,0,0,1245002161,True,,9604.7561,0.0,edge
14,8467.949227,6628.606253,959.0,1839.3429739999992,0.21721232906490115,7508.949226999999,14,13,True,False,False,48,48,62,61,14,14,6859.949226999999,1305.0,230.0,73.0,1559.3429739999992,240.0,40.0,0.0,2467.949226999999,1839.3429739999992,0.0,186,60,1,0,0,1245002162,True,,8467.949227,0.0,cluster
13,11348.877229,11348.877229,7095.335533,0.0,0.0,4253.541695999999,11,5,False,False,False,0,0,137,130,13,13,8258.877229,2255.0,419.0,416.0,0,0,0,0,5348.877229,0.0,0.0,217,84,8,117,2,1245002163,True,,11348.877229,0.0,outward
15,9255.255122,8625.087578,6929.659654,630.1675439999999,0.06808753899199105,2325.5954680000004,14,13,False,False,False,10,10,76,69,15,15,7387.2551220000005,1505.0,270.0,93.0,572.1675439999999,50.0,8.0,0.0,3255.2551220000005,630.1675439999999,0.0,155,60,2,0,1,1245002164,True,,9255.255122,0.0,area
14,8996.729814,5842.304119,5108.816129,3154.425695,0.35061914275688616,3887.9136850000004,14,14,True,True,False,72,72,66,66,14,14,6733.729814,1845.0,339.0,79.0,2734.425695,360.0,60.0,0.0,2996.7298140000003,2996.7298140000003,0.0,186,66,0,0,0,1245002165,True,,8996.729814,0.0,edge
15,11640.739324,11640.739324,1883.0,0.0,0.0,9757.739324,15,11,True,False,False,0,0,95,93,15,15,8957.739324,1885.0,342.0,456.0,0,0,0,0,5640.739324,0.0,0.0,155,55,4,127,0,1245002166,True,,11640.739324,0.0,cluster
10,9549.923879,8644.630763,7253.851399,905.2931160000007,0.09479584627797019,2296.07248,9,3,False,False,False,30,30,150,137,10,10,6410.923879,2585.0,486.0,68.0,728.2931160000007,150.0,27.0,0.0,3549.923879,905.2931160000007,0.0,310,120,7,6,1,1245002167,True,,9549.923879,0.0,outward
14,9738.533926,9230.217923,4470.339743,508.3160029999999,0.052196357979807886,5268.194183,14,13,True,False,False,12,12,89,88,14,14,7725.533926,1640.0,297.0,76.0,438.3160029999999,60.0,10.0,0.0,3738.533926,508.3160029999999,0.0,186,78,1,0,0,1245002168,True,,9738.533926,0.0,area
12,11418.815334,11418.815334,7303.080585,0.0,0.0,4115.734749000001,11,3,False,False,False,0,0,164,157,12,12,8372.815334,2510.0,470.0,66.0,0,0,0,0,5418.815334000001,0.0,0.0,248,96,9,2,1,1245002169,True,,11418.815334,0.0,edge
16,3367.555084,3367.555084,2581.945547,0.0,0.0,785.6095370000003,16,16,True,True,False,0,0,0,0,16,16,2658.555084,520.0,94.0,95.0,0,0,0,0,0.0,0.0,0.0,37,0,0,0,0,1245002170,True,,3367.555084,0.0,cluster
16,8736.0717,8736.0717,8426.287353,0.0,0.0,309.7843470000007,15,12,False,False,False,0,0,37,32,16,16,6699.0717,1650.0,304.0,83.0,0,0,0,0,2736.0717000000004,0.0,0.0,103,23,4,1,1,1245002171,True,,8736.0717,0.0,outward
10,12919.312653,12919.312653,9507.195253,0.0,0.0,3412.117400000001,9,4,False,False,False,0,0,176,172,10,10,9268.312653,2505.0,466.0,680.0,0,0,0,0,6919.312653000001,0.0,0.0,310,120,6,210,1,1245002172,True,,12919.312653,0.0,area
15,9678.397419,9678.397419,7470.160342,0.0,0.0,2208.2370770000007,14,14,False,False,False,0,0,72,70,15,15,7555.397419000001,1715.0,312.0,96.0,0,0,0,0,3678.397419000001,0.0,0.0,155,60,1,1,1,1245002173,True,,9678.397419,0.0,edge
10,9454.543644,6309.427234,659.0,3145.1164099999996,0.33265660706912487,8795.543644,10,3,True,False,False,110,110,110,110,10,10,6888.543643999999,2120.0,393.0,53.0,2496.1164099999996,550.0,99.0,0.0,3454.5436439999994,3145.1164099999996,0.0,310,110,7,1,0,1245002174,True,,9454.543644,0.0,cluster
14,12365.876035,12365.876035,7702.323263,0.0,0.0,4663.552771999999,11,7,False,False,False,0,0,145,137,14,14,8925.876035,2400.0,448.0,592.0,0,0,0,0,6365.876034999999,0.0,0.0,186,72,7,174,3,1245002175,True,,12365.876035,0.0,outward
14,8764.547434,6375.885368,2591.724202,2388.662066,0.2725368404914722,6172.823232000001,14,13,True,False,False,54,54,66,66,14,14,7057.547434,1390.0,247.0,70.0,2073.662066,270.0,45.0,0.0,2764.547434,2388.662066,0.0,186,66,1,0,0,1245002176,True,,8764.547434,0.0,area
15,9427.986784,9427.986784,4823.949596,0.0,0.0,4604.037188,15,13,True,False,False,0,0,73,71,15,15,7111.986784000001,1875.0,348.0,93.0,0,0,0,0,3427.9867840000006,0.0,0.0,155,55,2,1,0,1245002177,True,,9427.986784,0.0,edge
16,3190.618335,3190.618335,1361.0,0.0,0.0,1829.6183350000001,16,16,True,True,False,0,0,0,0,16,16,2385.618335,540.0,98.0,167.0,0,0,0,0,0.0,0.0,0.0,20,0,0,0,0,1245002178,True,,3190.618335,0.0,cluster
15,10530.57281,10530.57281,5034.362269,0.0,0.0,5496.2105409999995,15,8,True,False,False,0,0,105,95,15,15,7923.57281,2135.0,397.0,75.0,0,0,0,0,4530.57281,0.0,0.0,155,55,7,0,0,1245002179,True,,10530.57281,0.0,outward
12,10666.336006,10666.336006,5061.768,0.0,0.0,5604.5680059999995,12,9,True,False,False,0,0,136,136,12,12,8250.336006,1960.0,360.0,96.0,0,0,0,0,4666.3360059999995,0.0,0.0,248,112,3,11,0,1245002180,True,,10666.336006,0.0,area
12,12121.150265,12121.150265,9672.12579,0.0,0.0,2449.024475,8,5,False,False,False,0,0,166,156,12,12,8737.150265,2485.0,464.0,435.0,0,0,0,0,6121.150265,0.0,0.0,248,104,7,124,4,1245002181,True,,12121.150265,0.0,edge
14,8361.353928,2088.429319,1188.021953,6272.924609000001,0.750228331800859,7173.331975000001,14,14,True,True,False,156,156,60,60,14,14,6923.353928,1165.0,203.0,70.0,5362.924609000001,780.0,130.0,0.0,2361.3539280000005,2361.3539280000005,0.0,186,60,0,0,0,1245002182,True,,8361.353928,0.0,cluster
16,9545.751879,9545.751879,8521.682938,0.0,0.0,1024.0689409999995,13,10,False,False,False,0,0,70,62,16,16,7153.7518789999995,1825.0,337.0,230.0,0,0,0,0,3545.7518789999995,0.0,0.0,104,36,6,50,3,1245002183,True,,9545.751879,0.0,outward
15,11493.488843,11493.488843,4725.681348,0.0,0.0,6767.807494999999,15,10,True,False,False,0,0,108,104,15,15,8723.488843,2045.0,377.0,348.0,0,0,0,0,5493.488842999999,0.0,0.0,155,65,5,90,0,1245002184,True,,11493.488843,0.0,area
10,9673.888493,9187.627779,7637.380584,486.260714,0.05026528002176756,2036.507909,9,6,False,False,False,20,20,145,139,10,10,6774.888493,2385.0,446.0,68.0,368.260714,100.0,18.0,0.0,3673.8884930000004,486.260714,0.0,310,120,4,1,1,1245002185,True,,9673.888493,0.0,edge
14,8880.411353,3239.154852,1907.0,5641.256501,0.635247206098652,6973.4113529999995,14,14,True,True,False,132,132,64,64,14,14,7158.4113529999995,1400.0,249.0,73.0,4871.256500999999,660.0,110.0,0.0,2880.4113529999995,2880.4113529999995,0.0,186,64,0,0,0,1245002186,True,,8880.411353,0.0,cluster
15,11188.760187,11188.760187,4396.774262,0.0,0.0,6791.985925,15,12,True,False,False,0,0,77,75,15,15,8531.760187,1965.0,362.0,330.0,0,0,0,0,5188.760187,0.0,0.0,155,51,3,85,0,1245002187,True,,11188.760187,0.0,outward
10,9302.753014,7847.327578,6946.064999,1455.4254359999995,0.1564510456001234,2356.6880149999997,8,7,False,False,False,60,60,133,128,10,10,6765.753014,2095.0,389.0,53.0,1101.4254359999995,300.0,54.0,0.0,3302.753014,1455.4254359999995,0.0,310,120,3,1,2,1245002188,True,,9302.753014,0.0,area
13,9411.852841,7058.75557,6079.793026,2353.0972709999996,0.2500142438213033,3332.0598149999996,12,11,False,False,False,56,56,91,88,13,13,6923.852841,2040.0,380.0,68.0,2025.0972709999996,280.0,48.0,0.0,3411.852841,2353.0972709999996,0.0,217,84,2,0,1,1245002189,True,,9411.852841,0.0,edge
15,9218.090864,9218.090864,1412.350892,0.0,0.0,7805.739971999999,15,14,True,False,False,0,0,65,65,15,15,7607.090864,1165.0,200.0,246.0,0,0,0,0,3218.090864,0.0,0.0,155,65,1,17,0,1245002190,True,,9218.090864,0.0,cluster
12,9680.471878,9680.471878,3807.615088,0.0,0.0,5872.85679,12,9,True,False,False,0,0,99,96,12,12,7027.471878,2185.0,408.0,60.0,0,0,0,0,3680.4718780000003,0.0,0.0,248,88,3,0,0,1245002191,True,,9680.471878,0.0,outward
15,9253.953877,9253.953877,8140.129365,0.0,0.0,1113.8245120000001,14,12,False,False,False,0,0,84,81,15,15,7407.953877,1500.0,271.0,75.0,0,0,0,0,3253.953877,0.0,0.0,155,60,3,0,1,1245002192,True,,9253.953877,0.0,area
15,9528.840816,8393.965733,5509.04123,1134.8750830000008,0.11909896543705688,4019.799586,15,10,True,False,False,15,15,61,58,15,15,7228.840816,1865.0,345.0,90.0,1047.8750830000008,75.0,12.0,0.0,3528.840816,1134.8750830000008,0.0,155,51,5,1,0,1245002193,True,,9528.840816,0.0,edge
14,8192.781595,2410.657181,1550.943648,5782.124414,0.7057583980425881,6641.837947,14,14,True,True,False,144,144,54,54,14,14,6730.781595,1185.0,207.0,70.0,4942.124414,720.0,120.0,0.0,2192.7815950000004,2192.7815950000004,0.0,186,54,0,0,0,1245002194,True,,8192.781595,0.0,cluster
13,10300.37513,10300.37513,9838.685325,0.0,0.0,461.689805,12,6,False,False,False,0,0,129,119,13,13,7532.37513,2275.0,425.0,68.0,0,0,0,0,4300.37513,0.0,0.0,217,89,7,1,1,1245002195,True,,10300.37513,0.0,outward
13,10869.734503,10869.734503,1911.971738,0.0,0.0,8957.762765,13,8,True,False,False,0,0,117,114,13,13,8366.734503,2055.0,380.0,68.0,0,0,0,0,4869.734503,0.0,0.0,217,77,5,0,0,1245002196,True,,10869.734503,0.0,area
16,7804.038552,7804.038552,4772.21238,0.0,0.0,3031.826172,16,13,True,False,False,0,0,4,4,16,16,5506.038552,1390.0,258.0,650.0,0,0,0,0,1804.038552,0.0,0.0,60,0,3,98,0,1245002197,True,,7804.038552,0.0,edge
11,9575.019661,9575.019661,4769.483665,0.0,0.0,4805.5359960000005,11,10,True,False,False,0,0,99,99,11,11,7328.019661,1695.0,308.0,244.0,0,0,0,0,3575.0196610000003,0.0,0.0,279,99,1,63,0,1245002198,True,,9575.019661,0.0,cluster
12,15303.285183,15303.285183,8368.921349,0.0,0.0,6934.363834,7,2,False,False,False,0,0,217,206,12,12,10660.285183,2900.0,543.0,1200.0,0,0,0,0,9303.285183,0.0,0.0,248,96,10,380,5,1245002199,True,,15303.285183,0.0,outward
11,9236.277653,8316.315398,3156.482311,919.9622549999985,0.09960313987542256,6079.795341999999,11,10,True,False,False,27,27,107,106,11,11,6941.277652999999,1890.0,347.0,58.0,760.9622549999985,135.0,24.0,0.0,3236.277652999999,919.9622549999985,0.0,279,99,1,0,0,1245002200,True,,9236.277653,0.0,area
15,10306.6814,10306.6814,6800.476965,0.0,0.0,3506.2044349999996,14,10,False,False,False,0,0,82,78,15,15,7814.6813999999995,2020.0,373.0,99.0,0,0,0,0,4306.6813999999995,0.0,0.0,155,55,5,6,1,1245002201,True,,10306.6814,0.0,edge
15,10392.280066,10392.280066,983.0,0.0,0.0,9409.280066,15,9,True,False,False,0,0,65,64,15,15,8292.280066,1560.0,276.0,264.0,0,0,0,0,4392.280065999999,0.0,0.0,155,50,6,62,0,1245002202,True,,10392.280066,0.0,cluster
16,10489.147417,10489.147417,6774.687609,0.0,0.0,3714.4598080000005,14,10,False,False,False,0,0,52,49,16,16,7573.147417,1950.0,355.0,611.0,0,0,0,0,4489.147417,0.0,0.0,91,12,6,177,2,1245002203,True,,10489.147417,0.0,outward
10,9496.146715,7698.35005,6089.344694,1797.7966650000008,0.18931854350567504,3406.8020210000004,9,6,False,False,False,60,60,140,136,10,10,6595.146715000001,2390.0,449.0,62.0,1442.7966650000008,300.0,55.0,0.0,3496.1467150000008,1797.7966650000008,0.0,310,120,4,1,1,1245002204,True,,9496.146715,0.0,area
15,9547.659904,8862.696845,3874.095583,684.9630589999997,0.07174145978042576,5673.564321,15,13,True,False,False,10,10,68,67,15,15,7175.659904,1930.0,355.0,87.0,626.9630589999997,50.0,8.0,0.0,3547.659904,684.9630589999997,0.0,155,55,2,2,0,1245002205,True,,9547.659904,0.0,edge
13,8594.869108,8594.869108,1611.817566,0.0,0.0,6983.051542000001,13,12,True,False,False,0,0,63,63,13,13,6946.869108000001,1340.0,237.0,71.0,0,0,0,0,2594.869108000001,0.0,0.0,217,63,1,0,0,1245002206,True,,8594.869108,0.0,cluster
12,11587.060543,11587.060543,9121.71004,0.0,0.0,2465.3505029999997,6,2,False,False,False,0,0,175,159,12,12,8179.060543,2725.0,509.0,174.0,0,0,0,0,5587.060543,0.0,0.0,248,95,10,37,6,1245002207,True,,11587.060543,0.0,outward
14,9644.57621,5702.689334,1667.188961,3941.8868759999996,0.4087154054434083,7977.387248999999,14,14,True,True,False,90,90,82,82,14,14,7677.576209999999,1605.0,292.0,70.0,3416.8868759999996,450.0,75.0,0.0,3644.5762099999993,3644.5762099999993,0.0,186,82,0,0,0,1245002208,True,,9644.57621,0.0,area
14,8699.807553,6303.673686,1385.0,2396.1338670000005,0.2754237783310194,7314.807553000001,14,13,True,False,False,54,54,60,60,14,14,6547.807553000001,1755.0,321.0,76.0,2081.1338670000005,270.0,45.0,0.0,2699.8075530000006,2396.1338670000005,0.0,186,60,1,0,0,1245002209,True,,8699.807553,0.0,edge
11,9928.955666,9928.955666,646.439474,0.0,0.0,9282.516192,11,10,True,False,False,0,0,108,108,11,11,7680.955666,1660.0,302.0,286.0,0,0,0,0,3928.955666,0.0,0.0,279,108,1,75,0,1245002210,True,,9928.955666,0.0,cluster
16,12767.957825,12767.957825,7987.980006,0.0,0.0,4779.977819,10,6,False,False,False,0,0,83,72,16,16,9302.957825,1980.0,364.0,1121.0,0,0,0,0,6767.9578249999995,0.0,0.0,95,25,10,347,6,1245002211,True,,12767.957825,0.0,outward
16,4419.353039,4419.353039,1921.458386,0.0,0.0,2497.8946529999994,16,16,True,True,False,0,0,0,0,16,16,3478.3530389999996,700.0,131.0,110.0,0,0,0,0,0.0,0.0,0.0,25,0,0,0,0,1245002212,True,,4419.353039,0.0,area
16,6405.107891,6405.107891,5062.531661,0.0,0.0,1342.5762299999997,16,15,True,False,False,0,0,3,3,16,16,4554.107891,1480.0,276.0,95.0,0,0,0,0,405.10789099999965,0.0,0.0,66,0,1,2,0,1245002213,True,,6405.107891,0.0,edge
13,9853.791543,9853.791543,712.388354,0.0,0.0,9141.403188999999,13,12,True,False,False,0,0,83,83,13,13,7818.791542999999,1435.0,256.0,344.0,0,0,0,0,3853.7915429999994,0.0,0.0,217,70,1,90,0,1245002214,True,,9853.791543,0.0,cluster
11,9814.350281,9814.350281,5978.163584,0.0,0.0,3836.186697000001,11,6,True,False,False,0,0,136,127,11,11,7023.350281000001,2305.0,431.0,55.0,0,0,0,0,3814.350281000001,0.0,0.0,279,111,5,0,0,1245002215,True,,9814.350281,0.0,outward
15,12348.210721,12348.210721,4119.124446,0.0,0.0,8229.086275,15,8,True,False,False,0,0,115,113,15,15,9330.210721,2070.0,378.0,570.0,0,0,0,0,6348.2107209999995,0.0,0.0,155,60,7,160,0,1245002216,True,,12348.210721,0.0,area
10,10570.814747,10570.814747,8544.71454,0.0,0.0,2026.1002069999995,8,7,False,False,False,0,0,172,168,10,10,7630.814747,2405.0,449.0,86.0,0,0,0,0,4570.814747,0.0,0.0,310,130,3,11,2,1245002217,True,,10570.814747,0.0,edge
13,8380.14436,2212.308434,1443.747015,6167.835926,0.7360059279456135,6936.397345,13,13,True,True,False,175,175,70,70,13,13,6706.14436,1355.0,242.0,77.0,5142.835926000001,875.0,150.0,0.0,2380.1443600000002,2380.1443600000002,0.0,217,70,0,0,0,1245002218,True,,8380.14436,0.0,cluster
15,9681.857198,9444.351359,8464.374018,237.50583899999947,0.024531020665029175,1217.4831799999993,10,7,False,False,False,5,5,111,97,15,15,6863.857198,2305.0,432.0,81.0,207.50583899999947,25.0,5.0,0.0,3681.8571979999997,237.50583899999947,0.0,155,60,8,2,5,1245002219,True,,9681.857198,0.0,outward
13,12805.95572,12805.95572,4723.148196,0.0,0.0,8082.807524,13,4,True,False,False,0,0,144,139,13,13,9530.95572,2395.0,446.0,434.0,0,0,0,0,6805.95572,0.0,0.0,217,84,9,123,0,1245002220,True,,12805.95572,0.0,area
12,9385.781582,9330.461429,8590.235323,55.320152999998754,0.005894037967609585,795.5462589999988,11,8,False,False,False,8,8,122,117,12,12,6721.781582,2190.0,408.0,66.0,8.320152999998754,40.0,7.0,0.0,3385.7815819999996,55.320152999998754,0.0,248,104,4,0,1,1245002221,True,,9385.781582,0.0,edge
14,8349.315457,2366.207441,1523.0,5983.108016,0.716598629769559,6826.315457000001,14,14,True,True,False,144,144,54,54,14,14,6834.315457000001,1230.0,215.0,70.0,5143.108016,720.0,120.0,0.0,2349.3154570000006,2349.3154570000006,0.0,186,54,0,0,0,1245002222,True,,8349.315457,0.0,cluster
11,12450.933056,12450.933056,7662.296855,0.0,0.0,4788.636201,10,5,False,False,False,0,0,141,138,11,11,9175.933056,2315.0,428.0,532.0,0,0,0,0,6450.933056,0.0,0.0,279,108,6,159,1,1245002223,True,,12450.933056,0.0,outward
14,9363.368913,7692.137367,2588.659452,1671.231546,0.17848613693728121,6774.709461,14,13,True,False,False,42,42,89,88,14,14,7516.368913,1505.0,272.0,70.0,1426.231546,210.0,35.0,0.0,3363.3689130000002,1671.231546,0.0,186,84,1,0,0,1245002224,True,,9363.368913,0.0,area
14,10206.240148,10206.240148,5649.853665,0.0,0.0,4556.386483000001,14,6,True,False,False,0,0,118,114,14,14,7474.240148000001,2235.0,418.0,79.0,0,0,0,0,4206.240148000001,0.0,0.0,186,72,8,0,0,1245002225,True,,10206.240148,0.0,edge
11,10216.283408,10216.283408,2204.826202,0.0,0.0,8011.457205999999,11,8,True,False,False,0,0,153,153,11,11,7408.283407999999,2140.0,391.0,277.0,0,0,0,0,4216.283407999999,0.0,0.0,279,108,3,73,0,1245002226,True,,10216.283408,0.0,cluster
10,10067.819365,9833.040373,9222.129319,234.77899199999956,0.02331974616233091,845.6900459999997,2,2,False,False,False,10,10,178,162,10,10,6733.819364999999,2740.0,517.0,77.0,175.77899199999956,50.0,9.0,0.0,4067.8193649999994,234.77899199999956,0.0,310,120,8,9,8,1245002227,True,,10067.819365,0.0,outward
16,4669.619253,4669.619253,2489.174393,0.0,0.0,2180.44486,16,16,True,True,False,0,0,0,0,16,16,3807.619253,655.0,124.0,83.0,0,0,0,0,0.0,0.0,0.0,35,0,0,0,0,1245002228,True,,4669.619253,0.0,area
10,9981.21699,9116.486276,8116.372609,864.7307140000012,0.08663579950885339,1864.8443810000008,9,7,False,False,False,20,20,148,144,10,10,7056.216990000001,2410.0,453.0,62.0,745.7307140000012,100.0,19.0,0.0,3981.216990000001,864.7307140000012,0.0,310,120,3,2,1,1245002229,True,,9981.21699,0.0,edge
15,8890.425159,4369.506361,743.0,4520.918798000001,0.5085154778479138,8147.425159,15,15,True,True,False,85,85,55,55,15,15,7283.425159,1300.0,229.0,78.0,4027.9187980000006,425.0,68.0,0.0,2890.4251590000003,2890.4251590000003,0.0,155,55,0,0,0,1245002230,True,,8890.425159,0.0,cluster
12,11858.304587,11858.304587,7746.687312,0.0,0.0,4111.6172750000005,10,6,False,False,False,0,0,143,136,12,12,8411.304587,2375.0,442.0,630.0,0,0,0,0,5858.3045870000005,0.0,0.0,248,104,6,190,2,1245002231,True,,11858.304587,0.0,outward
11,10133.888688,10133.888688,1931.346393,0.0,0.0,8202.542295,11,8,True,False,False,0,0,136,134,11,11,7697.888687999999,2010.0,371.0,55.0,0,0,0,0,4133.888687999999,0.0,0.0,279,117,3,0,0,1245002232,True,,10133.888688,0.0,area
11,9713.076855,9642.552515,5814.470762,70.52433999999994,0.0072607620687873105,3898.6060929999994,11,6,True,False,False,9,9,141,131,11,11,6950.076854999999,2280.0,425.0,58.0,17.52433999999994,45.0,8.0,0.0,3713.0768549999993,70.52433999999994,0.0,279,117,5,0,0,1245002233,True,,9713.076855,0.0,edge
15,8001.284708,1504.70646,113.0,6496.578248,0.8119418924694012,7888.284708,15,15,True,True,False,140,140,45,45,15,15,6753.284708,1000.0,170.0,78.0,5683.578248,700.0,113.0,0.0,2001.2847080000001,2001.2847080000001,0.0,155,45,0,0,0,1245002234,True,,8001.284708,0.0,cluster
16,9191.90316,9191.90316,4909.412517,0.0,0.0,4282.490643,16,13,True,False,False,0,0,6,6,16,16,6742.90316,1460.0,267.0,722.0,0,0,0,0,3191.90316,0.0,0.0,68,0,3,214,0,1245002235,True,,9191.90316,0.0,outward
14,9746.512129,9746.512129,3251.901679,0.0,0.0,6494.61045,14,12,True,False,False,0,0,71,70,14,14,7630.512129000001,1730.0,316.0,70.0,0,0,0,0,3746.5121290000006,0.0,0.0,186,66,2,0,0,1245002236,True,,9746.512129,0.0,area
16,8269.468725,8269.468725,5391.925904,0.0,0.0,2877.542821000001,16,12,True,False,False,0,0,8,8,16,16,6198.468725000001,1525.0,280.0,266.0,0,0,0,0,2269.4687250000006,0.0,0.0,68,0,4,60,0,1245002237,True,,8269.468725,0.0,edge
16,7148.057966,7148.057966,3047.351823,0.0,0.0,4100.706143,16,13,True,False,False,0,0,0,0,16,16,4977.057966,840.0,150.0,1181.0,0,0,0,0,1148.0579660000003,0.0,0.0,32,0,3,121,0,1245002238,True,,7148.057966,0.0,cluster
12,10027.537474,8164.648966,3312.889021,1862.888508000001,0.18577726713365167,6714.648453000001,12,7,True,False,False,56,56,137,129,12,12,7399.537474000001,2165.0,403.0,60.0,1532.888508000001,280.0,50.0,0.0,4027.5374740000007,1862.888508000001,0.0,248,112,5,0,0,1245002239,True,,10027.537474,0.0,outward
11,10263.870197,7642.338675,1356.362985,2621.531522,0.2554135498290149,8907.507212,11,7,True,False,False,72,72,110,108,11,11,7862.870197,1980.0,366.0,55.0,2197.531522,360.0,64.0,0.0,4263.870197,2621.531522,0.0,279,108,4,0,0,1245002240,True,,10263.870197,0.0,area
15,10006.892494,9121.997418,5180.555713,884.8950759999989,0.08842855826926993,4826.336781,15,12,True,False,False,15,15,77,75,15,15,7644.892494,1920.0,355.0,87.0,797.8950759999989,75.0,12.0,0.0,4006.8924939999997,884.8950759999989,0.0,155,60,3,1,0,1245002241,True,,10006.892494,0.0,edge
12,8703.23196,8703.23196,703.176986,0.0,0.0,8000.054973999999,12,11,True,False,False,0,0,72,72,12,12,6967.231959999999,1420.0,253.0,63.0,0,0,0,0,2703.231959999999,0.0,0.0,248,72,1,0,0,1245002242,True,,8703.23196,0.0,cluster
11,9890.186764,9105.226541,8194.365243,784.960223,0.07936758341685043,1695.8215209999998,7,2,False,False,False,27,27,161,146,11,11,6740.186764,2605.0,490.0,55.0,625.960223,135.0,24.0,0.0,3890.186764,784.960223,0.0,279,109,9,0,4,1245002243,True,,9890.186764,0.0,outward
14,11693.019518,11693.019518,8438.790784,0.0,0.0,3254.2287339999984,13,9,False,False,False,0,0,130,127,14,14,9128.019518,1915.0,349.0,301.0,0,0,0,0,5693.019517999999,0.0,0.0,186,77,5,77,1,1245002244,True,,11693.019518,0.0,area
11,10104.064364,9512.655156,4851.03231,591.4092079999991,0.0585318132084693,5253.032054,11,9,True,False,False,27,27,111,109,11,11,7350.064364,2275.0,424.0,55.0,432.4092079999991,135.0,24.0,0.0,4104.064364,591.4092079999991,0.0,279,104,2,0,0,1245002245,True,,10104.064364,0.0,edge
13,8613.282643,5651.457169,5289.441145,2961.825474,0.3438672103030394,3323.8414980000007,13,13,True,True,False,77,77,70,70,13,13,6909.2826430000005,1390.0,249.0,65.0,2510.825474,385.0,66.0,0.0,2613.2826430000005,2613.2826430000005,0.0,217,70,0,0,0,1245002246,True,,8613.282643,0.0,cluster
15,12167.691577,12167.691577,7101.256368,0.0,0.0,5066.435208999999,14,10,False,False,False,0,0,109,103,15,15,9126.691577,2030.0,375.0,636.0,0,0,0,0,6167.691577,0.0,0.0,155,65,5,187,1,1245002247,True,,12167.691577,0.0,outward
10,9468.362293,9468.362293,5053.567076,0.0,0.0,4414.795217,10,6,True,False,False,0,0,129,126,10,10,6892.362293,2130.0,396.0,50.0,0,0,0,0,3468.362293,0.0,0.0,310,120,4,0,0,1245002248,True,,9468.362293,0.0,area
10,10000.859471,8538.732149,8186.647932,1462.1273220000003,0.14620016671965097,1814.211539,8,6,False,False,False,50,50,149,144,10,10,7104.859471,2370.0,443.0,83.0,1167.1273220000003,250.0,45.0,0.0,4000.8594709999998,1462.1273220000003,0.0,310,130,4,2,2,1245002249,True,,10000.859471,0.0,edge
16,2523.559774,2523.559774,689.0,0.0,0.0,1834.5597739999998,16,16,True,True,False,0,0,0,0,16,16,1977.5597739999998,365.0,65.0,116.0,0,0,0,0,0.0,0.0,0.0,9,0,0,0,0,1245002250,True,,2523.559774,0.0,cluster
16,9257.864808,9257.864808,8398.1117,0.0,0.0,859.7531080000008,12,8,False,False,False,0,0,81,70,16,16,6441.864808,2105.0,391.0,320.0,0,0,0,0,3257.8648080000003,0.0,0.0,109,35,8,77,4,1245002251,True,,9257.864808,0.0,outward
15,11152.902276,11152.902276,5919.162945,0.0,0.0,5233.739331000001,15,8,True,False,False,0,0,127,123,15,15,8600.902276,1980.0,365.0,207.0,0,0,0,0,5152.902276000001,0.0,0.0,155,70,7,42,0,1245002252,True,,11152.902276,0.0,area
10,9734.567722,8484.498083,5903.906027,1250.0696389999994,0.12841552647220872,3830.661695,10,6,True,False,False,40,40,126,123,10,10,7018.567722,2240.0,417.0,59.0,1014.0696389999994,200.0,36.0,0.0,3734.567722,1250.0696389999994,0.0,310,110,4,2,0,1245002253,True,,9734.567722,0.0,edge
10,9191.356454,6409.128093,1057.286822,2782.2283610000004,0.3027005181361667,8134.069632000001,10,6,True,False,False,100,100,100,100,10,10,6781.356454000001,1990.0,367.0,53.0,2192.2283610000004,500.0,90.0,0.0,3191.3564540000007,2782.2283610000004,0.0,310,100,4,0,0,1245002254,True,,9191.356454,0.0,cluster
15,11727.584677,11727.584677,8203.751721,0.0,0.0,3523.832956,13,7,False,False,False,0,0,106,95,15,15,8674.584677,2080.0,385.0,588.0,0,0,0,0,5727.584677000001,0.0,0.0,155,60,8,171,2,1245002255,True,,11727.584677,0.0,outward
16,8021.8198,8021.8198,6677.198205,0.0,0.0,1344.6215950000005,15,9,False,False,False,0,0,15,13,16,16,6198.8198,1310.0,238.0,275.0,0,0,0,0,2021.8198000000002,0.0,0.0,72,4,7,65,1,1245002256,True,,8021.8198,0.0,area
11,9436.506168,8917.974511,7711.83623,518.5316569999995,0.05494953828975228,1724.669938,10,5,False,False,False,18,18,121,113,11,11,6636.506168,2310.0,432.0,58.0,412.53165699999954,90.0,16.0,0.0,3436.506168,518.5316569999995,0.0,279,100,6,0,1,1245002257,True,,9436.506168,0.0,edge
16,6118.842509,6118.842509,5617.166784,0.0,0.0,501.67572500000006,16,15,True,False,False,0,0,3,3,16,16,5062.842509,830.0,143.0,83.0,0,0,0,0,118.84250900000006,0.0,0.0,84,0,1,0,0,1245002258,True,,6118.842509,0.0,cluster
16,13853.98908,13853.98908,7031.535444,0.0,0.0,6822.453635999999,13,6,False,False,False,0,0,72,65,16,16,10022.98908,2065.0,375.0,1391.0,0,0,0,0,7853.989079999999,0.0,0.0,93,13,10,437,3,1245002259,True,,13853.98908,0.0,outward
10,9362.23795,8655.905406,5306.933795,706.3325440000008,0.0754448399808083,4055.3041550000007,10,9,True,False,False,30,30,140,140,10,10,6825.237950000001,2090.0,388.0,59.0,529.3325440000008,150.0,27.0,0.0,3362.2379500000006,706.3325440000008,0.0,310,130,1,2,0,1245002260,True,,9362.23795,0.0,area
16,5523.777159,5523.777159,2710.851464,0.0,0.0,2812.9256950000004,16,16,True,True,True,0,0,0,0,16,16,4210.777159,1025.0,196.0,92.0,0,0,0,0,0.0,0.0,0.0,35,0,0,0,0,1245002261,True,,5523.777159,0.0,edge
10,9411.377407,9411.377407,2041.088469,0.0,0.0,7370.288938,10,9,True,False,False,0,0,118,117,10,10,7184.377407,1840.0,337.0,50.0,0,0,0,0,3411.377407,0.0,0.0,310,107,1,0,0,1245002262,True,,9411.377407,0.0,cluster
16,10706.436108,10706.436108,5737.615081,0.0,0.0,4968.821027,16,11,True,False,False,0,0,13,11,16,16,7955.436108,1565.0,290.0,896.0,0,0,0,0,4706.436108,0.0,0.0,68,0,5,269,0,1245002263,True,,10706.436108,0.0,outward
10,10035.400038,10035.400038,4054.247028,0.0,0.0,5981.15301,10,8,True,False,False,0,0,137,136,10,10,7508.400038,2090.0,387.0,50.0,0,0,0,0,4035.4000379999998,0.0,0.0,310,120,2,0,0,1245002264,True,,10035.400038,0.0,area
15,9971.144549,9971.144549,8218.580466,0.0,0.0,1752.5640830000011,12,8,False,False,False,0,0,103,94,15,15,7365.144549000001,2100.0,389.0,117.0,0,0,0,0,3971.1445490000006,0.0,0.0,155,55,7,12,3,1245002265,True,,9971.144549,0.0,edge
16,2229.231405,2229.231405,1739.003182,0.0,0.0,490.22822300000007,16,16,True,True,False,0,0,0,0,16,16,1714.231405,365.0,67.0,83.0,0,0,0,0,0.0,0.0,0.0,20,0,0,0,0,1245002266,True,,2229.231405,0.0,cluster
11,9216.859753,4513.841904,4097.067633,4703.017849000001,0.510262494497566,5119.792120000001,11,11,True,True,False,144,144,90,90,11,11,6813.859753000001,1980.0,368.0,55.0,3855.0178490000008,720.0,128.0,0.0,3216.8597530000006,3216.8597530000006,0.0,279,90,0,0,0,1245002267,True,,9216.859753,0.0,outward
11,9304.208542,7849.019887,3512.935895,1455.188655,0.15640112196874703,5791.272647,11,10,True,False,False,54,54,124,123,11,11,7024.208542,1880.0,345.0,55.0,1137.188655,270.0,48.0,0.0,3304.2085420000003,1455.188655,0.0,279,117,1,0,0,1245002268,True,,9304.208542,0.0,area
11,10030.426094,9532.227906,6722.737143,498.1981880000003,0.049668696357576717,3307.688951,10,4,False,False,False,18,18,128,121,11,11,7084.426094,2420.0,453.0,73.0,392.1981880000003,90.0,16.0,0.0,4030.4260940000004,498.1981880000003,0.0,279,108,7,0,1,1245002269,True,,10030.426094,0.0,edge
14,9436.04777,3705.862441,2618.312628,5730.185328999999,0.6072654005862456,6817.7351419999995,14,14,True,True,False,132,132,78,78,14,14,7693.047769999999,1395.0,248.0,100.0,4960.185328999999,660.0,110.0,0.0,3436.047769999999,3436.047769999999,0.0,186,78,0,0,0,1245002270,True,,9436.04777,0.0,cluster
12,13146.734564,13146.734564,4703.013634,0.0,0.0,8443.72093,12,6,True,False,False,0,0,125,124,12,12,9621.734564,2295.0,426.0,804.0,0,0,0,0,7146.734564,0.0,0.0,248,88,6,248,0,1245002271,True,,13146.734564,0.0,outward
11,9263.179913,8066.002773,6640.575298,1197.1771399999998,0.1292404067764974,2622.604615,10,7,False,False,False,36,36,122,117,11,11,6707.179913,2090.0,387.0,79.0,985.1771399999998,180.0,32.0,0.0,3263.179913,1197.1771399999998,0.0,279,108,4,3,1,1245002272,True,,9263.179913,0.0,area
10,9897.529387,9228.505534,3919.641243,669.0238530000006,0.06759503577516385,5977.8881440000005,10,7,True,False,False,20,20,130,125,10,10,7069.5293870000005,2335.0,437.0,56.0,551.0238530000006,100.0,18.0,0.0,3897.5293870000005,669.0238530000006,0.0,310,110,3,0,0,1245002273,True,,9897.529387,0.0,edge
16,4115.843406,4115.843406,3687.559618,0.0,0.0,428.2837880000002,16,16,True,True,False,0,0,0,0,16,16,3124.843406,750.0,134.0,107.0,0,0,0,0,0.0,0.0,0.0,48,0,0,0,0,1245002274,True,,4115.843406,0.0,cluster
12,10200.634243,10064.871872,7655.460127,135.7623710000007,0.013309208796812333,2545.174116,9,3,False,False,False,8,8,146,130,12,12,7185.634243,2485.0,467.0,63.0,88.76237100000071,40.0,7.0,0.0,4200.634243,135.7623710000007,0.0,248,96,9,1,3,1245002275,True,,10200.634243,0.0,outward
10,9307.867085,6859.962189,1038.730545,2447.904896,0.26299310826482436,8269.13654,10,8,True,False,False,80,80,113,112,10,10,6959.867085,1940.0,358.0,50.0,1974.904896,400.0,73.0,0.0,3307.867085,2447.904896,0.0,310,110,2,0,0,1245002276,True,,9307.867085,0.0,area
14,9652.968619,9169.860977,4425.932174,483.10764199999903,0.05004757200278215,5227.036445,14,12,True,False,False,12,12,76,75,14,14,7404.968618999999,1840.0,338.0,70.0,412.10764199999903,60.0,11.0,0.0,3652.9686189999993,483.10764199999903,0.0,186,66,2,0,0,1245002277,True,,9652.968619,0.0,edge
12,8215.5487,3270.773441,119.0,4944.775259,0.6018800982824191,8096.548699999999,12,12,True,True,False,160,160,73,73,12,12,6463.548699999999,1435.0,257.0,60.0,4004.7752589999996,800.0,140.0,0.0,2215.5486999999994,2215.5486999999994,0.0,248,73,0,0,0,1245002278,True,,8215.5487,0.0,cluster
14,11710.988213,11710.988213,6004.923701,0.0,0.0,5706.064512000001,13,11,False,False,False,0,0,96,92,14,14,8749.988213,2000.0,366.0,595.0,0,0,0,0,5710.9882130000005,0.0,0.0,186,66,3,175,1,1245002279,True,,11710.988213,0.0,outward
11,11927.746528,11927.746528,6514.705328,0.0,0.0,5413.0412,10,5,False,False,False,0,0,144,141,11,11,8568.746528,2425.0,450.0,484.0,0,0,0,0,5927.746528,0.0,0.0,279,99,6,142,1,1245002280,True,,11927.746528,0.0,area
15,9152.702113,6299.61021,5683.269218,2853.0919029999995,0.3117212674219587,3469.432894999999,15,14,True,False,False,50,50,56,55,15,15,6940.702112999999,1795.0,330.0,87.0,2563.0919029999995,250.0,40.0,0.0,3152.7021129999994,2853.0919029999995,0.0,155,55,1,1,0,1245002281,True,,9152.702113,0.0,edge
15,8351.166749,1866.421739,401.0,6484.745010000001,0.7765076671204665,7950.166749,15,15,True,True,False,130,130,41,41,15,15,7107.166749,1000.0,169.0,75.0,5730.745010000001,650.0,104.0,0.0,2351.166749,2351.166749,0.0,155,41,0,0,0,1245002282,True,,8351.166749,0.0,cluster
11,9854.695781,7310.001352,4724.646913,2544.694429,0.2582215103896164,5130.048868000001,11,9,True,False,False,90,90,110,109,11,11,7357.695781,2060.0,382.0,55.0,2014.6944290000001,450.0,80.0,0.0,3854.6957810000004,2544.694429,0.0,279,108,2,0,0,1245002283,True,,9854.695781,0.0,outward
12,9472.440778,7467.402656,3306.6454,2005.038122,0.2116706949128418,6165.795378000001,12,11,True,False,False,56,56,101,99,12,12,7267.440778,1810.0,332.0,63.0,1676.038122,280.0,49.0,0.0,3472.440778,2005.038122,0.0,248,96,1,0,0,1245002284,True,,9472.440778,0.0,area
16,5871.988326,5871.988326,1919.0,0.0,0.0,3952.9883259999997,16,16,True,True,True,0,0,0,0,16,16,4439.988326,1070.0,198.0,164.0,0,0,0,0,0.0,0.0,0.0,24,0,0,0,0,1245002285,True,,5871.988326,0.0,edge
16,2852.820588,2852.820588,971.0,0.0,0.0,1881.820588,16,16,True,True,False,0,0,0,0,16,16,2109.820588,415.0,77.0,251.0,0,0,0,0,0.0,0.0,0.0,12,0,0,0,0,1245002286,True,,2852.820588,0.0,cluster
15,9568.686274,9355.986458,8897.385936,212.69981600000028,0.022228737562223926,671.3003379999991,11,8,False,False,False,5,5,117,104,15,15,6975.686274,2120.0,395.0,78.0,183.69981600000028,25.0,4.0,0.0,3568.6862739999997,212.69981600000028,0.0,155,65,7,1,4,1245002287,True,,9568.686274,0.0,outward
10,9840.156864,8263.85955,6854.523851,1576.2973140000013,0.16019026279620102,2985.6330130000006,9,3,False,False,False,60,60,140,133,10,10,7029.1568640000005,2315.0,434.0,62.0,1222.2973140000013,300.0,54.0,0.0,3840.1568640000005,1576.2973140000013,0.0,310,118,7,1,1,1245002288,True,,9840.156864,0.0,area
12,10021.738707,9540.048583,2586.496343,481.69012400000065,0.04806452633449213,7435.242364000001,12,7,True,False,False,16,16,110,106,12,12,7283.738707,2255.0,420.0,63.0,387.69012400000065,80.0,14.0,0.0,4021.7387070000004,481.69012400000065,0.0,248,88,5,1,0,1245002289,True,,10021.738707,0.0,edge
15,8212.679887,2146.214247,341.0,6066.46564,0.7386706560428246,7871.679887,15,15,True,True,False,130,130,48,48,15,15,6940.679887,1020.0,174.0,78.0,5312.46564,650.0,104.0,0.0,2212.6798870000002,2212.6798870000002,0.0,155,48,0,0,0,1245002290,True,,8212.679887,0.0,cluster
15,10344.597415,10344.597415,8189.69919,0.0,0.0,2154.898225,10,8,False,False,False,0,0,117,105,15,15,7487.597415,2220.0,412.0,225.0,0,0,0,0,4344.597415,0.0,0.0,155,57,7,50,5,1245002291,True,,10344.597415,0.0,outward
12,10924.523057,10924.523057,1667.0,0.0,0.0,9257.523057,12,10,True,False,False,0,0,143,142,12,12,8557.523057,1905.0,348.0,114.0,0,0,0,0,4924.523057,0.0,0.0,248,120,2,17,0,1245002292,True,,10924.523057,0.0,area
16,11275.388345,11275.388345,6213.428839,0.0,0.0,5061.959505999999,15,10,False,False,False,0,0,15,14,16,16,8162.388344999999,1785.0,330.0,998.0,0,0,0,0,5275.388344999999,0.0,0.0,77,1,6,303,1,1245002293,True,,11275.388345,0.0,edge
11,8484.565768,1520.740009,437.0,6963.825759,0.8207639553298587,8047.565768,11,11,True,True,False,243,243,90,90,11,11,6605.565768,1545.0,279.0,55.0,5532.825759,1215.0,216.0,0.0,2484.5657680000004,2484.5657680000004,0.0,279,90,0,0,0,1245002294,True,,8484.565768,0.0,cluster
13,11727.130593,11727.130593,8301.565899,0.0,0.0,3425.5646940000006,10,6,False,False,False,0,0,146,137,13,13,8458.130593,2345.0,436.0,488.0,0,0,0,0,5727.130593,0.0,0.0,217,85,7,140,3,1245002295,True,,11727.130593,0.0,outward
16,3514.776702,3514.776702,953.0,0.0,0.0,2561.776702,16,16,True,True,False,0,0,0,0,16,16,2793.776702,520.0,97.0,104.0,0,0,0,0,0.0,0.0,0.0,12,0,0,0,0,1245002296,True,,3514.776702,0.0,area
16,10430.120106,10430.120106,5945.370787,0.0,0.0,4484.7493190000005,16,9,True,False,False,0,0,35,32,16,16,7883.120106,1790.0,332.0,425.0,0,0,0,0,4430.120106,0.0,0.0,72,0,7,110,0,1245002297,True,,10430.120106,0.0,edge
13,11222.116631,11222.116631,425.0,0.0,0.0,10797.116631,13,11,True,False,False,0,0,123,123,13,13,8591.116631,1795.0,324.0,512.0,0,0,0,0,5222.116631000001,0.0,0.0,217,91,2,149,0,1245002298,True,,11222.116631,0.0,cluster
12,9991.450319,9991.450319,8871.642824,0.0,0.0,1119.807494999999,10,4,False,False,False,0,0,157,143,12,12,7013.450319,2455.0,460.0,63.0,0,0,0,0,3991.4503189999996,0.0,0.0,248,104,8,0,2,1245002299,True,,9991.450319,0.0,outward
14,8989.852424,4665.867078,2357.919802,4323.985346,0.4809851310190985,6631.932622,14,14,True,True,False,102,102,72,72,14,14,7247.852424000001,1415.0,254.0,73.0,3727.9853460000004,510.0,86.0,0.0,2989.8524240000006,2989.8524240000006,0.0,186,72,0,0,0,1245002300,True,,8989.852424,0.0,area
11,10941.133472,10941.133472,6548.474378,0.0,0.0,4392.659094,9,4,False,False,False,0,0,147,141,11,11,7778.1334719999995,2405.0,448.0,310.0,0,0,0,0,4941.1334719999995,0.0,0.0,279,111,7,85,2,1245002301,True,,10941.133472,0.0,edge
11,9295.862752,3138.075312,323.0,6157.787439999999,0.6624223704975802,8972.862752,11,11,True,True,False,198,198,108,108,11,11,7369.862751999999,1585.0,286.0,55.0,4991.787439999999,990.0,176.0,0.0,3295.862751999999,3295.862751999999,0.0,279,108,0,0,0,1245002302,True,,9295.862752,0.0,cluster
14,12578.691032,12578.691032,6612.547992,0.0,0.0,5966.143040000001,11,4,False,False,False,0,0,141,125,14,14,9053.691032,2490.0,467.0,568.0,0,0,0,0,6578.691032000001,0.0,0.0,186,70,10,166,3,1245002303,True,,12578.691032,0.0,outward
14,12653.152364,12653.152364,6453.630588,0.0,0.0,6199.521776,12,9,False,False,False,0,0,131,127,14,14,9739.152364,2050.0,374.0,490.0,0,0,0,0,6653.152364,0.0,0.0,186,78,5,139,2,1245002304,True,,12653.152364,0.0,area
14,10020.416329,7091.586669,4288.723077,2928.8296599999994,0.292286224827176,5731.693252,14,11,True,False,False,48,48,72,72,14,14,7679.416329,1910.0,352.0,79.0,2647.8296599999994,240.0,41.0,0.0,4020.4163289999997,2928.8296599999994,0.0,186,66,3,2,0,1245002305,True,,10020.416329,0.0,edge
16,4453.018656,4453.018656,743.0,0.0,0.0,3710.018656,16,16,True,True,False,0,0,0,0,16,16,3078.018656,395.0,63.0,917.0,0,0,0,0,0.0,0.0,0.0,12,0,0,0,0,1245002306,True,,4453.018656,0.0,cluster
15,10722.902992,10722.902992,7558.1561,0.0,0.0,3164.746891999999,11,6,False,False,False,0,0,117,104,15,15,7791.902991999999,2290.0,428.0,213.0,0,0,0,0,4722.902991999999,0.0,0.0,155,60,9,46,4,1245002307,True,,10722.902992,0.0,outward
10,9405.087422,9405.087422,8045.872066,0.0,0.0,1359.2153560000006,9,8,False,False,False,0,0,135,131,10,10,6835.0874220000005,2115.0,393.0,62.0,0,0,0,0,3405.0874220000005,0.0,0.0,310,118,2,0,1,1245002308,True,,9405.087422,0.0,area
12,10803.499512,10803.499512,6881.303501,0.0,0.0,3922.196011,11,3,False,False,False,0,0,115,107,12,12,7630.499512,2365.0,442.0,366.0,0,0,0,0,4803.499512,0.0,0.0,248,89,9,102,1,1245002309,True,,10803.499512,0.0,edge
14,8335.432896,2434.130531,1372.425633,5901.3023650000005,0.7079779105212294,6963.007263,14,14,True,True,False,150,150,60,60,14,14,6782.432896,1260.0,223.0,70.0,5025.3023650000005,750.0,126.0,0.0,2335.4328960000003,2335.4328960000003,0.0,186,60,0,0,0,1245002310,True,,8335.432896,0.0,cluster
14,9759.675984,9419.826767,8491.520748,339.84921699999904,0.034821772521664386,1268.1552359999987,8,7,False,False,False,12,12,127,113,14,14,6974.6759839999995,2280.0,426.0,79.0,268.84921699999904,60.0,11.0,0.0,3759.6759839999995,339.84921699999904,0.0,186,78,7,3,6,1245002311,True,,9759.675984,0.0,outward
15,8773.57891,4637.121726,1819.14033,4136.457184,0.47146748509725317,6954.43858,15,15,True,True,False,85,85,55,55,15,15,7267.57891,1215.0,213.0,78.0,3643.457184,425.0,68.0,0.0,2773.57891,2773.57891,0.0,155,55,0,0,0,1245002312,True,,8773.57891,0.0,area
13,9694.132383,8613.583984,3461.728978,1080.5483989999993,0.11146416783980485,6232.403405,13,9,True,False,False,21,21,79,79,13,13,7349.132383,1915.0,353.0,77.0,957.5483989999993,105.0,18.0,0.0,3694.132383,1080.5483989999993,0.0,217,77,4,1,0,1245002313,True,,9694.132383,0.0,edge
15,8320.97992,2644.900364,1292.509868,5676.079556,0.6821407587292916,7028.470052,15,15,True,True,False,120,120,50,50,15,15,6983.97992,1075.0,184.0,78.0,4980.079556,600.0,96.0,0.0,2320.9799199999998,2320.9799199999998,0.0,155,50,0,0,0,1245002314,True,,8320.97992,0.0,cluster
16,13017.819843,13017.819843,7171.393963,0.0,0.0,5846.425879999999,10,6,False,False,False,0,0,91,77,16,16,9430.819843,2155.0,398.0,1034.0,0,0,0,0,7017.819842999999,0.0,0.0,94,18,10,318,6,1245002315,True,,13017.819843,0.0,outward
15,10082.335485,8488.827206,3438.696554,1593.5082789999997,0.15804951951566604,6643.6389309999995,15,13,True,False,False,35,35,88,86,15,15,8204.335485,1525.0,275.0,78.0,1390.5082789999997,175.0,28.0,0.0,4082.3354849999996,1593.5082789999997,0.0,155,75,2,0,0,1245002316,True,,10082.335485,0.0,area
11,9476.524349,8234.999208,1691.0,1241.525141,0.13101060001296896,7785.524348999999,11,7,True,False,False,45,45,121,118,11,11,6820.524348999999,2185.0,407.0,64.0,976.5251410000001,225.0,40.0,0.0,3476.5243489999993,1241.525141,0.0,279,108,4,0,0,1245002317,True,,9476.524349,0.0,edge
10,9212.781813,8601.814235,2700.117792,610.9675779999998,0.06631738278419595,6512.664021,10,9,True,False,False,20,20,129,127,10,10,6949.781813,1870.0,343.0,50.0,492.9675779999998,100.0,18.0,0.0,3212.7818129999996,610.9675779999998,0.0,310,119,1,0,0,1245002318,True,,9212.781813,0.0,cluster
12,12051.725668,12051.725668,9529.879268,0.0,0.0,2521.8463999999985,9,1,False,False,False,0,0,151,143,12,12,8313.725668,2615.0,487.0,636.0,0,0,0,0,6051.725667999999,0.0,0.0,248,89,11,192,3,1245002319,True,,12051.725668,0.0,outward
12,9991.564789,9720.899354,8355.122205,270.6654350000008,0.027089393975404545,1636.4425840000004,11,10,False,False,False,8,8,136,132,12,12,7576.564789,1985.0,367.0,63.0,222.6654350000008,40.0,8.0,0.0,3991.564789,270.6654350000008,0.0,248,111,2,0,1,1245002320,True,,9991.564789,0.0,area
11,11578.141064,11578.141064,8585.295216,0.0,0.0,2992.845847999999,9,6,False,False,False,0,0,151,148,11,11,8312.141064,2370.0,442.0,454.0,0,0,0,0,5578.1410639999995,0.0,0.0,279,108,5,132,2,1245002321,True,,11578.141064,0.0,edge
10,11931.366405,11931.366405,1055.0,0.0,0.0,10876.366405,10,8,True,False,False,0,0,150,150,10,10,8850.366405,2170.0,399.0,512.0,0,0,0,0,5931.366405000001,0.0,0.0,310,120,2,154,0,1245002322,True,,11931.366405,0.0,cluster
15,9260.34775,6996.429332,2297.0,2263.918418000001,0.2444744494611448,6963.347750000001,15,14,True,False,False,40,40,58,57,15,15,7062.347750000001,1795.0,328.0,75.0,2031.918418000001,200.0,32.0,0.0,3260.347750000001,2263.918418000001,0.0,155,55,1,0,0,1245002323,True,,9260.34775,0.0,outward
13,9196.837376,9108.509907,6675.323673,88.32746899999984,0.009604113391251059,2521.5137029999996,12,10,False,False,False,7,7,93,89,13,13,7089.8373759999995,1725.0,314.0,68.0,47.32746899999984,35.0,6.0,0.0,3196.8373759999995,88.32746899999984,0.0,217,77,3,1,1,1245002324,True,,9196.837376,0.0,area
13,13312.765895,13312.765895,9084.132147,0.0,0.0,4228.633748,11,7,False,False,False,0,0,148,144,13,13,9508.765895,2385.0,442.0,977.0,0,0,0,0,7312.7658950000005,0.0,0.0,217,91,6,303,2,1245002325,True,,13312.765895,0.0,edge
12,8622.62772,1924.503068,738.0,6698.124652,0.7768078211777418,7884.62772,12,12,True,True,False,208,208,80,80,12,12,6864.62772,1440.0,258.0,60.0,5476.124652,1040.0,182.0,0.0,2622.6277200000004,2622.6277200000004,0.0,248,80,0,0,0,1245002326,True,,8622.62772,0.0,cluster
13,10001.239971,9674.235702,8963.690256,327.00426900000093,0.032696372644611636,1037.549715000001,9,6,False,False,False,7,7,129,119,13,13,7183.239971000001,2320.0,433.0,65.0,286.00426900000093,35.0,6.0,0.0,4001.239971000001,327.00426900000093,0.0,217,87,7,0,4,1245002327,True,,10001.239971,0.0,outward
14,10115.122765,10115.122765,2720.476827,0.0,0.0,7394.645938,14,11,True,False,False,0,0,100,98,14,14,7839.122765,1850.0,338.0,88.0,0,0,0,0,4115.122765,0.0,0.0,186,78,3,4,0,1245002328,True,,10115.122765,0.0,area
14,11720.755963,11720.755963,7735.604733,0.0,0.0,3985.1512299999995,12,7,False,False,False,0,0,114,106,14,14,8554.755963,2220.0,414.0,532.0,0,0,0,0,5720.755963,0.0,0.0,186,78,7,151,2,1245002329,True,,11720.755963,0.0,edge
13,8510.469096,8510.469096,1044.340106,0.0,0.0,7466.128990000001,13,12,True,False,False,0,0,72,71,13,13,6730.469096000001,1455.0,260.0,65.0,0,0,0,0,2510.4690960000007,0.0,0.0,217,63,1,0,0,1245002330,True,,8510.469096,0.0,cluster
11,13815.334313,13815.334313,8675.29769,0.0,0.0,5140.036623,9,4,False,False,False,0,0,165,159,11,11,9709.334313,2605.0,486.0,1015.0,0,0,0,0,7815.334312999999,0.0,0.0,279,103,7,320,2,1245002331,True,,13815.334313,0.0,outward
14,10064.617002,10064.617002,5855.586652,0.0,0.0,4209.030350000001,14,9,True,False,False,0,0,116,109,14,14,7688.617002000001,1930.0,355.0,91.0,0,0,0,0,4064.617002000001,0.0,0.0,186,78,5,2,0,1245002332,True,,10064.617002,0.0,area
12,9619.99343,8918.557547,5044.921873,701.4358830000001,0.07291438274921982,4575.071557,12,10,True,False,False,16,16,105,104,12,12,7150.99343,2025.0,375.0,69.0,607.4358830000001,80.0,14.0,0.0,3619.9934300000004,701.4358830000001,0.0,248,96,2,0,0,1245002333,True,,9619.99343,0.0,edge
14,10061.301584,10061.301584,2438.120476,0.0,0.0,7623.181108000001,14,12,True,False,False,0,0,87,86,14,14,7815.301584000001,1575.0,283.0,388.0,0,0,0,0,4061.3015840000007,0.0,0.0,186,62,2,106,0,1245002334,True,,10061.301584,0.0,cluster
10,10178.931031,9241.183546,7768.040368,937.7474849999999,0.09212632270953441,2410.890663,6,2,False,False,False,20,20,155,142,10,10,7000.931031,2630.0,495.0,53.0,819.7474849999999,100.0,18.0,0.0,4178.931031,937.7474849999999,0.0,310,116,8,1,4,1245002335,True,,10178.931031,0.0,outward
10,9667.282468,6412.104379,4273.089426,3255.178088999999,0.3367211105887383,5394.193042,10,8,True,False,False,120,120,131,130,10,10,7158.282467999999,2075.0,384.0,50.0,2547.178088999999,600.0,108.0,0.0,3667.2824679999994,3255.178088999999,0.0,310,130,2,0,0,1245002336,True,,9667.282468,0.0,area
11,12685.20137,12685.20137,8924.371971,0.0,0.0,3760.829399,9,6,False,False,False,0,0,172,168,11,11,8913.20137,2505.0,468.0,799.0,0,0,0,0,6685.201370000001,0.0,0.0,279,117,5,247,2,1245002337,True,,12685.20137,0.0,edge
10,8421.573589,1214.536344,119.0,7207.0372449999995,0.8557827309629652,8302.573589,10,10,True,True,False,280,280,100,100,10,10,6392.573589,1675.0,304.0,50.0,5555.0372449999995,1400.0,252.0,0.0,2421.5735889999996,2421.5735889999996,0.0,310,100,0,0,0,1245002338,True,,8421.573589,0.0,cluster
11,10392.682652,8216.987497,7749.181773,2175.6951549999994,0.20934875314231807,2643.5008789999993,10,5,False,False,False,45,45,138,125,11,11,7469.6826519999995,2415.0,453.0,55.0,1910.6951549999994,225.0,40.0,0.0,4392.6826519999995,2175.6951549999994,0.0,279,108,6,0,1,1245002339,True,,10392.682652,0.0,outward
12,11121.906197,11121.906197,7514.591652,0.0,0.0,3607.314545,11,3,False,False,False,0,0,146,141,12,12,8331.906197,2300.0,430.0,60.0,0,0,0,0,5121.906197,0.0,0.0,248,96,9,0,1,1245002340,True,,11121.906197,0.0,area
13,10090.027288,10090.027288,1973.0,0.0,0.0,8117.027287999999,13,9,True,False,False,0,0,109,104,13,13,7359.027287999999,2225.0,414.0,92.0,0,0,0,0,4090.0272879999993,0.0,0.0,217,84,4,2,0,1245002341,True,,10090.027288,0.0,edge
14,9117.382907,8695.829599,1233.592148,421.55330799999865,0.046236218474091414,7883.7907589999995,14,13,True,False,False,6,6,77,76,14,14,7473.382906999999,1330.0,238.0,76.0,385.55330799999865,30.0,6.0,0.0,3117.3829069999992,421.55330799999865,0.0,186,66,1,0,0,1245002342,True,,9117.382907,0.0,cluster
16,10506.117919,10506.117919,7866.473347,0.0,0.0,2639.644572,13,12,False,False,False,0,0,70,65,16,16,8161.117919,1725.0,315.0,305.0,0,0,0,0,4506.117919,0.0,0.0,98,30,4,75,3,1245002343,True,,10506.117919,0.0,outward
15,9529.639926,9367.225486,1366.025835,162.41444000000047,0.01704308255728323,8163.6140909999995,15,12,True,False,False,5,5,77,76,15,15,7724.639926,1465.0,262.0,78.0,133.41444000000047,25.0,4.0,0.0,3529.639926,162.41444000000047,0.0,155,65,3,0,0,1245002344,True,,9529.639926,0.0,area
11,9886.536598,9204.650009,6981.876826,681.8865889999997,0.06897122993889915,2904.659772000001,10,7,False,False,False,27,27,152,146,11,11,7098.536598000001,2300.0,430.0,58.0,522.8865889999997,135.0,24.0,0.0,3886.5365980000006,681.8865889999997,0.0,279,125,4,0,1,1245002345,True,,9886.536598,0.0,edge
13,10284.205897,10284.205897,755.0,0.0,0.0,9529.205897,13,10,True,False,False,0,0,115,113,13,13,7977.205897,1875.0,343.0,89.0,0,0,0,0,4284.205897,0.0,0.0,217,77,3,6,0,1245002346,True,,10284.205897,0.0,cluster
15,10157.589055,9460.695102,8541.064229,696.8939530000007,0.06860820507962563,1616.5248260000008,14,6,False,False,False,15,15,101,88,15,15,7524.589055,2155.0,400.0,78.0,609.8939530000007,75.0,12.0,0.0,4157.589055,696.8939530000007,0.0,155,60,9,1,1,1245002347,True,,10157.589055,0.0,outward
11,9806.831923,8393.62423,2804.735171,1413.2076930000003,0.14410440640729236,7002.0967519999995,11,7,True,False,False,45,45,109,106,11,11,7220.831923,2135.0,396.0,55.0,1148.2076930000003,225.0,40.0,0.0,3806.8319229999997,1413.2076930000003,0.0,279,99,4,0,0,1245002348,True,,9806.831923,0.0,area
13,9355.340125,9355.340125,1967.0,0.0,0.0,7388.340125000001,13,11,True,False,False,0,0,93,91,13,13,6941.340125000001,1980.0,366.0,68.0,0,0,0,0,3355.3401250000006,0.0,0.0,217,77,2,0,0,1245002349,True,,9355.340125,0.0,edge
10,8826.303278,4469.932171,329.0,4356.371106999999,0.4935668954247778,8497.303278,10,10,True,True,False,160,160,108,108,10,10,6712.303277999999,1745.0,319.0,50.0,3412.371106999999,800.0,144.0,0.0,2826.3032779999994,2826.3032779999994,0.0,310,108,0,0,0,1245002350,True,,8826.303278,0.0,cluster
13,10270.577065,10270.577065,8551.639867,0.0,0.0,1718.9371979999996,8,5,False,False,False,0,0,139,126,13,13,7302.5770649999995,2445.0,458.0,65.0,0,0,0,0,4270.5770649999995,0.0,0.0,217,84,8,0,5,1245002351,True,,10270.577065,0.0,outward
10,15920.977305,15920.977305,6353.0,0.0,0.0,9567.977305,7,0,False,False,False,0,0,199,193,10,10,11366.977305,2860.0,534.0,1160.0,0,0,0,0,9920.977305,0.0,0.0,310,119,10,370,3,1245002352,True,,15920.977305,0.0,area
15,10327.364431,7812.518827,7452.199673,2514.845604,0.24351281692462626,2875.164758,14,9,False,False,False,35,35,86,76,15,15,7846.364431,2015.0,373.0,93.0,2310.845604,175.0,29.0,0.0,4327.364431,2514.845604,0.0,155,60,6,1,1,1245002353,True,,10327.364431,0.0,edge
12,9107.843563,9107.843563,1663.371689,0.0,0.0,7444.471874000001,12,11,True,False,False,0,0,99,99,12,12,7146.843563,1605.0,290.0,66.0,0,0,0,0,3107.8435630000004,0.0,0.0,248,88,1,1,0,1245002354,True,,9107.843563,0.0,cluster
10,9916.193786,9916.193786,5951.088258,0.0,0.0,3965.105528,10,6,True,False,False,0,0,139,134,10,10,6704.193786,2450.0,457.0,305.0,0,0,0,0,3916.193786,0.0,0.0,310,110,4,85,0,1245002355,True,,9916.193786,0.0,outward
10,9879.089785,8347.268714,7496.274476,1531.8210710000003,0.15505690345337825,2382.8153090000005,8,3,False,False,False,50,50,120,115,10,10,7148.089785,2260.0,421.0,50.0,1236.8210710000003,250.0,45.0,0.0,3879.089785,1531.8210710000003,0.0,310,110,7,0,2,1245002356,True,,9879.089785,0.0,area
10,10354.983559,10354.983559,8442.045457,0.0,0.0,1912.938102,9,8,False,False,False,0,0,135,133,10,10,7354.983559,2260.0,420.0,320.0,0,0,0,0,4354.983559,0.0,0.0,310,120,2,88,1,1245002357,True,,10354.983559,0.0,edge
10,10230.681547,10230.681547,341.0,0.0,0.0,9889.681547,10,8,True,False,False,0,0,138,138,10,10,7415.681547,2075.0,381.0,359.0,0,0,0,0,4230.681547,0.0,0.0,310,110,2,103,0,1245002358,True,,10230.681547,0.0,cluster
11,10069.373263,9591.657313,8470.398998,477.7159499999998,0.04744247109751818,1598.974264999999,10,8,False,False,False,18,18,143,134,11,11,7241.3732629999995,2335.0,438.0,55.0,371.7159499999998,90.0,16.0,0.0,4069.3732629999995,477.7159499999998,0.0,279,117,3,0,1,1245002359,True,,10069.373263,0.0,outward
11,9584.379273,8002.967509,1961.651155,1581.4117640000004,0.16499887149238449,7622.728118000001,11,10,True,False,False,54,54,108,108,11,11,7214.3792730000005,1955.0,360.0,55.0,1263.4117640000004,270.0,48.0,0.0,3584.3792730000005,1581.4117640000004,0.0,279,108,1,0,0,1245002360,True,,9584.379273,0.0,area
10,12501.939026,12501.939026,10679.238102,0.0,0.0,1822.7009240000007,7,2,False,False,False,0,0,180,172,10,10,8741.939026,2735.0,513.0,512.0,0,0,0,0,6501.939026,0.0,0.0,310,116,8,154,3,1245002361,True,,12501.939026,0.0,edge
16,2090.538421,2090.538421,708.428853,0.0,0.0,1382.1095680000003,16,16,True,True,False,0,0,0,0,16,16,1586.5384210000002,295.0,54.0,155.0,0,0,0,0,0.0,0.0,0.0,10,0,0,0,0,1245002362,True,,2090.538421,0.0,cluster
15,9958.583379,9958.583379,8798.7029,0.0,0.0,1159.8804789999995,12,7,False,False,False,0,0,117,106,15,15,7352.583379,2135.0,396.0,75.0,0,0,0,0,3958.5833789999997,0.0,0.0,155,65,8,0,3,1245002363,True,,9958.583379,0.0,outward
11,11470.821549,11470.821549,3445.271573,0.0,0.0,8025.549976,11,8,True,False,False,0,0,123,123,11,11,8381.821549,2085.0,385.0,619.0,0,0,0,0,5470.821549,0.0,0.0,279,108,3,188,0,1245002364,True,,11470.821549,0.0,area
11,9188.966182,7095.384639,2944.724573,2093.5815430000002,0.22783646185368017,6244.241609000001,11,10,True,False,False,81,81,120,118,11,11,6637.966182,2090.0,388.0,73.0,1616.5815430000002,405.0,72.0,0.0,3188.966182,2093.5815430000002,0.0,279,117,1,0,0,1245002365,True,,9188.966182,0.0,edge
14,11797.437409,11797.437409,1704.627153,0.0,0.0,10092.810256,14,7,True,False,False,0,0,112,109,14,14,9027.437409,1895.0,346.0,529.0,0,0,0,0,5797.437409,0.0,0.0,186,66,7,152,0,1245002366,True,,11797.437409,0.0,cluster
10,10993.221866,10993.221866,8567.360426,0.0,0.0,2425.8614400000006,7,4,False,False,False,0,0,190,181,10,10,7519.221866,2730.0,514.0,230.0,0,0,0,0,4993.221866,0.0,0.0,310,120,6,60,3,1245002367,True,,10993.221866,0.0,outward
10,9741.547628,9070.300428,3251.124593,671.2471999999998,0.06890560161823188,6490.423035,10,6,True,False,False,20,20,156,150,10,10,6956.547628,2305.0,430.0,50.0,553.2471999999998,100.0,18.0,0.0,3741.5476280000003,671.2471999999998,0.0,310,120,4,0,0,1245002368,True,,9741.547628,0.0,area
16,5081.912796,5081.912796,1949.0,0.0,0.0,3132.9127959999996,16,16,True,True,True,0,0,0,0,16,16,3885.9127959999996,925.0,173.0,98.0,0,0,0,0,0.0,0.0,0.0,25,0,0,0,0,1245002369,True,,5081.912796,0.0,edge
16,5024.998821,5024.998821,1025.0,0.0,0.0,3999.998821,16,16,True,True,True,0,0,0,0,16,16,3537.998821,455.0,79.0,953.0,0,0,0,0,0.0,0.0,0.0,16,0,0,0,0,1245002370,True,,5024.998821,0.0,cluster
13,10158.320712,10036.614982,9174.185458,121.7057300000015,0.011980890685625903,984.1352540000007,7,4,False,False,False,7,7,145,128,13,13,7162.320712000001,2465.0,463.0,68.0,79.7057300000015,35.0,7.0,0.0,4158.320712000001,121.7057300000015,0.0,217,86,9,1,6,1245002371,True,,10158.320712,0.0,outward
14,10252.821709,10252.821709,6213.866264,0.0,0.0,4038.9554449999996,13,10,False,False,False,0,0,98,95,14,14,8169.821709,1670.0,301.0,112.0,0,0,0,0,4252.821709,0.0,0.0,186,78,4,13,1,1245002372,True,,10252.821709,0.0,area
10,10455.062043,10455.062043,4761.915067,0.0,0.0,5693.146976,10,5,True,False,False,0,0,156,151,10,10,7459.062043,2475.0,465.0,56.0,0,0,0,0,4455.062043,0.0,0.0,310,120,5,1,0,1245002373,True,,10455.062043,0.0,edge
10,8767.902416,2331.933593,347.0,6435.968823000001,0.7340374604598018,8420.902416,10,10,True,True,False,240,240,100,100,10,10,6636.902416000001,1760.0,321.0,50.0,5019.968823,1200.0,216.0,0.0,2767.902416000001,2767.902416000001,0.0,310,100,0,0,0,1245002374,True,,8767.902416,0.0,cluster
15,10248.337881,9694.53202,8922.082307,553.8058609999989,0.054038602886691746,1326.255573999999,10,7,False,False,False,10,10,117,103,15,15,7542.3378809999995,2215.0,413.0,78.0,495.8058609999989,50.0,8.0,0.0,4248.3378809999995,553.8058609999989,0.0,155,65,8,0,5,1245002375,True,,10248.337881,0.0,outward
11,12005.700352,12005.700352,7647.267709,0.0,0.0,4358.432643,8,3,False,False,False,0,0,162,154,11,11,8674.700352,2535.0,474.0,322.0,0,0,0,0,6005.700352,0.0,0.0,279,105,8,89,3,1245002376,True,,12005.700352,0.0,area
13,9999.473879,9999.473879,6309.324864,0.0,0.0,3690.149014999999,12,6,False,False,False,0,0,121,109,13,13,7199.473878999999,2295.0,428.0,77.0,0,0,0,0,3999.473878999999,0.0,0.0,217,81,7,2,1,1245002377,True,,9999.473879,0.0,edge
11,8352.945776,1590.163549,377.0,6762.782227000001,0.809628412341797,7975.9457760000005,11,11,True,True,False,243,243,90,90,11,11,6458.9457760000005,1555.0,281.0,58.0,5331.782227000001,1215.0,216.0,0.0,2352.9457760000005,2352.9457760000005,0.0,279,90,0,0,0,1245002378,True,,8352.945776,0.0,cluster
12,12251.528184,12251.528184,8882.950962,0.0,0.0,3368.577222,8,6,False,False,False,0,0,143,134,12,12,8971.528184,2315.0,431.0,534.0,0,0,0,0,6251.528184000001,0.0,0.0,248,104,6,158,4,1245002379,True,,12251.528184,0.0,outward
16,5275.665241,5275.665241,1319.609506,0.0,0.0,3956.055735,16,16,True,True,True,0,0,0,0,16,16,4220.665241,540.0,99.0,416.0,0,0,0,0,0.0,0.0,0.0,17,0,0,0,0,1245002380,True,,5275.665241,0.0,area
10,9794.81174,9794.81174,5052.908272,0.0,0.0,4741.9034679999995,10,4,True,False,False,0,0,146,141,10,10,6801.811739999999,2470.0,464.0,59.0,0,0,0,0,3794.811739999999,0.0,0.0,310,120,6,2,0,1245002381,True,,9794.81174,0.0,edge
16,5023.982352,5023.982352,965.0,0.0,0.0,4058.982352,16,16,True,True,True,0,0,0,0,16,16,3468.982352,455.0,75.0,1025.0,0,0,0,0,0.0,0.0,0.0,12,0,0,0,0,1245002382,True,,5023.982352,0.0,cluster
13,9322.114316,6979.848806,4157.748171,2342.2655099999993,0.2512590417369003,5164.366144999999,13,11,True,False,False,56,56,85,84,13,13,6965.114315999999,1935.0,357.0,65.0,2014.2655099999993,280.0,48.0,0.0,3322.1143159999992,2342.2655099999993,0.0,217,84,2,0,0,1245002383,True,,9322.114316,0.0,outward
12,10062.979284,9486.54812,2822.082716,576.4311639999996,0.05728235622193095,7240.896567999999,12,8,True,False,False,16,16,119,118,12,12,7633.979283999999,1980.0,365.0,84.0,481.4311639999996,80.0,15.0,0.0,4062.979283999999,576.4311639999996,0.0,248,96,4,8,0,1245002384,True,,10062.979284,0.0,area
10,10077.228553,8916.940932,2633.341738,1160.2876210000013,0.11513955596993804,7443.886815000001,10,4,True,False,False,30,30,134,128,10,10,7111.228553000001,2450.0,460.0,56.0,983.2876210000013,150.0,27.0,0.0,4077.228553000001,1160.2876210000013,0.0,310,110,6,1,0,1245002385,True,,10077.228553,0.0,edge
16,4517.408163,4517.408163,707.0,0.0,0.0,3810.408163,16,16,True,True,False,0,0,0,0,16,16,3187.408163,340.0,58.0,932.0,0,0,0,0,0.0,0.0,0.0,10,0,0,0,0,1245002386,True,,4517.408163,0.0,cluster
14,10362.505775,10362.505775,8918.527664,0.0,0.0,1443.9781110000004,8,3,False,False,False,0,0,141,124,14,14,7310.505775,2510.0,472.0,70.0,0,0,0,0,4362.505775,0.0,0.0,186,72,11,0,6,1245002387,True,,10362.505775,0.0,outward
12,11359.805148,11359.805148,6926.343838,0.0,0.0,4433.46131,11,10,False,False,False,0,0,116,114,12,12,8608.805148,1875.0,342.0,534.0,0,0,0,0,5359.8051479999995,0.0,0.0,248,96,2,157,1,1245002388,True,,11359.805148,0.0,area
14,9402.359875,7606.978445,6877.5994,1795.3814300000004,0.19095008634733845,2524.760475,13,11,False,False,False,42,42,75,71,14,14,7093.359875,1885.0,348.0,76.0,1550.3814300000004,210.0,35.0,0.0,3402.359875,1795.3814300000004,0.0,186,68,3,1,1,1245002389,True,,9402.359875,0.0,edge
14,8186.07569,2533.235002,395.0,5652.840688,0.6905434181246863,7791.07569,14,14,True,True,False,138,138,48,48,14,14,6655.07569,1240.0,218.0,73.0,4847.840687999999,690.0,115.0,0.0,2186.0756899999997,2186.0756899999997,0.0,186,48,0,0,0,1245002390,True,,8186.07569,0.0,cluster
15,13460.178882,13460.178882,5612.203126,0.0,0.0,7847.975756,15,4,True,False,False,0,0,158,153,15,15,9673.178882,2595.0,481.0,711.0,0,0,0,0,7460.178882,0.0,0.0,155,55,11,212,0,1245002391,True,,13460.178882,0.0,outward
15,9477.766751,4900.812273,1619.0,4576.954478,0.4829148678423728,7858.766750999999,15,15,True,True,False,90,90,70,70,15,15,7773.766750999999,1380.0,246.0,78.0,4054.9544779999997,450.0,72.0,0.0,3477.766750999999,3477.766750999999,0.0,155,70,0,0,0,1245002392,True,,9477.766751,0.0,area
13,9975.799244,9149.848907,5453.504182,825.9503370000002,0.08279540483904312,4522.295062,13,10,True,False,False,14,14,109,104,13,13,7342.799244,2160.0,402.0,71.0,742.9503370000002,70.0,13.0,0.0,3975.799244,825.9503370000002,0.0,217,84,3,1,0,1245002393,True,,9975.799244,0.0,edge
12,10209.081429,10209.081429,395.0,0.0,0.0,9814.081429,12,11,True,False,False,0,0,106,106,12,12,7802.081429,1675.0,303.0,429.0,0,0,0,0,4209.081429,0.0,0.0,248,91,1,122,0,1245002394,True,,10209.081429,0.0,cluster
12,9353.760751,7580.244786,4430.560889,1773.5159649999996,0.18960458923544682,4923.1998619999995,12,8,True,False,False,48,48,101,97,12,12,6803.760751,2095.0,389.0,66.0,1490.5159649999996,240.0,43.0,0.0,3353.760751,1773.5159649999996,0.0,248,88,4,1,0,1245002395,True,,9353.760751,0.0,outward
11,10102.621228,9432.307798,4815.163886,670.3134300000002,0.06635044656946928,5287.457342,11,6,True,False,False,18,18,133,129,11,11,7266.621228,2330.0,436.0,70.0,564.3134300000002,90.0,16.0,0.0,4102.621228,670.3134300000002,0.0,279,108,5,5,0,1245002396,True,,10102.621228,0.0,area
12,10883.436518,10883.436518,3627.522762,0.0,0.0,7255.913756,12,8,True,False,False,0,0,122,121,12,12,8056.436518,2195.0,407.0,225.0,0,0,0,0,4883.436518,0.0,0.0,248,88,4,50,0,1245002397,True,,10883.436518,0.0,edge
10,8554.860583,2127.817021,1025.0,6427.043562,0.7512739102694036,7529.860583,10,10,True,True,False,250,250,100,100,10,10,6382.860583,1790.0,329.0,53.0,4951.043562,1250.0,226.0,0.0,2554.8605829999997,2554.8605829999997,0.0,310,100,0,0,0,1245002398,True,,8554.860583,0.0,cluster
15,9720.973246,9434.283994,5155.163294,286.6892520000001,0.029491826049204223,4565.809952,15,13,True,False,False,5,5,72,70,15,15,7370.973246,1920.0,355.0,75.0,257.6892520000001,25.0,4.0,0.0,3720.9732459999996,286.6892520000001,0.0,155,55,2,0,0,1245002399,True,,9720.973246,0.0,outward
12,9669.52311,7806.239271,5911.188764,1863.2838389999997,0.19269655988236215,3758.3343459999996,12,10,True,False,False,48,48,89,88,12,12,7614.52311,1685.0,307.0,63.0,1581.2838389999997,240.0,42.0,0.0,3669.52311,1863.2838389999997,0.0,248,88,2,0,0,1245002400,True,,9669.52311,0.0,area
16,5324.336338,5324.336338,1691.0,0.0,0.0,3633.336338,16,16,True,True,True,0,0,0,0,16,16,3952.336338,1025.0,192.0,155.0,0,0,0,0,0.0,0.0,0.0,24,0,0,0,0,1245002401,True,,5324.336338,0.0,edge
16,1869.628874,1869.628874,359.0,0.0,0.0,1510.628874,16,16,True,True,False,0,0,0,0,16,16,1501.628874,230.0,43.0,95.0,0,0,0,0,0.0,0.0,0.0,5,0,0,0,0,1245002402,True,,1869.628874,0.0,cluster
11,12032.476889,12032.476889,7515.986276,0.0,0.0,4516.490613,6,2,False,False,False,0,0,172,161,11,11,8431.476889,2680.0,503.0,418.0,0,0,0,0,6032.476889,0.0,0.0,279,108,9,121,5,1245002403,True,,12032.476889,0.0,outward
15,9336.14049,8670.706555,8260.604164,665.4339349999991,0.07127505586625969,1075.5363259999995,14,13,False,False,False,15,15,81,76,15,15,7431.14049,1530.0,276.0,99.0,578.4339349999991,75.0,12.0,0.0,3336.1404899999998,665.4339349999991,0.0,155,65,2,2,1,1245002404,True,,9336.14049,0.0,area
11,9272.11727,8714.162632,8117.348514,557.9546380000011,0.060175537231961805,1154.7687560000004,9,7,False,False,False,18,18,132,126,11,11,6524.117270000001,2260.0,421.0,67.0,451.95463800000107,90.0,16.0,0.0,3272.1172700000006,557.9546380000011,0.0,279,108,4,0,2,1245002405,True,,9272.11727,0.0,edge
10,10179.293137,10179.293137,1685.0,0.0,0.0,8494.293137,10,9,True,False,False,0,0,113,113,10,10,7601.293137000001,1880.0,345.0,353.0,0,0,0,0,4179.293137000001,0.0,0.0,310,113,1,99,0,1245002406,True,,10179.293137,0.0,cluster
16,7425.015468,7425.015468,3126.245988,0.0,0.0,4298.769479999999,16,15,True,False,False,0,0,3,3,16,16,5318.015468,1275.0,236.0,596.0,0,0,0,0,1425.0154679999996,0.0,0.0,38,0,1,171,0,1245002407,True,,7425.015468,0.0,outward
10,11475.211126,11475.211126,2908.723732,0.0,0.0,8566.487394,10,6,True,False,False,0,0,131,131,10,10,8495.211126,2235.0,416.0,329.0,0,0,0,0,5475.211126,0.0,0.0,310,110,4,93,0,1245002408,True,,11475.211126,0.0,area
13,9562.235523,9562.235523,8367.748131,0.0,0.0,1194.487391999999,12,10,False,False,False,0,0,89,87,13,13,7211.235522999999,1920.0,354.0,77.0,0,0,0,0,3562.2355229999994,0.0,0.0,217,77,3,0,1,1245002409,True,,9562.235523,0.0,edge
11,9081.094539,1893.202735,425.0,7187.891804,0.7915226268299066,8656.094539,11,11,True,True,False,234,234,93,93,11,11,7123.094539,1605.0,292.0,61.0,5808.891804,1170.0,209.0,0.0,3081.0945389999997,3081.0945389999997,0.0,279,93,0,0,0,1245002410,True,,9081.094539,0.0,cluster
13,10091.655357,10091.655357,7797.945075,0.0,0.0,2293.710282,11,5,False,False,False,0,0,141,129,13,13,7184.655357,2390.0,449.0,68.0,0,0,0,0,4091.6553569999996,0.0,0.0,217,91,8,1,2,1245002411,True,,10091.655357,0.0,outward
16,7749.987322,7749.987322,3971.62438,0.0,0.0,3778.3629419999997,16,13,True,False,False,0,0,3,3,16,16,5938.987322,1130.0,208.0,473.0,0,0,0,0,1749.987322,0.0,0.0,54,0,3,130,0,1245002412,True,,7749.987322,0.0,area
10,9822.656852,9686.501451,7656.808157,136.15540099999998,0.013861361854687743,2165.8486949999997,8,2,False,False,False,10,10,179,164,10,10,6465.656852,2765.0,524.0,68.0,77.15540099999998,50.0,9.0,0.0,3822.656852,136.15540099999998,0.0,310,120,8,5,2,1245002413,True,,9822.656852,0.0,edge
12,8712.320152,8712.320152,413.0,0.0,0.0,8299.320152,12,11,True,False,False,0,0,90,89,12,12,6788.320152,1575.0,286.0,63.0,0,0,0,0,2712.3201520000002,0.0,0.0,248,80,1,0,0,1245002414,True,,8712.320152,0.0,cluster
15,15673.860453,15673.860453,8731.588572,0.0,0.0,6942.271880999999,11,6,False,False,False,0,0,159,152,15,15,11196.860453,2385.0,436.0,1656.0,0,0,0,0,9673.860453,0.0,0.0,155,65,9,527,4,1245002415,True,,15673.860453,0.0,outward
10,9294.1702,9294.1702,5142.506224,0.0,0.0,4151.663976000001,10,8,True,False,False,0,0,102,102,10,10,6980.1702000000005,1905.0,350.0,59.0,0,0,0,0,3294.1702000000005,0.0,0.0,310,102,2,0,0,1245002416,True,,9294.1702,0.0,area
11,9492.785236,8306.487151,4732.142869,1186.2980850000004,0.12496838973045954,4760.6423669999995,11,10,True,False,False,36,36,111,110,11,11,7073.785236,1985.0,367.0,67.0,974.2980850000004,180.0,32.0,0.0,3492.7852359999997,1186.2980850000004,0.0,279,104,1,0,0,1245002417,True,,9492.785236,0.0,edge
13,8527.254934,2491.690697,1500.0,6035.5642370000005,0.7077968565164983,7027.2549340000005,13,13,True,True,False,168,168,70,70,13,13,6853.2549340000005,1365.0,244.0,65.0,5050.5642370000005,840.0,145.0,0.0,2527.2549340000005,2527.2549340000005,0.0,217,70,0,0,0,1245002418,True,,8527.254934,0.0,cluster
14,10048.272497,9598.716395,9165.10097,449.55610200000046,0.044739640782454834,883.1715270000004,8,6,False,False,False,12,12,140,123,14,14,7222.272497,2310.0,434.0,82.0,379.55610200000046,60.0,10.0,0.0,4048.272497,449.55610200000046,0.0,186,84,8,3,6,1245002419,True,,10048.272497,0.0,outward
13,9846.695325,9846.695325,2921.145018,0.0,0.0,6925.550307,13,11,True,False,False,0,0,104,103,13,13,7597.695325000001,1845.0,339.0,65.0,0,0,0,0,3846.6953250000006,0.0,0.0,217,84,2,0,0,1245002420,True,,9846.695325,0.0,area
11,12356.239137,12356.239137,5095.057646,0.0,0.0,7261.181491,11,5,True,False,False,0,0,144,137,11,11,8958.239137,2470.0,462.0,466.0,0,0,0,0,6356.2391370000005,0.0,0.0,279,106,6,136,0,1245002421,True,,12356.239137,0.0,edge
11,8604.814999,1680.140104,113.0,6924.674895,0.8047441921534332,8491.814999,11,11,True,True,False,243,243,90,90,11,11,6726.814999,1540.0,277.0,61.0,5493.674895,1215.0,216.0,0.0,2604.814999,2604.814999,0.0,279,90,0,0,0,1245002422,True,,8604.814999,0.0,cluster
13,10406.809982,10406.809982,6274.855517,0.0,0.0,4131.954465000001,12,9,False,False,False,0,0,114,110,13,13,7697.809982000001,2155.0,399.0,155.0,0,0,0,0,4406.809982000001,0.0,0.0,217,84,4,28,1,1245002423,True,,10406.809982,0.0,outward
15,10972.143733,10972.143733,6657.442264,0.0,0.0,4314.7014690000005,14,9,False,False,False,0,0,101,97,15,15,8551.143733,1830.0,333.0,258.0,0,0,0,0,4972.143733000001,0.0,0.0,155,60,6,61,1,1245002424,True,,10972.143733,0.0,area
12,10298.005252,9368.076649,6184.839597,929.9286030000003,0.09030181867691285,4113.165655000001,11,5,False,False,False,24,24,124,114,12,12,7410.005252000001,2345.0,438.0,105.0,788.9286030000003,120.0,21.0,0.0,4298.005252000001,929.9286030000003,0.0,248,96,7,6,1,1245002425,True,,10298.005252,0.0,edge
16,3074.691754,3074.691754,953.0,0.0,0.0,2121.691754,16,16,True,True,False,0,0,0,0,16,16,2338.691754,470.0,84.0,182.0,0,0,0,0,0.0,0.0,0.0,12,0,0,0,0,1245002426,True,,3074.691754,0.0,cluster
12,10169.915119,10169.915119,5935.950112,0.0,0.0,4233.965006999999,12,7,True,False,False,0,0,104,102,12,12,7541.915118999999,2050.0,377.0,201.0,0,0,0,0,4169.915118999999,0.0,0.0,248,88,5,47,0,1245002427,True,,10169.915119,0.0,outward
14,9994.641366,7888.508308,6099.884561,2106.1330579999994,0.21072622627207926,3894.756805,13,11,False,False,False,42,42,101,96,14,14,7761.641366,1825.0,335.0,73.0,1861.1330579999994,210.0,35.0,0.0,3994.641366,2106.1330579999994,0.0,186,84,3,0,1,1245002428,True,,9994.641366,0.0,area
15,10069.442848,9723.980318,5581.462032,345.4625300000007,0.03430800841862037,4487.980816,15,9,True,False,False,5,5,94,90,15,15,7641.442848000001,1980.0,367.0,81.0,316.4625300000007,25.0,4.0,0.0,4069.4428480000006,345.4625300000007,0.0,155,60,6,2,0,1245002429,True,,10069.442848,0.0,edge
10,9528.766446,9528.766446,2511.837444,0.0,0.0,7016.929002,10,8,True,False,False,0,0,142,142,10,10,6952.766446,2125.0,395.0,56.0,0,0,0,0,3528.7664459999996,0.0,0.0,310,118,2,0,0,1245002430,True,,9528.766446,0.0,cluster
12,9330.756902,7828.067469,7029.165919,1502.6894329999996,0.16104689563586272,2301.590982999999,10,7,False,False,False,40,40,107,97,12,12,6617.756901999999,2230.0,417.0,66.0,1266.6894329999996,200.0,36.0,0.0,3330.756901999999,1502.6894329999996,0.0,248,88,5,0,2,1245002431,True,,9330.756902,0.0,outward
14,9210.381256,6812.576826,3241.251356,2397.80443,0.26033715254056145,5969.1299,14,13,True,False,False,54,54,76,76,14,14,7181.381256000001,1655.0,301.0,73.0,2082.80443,270.0,45.0,0.0,3210.3812560000006,2397.80443,0.0,186,73,1,0,0,1245002432,True,,9210.381256,0.0,area
11,10078.877089,10078.877089,5641.790181,0.0,0.0,4437.086907999999,11,7,True,False,False,0,0,115,112,11,11,7254.877089,2330.0,436.0,58.0,0,0,0,0,4078.8770889999996,0.0,0.0,279,99,4,0,0,1245002433,True,,10078.877089,0.0,edge
14,8592.907227,2731.362537,1596.0,5861.54469,0.6821375507909926,6996.907227,14,14,True,True,False,144,144,66,66,14,14,6961.907227,1310.0,233.0,88.0,5020.54469,720.0,121.0,0.0,2592.9072269999997,2592.9072269999997,0.0,186,66,0,0,0,1245002434,True,,8592.907227,0.0,cluster
16,6905.664313,6905.664313,4462.360661,0.0,0.0,2443.3036520000005,16,15,True,False,False,0,0,0,0,16,16,4978.664313,1425.0,269.0,233.0,0,0,0,0,905.6643130000002,0.0,0.0,59,0,1,50,0,1245002435,True,,6905.664313,0.0,outward
15,12613.63576,12613.63576,8029.446703,0.0,0.0,4584.189057,10,5,False,False,False,0,0,161,150,15,15,9493.63576,2405.0,448.0,267.0,0,0,0,0,6613.635759999999,0.0,0.0,155,63,10,64,5,1245002436,True,,12613.63576,0.0,area
13,10301.835126,10301.835126,7771.717261,0.0,0.0,2530.117865,10,7,False,False,False,0,0,147,133,13,13,7557.835126,2250.0,420.0,74.0,0,0,0,0,4301.835126,0.0,0.0,217,98,6,1,3,1245002437,True,,10301.835126,0.0,edge
14,9603.352936,5259.995521,2117.675089,4343.3574149999995,0.4522751005763931,7485.677846999999,14,14,True,True,False,84,84,72,72,14,14,7751.352935999999,1505.0,271.0,76.0,3852.3574149999995,420.0,71.0,0.0,3603.3529359999993,3603.3529359999993,0.0,186,72,0,0,0,1245002438,True,,9603.352936,0.0,cluster
15,13186.605891,13186.605891,6925.820647,0.0,0.0,6260.785244,12,6,False,False,False,0,0,137,131,15,15,9610.605891,2355.0,435.0,786.0,0,0,0,0,7186.605890999999,0.0,0.0,155,60,9,237,3,1245002439,True,,13186.605891,0.0,outward
11,9754.168975,8997.670201,8015.50041,756.4987739999997,0.07755645570001002,1738.6685650000009,8,4,False,False,False,27,27,135,122,11,11,6859.1689750000005,2380.0,445.0,70.0,597.4987739999997,135.0,24.0,0.0,3754.1689750000005,756.4987739999997,0.0,279,99,7,5,3,1245002440,True,,9754.168975,0.0,area
11,9475.797423,7292.338119,1703.0,2183.459304,0.23042486099378065,7772.797423,11,9,True,False,False,63,63,109,109,11,11,6844.797423,2160.0,401.0,70.0,1812.459304,315.0,56.0,0.0,3475.797423,2183.459304,0.0,279,105,2,0,0,1245002441,True,,9475.797423,0.0,edge
11,8863.513456,8863.513456,731.24441,0.0,0.0,8132.269046,11,10,True,False,False,0,0,97,96,11,11,6824.513456000001,1680.0,304.0,55.0,0,0,0,0,2863.5134560000006,0.0,0.0,279,87,1,0,0,1245002442,True,,8863.513456,0.0,cluster
16,8674.02187,8674.02187,7665.927341,0.0,0.0,1008.0945290000009,13,6,False,False,False,0,0,65,47,16,16,6205.0218700000005,2010.0,376.0,83.0,0,0,0,0,2674.0218700000005,0.0,0.0,96,20,10,1,3,1245002443,True,,8674.02187,0.0,outward
13,9564.482908,7580.881445,3201.988928,1983.601463,0.2073924416071527,6362.493979999999,13,11,True,False,False,49,49,87,86,13,13,7421.482908,1755.0,320.0,68.0,1696.601463,245.0,42.0,0.0,3564.482908,1983.601463,0.0,217,84,2,0,0,1245002444,True,,9564.482908,0.0,area
10,13610.532223,13610.532223,6549.285124,0.0,0.0,7061.247099,9,5,False,False,False,0,0,147,144,10,10,9744.532223,2520.0,471.0,875.0,0,0,0,0,7610.532223,0.0,0.0,310,112,5,274,1,1245002445,True,,13610.532223,0.0,edge
13,8655.138479,2047.193628,725.0,6607.944850999999,0.7634707251689716,7930.138478999999,13,13,True,True,False,182,182,70,70,13,13,7010.138478999999,1335.0,236.0,74.0,5541.944850999999,910.0,156.0,0.0,2655.1384789999993,2655.1384789999993,0.0,217,70,0,0,0,1245002446,True,,8655.138479,0.0,cluster
11,9753.863583,8359.043237,7899.930677,1394.8203460000004,0.1430018304163113,1853.932906,8,4,False,False,False,45,45,136,123,11,11,6819.863583,2425.0,454.0,55.0,1129.8203460000004,225.0,40.0,0.0,3753.8635830000003,1394.8203460000004,0.0,279,108,7,0,3,1245002447,True,,9753.863583,0.0,outward
13,10740.806182,10740.806182,1686.879915,0.0,0.0,9053.926267,13,11,True,False,False,0,0,111,111,13,13,8217.806182,1960.0,360.0,203.0,0,0,0,0,4740.806182,0.0,0.0,217,84,2,46,0,1245002448,True,,10740.806182,0.0,area
14,9343.050477,7652.650076,3395.302795,1690.4004010000008,0.18092596258163196,5947.747682000001,14,10,True,False,False,36,36,75,73,14,14,7069.050477000001,1850.0,342.0,82.0,1479.4004010000008,180.0,31.0,0.0,3343.0504770000007,1690.4004010000008,0.0,186,66,4,3,0,1245002449,True,,9343.050477,0.0,edge
11,8513.419617,1917.613014,407.0,6595.806602999999,0.7747540823465555,8106.419617,11,11,True,True,False,234,234,90,90,11,11,6596.419617,1575.0,284.0,58.0,5217.806602999999,1170.0,208.0,0.0,2513.4196169999996,2513.4196169999996,0.0,279,90,0,0,0,1245002450,True,,8513.419617,0.0,cluster
12,15551.659085,15551.659085,8352.325545,0.0,0.0,7199.33354,9,6,False,False,False,0,0,173,169,12,12,11378.659085,2520.0,465.0,1188.0,0,0,0,0,9551.659085,0.0,0.0,248,99,6,375,3,1245002451,True,,15551.659085,0.0,outward
10,9927.693649,9927.693649,5588.123366,0.0,0.0,4339.570283000001,10,5,True,False,False,0,0,145,142,10,10,7055.693649000001,2370.0,443.0,59.0,0,0,0,0,3927.6936490000007,0.0,0.0,310,120,5,0,0,1245002452,True,,9927.693649,0.0,area
16,9862.50698,9862.50698,7058.735787,0.0,0.0,2803.7711930000005,15,6,False,False,False,0,0,58,48,16,16,7475.50698,1875.0,345.0,167.0,0,0,0,0,3862.50698,0.0,0.0,90,14,10,29,1,1245002453,True,,9862.50698,0.0,edge
16,2086.162208,2086.162208,425.0,0.0,0.0,1661.1622080000002,16,16,True,True,False,0,0,0,0,16,16,1575.1622080000002,280.0,49.0,182.0,0,0,0,0,0.0,0.0,0.0,6,0,0,0,0,1245002454,True,,2086.162208,0.0,cluster
15,10120.950159,10120.950159,6767.593221,0.0,0.0,3353.356938,14,12,False,False,False,0,0,76,70,15,15,7738.950159,1945.0,362.0,75.0,0,0,0,0,4120.950159,0.0,0.0,155,55,3,0,1,1245002455,True,,10120.950159,0.0,outward
13,9515.431192,5746.486311,2693.874777,3768.9448810000004,0.39608766065889917,6821.556415,13,13,True,True,False,98,98,98,98,13,13,7393.431192,1740.0,317.0,65.0,3194.9448810000004,490.0,84.0,0.0,3515.431192,3515.431192,0.0,217,98,0,0,0,1245002456,True,,9515.431192,0.0,area
16,9869.640388,9869.640388,5068.745726,0.0,0.0,4800.894662,16,10,True,False,False,0,0,18,18,16,16,7292.640388,1700.0,314.0,563.0,0,0,0,0,3869.640388,0.0,0.0,67,0,6,159,0,1245002457,True,,9869.640388,0.0,edge
13,8786.409607,2684.736957,1530.927204,6101.6726499999995,0.6944443661195683,7255.482403,13,13,True,True,False,168,168,77,77,13,13,7051.409607,1400.0,249.0,86.0,5117.6726499999995,840.0,144.0,0.0,2786.4096069999996,2786.4096069999996,0.0,217,77,0,0,0,1245002458,True,,8786.409607,0.0,cluster
10,9378.563718,8748.371189,2279.0,630.1925289999999,0.06719499359912542,7099.563717999999,10,8,True,False,False,20,20,132,128,10,10,6646.563717999999,2260.0,422.0,50.0,512.1925289999999,100.0,18.0,0.0,3378.5637179999994,630.1925289999999,0.0,310,120,2,0,0,1245002459,True,,9378.563718,0.0,outward
10,14441.596362,14441.596362,7549.20174,0.0,0.0,6892.394622,8,2,False,False,False,0,0,187,181,10,10,10201.596362,2620.0,487.0,1133.0,0,0,0,0,8441.596362,0.0,0.0,310,120,8,361,2,1245002460,True,,14441.596362,0.0,area
15,9232.137681,6460.489664,4901.978161,2771.6480170000004,0.3002173616522347,4330.15952,15,13,True,False,False,50,50,55,55,15,15,7156.137681,1690.0,308.0,78.0,2481.6480170000004,250.0,40.0,0.0,3232.137681,2771.6480170000004,0.0,155,55,2,0,0,1245002461,True,,9232.137681,0.0,edge
11,8440.584412,1658.209329,683.0,6782.375083,0.8035433036316159,7757.584412,11,11,True,True,False,243,243,90,90,11,11,6531.584412,1570.0,284.0,55.0,5351.375083,1215.0,216.0,0.0,2440.584412,2440.584412,0.0,279,90,0,0,0,1245002462,True,,8440.584412,0.0,cluster
12,10510.978414,10510.978414,6883.581229,0.0,0.0,3627.397184999999,9,7,False,False,False,0,0,126,120,12,12,7717.978413999999,2300.0,430.0,63.0,0,0,0,0,4510.978413999999,0.0,0.0,248,96,5,0,3,1245002463,True,,10510.978414,0.0,outward
14,9504.111679,9504.111679,4776.16218,0.0,0.0,4727.949498999999,14,13,True,False,False,0,0,72,72,14,14,7533.111679,1605.0,290.0,76.0,0,0,0,0,3504.1116789999996,0.0,0.0,186,72,1,0,0,1245002464,True,,9504.111679,0.0,area
12,10184.465144,9662.042314,7319.755742,522.4228299999995,0.05129604968089815,2864.7094019999995,10,3,False,False,False,16,16,155,143,12,12,7254.465144,2415.0,452.0,63.0,428.4228299999995,80.0,14.0,0.0,4184.465144,522.4228299999995,0.0,248,112,9,1,2,1245002465,True,,10184.465144,0.0,edge
16,3794.191408,3794.191408,738.503376,0.0,0.0,3055.688032,16,16,True,True,False,0,0,0,0,16,16,2646.191408,340.0,59.0,749.0,0,0,0,0,0.0,0.0,0.0,11,0,0,0,0,1245002466,True,,3794.191408,0.0,cluster
15,10854.84716,10648.774386,9449.718388,206.0727740000002,0.01898440125065752,1405.128772,8,5,False,False,False,5,5,138,120,15,15,7733.847159999999,2555.0,482.0,84.0,177.0727740000002,25.0,4.0,0.0,4854.847159999999,206.0727740000002,0.0,155,60,10,2,7,1245002467,True,,10854.84716,0.0,outward
12,10285.058862,10285.058862,7704.534668,0.0,0.0,2580.5241939999996,11,4,False,False,False,0,0,150,143,12,12,7490.058862,2305.0,430.0,60.0,0,0,0,0,4285.058862,0.0,0.0,248,96,8,0,1,1245002468,True,,10285.058862,0.0,area
12,11342.246594,11342.246594,9770.078118,0.0,0.0,1572.1684760000007,6,4,False,False,False,0,0,168,157,12,12,8193.246594,2505.0,467.0,177.0,0,0,0,0,5342.246594,0.0,0.0,248,104,8,39,6,1245002469,True,,11342.246594,0.0,edge
10,8613.857303,2127.556596,1289.0,6486.300707,0.7530076803966763,7324.857303000001,10,10,True,True,False,250,250,106,106,10,10,6455.857303000001,1780.0,325.0,53.0,5011.300707000001,1250.0,225.0,0.0,2613.8573030000007,2613.8573030000007,0.0,310,106,0,0,0,1245002470,True,,8613.857303,0.0,cluster
13,12168.527718,12168.527718,8479.694987,0.0,0.0,3688.8327309999986,10,4,False,False,False,0,0,162,147,13,13,8355.527718,2555.0,476.0,782.0,0,0,0,0,6168.527717999999,0.0,0.0,217,84,9,239,3,1245002471,True,,12168.527718,0.0,outward
15,12072.404041,12072.404041,7446.597041,0.0,0.0,4625.807,13,6,False,False,False,0,0,112,104,15,15,9231.404041,2035.0,374.0,432.0,0,0,0,0,6072.404041,0.0,0.0,155,60,9,119,2,1245002472,True,,12072.404041,0.0,area
10,9965.886906,7172.362895,5176.080596,2793.5240109999995,0.28030862053212224,4789.80631,10,7,True,False,False,80,80,125,123,10,10,7137.886906,2340.0,438.0,50.0,2320.5240109999995,400.0,73.0,0.0,3965.8869059999997,2793.5240109999995,0.0,310,120,3,0,0,1245002473,True,,9965.886906,0.0,edge
16,3348.284811,3348.284811,1369.104965,0.0,0.0,1979.179846,16,16,True,True,False,0,0,0,0,16,16,2356.284811,470.0,85.0,437.0,0,0,0,0,0.0,0.0,0.0,17,0,0,0,0,1245002474,True,,3348.284811,0.0,cluster
11,12765.67443,12765.67443,9755.97523,0.0,0.0,3009.699199999999,3,1,False,False,False,0,0,198,184,11,11,8597.67443,2885.0,538.0,745.0,0,0,0,0,6765.674429999999,0.0,0.0,279,108,10,230,8,1245002475,True,,12765.67443,0.0,outward
14,9972.557026,8525.908852,4195.352063,1446.648174,0.14506291317546383,5777.204963,14,11,True,False,False,30,30,87,85,14,14,7820.557026,1740.0,318.0,94.0,1271.648174,150.0,25.0,0.0,3972.5570260000004,1446.648174,0.0,186,78,3,0,0,1245002476,True,,9972.557026,0.0,area
10,10023.558248,7442.190063,1661.0,2581.3681849999994,0.2575301226503133,8362.558248,10,6,True,False,False,70,70,129,127,10,10,7195.558247999999,2335.0,437.0,56.0,2168.3681849999994,350.0,63.0,0.0,4023.5582479999994,2581.3681849999994,0.0,310,120,4,0,0,1245002477,True,,10023.558248,0.0,edge
13,10452.700841,10452.700841,1038.267099,0.0,0.0,9414.433742,13,9,True,False,False,0,0,120,118,13,13,7842.700841,1900.0,345.0,365.0,0,0,0,0,4452.700841,0.0,0.0,217,71,4,100,0,1245002478,True,,10452.700841,0.0,cluster
10,9700.793416,8474.127609,7558.780495,1226.6658070000012,0.12645004943377108,2142.0129210000005,8,3,False,False,False,40,40,146,135,10,10,6589.793416,2570.0,485.0,56.0,989.6658070000012,200.0,37.0,0.0,3700.7934160000004,1226.6658070000012,0.0,310,120,7,0,2,1245002479,True,,9700.793416,0.0,outward
13,9186.204952,5793.340998,3641.451381,3392.8639540000004,0.3693433764790229,5544.753571,13,13,True,True,False,98,98,98,98,13,13,7247.204952,1585.0,286.0,68.0,2818.8639540000004,490.0,84.0,0.0,3186.204952,3186.204952,0.0,217,98,0,0,0,1245002480,True,,9186.204952,0.0,area
10,9698.275427,7526.030289,2981.0,2172.245138,0.22398261983284878,6717.2754270000005,10,7,True,False,False,90,90,123,123,10,10,6925.2754270000005,2290.0,427.0,56.0,1641.2451380000002,450.0,81.0,0.0,3698.2754270000005,2172.245138,0.0,310,120,3,2,0,1245002481,True,,9698.275427,0.0,edge
14,8426.485157,2552.057305,2015.391283,5874.427851999999,0.697138574690306,6411.093873999999,14,14,True,True,False,144,144,66,66,14,14,6956.485156999999,1185.0,206.0,79.0,5034.427852,720.0,120.0,0.0,2426.485156999999,2426.485156999999,0.0,186,66,0,0,0,1245002482,True,,8426.485157,0.0,cluster
12,9593.495085,9163.235857,7989.559604,430.2592280000008,0.044849059095546595,1603.9354810000004,10,8,False,False,False,16,16,121,116,12,12,6925.4950850000005,2190.0,409.0,69.0,336.2592280000008,80.0,14.0,0.0,3593.4950850000005,430.2592280000008,0.0,248,104,4,0,2,1245002483,True,,9593.495085,0.0,outward
13,10911.286548,10911.286548,7443.786142,0.0,0.0,3467.500406,12,4,False,False,False,0,0,146,141,13,13,7772.286548,2460.0,458.0,221.0,0,0,0,0,4911.286548,0.0,0.0,217,84,9,52,1,1245002484,True,,10911.286548,0.0,area
12,9848.219358,9848.219358,4135.031224,0.0,0.0,5713.188134,12,9,True,False,False,0,0,112,110,12,12,7200.219358,2170.0,403.0,75.0,0,0,0,0,3848.2193580000003,0.0,0.0,248,93,3,1,0,1245002485,True,,9848.219358,0.0,edge
13,9267.233718,3290.18532,1053.877571,5977.048397999999,0.6449657556807503,8213.356146999999,13,13,True,True,False,154,154,79,79,13,13,7612.2337179999995,1350.0,240.0,65.0,5075.048397999999,770.0,132.0,0.0,3267.2337179999995,3267.2337179999995,0.0,217,79,0,0,0,1245002486,True,,9267.233718,0.0,cluster
16,13175.648884,13175.648884,9642.585432,0.0,0.0,3533.0634520000003,12,7,False,False,False,0,0,115,104,16,16,9778.648884,2135.0,393.0,869.0,0,0,0,0,7175.648884,0.0,0.0,113,38,9,262,4,1245002487,True,,13175.648884,0.0,outward
15,9675.01395,9136.40879,4022.848598,538.605160000001,0.05566970371138338,5652.165352,15,11,True,False,False,10,10,65,63,15,15,7742.0139500000005,1565.0,284.0,84.0,480.605160000001,50.0,8.0,0.0,3675.0139500000005,538.605160000001,0.0,155,55,4,0,0,1245002488,True,,9675.01395,0.0,area
13,9399.099513,7549.067039,2704.035811,1850.0324739999996,0.19683082102080088,6695.0637019999995,13,10,True,False,False,42,42,83,81,13,13,6988.099512999999,1975.0,365.0,71.0,1604.0324739999996,210.0,36.0,0.0,3399.099512999999,1850.0324739999996,0.0,217,77,3,0,0,1245002489,True,,9399.099513,0.0,edge
10,8719.901976,1575.675319,431.0,7144.226656999999,0.8193012578195523,8288.901976,10,10,True,True,False,270,270,100,100,10,10,6659.901975999999,1700.0,310.0,50.0,5550.226656999999,1350.0,244.0,0.0,2719.901975999999,2719.901975999999,0.0,310,100,0,0,0,1245002490,True,,8719.901976,0.0,cluster
14,9740.388288,9450.648468,8462.233486,289.7398200000007,0.029746228942120864,1278.154802000001,7,3,False,False,False,12,12,162,139,14,14,6604.388288,2570.0,484.0,82.0,219.7398200000007,60.0,10.0,0.0,3740.388288,289.7398200000007,0.0,186,78,11,4,7,1245002491,True,,9740.388288,0.0,outward
14,10009.801927,10009.801927,2996.893162,0.0,0.0,7012.908765,14,11,True,False,False,0,0,89,85,14,14,7929.801927,1700.0,310.0,70.0,0,0,0,0,4009.8019270000004,0.0,0.0,186,78,3,0,0,1245002492,True,,10009.801927,0.0,area
14,13402.544315,13402.544315,8697.508236,0.0,0.0,4705.0360789999995,12,6,False,False,False,0,0,136,128,14,14,9783.544315,2360.0,436.0,823.0,0,0,0,0,7402.544314999999,0.0,0.0,186,72,8,250,2,1245002493,True,,13402.544315,0.0,edge
13,8191.492143,1932.051837,1045.836418,6259.440306,0.7641392064752176,7145.6557250000005,13,13,True,True,False,182,182,69,69,13,13,6527.492143,1355.0,241.0,68.0,5193.440306,910.0,156.0,0.0,2191.4921430000004,2191.4921430000004,0.0,217,69,0,0,0,1245002494,True,,8191.492143,0.0,cluster
16,9510.715144,9510.715144,7774.968793,0.0,0.0,1735.7463509999998,12,7,False,False,False,0,0,84,71,16,16,6796.715144,2040.0,378.0,296.0,0,0,0,0,3510.715144,0.0,0.0,101,25,9,72,4,1245002495,True,,9510.715144,0.0,outward
14,9736.486206,9736.486206,2567.546684,0.0,0.0,7168.939522,14,9,True,False,False,0,0,102,99,14,14,7573.486206,1765.0,322.0,76.0,0,0,0,0,3736.4862059999996,0.0,0.0,186,72,5,2,0,1245002496,True,,9736.486206,0.0,area
15,8854.931343,6314.679225,1667.0,2540.2521180000003,0.2868742872871759,7187.931343,15,14,True,False,False,50,50,56,55,15,15,6789.931343,1670.0,305.0,90.0,2249.2521180000003,250.0,41.0,0.0,2854.931343,2540.2521180000003,0.0,155,55,1,0,0,1245002497,True,,8854.931343,0.0,edge
11,8982.721425,2694.594831,2175.047809,6288.126593999999,0.7000246691942803,6807.673616,11,11,True,True,False,216,216,108,108,11,11,6938.721425,1680.0,306.0,58.0,5016.126594,1080.0,192.0,0.0,2982.7214249999997,2982.7214249999997,0.0,279,108,0,0,0,1245002498,True,,8982.721425,0.0,cluster
11,11157.117753,11157.117753,9624.944099,0.0,0.0,1532.1736540000002,10,5,False,False,False,0,0,139,136,11,11,8143.117753,2350.0,438.0,226.0,0,0,0,0,5157.117753,0.0,0.0,279,108,6,57,1,1245002499,True,,11157.117753,0.0,outward
11,9115.902854,7046.315312,1358.117696,2069.587542,0.22703045163451674,7757.785158,11,7,True,False,False,72,72,106,103,11,11,6751.902854,1950.0,359.0,55.0,1645.5875420000002,360.0,64.0,0.0,3115.902854,2069.587542,0.0,279,99,4,0,0,1245002500,True,,9115.902854,0.0,area
15,10201.485726,8990.566365,5521.749502,1210.9193610000002,0.11870029459667747,4679.736224000001,15,12,True,False,False,20,20,72,70,15,15,7723.485726000001,2015.0,373.0,90.0,1094.9193610000002,100.0,16.0,0.0,4201.485726000001,1210.9193610000002,0.0,155,60,3,1,0,1245002501,True,,10201.485726,0.0,edge
16,6024.963572,6024.963572,2303.0,0.0,0.0,3721.9635719999997,16,15,True,False,False,0,0,0,0,16,16,4117.963572,885.0,153.0,869.0,0,0,0,0,24.963571999999658,0.0,0.0,31,0,1,0,0,1245002502,True,,6024.963572,0.0,cluster
15,10154.836674,8809.104222,4780.675999,1345.7324520000002,0.13252132901807812,5374.160675,15,8,True,False,False,25,25,73,65,15,15,7619.836674,2070.0,387.0,78.0,1199.7324520000002,125.0,21.0,0.0,4154.836674,1345.7324520000002,0.0,155,55,7,0,0,1245002503,True,,10154.836674,0.0,outward
15,9282.801405,7619.493398,3298.047682,1663.3080070000005,0.17918168604836165,5984.753723,15,13,True,False,False,30,30,71,69,15,15,7485.801405,1460.0,262.0,75.0,1489.3080070000005,150.0,24.0,0.0,3282.801405,1663.3080070000005,0.0,155,65,2,0,0,1245002504,True,,9282.801405,0.0,area
14,9761.772101,7636.308023,5347.793995,2125.464078000001,0.21773342544867108,4413.9781060000005,14,10,True,False,False,36,36,77,75,14,14,7396.7721010000005,1930.0,356.0,79.0,1915.4640780000009,180.0,30.0,0.0,3761.7721010000005,2125.464078000001,0.0,186,72,4,2,0,1245002505,True,,9761.772101,0.0,edge
14,8699.585915,3662.583528,665.0,5037.0023869999995,0.5789933493633415,8034.585915,14,14,True,True,False,120,120,63,63,14,14,7026.585915,1355.0,239.0,79.0,4336.0023869999995,600.0,101.0,0.0,2699.5859149999997,2699.5859149999997,0.0,186,63,0,0,0,1245002506,True,,8699.585915,0.0,cluster
16,9338.354338,9338.354338,6384.821984,0.0,0.0,2953.532353999999,15,10,False,False,False,0,0,20,16,16,16,6461.354337999999,1705.0,318.0,854.0,0,0,0,0,3338.354337999999,0.0,0.0,80,4,6,258,1,1245002507,True,,9338.354338,0.0,outward
10,12221.407366,12221.407366,7858.103111,0.0,0.0,4363.304254999999,7,4,False,False,False,0,0,179,170,10,10,8903.407366,2480.0,464.0,374.0,0,0,0,0,6221.4073659999995,0.0,0.0,310,127,6,108,3,1245002508,True,,12221.407366,0.0,area
15,9885.631063,9885.631063,5476.240483,0.0,0.0,4409.390580000001,15,13,True,False,False,0,0,66,62,15,15,7589.631063000001,1870.0,345.0,81.0,0,0,0,0,3885.6310630000007,0.0,0.0,155,51,2,2,0,1245002509,True,,9885.631063,0.0,edge
13,8416.421002,1608.982293,654.0,6807.438708999999,0.8088282070707185,7762.421001999999,13,13,True,True,False,189,189,63,63,13,13,6868.421001999999,1260.0,223.0,65.0,5699.438708999999,945.0,163.0,0.0,2416.421001999999,2416.421001999999,0.0,217,63,0,0,0,1245002510,True,,8416.421002,0.0,cluster
16,13364.264235,13364.264235,8166.738506,0.0,0.0,5197.525729000001,15,10,False,False,False,0,0,85,80,16,16,9881.264235,1960.0,357.0,1166.0,0,0,0,0,7364.264235000001,0.0,0.0,104,24,6,362,1,1245002511,True,,13364.264235,0.0,outward
14,10223.325461,9144.599538,3853.336175,1078.725923,0.10551614805917406,6369.989286,14,11,True,False,False,18,18,99,96,14,14,8216.325461,1620.0,293.0,94.0,973.725923,90.0,15.0,0.0,4223.325461,1078.725923,0.0,186,84,3,3,0,1245002512,True,,10223.325461,0.0,area
10,9407.997741,8896.9217,5029.509633,511.07604099999844,0.054323571823655104,4378.488108,10,9,True,False,False,20,20,130,130,10,10,6768.997740999999,2160.0,402.0,77.0,393.07604099999844,100.0,18.0,0.0,3407.997740999999,511.07604099999844,0.0,310,120,1,1,0,1245002513,True,,9407.997741,0.0,edge
10,9884.458824,9884.458824,1865.0,0.0,0.0,8019.458823999999,10,8,True,False,False,0,0,145,143,10,10,7399.458823999999,2055.0,380.0,50.0,0,0,0,0,3884.4588239999994,0.0,0.0,310,119,2,0,0,1245002514,True,,9884.458824,0.0,cluster
13,9695.777341,8838.730692,8265.717275,857.0466490000017,0.08839380473145311,1430.060066,11,9,False,False,False,21,21,112,105,13,13,7159.777341000001,2080.0,385.0,71.0,734.0466490000017,105.0,18.0,0.0,3695.777341000001,857.0466490000017,0.0,217,91,4,2,2,1245002515,True,,9695.777341,0.0,outward
13,9673.421005,9673.421005,6455.705775,0.0,0.0,3217.71523,12,10,False,False,False,0,0,106,102,13,13,7412.421005,1840.0,338.0,83.0,0,0,0,0,3673.421005,0.0,0.0,217,84,3,0,1,1245002516,True,,9673.421005,0.0,area
13,11864.542381,11864.542381,7736.614495,0.0,0.0,4127.9278859999995,12,9,False,False,False,0,0,109,106,13,13,8783.542381,2060.0,383.0,638.0,0,0,0,0,5864.542380999999,0.0,0.0,217,84,4,190,1,1245002517,True,,11864.542381,0.0,edge
10,8922.102603,2500.879722,359.0,6421.222881,0.7196983902472613,8563.102603,10,10,True,True,False,240,240,110,110,10,10,6840.102602999999,1715.0,314.0,53.0,5004.222881,1200.0,217.0,0.0,2922.1026029999994,2922.1026029999994,0.0,310,110,0,0,0,1245002518,True,,8922.102603,0.0,cluster
13,10451.963547,10451.963547,8842.202229,0.0,0.0,1609.761317999999,10,4,False,False,False,0,0,125,110,13,13,7218.963546999999,2450.0,460.0,323.0,0,0,0,0,4451.963546999999,0.0,0.0,217,80,9,86,3,1245002519,True,,10451.963547,0.0,outward
10,10857.488271,10857.488271,6744.821519,0.0,0.0,4112.666752,9,6,False,False,False,0,0,156,152,10,10,7975.488271,2385.0,444.0,53.0,0,0,0,0,4857.488271,0.0,0.0,310,120,4,1,1,1245002520,True,,10857.488271,0.0,area
14,9031.264942,5808.760638,3754.528356,3222.504304,0.3568164952191478,5276.736586,14,14,True,True,False,66,66,60,60,14,14,6994.264942,1665.0,302.0,70.0,2837.504304,330.0,55.0,0.0,3031.264942,3031.264942,0.0,186,60,0,0,0,1245002521,True,,9031.264942,0.0,edge
14,8996.797385,8996.797385,737.0,0.0,0.0,8259.797385,14,13,True,False,False,0,0,73,73,14,14,7201.797385,1425.0,252.0,118.0,0,0,0,0,2996.797385,0.0,0.0,186,60,1,16,0,1245002522,True,,8996.797385,0.0,cluster
11,10795.386322,10795.386322,8876.573831,0.0,0.0,1918.8124910000006,10,6,False,False,False,0,0,138,134,11,11,7546.386322,2415.0,452.0,382.0,0,0,0,0,4795.386322,0.0,0.0,279,105,5,109,1,1245002523,True,,10795.386322,0.0,outward
15,8950.267181,7298.523132,1283.0,1651.744048999999,0.1845468985000124,7667.267180999999,15,12,True,False,False,30,30,59,58,15,15,7082.267180999999,1520.0,273.0,75.0,1477.744048999999,150.0,24.0,0.0,2950.2671809999993,1651.744048999999,0.0,155,55,3,0,0,1245002524,True,,8950.267181,0.0,area
12,9939.064334,9939.064334,8070.445567,0.0,0.0,1868.6187670000008,11,5,False,False,False,0,0,132,126,12,12,6957.064334000001,2445.0,459.0,78.0,0,0,0,0,3939.0643340000006,0.0,0.0,248,94,7,5,1,1245002525,True,,9939.064334,0.0,edge
10,9306.750336,9306.750336,1668.0,0.0,0.0,7638.750335999999,10,9,True,False,False,0,0,122,121,10,10,6897.750335999999,1990.0,369.0,50.0,0,0,0,0,3306.750335999999,0.0,0.0,310,110,1,0,0,1245002526,True,,9306.750336,0.0,cluster
14,10485.807424,10485.807424,6955.230827,0.0,0.0,3530.576597,9,5,False,False,False,0,0,129,108,14,14,7574.8074240000005,2385.0,450.0,76.0,0,0,0,0,4485.8074240000005,0.0,0.0,186,72,9,1,5,1245002527,True,,10485.807424,0.0,outward
11,9690.207731,8356.901798,1283.0,1333.3059329999996,0.13759312184140415,8407.207731,11,7,True,False,False,36,36,91,90,11,11,7332.207731,1945.0,358.0,55.0,1121.3059329999996,180.0,32.0,0.0,3690.2077310000004,1333.3059329999996,0.0,279,90,4,0,0,1245002528,True,,9690.207731,0.0,area
12,13316.796226,13316.796226,6609.958395,0.0,0.0,6706.837831000001,10,6,False,False,False,0,0,143,136,12,12,9846.796226,2235.0,413.0,822.0,0,0,0,0,7316.796226,0.0,0.0,248,103,6,254,2,1245002529,True,,13316.796226,0.0,edge
12,8900.203306,8900.203306,5166.384323,0.0,0.0,3733.818982999999,12,11,True,False,False,0,0,99,97,12,12,6944.203305999999,1605.0,291.0,60.0,0,0,0,0,2900.2033059999994,0.0,0.0,248,88,1,0,0,1245002530,True,,8900.203306,0.0,cluster
16,11118.794573,11118.794573,9293.538722,0.0,0.0,1825.255851,10,6,False,False,False,0,0,136,121,16,16,7709.794572999999,2430.0,449.0,530.0,0,0,0,0,5118.794572999999,0.0,0.0,119,43,10,150,6,1245002531,True,,11118.794573,0.0,outward
11,10492.745519,10492.745519,3555.101142,0.0,0.0,6937.6443770000005,11,8,True,False,False,0,0,110,110,11,11,7849.745519,2045.0,375.0,223.0,0,0,0,0,4492.745519,0.0,0.0,279,96,3,55,0,1245002532,True,,10492.745519,0.0,area
13,10009.262031,10009.262031,6224.616265,0.0,0.0,3784.6457660000005,12,7,False,False,False,0,0,98,89,13,13,7381.262031,2140.0,399.0,89.0,0,0,0,0,4009.262031,0.0,0.0,217,77,6,0,1,1245002533,True,,10009.262031,0.0,edge
10,8827.203846,2456.472375,353.0,6370.731471000001,0.7217156850735766,8474.203846,10,10,True,True,False,240,240,110,110,10,10,6705.203846,1750.0,319.0,53.0,4954.731471,1200.0,216.0,0.0,2827.2038460000003,2827.2038460000003,0.0,310,110,0,0,0,1245002534,True,,8827.203846,0.0,cluster
11,15995.006479,15995.006479,8700.030831,0.0,0.0,7294.975648,5,0,False,False,False,0,0,212,200,11,11,11180.006479,2930.0,546.0,1339.0,0,0,0,0,9995.006479,0.0,0.0,279,108,11,428,6,1245002535,True,,15995.006479,0.0,outward
16,4291.234153,4291.234153,2197.622995,0.0,0.0,2093.611158,16,16,True,True,False,0,0,0,0,16,16,3475.2341530000003,605.0,113.0,98.0,0,0,0,0,0.0,0.0,0.0,27,0,0,0,0,1245002536,True,,4291.234153,0.0,area
14,10297.470973,8391.783471,6564.968568,1905.6875019999989,0.18506364397595462,3732.5024049999993,12,6,False,False,False,24,24,94,88,14,14,7707.4709729999995,2095.0,389.0,106.0,1765.6875019999989,120.0,20.0,0.0,4297.4709729999995,1905.6875019999989,0.0,186,66,8,9,2,1245002537,True,,10297.470973,0.0,edge
16,2328.986735,2328.986735,431.0,0.0,0.0,1897.986735,16,16,True,True,False,0,0,0,0,16,16,1758.986735,285.0,52.0,233.0,0,0,0,0,0.0,0.0,0.0,8,0,0,0,0,1245002538,True,,2328.986735,0.0,cluster
14,9535.960466,7781.319145,7001.558585,1754.641321,0.18400257921119614,2534.4018810000007,11,10,False,False,False,42,42,98,90,14,14,7005.960466,2045.0,379.0,106.0,1509.641321,210.0,35.0,0.0,3535.9604660000005,1754.641321,0.0,186,78,4,5,3,1245002539,True,,9535.960466,0.0,outward
13,9468.390438,9468.390438,5155.960898,0.0,0.0,4312.42954,13,12,True,False,False,0,0,84,84,13,13,7305.390438,1770.0,325.0,68.0,0,0,0,0,3468.3904380000004,0.0,0.0,217,84,1,0,0,1245002540,True,,9468.390438,0.0,area
11,9692.972091,9166.200603,2339.0,526.7714880000003,0.054345713889872,7353.972091,11,4,True,False,False,18,18,143,136,11,11,6773.972091,2410.0,451.0,58.0,420.7714880000003,90.0,16.0,0.0,3692.9720909999996,526.7714880000003,0.0,279,109,7,0,0,1245002541,True,,9692.972091,0.0,edge
16,1721.164753,1721.164753,729.43189,0.0,0.0,991.7328630000001,16,16,True,True,False,0,0,0,0,16,16,1293.164753,290.0,55.0,83.0,0,0,0,0,0.0,0.0,0.0,12,0,0,0,0,1245002542,True,,1721.164753,0.0,cluster
10,10149.771298,10149.771298,6941.475514,0.0,0.0,3208.295784,9,2,False,False,False,0,0,164,151,10,10,6932.771298,2665.0,502.0,50.0,0,0,0,0,4149.771298,0.0,0.0,310,119,8,0,1,1245002543,True,,10149.771298,0.0,outward
11,10640.818503,10640.818503,5424.996643,0.0,0.0,5215.82186,11,6,True,False,False,0,0,143,139,11,11,7832.818503,2315.0,435.0,58.0,0,0,0,0,4640.818503,0.0,0.0,279,106,5,1,0,1245002544,True,,10640.818503,0.0,area
11,9696.39748,7464.283474,1349.0,2232.114006,0.23020034096209513,8347.39748,11,2,True,False,False,81,81,133,124,11,11,6747.39748,2420.0,453.0,76.0,1755.1140059999998,405.0,72.0,0.0,3696.3974799999996,2232.114006,0.0,279,112,9,7,0,1245002545,True,,9696.39748,0.0,edge
13,9410.125986,9410.125986,1049.0,0.0,0.0,8361.125986,13,10,True,False,False,0,0,99,98,13,13,7447.125985999999,1600.0,289.0,74.0,0,0,0,0,3410.125985999999,0.0,0.0,217,77,3,0,0,1245002546,True,,9410.125986,0.0,cluster
15,15464.011359,15464.011359,8717.970412,0.0,0.0,6746.0409469999995,8,7,False,False,False,0,0,140,129,15,15,11263.011359,2275.0,420.0,1506.0,0,0,0,0,9464.011359,0.0,0.0,155,65,8,477,7,1245002547,True,,15464.011359,0.0,outward
15,9686.443997,9607.424425,5876.658739,79.01957200000106,0.008157748294882446,3809.785258,15,10,True,False,False,5,5,72,66,15,15,7859.443997,1480.0,266.0,81.0,50.01957200000106,25.0,4.0,0.0,3686.4439970000003,79.01957200000106,0.0,155,60,5,1,0,1245002548,True,,9686.443997,0.0,area
11,9747.126,8706.70462,5716.455509,1040.4213799999998,0.10674134919359816,4030.670491,11,5,True,False,False,36,36,151,146,11,11,6719.126,2500.0,470.0,58.0,828.4213799999998,180.0,32.0,0.0,3747.126,1040.4213799999998,0.0,279,117,6,1,0,1245002549,True,,9747.126,0.0,edge
13,9703.476682,9703.476682,2647.247895,0.0,0.0,7056.228787,13,11,True,False,False,0,0,110,108,13,13,7670.476682,1665.0,303.0,65.0,0,0,0,0,3703.4766820000004,0.0,0.0,217,84,2,0,0,1245002550,True,,9703.476682,0.0,cluster
12,10143.508706,10143.508706,8330.33125,0.0,0.0,1813.1774560000013,7,4,False,False,False,0,0,141,122,12,12,7143.5087060000005,2475.0,465.0,60.0,0,0,0,0,4143.5087060000005,0.0,0.0,248,96,8,0,5,1245002551,True,,10143.508706,0.0,outward
15,10818.239143,8967.993732,7960.841262,1850.2454109999999,0.17103018213432739,2857.397881000001,13,8,False,False,False,25,25,107,100,15,15,8479.239143,1910.0,351.0,78.0,1705.2454109999999,125.0,20.0,0.0,4818.239143000001,1850.2454109999999,0.0,155,70,7,0,2,1245002552,True,,10818.239143,0.0,area
10,10533.999156,10533.999156,1979.0,0.0,0.0,8554.999156,10,6,True,False,False,0,0,122,121,10,10,7847.999156,2220.0,413.0,53.0,0,0,0,0,4533.999156,0.0,0.0,310,110,4,1,0,1245002553,True,,10533.999156,0.0,edge
15,8471.814202,3187.560791,700.230926,5284.253411,0.6237451961295976,7771.583275999999,15,15,True,True,False,110,110,50,50,15,15,7092.814202,1110.0,191.0,78.0,4646.253411,550.0,88.0,0.0,2471.8142019999996,2471.8142019999996,0.0,155,50,0,0,0,1245002554,True,,8471.814202,0.0,cluster
10,10104.211108,9791.781828,6857.533806,312.4292800000003,0.030920699959706376,3246.677301999999,8,4,False,False,False,10,10,144,136,10,10,7193.2111079999995,2405.0,450.0,56.0,253.4292800000003,50.0,9.0,0.0,4104.2111079999995,312.4292800000003,0.0,310,120,6,0,2,1245002555,True,,10104.211108,0.0,outward
14,12872.456588,12872.456588,9294.728996,0.0,0.0,3577.7275919999993,13,6,False,False,False,0,0,108,104,14,14,9694.456588,1945.0,356.0,877.0,0,0,0,0,6872.456587999999,0.0,0.0,186,66,8,268,1,1245002556,True,,12872.456588,0.0,area
15,9623.10444,8316.068105,5703.220179,1307.0363349999989,0.13582273196236858,3919.8842609999992,15,11,True,False,False,30,30,85,82,15,15,7338.104439999999,1760.0,321.0,204.0,1132.0363349999989,150.0,25.0,0.0,3623.104439999999,1307.0363349999989,0.0,155,70,4,2,0,1245002557,True,,9623.10444,0.0,edge
12,10404.015932,10404.015932,1055.0,0.0,0.0,9349.015932,12,10,True,False,False,0,0,113,112,12,12,7762.015932,1935.0,353.0,354.0,0,0,0,0,4404.015932,0.0,0.0,248,88,2,98,0,1245002558,True,,10404.015932,0.0,cluster
13,12702.935303,12702.935303,8899.159239,0.0,0.0,3803.7760639999997,7,4,False,False,False,0,0,172,159,13,13,9120.935303,2580.0,481.0,521.0,0,0,0,0,6702.935303,0.0,0.0,217,91,9,151,6,1245002559,True,,12702.935303,0.0,outward
12,9125.118141,7825.67656,3573.347273,1299.441581000001,0.14240271313984304,5551.770868000001,12,10,True,False,False,40,40,95,94,12,12,7017.118141000001,1715.0,315.0,78.0,1064.441581000001,200.0,35.0,0.0,3125.118141000001,1299.441581000001,0.0,248,88,2,0,0,1245002560,True,,9125.118141,0.0,area
10,9419.529414,8826.655992,5079.14015,592.8734220000006,0.06294087485079969,4340.389264,10,4,True,False,False,30,30,155,148,10,10,6355.5294140000005,2535.0,476.0,53.0,415.8734220000006,150.0,27.0,0.0,3419.5294140000005,592.8734220000006,0.0,310,120,6,1,0,1245002561,True,,9419.529414,0.0,edge
11,10651.783136,10651.783136,1489.356657,0.0,0.0,9162.426479,11,7,True,False,False,0,0,123,122,11,11,7796.783136,2025.0,370.0,460.0,0,0,0,0,4651.783136,0.0,0.0,279,90,4,135,0,1245002562,True,,10651.783136,0.0,cluster
12,9332.102338,9103.124263,7691.810756,228.9780750000009,0.024536601368762324,1640.2915820000007,11,6,False,False,False,8,8,124,119,12,12,6461.102338000001,2350.0,437.0,84.0,180.9780750000009,40.0,8.0,0.0,3332.1023380000006,228.9780750000009,0.0,248,96,6,8,1,1245002563,True,,9332.102338,0.0,outward
11,10455.147323,10455.147323,7812.287534,0.0,0.0,2642.859788999999,9,5,False,False,False,0,0,137,128,11,11,7668.147322999999,2300.0,429.0,58.0,0,0,0,0,4455.147322999999,0.0,0.0,279,108,6,0,2,1245002564,True,,10455.147323,0.0,area
15,11687.79144,11687.79144,4952.058182,0.0,0.0,6735.733258000001,15,9,True,False,False,0,0,86,81,15,15,8787.79144,1975.0,364.0,561.0,0,0,0,0,5687.791440000001,0.0,0.0,155,55,6,161,0,1245002565,True,,11687.79144,0.0,edge
15,7822.809492,1611.408521,395.0,6211.400971,0.7940115347755934,7427.809492,15,15,True,True,False,135,135,40,40,15,15,6625.809492,960.0,162.0,75.0,5428.400971,675.0,108.0,0.0,1822.8094920000003,1822.8094920000003,0.0,155,40,0,0,0,1245002566,True,,7822.809492,0.0,cluster
14,10220.249128,10220.249128,9017.556048,0.0,0.0,1202.693079999999,11,5,False,False,False,0,0,131,119,14,14,7247.2491279999995,2445.0,458.0,70.0,0,0,0,0,4220.2491279999995,0.0,0.0,186,72,9,0,3,1245002567,True,,10220.249128,0.0,outward
16,10663.716787,10663.716787,6634.184041,0.0,0.0,4029.532745999999,14,8,False,False,False,0,0,39,33,16,16,7851.716786999999,1630.0,301.0,881.0,0,0,0,0,4663.716786999999,0.0,0.0,84,9,8,267,2,1245002568,True,,10663.716787,0.0,area
16,5937.857825,5937.857825,2656.438931,0.0,0.0,3281.418894,16,16,True,True,True,0,0,0,0,16,16,4579.857825,880.0,167.0,311.0,0,0,0,0,0.0,0.0,0.0,32,0,0,0,0,1245002569,True,,5937.857825,0.0,edge
16,2536.457274,2536.457274,1253.0,0.0,0.0,1283.4572739999999,16,16,True,True,False,0,0,0,0,16,16,1917.4572739999999,450.0,83.0,86.0,0,0,0,0,0.0,0.0,0.0,18,0,0,0,0,1245002570,True,,2536.457274,0.0,cluster
16,10316.632482,10316.632482,7668.536396,0.0,0.0,2648.0960860000005,13,8,False,False,False,0,0,86,76,16,16,7876.632482000001,1915.0,355.0,170.0,0,0,0,0,4316.632482000001,0.0,0.0,96,28,8,28,3,1245002571,True,,10316.632482,0.0,outward
13,9247.937562,9247.937562,6017.546855,0.0,0.0,3230.3907069999996,12,8,False,False,False,0,0,79,75,13,13,7092.937561999999,1745.0,318.0,92.0,0,0,0,0,3247.937561999999,0.0,0.0,217,75,5,5,1,1245002572,True,,9247.937562,0.0,area
15,9846.524406,8241.486929,5210.466333,1605.0374769999999,0.16300548404896725,4636.058073,15,10,True,False,False,25,25,76,74,15,15,7455.524406,1925.0,358.0,108.0,1459.0374769999999,125.0,21.0,0.0,3846.5244060000005,1605.0374769999999,0.0,155,60,5,2,0,1245002573,True,,9846.524406,0.0,edge
15,9551.220468,9551.220468,1175.915955,0.0,0.0,8375.304513,15,12,True,False,False,0,0,69,69,15,15,7765.2204679999995,1390.0,243.0,153.0,0,0,0,0,3551.2204679999995,0.0,0.0,155,45,3,26,0,1245002574,True,,9551.220468,0.0,cluster
13,9346.059183,8471.734167,3314.422668,874.3250159999989,0.09355012619547189,6031.636514999999,13,11,True,False,False,21,21,90,88,13,13,6906.059182999999,2005.0,370.0,65.0,751.3250159999989,105.0,18.0,0.0,3346.0591829999994,874.3250159999989,0.0,217,77,2,0,0,1245002575,True,,9346.059183,0.0,outward
15,9809.782817,8558.302646,5743.714675,1251.4801709999992,0.12757470724338865,4066.068141999999,15,9,True,False,False,30,30,74,71,15,15,7786.782816999999,1645.0,300.0,78.0,1077.4801709999992,150.0,24.0,0.0,3809.7828169999993,1251.4801709999992,0.0,155,61,6,0,0,1245002576,True,,9809.782817,0.0,area
10,11337.126042,11337.126042,4169.713109,0.0,0.0,7167.412933,10,9,True,False,False,0,0,125,125,10,10,8205.126042,2230.0,414.0,488.0,0,0,0,0,5337.126042,0.0,0.0,310,120,1,143,0,1245002577,True,,11337.126042,0.0,edge
14,8421.286929,2348.782742,1261.90216,6072.5041870000005,0.7210898094551791,7159.384769,14,14,True,True,False,150,150,54,54,14,14,6917.286929,1205.0,211.0,88.0,5197.5041870000005,750.0,125.0,0.0,2421.286929,2421.286929,0.0,186,54,0,0,0,1245002578,True,,8421.286929,0.0,cluster
13,12848.149852,12848.149852,9353.303163,0.0,0.0,3494.846689,8,5,False,False,False,0,0,160,148,13,13,9158.149852,2445.0,454.0,791.0,0,0,0,0,6848.1498520000005,0.0,0.0,217,91,8,242,5,1245002579,True,,12848.149852,0.0,outward
16,9031.086638,9031.086638,5188.569869,0.0,0.0,3842.5167690000007,16,12,True,False,False,0,0,3,3,16,16,6704.086638000001,1125.0,204.0,998.0,0,0,0,0,3031.0866380000007,0.0,0.0,59,0,4,304,0,1245002580,True,,9031.086638,0.0,area
11,9741.613568,8869.226946,8328.391592,872.386622,0.08955257934534402,1413.2219760000007,9,2,False,False,False,27,27,146,135,11,11,6662.613568000001,2545.0,479.0,55.0,712.386622,135.0,25.0,0.0,3741.6135680000007,872.386622,0.0,279,108,9,0,2,1245002581,True,,9741.613568,0.0,edge
13,8386.000231,5326.336931,723.064189,3059.6633,0.3648537104362978,7662.936042,13,13,True,True,False,91,91,70,70,13,13,6729.000231,1350.0,239.0,68.0,2526.6633,455.0,78.0,0.0,2386.000231,2386.000231,0.0,217,70,0,0,0,1245002582,True,,8386.000231,0.0,cluster
11,12104.209451,12104.209451,8611.535117,0.0,0.0,3492.674334000001,7,2,False,False,False,0,0,167,157,11,11,8277.209451,2705.0,509.0,613.0,0,0,0,0,6104.209451000001,0.0,0.0,279,108,9,186,4,1245002583,True,,12104.209451,0.0,outward
10,9257.96598,8307.63164,3804.543628,950.3343400000012,0.10265044633486557,5453.422352000001,10,9,True,False,False,40,40,128,127,10,10,6832.965980000001,2005.0,370.0,50.0,714.3343400000012,200.0,36.0,0.0,3257.965980000001,950.3343400000012,0.0,310,120,1,0,0,1245002584,True,,9257.96598,0.0,area
13,9910.773905,9673.045581,8573.033798,237.7283239999997,0.023986857764968828,1337.7401069999996,12,10,False,False,False,7,7,105,102,13,13,7323.773905,2090.0,387.0,110.0,195.7283239999997,35.0,7.0,0.0,3910.773905,237.7283239999997,0.0,217,84,3,9,1,1245002585,True,,9910.773905,0.0,edge
14,7891.927085,1573.695678,371.0,6318.231407,0.800594245100023,7520.927085,14,14,True,True,False,162,162,52,52,14,14,6480.927085,1140.0,198.0,73.0,5372.231407,810.0,136.0,0.0,1891.9270850000003,1891.9270850000003,0.0,186,52,0,0,0,1245002586,True,,7891.927085,0.0,cluster
16,10321.032037,10321.032037,9384.961506,0.0,0.0,936.0705310000012,13,6,False,False,False,0,0,109,93,16,16,7590.032037000001,2125.0,391.0,215.0,0,0,0,0,4321.032037000001,0.0,0.0,113,41,10,45,3,1245002587,True,,10321.032037,0.0,outward
13,9168.082876,3869.997168,2792.269118,5298.0857080000005,0.5778837058584199,6375.813758,13,13,True,True,False,147,147,84,84,13,13,7336.082876,1490.0,268.0,74.0,4437.0857080000005,735.0,126.0,0.0,3168.0828760000004,3168.0828760000004,0.0,217,84,0,0,0,1245002588,True,,9168.082876,0.0,area
14,12450.132672,12450.132672,5023.928051,0.0,0.0,7426.204621,14,6,True,False,False,0,0,120,116,14,14,9181.132672,2180.0,404.0,685.0,0,0,0,0,6450.132672,0.0,0.0,186,72,8,205,0,1245002589,True,,12450.132672,0.0,edge
16,2601.29482,2601.29482,661.76005,0.0,0.0,1939.5347700000002,16,16,True,True,False,0,0,0,0,16,16,2015.29482,280.0,49.0,257.0,0,0,0,0,0.0,0.0,0.0,8,0,0,0,0,1245002590,True,,2601.29482,0.0,cluster
15,10106.118941,10106.118941,8143.783625,0.0,0.0,1962.3353160000006,14,7,False,False,False,0,0,92,86,15,15,7530.118941000001,2110.0,391.0,75.0,0,0,0,0,4106.118941000001,0.0,0.0,155,55,8,0,1,1245002591,True,,10106.118941,0.0,outward
13,12648.318527,12648.318527,3427.813327,0.0,0.0,9220.5052,13,9,True,False,False,0,0,152,150,13,13,9640.318527,2045.0,373.0,590.0,0,0,0,0,6648.318526999999,0.0,0.0,217,98,4,175,0,1245002592,True,,12648.318527,0.0,area
11,9754.040305,9754.040305,5718.944861,0.0,0.0,4035.0954440000005,11,4,True,False,False,0,0,128,122,11,11,6837.040305,2395.0,449.0,73.0,0,0,0,0,3754.0403050000004,0.0,0.0,279,100,7,6,0,1245002593,True,,9754.040305,0.0,edge
16,3474.910141,3474.910141,737.0,0.0,0.0,2737.910141,16,16,True,True,False,0,0,0,0,16,16,2412.910141,365.0,62.0,635.0,0,0,0,0,0.0,0.0,0.0,12,0,0,0,0,1245002594,True,,3474.910141,0.0,cluster
13,14767.817173,14767.817173,7291.507,0.0,0.0,7476.310173,9,3,False,False,False,0,0,172,163,13,13,10266.817173,2630.0,486.0,1385.0,0,0,0,0,8767.817173,0.0,0.0,217,84,10,440,4,1245002595,True,,14767.817173,0.0,outward
12,9467.834059,7458.974342,3130.648531,2008.8597170000003,0.21217732635379305,6337.185528000001,12,9,True,False,False,56,56,96,96,12,12,7546.834059000001,1575.0,286.0,60.0,1679.8597170000003,280.0,49.0,0.0,3467.8340590000007,2008.8597170000003,0.0,248,96,3,0,0,1245002596,True,,9467.834059,0.0,area
16,6355.391137,6355.391137,4824.858434,0.0,0.0,1530.5327029999999,16,15,True,False,False,0,0,1,0,16,16,4662.391137,1345.0,253.0,95.0,0,0,0,0,355.3911369999996,0.0,0.0,62,0,1,0,0,1245002597,True,,6355.391137,0.0,edge
11,8975.661597,8975.661597,1157.39086,0.0,0.0,7818.270737000001,11,9,True,False,False,0,0,103,103,11,11,6893.661597,1715.0,309.0,58.0,0,0,0,0,2975.6615970000003,0.0,0.0,279,90,2,1,0,1245002598,True,,8975.661597,0.0,cluster
11,9246.618345,8692.687462,7673.694201,553.9308830000009,0.05990632059552155,1572.9241440000005,9,7,False,False,False,18,18,124,118,11,11,6547.618345000001,2220.0,415.0,64.0,447.9308830000009,90.0,16.0,0.0,3246.6183450000008,553.9308830000009,0.0,279,103,4,1,2,1245002599,True,,9246.618345,0.0,outward
13,10527.944083,10527.944083,8377.655376,0.0,0.0,2150.2887069999997,11,9,False,False,False,0,0,140,134,13,13,8153.944083,1930.0,355.0,89.0,0,0,0,0,4527.944083,0.0,0.0,217,103,4,8,2,1245002600,True,,10527.944083,0.0,area
16,11531.635171,11531.635171,6187.015942,0.0,0.0,5344.619229,15,8,False,False,False,0,0,43,38,16,16,8764.635171,1840.0,337.0,590.0,0,0,0,0,5531.635171,0.0,0.0,76,0,8,168,1,1245002601,True,,11531.635171,0.0,edge
15,8801.715196,2967.7979,1877.1723,5833.917296,0.6628159587180535,6924.542895999999,15,15,True,True,False,115,115,55,55,15,15,7270.715195999999,1230.0,217.0,84.0,5166.917295999999,575.0,92.0,0.0,2801.715195999999,2801.715195999999,0.0,155,55,0,0,0,1245002602,True,,8801.715196,0.0,cluster
16,14177.118351,14177.118351,9215.531179,0.0,0.0,4961.587172,7,4,False,False,False,0,0,160,138,16,16,10207.118351,2495.0,468.0,1007.0,0,0,0,0,8177.118350999999,0.0,0.0,115,43,12,309,9,1245002603,True,,14177.118351,0.0,outward
15,10321.100831,10321.100831,4505.51553,0.0,0.0,5815.585301,15,13,True,False,False,0,0,95,94,15,15,8341.100831,1525.0,272.0,183.0,0,0,0,0,4321.100831,0.0,0.0,155,65,2,36,0,1245002604,True,,10321.100831,0.0,area
16,8784.344268,8784.344268,5490.123947,0.0,0.0,3294.2203210000007,16,11,True,False,False,0,0,4,4,16,16,6410.344268000001,1555.0,289.0,530.0,0,0,0,0,2784.3442680000007,0.0,0.0,73,0,5,149,0,1245002605,True,,8784.344268,0.0,edge
10,10632.587586,10632.587586,1307.0,0.0,0.0,9325.587586,10,9,True,False,False,0,0,124,124,10,10,7891.587586,1925.0,352.0,464.0,0,0,0,0,4632.587586,0.0,0.0,310,110,1,138,0,1245002606,True,,10632.587586,0.0,cluster
15,13758.171259,13758.171259,8741.932162,0.0,0.0,5016.2390970000015,9,4,False,False,False,0,0,154,138,15,15,9819.171259,2515.0,467.0,957.0,0,0,0,0,7758.171259000001,0.0,0.0,155,60,11,294,6,1245002607,True,,13758.171259,0.0,outward
15,9949.002278,9395.748351,5793.161909,553.2539269999997,0.05560898586015981,4155.840369,15,10,True,False,False,10,10,66,62,15,15,8055.002278,1525.0,276.0,93.0,495.25392699999975,50.0,8.0,0.0,3949.002278,553.2539269999997,0.0,155,60,5,4,0,1245002608,True,,9949.002278,0.0,area
10,9610.977531,9342.607775,5363.419822,268.36975600000005,0.027923252877699402,4247.557709000001,10,9,True,False,False,10,10,120,119,10,10,7010.977531,2145.0,399.0,56.0,209.36975600000005,50.0,9.0,0.0,3610.9775310000005,268.36975600000005,0.0,310,110,1,0,0,1245002609,True,,9610.977531,0.0,edge
16,1468.254168,1468.254168,688.01249,0.0,0.0,780.241678,16,16,True,True,False,0,0,0,0,16,16,1020.2541679999999,295.0,52.0,101.0,0,0,0,0,0.0,0.0,0.0,10,0,0,0,0,1245002610,True,,1468.254168,0.0,cluster
13,10205.012423,9902.929737,7928.04174,302.08268599999974,0.029601403063377704,2276.9706830000005,8,5,False,False,False,7,7,152,136,13,13,7165.012423,2500.0,469.0,71.0,261.08268599999974,35.0,6.0,0.0,4205.012423,302.08268599999974,0.0,217,91,8,0,5,1245002611,True,,10205.012423,0.0,outward
14,9925.259921,9925.259921,9495.529405,0.0,0.0,429.73051600000144,10,9,False,False,False,0,0,141,130,14,14,7450.259921000001,2025.0,374.0,76.0,0,0,0,0,3925.2599210000008,0.0,0.0,186,77,5,2,4,1245002612,True,,9925.259921,0.0,area
16,12818.443197,12818.443197,10332.076011,0.0,0.0,2486.3671860000013,12,2,False,False,False,0,0,138,125,16,16,9237.443197,2545.0,473.0,563.0,0,0,0,0,6818.4431970000005,0.0,0.0,118,42,14,161,4,1245002613,True,,12818.443197,0.0,edge
10,8577.668843,2425.036233,1565.0,6152.63261,0.7172849316770948,7012.6688429999995,10,10,True,True,False,240,240,100,100,10,10,6443.6688429999995,1760.0,321.0,53.0,4736.63261,1200.0,216.0,0.0,2577.6688429999995,2577.6688429999995,0.0,310,100,0,0,0,1245002614,True,,8577.668843,0.0,cluster
11,10044.028156,9888.851682,8100.145757,155.17647399999987,0.015449625547624746,1943.882399,8,3,False,False,False,9,9,160,149,11,11,6848.028156,2640.0,498.0,58.0,102.17647399999987,45.0,8.0,0.0,4044.0281560000003,155.17647399999987,0.0,279,112,8,1,3,1245002615,True,,10044.028156,0.0,outward
12,12325.324656,12325.324656,5847.048801,0.0,0.0,6478.275855000001,12,6,True,False,False,0,0,168,167,12,12,9221.324656,2365.0,433.0,306.0,0,0,0,0,6325.324656000001,0.0,0.0,248,104,6,81,0,1245002616,True,,12325.324656,0.0,area
15,9482.095682,8151.831491,4554.562475,1330.2641909999993,0.14029221341071882,4927.5332069999995,15,13,True,False,False,30,30,73,71,15,15,7208.095681999999,1845.0,339.0,90.0,1156.2641909999993,150.0,24.0,0.0,3482.095681999999,1330.2641909999993,0.0,155,65,2,0,0,1245002617,True,,9482.095682,0.0,edge
16,2697.951987,2697.951987,1553.0,0.0,0.0,1144.951987,16,16,True,True,False,0,0,0,0,16,16,1990.951987,525.0,99.0,83.0,0,0,0,0,0.0,0.0,0.0,22,0,0,0,0,1245002618,True,,2697.951987,0.0,cluster
13,12330.359818,12330.359818,7968.107942,0.0,0.0,4362.251876000001,8,5,False,False,False,0,0,146,135,13,13,8930.359818,2425.0,451.0,524.0,0,0,0,0,6330.359818000001,0.0,0.0,217,84,8,153,5,1245002619,True,,12330.359818,0.0,outward
14,9612.499467,6259.678393,2238.822713,3352.8210739999995,0.3487980504457072,7373.676754,14,13,True,False,False,66,66,73,72,14,14,7766.499467,1505.0,271.0,70.0,2967.8210739999995,330.0,55.0,0.0,3612.4994669999996,3352.8210739999995,0.0,186,72,1,0,0,1245002620,True,,9612.499467,0.0,area
14,9486.997025,8240.015645,5089.951589,1246.981380000001,0.13144110583295993,4397.045436,14,13,True,False,False,24,24,80,79,14,14,7067.997025000001,1980.0,366.0,73.0,1106.981380000001,120.0,20.0,0.0,3486.9970250000006,1246.981380000001,0.0,186,72,1,0,0,1245002621,True,,9486.997025,0.0,edge
16,6335.320476,6335.320476,4529.0,0.0,0.0,1806.3204759999999,16,15,True,False,False,0,0,0,0,16,16,4597.320476,1210.0,217.0,311.0,0,0,0,0,335.32047599999987,0.0,0.0,67,0,1,34,0,1245002622,True,,6335.320476,0.0,cluster
16,10113.156895,10113.156895,8052.256167,0.0,0.0,2060.9007280000005,8,4,False,False,False,0,0,109,90,16,16,7075.156895,2300.0,430.0,308.0,0,0,0,0,4113.156895,0.0,0.0,102,27,12,76,8,1245002623,True,,10113.156895,0.0,outward
16,5831.363519,5831.363519,2386.895429,0.0,0.0,3444.4680900000003,16,16,True,True,True,0,0,0,0,16,16,4847.363519,710.0,128.0,146.0,0,0,0,0,0.0,0.0,0.0,26,0,0,0,0,1245002624,True,,5831.363519,0.0,area
16,11501.158534,11501.158534,7067.295734,0.0,0.0,4433.8628,15,8,False,False,False,0,0,50,46,16,16,8281.158534,1865.0,345.0,1010.0,0,0,0,0,5501.158534,0.0,0.0,86,14,8,309,1,1245002625,True,,11501.158534,0.0,edge
10,8723.450176,1713.863436,401.0,7009.586740000001,0.803533762281902,8322.450176,10,10,True,True,False,270,270,100,100,10,10,6658.450176,1705.0,310.0,50.0,5416.58674,1350.0,243.0,0.0,2723.4501760000003,2723.4501760000003,0.0,310,100,0,0,0,1245002626,True,,8723.450176,0.0,cluster
14,10189.786826,10189.786826,8899.497879,0.0,0.0,1290.288946999999,8,6,False,False,False,0,0,137,120,14,14,7404.786826,2285.0,427.0,73.0,0,0,0,0,4189.786826,0.0,0.0,186,82,8,1,6,1245002627,True,,10189.786826,0.0,outward
11,12458.793562,12458.793562,7018.565864,0.0,0.0,5440.227698000001,10,5,False,False,False,0,0,171,169,11,11,8915.793562,2380.0,439.0,724.0,0,0,0,0,6458.793562000001,0.0,0.0,279,108,6,223,1,1245002628,True,,12458.793562,0.0,area
16,7127.448758,7127.448758,6002.253438,0.0,0.0,1125.1953200000007,15,14,False,False,False,0,0,4,3,16,16,5027.448758,1500.0,277.0,323.0,0,0,0,0,1127.4487580000005,0.0,0.0,84,0,2,80,1,1245002629,True,,7127.448758,0.0,edge
16,2954.625572,2954.625572,1035.632359,0.0,0.0,1918.993213,16,16,True,True,False,0,0,0,0,16,16,2069.625572,415.0,72.0,398.0,0,0,0,0,0.0,0.0,0.0,16,0,0,0,0,1245002630,True,,2954.625572,0.0,cluster
15,16812.248551,16812.248551,10130.682213,0.0,0.0,6681.5663380000005,12,7,False,False,False,0,0,139,133,15,15,12139.248551,2320.0,427.0,1926.0,0,0,0,0,10812.248551,0.0,0.0,155,60,8,617,3,1245002631,True,,16812.248551,0.0,outward
15,9895.587168,8827.648901,3606.429931,1067.9382669999995,0.10792065684120904,6289.157236999999,15,12,True,False,False,20,20,80,78,15,15,7762.587168,1730.0,316.0,87.0,951.9382669999995,100.0,16.0,0.0,3895.587168,1067.9382669999995,0.0,155,73,3,1,0,1245002632,True,,9895.587168,0.0,area
14,9261.164977,9176.975128,1697.0,84.18984900000032,0.009090632680562852,7564.164977,14,13,True,False,False,6,6,82,81,14,14,6974.164977,1855.0,341.0,91.0,49.18984900000032,30.0,5.0,0.0,3261.1649770000004,84.18984900000032,0.0,186,72,1,0,0,1245002633,True,,9261.164977,0.0,edge
16,6310.952626,6310.952626,2174.208841,0.0,0.0,4136.743785000001,16,15,True,False,False,0,0,0,0,16,16,4247.952626,620.0,109.0,1334.0,0,0,0,0,310.95262600000024,0.0,0.0,27,0,1,21,0,1245002634,True,,6310.952626,0.0,cluster
11,9389.680888,8093.418957,3273.909459,1296.261931000001,0.13805175558805433,6115.771429,11,8,True,False,False,36,36,106,104,11,11,6796.680888000001,2140.0,398.0,55.0,1084.261931000001,180.0,32.0,0.0,3389.680888000001,1296.261931000001,0.0,279,99,3,0,0,1245002635,True,,9389.680888,0.0,outward
16,6007.028061,6007.028061,5745.374186,0.0,0.0,261.65387499999997,16,15,True,False,False,0,0,0,0,16,16,4662.028061,1070.0,195.0,80.0,0,0,0,0,7.02806099999998,0.0,0.0,70,0,1,0,0,1245002636,True,,6007.028061,0.0,area
13,10031.694954,10031.694954,4559.208371,0.0,0.0,5472.486583000001,13,8,True,False,False,0,0,95,93,13,13,7417.6949540000005,2145.0,398.0,71.0,0,0,0,0,4031.6949540000005,0.0,0.0,217,77,5,2,0,1245002637,True,,10031.694954,0.0,edge
16,1910.428707,1910.428707,419.0,0.0,0.0,1491.428707,16,16,True,True,False,0,0,0,0,16,16,1494.428707,275.0,52.0,89.0,0,0,0,0,0.0,0.0,0.0,8,0,0,0,0,1245002638,True,,1910.428707,0.0,cluster
14,10371.13446,10262.214083,7650.776591,108.92037699999855,0.01050226254611673,2720.3578689999995,10,6,False,False,False,6,6,136,125,14,14,7456.134459999999,2395.0,450.0,70.0,73.92037699999855,30.0,5.0,0.0,4371.134459999999,108.92037699999855,0.0,186,72,8,0,4,1245002639,True,,10371.13446,0.0,outward
15,9784.918772,9784.918772,3257.202438,0.0,0.0,6527.716334000001,15,14,True,False,False,0,0,90,89,15,15,7794.918772000001,1610.0,293.0,87.0,0,0,0,0,3784.918772000001,0.0,0.0,155,75,1,0,0,1245002640,True,,9784.918772,0.0,area
12,9562.483001,8915.784697,6341.570921,646.6983040000014,0.06762870103218721,3220.91208,11,8,False,False,False,16,16,107,103,12,12,6936.4830010000005,2155.0,402.0,69.0,552.6983040000014,80.0,14.0,0.0,3562.4830010000005,646.6983040000014,0.0,248,88,4,1,1,1245002641,True,,9562.483001,0.0,edge
15,8124.333362,5177.270103,935.0,2947.0632590000005,0.36274524046296763,7189.333362,15,15,True,True,False,65,65,50,50,15,15,6643.333362,1195.0,208.0,78.0,2570.0632590000005,325.0,52.0,0.0,2124.3333620000003,2124.3333620000003,0.0,155,50,0,0,0,1245002642,True,,8124.333362,0.0,cluster
11,13056.252858,13056.252858,6638.273293,0.0,0.0,6417.979565,9,5,False,False,False,0,0,176,171,11,11,9320.252858,2550.0,474.0,712.0,0,0,0,0,7056.252858,0.0,0.0,279,117,6,219,2,1245002643,True,,13056.252858,0.0,outward
13,9385.579123,9385.579123,1259.0,0.0,0.0,8126.5791229999995,13,11,True,False,False,0,0,74,74,13,13,7334.5791229999995,1680.0,306.0,65.0,0,0,0,0,3385.5791229999995,0.0,0.0,217,74,2,0,0,1245002644,True,,9385.579123,0.0,area
10,9829.104137,9532.246069,9025.652027,296.85806799999955,0.030201945554989854,803.4521100000002,9,6,False,False,False,10,10,162,158,10,10,6959.104137,2375.0,445.0,50.0,237.85806799999955,50.0,9.0,0.0,3829.1041370000003,296.85806799999955,0.0,310,130,4,0,1,1245002645,True,,9829.104137,0.0,edge
11,11404.648069,11404.648069,419.0,0.0,0.0,10985.648069,11,7,True,False,False,0,0,166,165,11,11,8155.648069000001,2240.0,411.0,598.0,0,0,0,0,5404.648069000001,0.0,0.0,279,108,4,180,0,1245002646,True,,11404.648069,0.0,cluster
15,9718.126863,9113.897871,5721.765727,604.2289920000003,0.062175458348922394,3996.3611359999995,15,12,True,False,False,10,10,66,63,15,15,7374.1268629999995,1915.0,354.0,75.0,545.2289920000003,50.0,9.0,0.0,3718.1268629999995,604.2289920000003,0.0,155,55,3,0,0,1245002647,True,,9718.126863,0.0,outward
11,9607.657383,9607.657383,2195.0,0.0,0.0,7412.657383,11,7,True,False,False,0,0,136,134,11,11,7023.657383,2130.0,396.0,58.0,0,0,0,0,3607.6573829999998,0.0,0.0,279,117,4,1,0,1245002648,True,,9607.657383,0.0,area
15,11870.813862,11870.813862,4788.81583,0.0,0.0,7081.998032000001,15,11,True,False,False,0,0,77,76,15,15,8845.813862,2005.0,369.0,651.0,0,0,0,0,5870.813862000001,0.0,0.0,155,55,4,189,0,1245002649,True,,11870.813862,0.0,edge
14,8265.371369,2215.907389,119.0,6049.46398,0.73190467916409,8146.371369,14,14,True,True,False,150,150,54,54,14,14,6860.371369,1130.0,196.0,79.0,5174.46398,750.0,125.0,0.0,2265.3713690000004,2265.3713690000004,0.0,186,54,0,0,0,1245002650,True,,8265.371369,0.0,cluster
14,12353.88369,12353.88369,7514.862221,0.0,0.0,4839.021469,10,5,False,False,False,0,0,137,122,14,14,8946.88369,2385.0,445.0,577.0,0,0,0,0,6353.883690000001,0.0,0.0,186,72,9,169,4,1245002651,True,,12353.88369,0.0,outward
12,9891.779541,9891.779541,3420.638985,0.0,0.0,6471.140556,12,9,True,False,False,0,0,93,93,12,12,7667.779541,1805.0,329.0,90.0,0,0,0,0,3891.779541,0.0,0.0,248,80,3,9,0,1245002652,True,,9891.779541,0.0,area
13,9562.130456,7642.221783,6550.494002,1919.9086730000008,0.2007825224550566,3011.6364540000004,11,10,False,False,False,42,42,99,95,13,13,7122.130456000001,2000.0,369.0,71.0,1673.9086730000008,210.0,36.0,0.0,3562.130456000001,1919.9086730000008,0.0,217,84,3,1,2,1245002653,True,,9562.130456,0.0,edge
10,8881.787619,2938.004261,749.511718,5943.783358000001,0.6692102550712883,8132.275901000001,10,10,True,True,False,230,230,118,118,10,10,6755.787619000001,1750.0,320.0,56.0,4586.783358000001,1150.0,207.0,0.0,2881.7876190000006,2881.7876190000006,0.0,310,118,0,0,0,1245002654,True,,8881.787619,0.0,cluster
15,18730.755437,18730.755437,9098.696885,0.0,0.0,9632.058552,10,3,False,False,False,0,0,193,184,15,15,12985.755437,2815.0,518.0,2412.0,0,0,0,0,12730.755437,0.0,0.0,155,60,12,779,5,1245002655,True,,18730.755437,0.0,outward
15,9388.78849,5703.374439,4837.208517,3685.4140510000007,0.39253350471419557,4551.579973000001,15,15,True,True,False,70,70,65,65,15,15,7468.788490000001,1550.0,280.0,90.0,3278.4140510000007,350.0,57.0,0.0,3388.788490000001,3388.788490000001,0.0,155,65,0,0,0,1245002656,True,,9388.78849,0.0,area
12,10167.005547,8951.141822,7963.211465,1215.863725000001,0.11958916707375737,2203.7940820000003,9,5,False,False,False,24,24,142,128,12,12,7314.005547000001,2345.0,439.0,69.0,1074.863725000001,120.0,21.0,0.0,4167.005547000001,1215.863725000001,0.0,248,104,7,2,3,1245002657,True,,10167.005547,0.0,edge
13,9694.855614,9694.855614,413.0,0.0,0.0,9281.855614,13,10,True,False,False,0,0,92,91,13,13,7604.855614,1700.0,310.0,80.0,0,0,0,0,3694.855614,0.0,0.0,217,77,3,4,0,1245002658,True,,9694.855614,0.0,cluster
16,6434.742828,6434.742828,3691.104287,0.0,0.0,2743.6385410000003,16,15,True,False,False,0,0,3,3,16,16,4858.742828,1150.0,214.0,212.0,0,0,0,0,434.7428280000004,0.0,0.0,44,0,1,40,0,1245002659,True,,6434.742828,0.0,outward
11,9870.058537,9759.592069,2325.344545,110.46646800000053,0.011192078302868582,7544.713992000001,11,4,True,False,False,9,9,133,125,11,11,7097.058537000001,2290.0,428.0,55.0,57.46646800000053,45.0,8.0,0.0,3870.058537000001,110.46646800000053,0.0,279,108,7,0,0,1245002660,True,,9870.058537,0.0,area
12,12646.565917,12646.565917,8668.037573,0.0,0.0,3978.5283440000003,9,5,False,False,False,0,0,177,169,12,12,8943.565917,2655.0,499.0,549.0,0,0,0,0,6646.565917,0.0,0.0,248,96,7,162,3,1245002661,True,,12646.565917,0.0,edge
11,9055.996701,8357.58017,7369.633332,698.4165310000008,0.07712199485705187,1686.3633689999997,10,9,False,False,False,18,18,117,112,11,11,6743.996701,1905.0,352.0,55.0,592.4165310000008,90.0,16.0,0.0,3055.996701,698.4165310000008,0.0,279,99,2,0,1,1245002662,True,,9055.996701,0.0,cluster
11,10318.733242,10318.733242,7795.909963,0.0,0.0,2522.823279,10,6,False,False,False,0,0,146,140,11,11,7382.733242,2425.0,456.0,55.0,0,0,0,0,4318.733242,0.0,0.0,279,117,5,0,1,1245002663,True,,10318.733242,0.0,outward
10,13601.297156,13601.297156,4936.92791,0.0,0.0,8664.369246,10,4,True,False,False,0,0,193,191,10,10,9577.297156,2725.0,508.0,791.0,0,0,0,0,7601.2971560000005,0.0,0.0,310,120,6,246,0,1245002664,True,,13601.297156,0.0,area
11,9483.462258,7194.563916,5584.271812,2288.8983419999995,0.24135682514781404,3899.1904459999996,11,8,True,False,False,63,63,105,103,11,11,6900.462258,2125.0,394.0,64.0,1917.8983419999995,315.0,56.0,0.0,3483.4622579999996,2288.8983419999995,0.0,279,99,3,1,0,1245002665,True,,9483.462258,0.0,edge
16,2723.347638,2723.347638,731.0,0.0,0.0,1992.3476380000002,16,16,True,True,False,0,0,0,0,16,16,1971.3476380000002,330.0,60.0,362.0,0,0,0,0,0.0,0.0,0.0,12,0,0,0,0,1245002666,True,,2723.347638,0.0,cluster
16,14153.334254,14153.334254,8422.244548,0.0,0.0,5731.089705999999,11,7,False,False,False,0,0,130,120,16,16,10113.334254,2315.0,424.0,1301.0,0,0,0,0,8153.334253999999,0.0,0.0,112,36,9,407,5,1245002667,True,,14153.334254,0.0,outward
10,9880.35717,9880.35717,8588.282867,0.0,0.0,1292.0743029999994,8,6,False,False,False,0,0,158,150,10,10,7141.357169999999,2260.0,423.0,56.0,0,0,0,0,3880.3571699999993,0.0,0.0,310,129,4,1,2,1245002668,True,,9880.35717,0.0,area
15,9981.989009,9270.94087,5929.35142,711.0481390000004,0.07123311179354158,4052.637589000001,15,11,True,False,False,10,10,67,63,15,15,7737.989009000001,1825.0,335.0,84.0,653.0481390000004,50.0,8.0,0.0,3981.989009000001,711.0481390000004,0.0,155,60,4,1,0,1245002669,True,,9981.989009,0.0,edge
14,11483.076715,11483.076715,1371.191875,0.0,0.0,10111.884839999999,14,12,True,False,False,0,0,87,87,14,14,8777.076715,1815.0,329.0,562.0,0,0,0,0,5483.076714999999,0.0,0.0,186,72,2,164,0,1245002670,True,,11483.076715,0.0,cluster
15,9661.328152,9661.328152,9233.657936,0.0,0.0,427.67021600000044,11,7,False,False,False,0,0,97,85,15,15,6989.328152,2185.0,409.0,78.0,0,0,0,0,3661.328152,0.0,0.0,155,60,8,1,4,1245002671,True,,9661.328152,0.0,outward
15,8778.834334,8718.003037,7893.022813,60.83129699999881,0.006929313697651424,885.8115209999996,13,11,False,False,False,5,5,61,57,15,15,6810.834333999999,1595.0,289.0,84.0,31.831296999998813,25.0,4.0,0.0,2778.834333999999,60.83129699999881,0.0,155,50,4,0,2,1245002672,True,,8778.834334,0.0,area
16,6709.850354,6709.850354,4523.523164,0.0,0.0,2186.32719,16,14,True,False,False,0,0,0,0,16,16,5120.850354,1265.0,235.0,89.0,0,0,0,0,709.8503540000002,0.0,0.0,60,0,2,1,0,1245002673,True,,6709.850354,0.0,edge
13,8542.91967,2365.642865,728.468998,6177.2768049999995,0.723087310149084,7814.450671999999,13,13,True,True,False,168,168,70,70,13,13,6933.919669999999,1310.0,231.0,68.0,5193.2768049999995,840.0,144.0,0.0,2542.9196699999993,2542.9196699999993,0.0,217,70,0,0,0,1245002674,True,,8542.91967,0.0,cluster
12,11559.958709,11559.958709,6502.391105,0.0,0.0,5057.567604000001,11,5,False,False,False,0,0,129,122,12,12,8470.958709,2320.0,433.0,336.0,0,0,0,0,5559.958709,0.0,0.0,248,96,7,92,1,1245002675,True,,11559.958709,0.0,outward
13,9928.080094,9928.080094,7722.287007,0.0,0.0,2205.793087000001,12,10,False,False,False,0,0,109,106,13,13,7727.080094000001,1800.0,330.0,71.0,0,0,0,0,3928.080094000001,0.0,0.0,217,84,3,0,1,1245002676,True,,9928.080094,0.0,area
11,9963.478451,9963.478451,5621.35819,0.0,0.0,4342.120261000001,11,6,True,False,False,0,0,137,131,11,11,7172.478451000001,2295.0,429.0,67.0,0,0,0,0,3963.478451000001,0.0,0.0,279,108,5,2,0,1245002677,True,,9963.478451,0.0,edge
14,8559.779858,8559.779858,6041.034645,0.0,0.0,2518.745213,13,12,False,False,False,0,0,72,69,14,14,6798.779858,1430.0,255.0,76.0,0,0,0,0,2559.779858,0.0,0.0,186,54,2,1,1,1245002678,True,,8559.779858,0.0,cluster
15,16775.006519,16775.006519,8864.02886,0.0,0.0,7910.977658999998,11,5,False,False,False,0,0,188,179,15,15,11888.006518999999,2625.0,486.0,1776.0,0,0,0,0,10775.006518999999,0.0,0.0,155,65,10,567,4,1245002679,True,,16775.006519,0.0,outward
15,9177.342262,6122.943046,2620.799351,3054.399216,0.3328195820534169,6556.5429110000005,15,14,True,False,False,55,55,55,55,15,15,7356.342262,1480.0,266.0,75.0,2735.399216,275.0,44.0,0.0,3177.342262,3054.399216,0.0,155,55,1,0,0,1245002680,True,,9177.342262,0.0,area
14,9303.465068,7232.919723,2649.059919,2070.5453449999995,0.22255636258815042,6654.405149,14,11,True,False,False,42,42,70,69,14,14,6999.4650679999995,1885.0,346.0,73.0,1825.5453449999995,210.0,35.0,0.0,3303.4650679999995,2070.5453449999995,0.0,186,66,3,0,0,1245002681,True,,9303.465068,0.0,edge
14,10530.378896,10530.378896,3989.807288,0.0,0.0,6540.571608,14,13,True,False,False,0,0,101,101,14,14,8301.378896,1730.0,315.0,184.0,0,0,0,0,4530.378896,0.0,0.0,186,84,1,38,0,1245002682,True,,10530.378896,0.0,cluster
15,10254.142909,10254.142909,5197.480838,0.0,0.0,5056.662071,15,8,True,False,False,0,0,104,94,15,15,7679.142909,2105.0,392.0,78.0,0,0,0,0,4254.142909,0.0,0.0,155,60,7,1,0,1245002683,True,,10254.142909,0.0,outward
16,5201.238665,5201.238665,2567.563609,0.0,0.0,2633.675056,16,16,True,True,True,0,0,0,0,16,16,4262.238665,710.0,131.0,98.0,0,0,0,0,0.0,0.0,0.0,32,0,0,0,0,1245002684,True,,5201.238665,0.0,area
10,9999.808503,9999.808503,9066.153347,0.0,0.0,933.6551560000007,8,5,False,False,False,0,0,151,144,10,10,6949.808503,2520.0,474.0,56.0,0,0,0,0,3999.808503,0.0,0.0,310,120,5,1,2,1245002685,True,,9999.808503,0.0,edge
14,8759.579699,8477.440744,711.052507,282.13895500000035,0.03220918864773952,8048.527192,14,13,True,False,False,6,6,69,68,14,14,7136.579699,1320.0,233.0,70.0,247.13895500000035,30.0,5.0,0.0,2759.579699,282.13895500000035,0.0,186,60,1,0,0,1245002686,True,,8759.579699,0.0,cluster
10,9093.978524,8475.052135,6378.951731,618.9263890000002,0.0680589235356765,2715.026793,9,8,False,False,False,30,30,123,121,10,10,6398.978524,2230.0,415.0,50.0,441.9263890000002,150.0,27.0,0.0,3093.978524,618.9263890000002,0.0,310,120,2,0,1,1245002687,True,,9093.978524,0.0,outward
14,10591.881686,10591.881686,3622.683994,0.0,0.0,6969.197692000001,14,8,True,False,False,0,0,87,84,14,14,8434.881686,1765.0,322.0,70.0,0,0,0,0,4591.881686000001,0.0,0.0,186,66,6,0,0,1245002688,True,,10591.881686,0.0,area
12,9958.192367,8166.755564,3550.586148,1791.4368029999996,0.17989578198313988,6407.606218999999,12,8,True,False,False,48,48,130,128,12,12,7325.192367,2155.0,400.0,78.0,1509.4368029999996,240.0,42.0,0.0,3958.1923669999996,1791.4368029999996,0.0,248,108,4,3,0,1245002689,True,,9958.192367,0.0,edge
14,10071.675906,10071.675906,700.799801,0.0,0.0,9370.876105000001,14,13,True,False,False,0,0,77,77,14,14,7925.675906,1445.0,256.0,445.0,0,0,0,0,4071.6759060000004,0.0,0.0,186,63,1,124,0,1245002690,True,,10071.675906,0.0,cluster
10,11673.813294,11673.813294,9334.66432,0.0,0.0,2339.1489739999997,9,7,False,False,False,0,0,175,173,10,10,8324.813294,2420.0,450.0,479.0,0,0,0,0,5673.813294,0.0,0.0,310,140,3,143,1,1245002691,True,,11673.813294,0.0,outward
16,6443.068856,6443.068856,2893.910495,0.0,0.0,3549.158361,16,15,True,False,False,0,0,0,0,16,16,4933.068856,745.0,136.0,629.0,0,0,0,0,443.06885599999987,0.0,0.0,33,0,1,63,0,1245002692,True,,6443.068856,0.0,area
15,11429.456784,11429.456784,6915.58446,0.0,0.0,4513.872324,14,8,False,False,False,0,0,108,101,15,15,8471.456784,2140.0,395.0,423.0,0,0,0,0,5429.456784,0.0,0.0,155,60,7,113,1,1245002693,True,,11429.456784,0.0,edge
11,10581.984057,10581.984057,737.0,0.0,0.0,9844.984057,11,7,True,False,False,0,0,136,136,11,11,7855.984057,2090.0,383.0,253.0,0,0,0,0,4581.984057,0.0,0.0,279,97,4,64,0,1245002694,True,,10581.984057,0.0,cluster
15,10044.476394,9653.337629,9218.526082,391.1387649999997,0.03894068238675376,825.950311999999,9,7,False,False,False,10,10,119,101,15,15,7272.476393999999,2260.0,422.0,90.0,333.1387649999997,50.0,8.0,0.0,4044.4763939999993,391.1387649999997,0.0,155,65,8,4,6,1245002695,True,,10044.476394,0.0,outward
15,9070.519965,8446.779136,4280.748622,623.7408290000003,0.06876571920979177,4789.771342999999,15,14,True,False,False,15,15,65,65,15,15,7417.5199649999995,1340.0,238.0,75.0,536.7408290000003,75.0,12.0,0.0,3070.5199649999995,623.7408290000003,0.0,155,65,1,0,0,1245002696,True,,9070.519965,0.0,area
16,9557.453,9557.453,5340.263801,0.0,0.0,4217.1891989999995,16,11,True,False,False,0,0,9,6,16,16,7022.4529999999995,1465.0,270.0,800.0,0,0,0,0,3557.4529999999995,0.0,0.0,66,0,5,238,0,1245002697,True,,9557.453,0.0,edge
14,8569.885627,2601.566524,1253.0,5968.319103,0.6964292597087188,7316.885627,14,14,True,True,False,144,144,60,60,14,14,6912.885627,1345.0,239.0,73.0,5127.319103,720.0,121.0,0.0,2569.8856269999997,2569.8856269999997,0.0,186,60,0,0,0,1245002698,True,,8569.885627,0.0,cluster
12,9689.278904,9131.249749,6088.446054,558.0291550000002,0.05759243391885751,3600.8328500000007,11,7,False,False,False,16,16,111,102,12,12,7019.278904000001,2200.0,410.0,60.0,464.0291550000002,80.0,14.0,0.0,3689.2789040000007,558.0291550000002,0.0,248,88,5,0,1,1245002699,True,,9689.278904,0.0,outward
12,12575.773436,12575.773436,6785.549336,0.0,0.0,5790.224099999999,9,6,False,False,False,0,0,149,143,12,12,9123.773436,2260.0,415.0,777.0,0,0,0,0,6575.7734359999995,0.0,0.0,248,88,6,238,3,1245002700,True,,12575.773436,0.0,area
16,9483.552976,9483.552976,6039.773387,0.0,0.0,3443.7795890000007,15,6,False,False,False,0,0,23,19,16,16,6899.552976000001,1780.0,328.0,476.0,0,0,0,0,3483.552976000001,0.0,0.0,79,3,10,131,1,1245002701,True,,9483.552976,0.0,edge
10,8789.251359,3077.082808,1476.120769,5712.168551,0.6499038789180679,7313.13059,10,10,True,True,False,220,220,110,110,10,10,6640.251359,1775.0,324.0,50.0,4414.168551,1100.0,198.0,0.0,2789.251359,2789.251359,0.0,310,110,0,0,0,1245002702,True,,8789.251359,0.0,cluster
14,12632.483005,12632.483005,9096.997423,0.0,0.0,3535.4855819999993,9,4,False,False,False,0,0,185,174,14,14,9023.483005,2655.0,491.0,463.0,0,0,0,0,6632.483005,0.0,0.0,186,78,10,130,5,1245002703,True,,12632.483005,0.0,outward
12,9395.728797,8778.239395,8280.348988,617.4894019999992,0.06572022408705112,1115.379809,10,5,False,False,False,16,16,105,96,12,12,6998.728797,1965.0,363.0,69.0,523.4894019999992,80.0,14.0,0.0,3395.7287969999998,617.4894019999992,0.0,248,80,7,2,2,1245002704,True,,9395.728797,0.0,area
16,8771.917802,8771.917802,4441.341573,0.0,0.0,4330.576229,16,14,True,False,False,0,0,3,3,16,16,6350.917802,1290.0,238.0,893.0,0,0,0,0,2771.917802,0.0,0.0,56,0,2,245,0,1245002705,True,,8771.917802,0.0,edge
13,9149.519792,9149.519792,719.393045,0.0,0.0,8430.126746999998,13,12,True,False,False,0,0,77,77,13,13,7403.519791999999,1405.0,249.0,92.0,0,0,0,0,3149.519791999999,0.0,0.0,217,77,1,6,0,1245002706,True,,9149.519792,0.0,cluster
15,9065.758594,7613.977313,3250.75435,1451.7812810000005,0.16013897413514122,5815.004244000001,15,13,True,False,False,25,25,55,54,15,15,7003.758594000001,1680.0,307.0,75.0,1306.7812810000005,125.0,20.0,0.0,3065.758594000001,1451.7812810000005,0.0,155,50,2,0,0,1245002707,True,,9065.758594,0.0,outward
10,9745.615299,7871.827026,6189.952469,1873.7882729999992,0.1922698788646284,3555.6628299999993,9,6,False,False,False,60,60,133,127,10,10,7050.615298999999,2220.0,413.0,62.0,1519.7882729999992,300.0,54.0,0.0,3745.615298999999,1873.7882729999992,0.0,310,120,4,0,1,1245002708,True,,9745.615299,0.0,area
10,12111.94742,12111.94742,7889.222724,0.0,0.0,4222.724696,8,2,False,False,False,0,0,170,163,10,10,8407.94742,2690.0,505.0,509.0,0,0,0,0,6111.94742,0.0,0.0,310,114,8,152,2,1245002709,True,,12111.94742,0.0,edge
14,8572.565721,7640.955426,706.652417,931.6102950000004,0.10867345032046331,7865.913304000001,14,13,True,False,False,24,24,66,64,14,14,6882.565721000001,1375.0,245.0,70.0,790.6102950000004,120.0,21.0,0.0,2572.565721000001,931.6102950000004,0.0,186,60,1,0,0,1245002710,True,,8572.565721,0.0,cluster
10,9493.212216,8907.947435,8301.703371,585.2647809999999,0.06165086881904799,1191.5088450000003,9,8,False,False,False,20,20,147,143,10,10,6779.212216,2245.0,419.0,50.0,467.26478099999986,100.0,18.0,0.0,3493.212216,585.2647809999999,0.0,310,130,2,0,1,1245002711,True,,9493.212216,0.0,outward
16,9796.433225,9796.433225,7956.939438,0.0,0.0,1839.4937870000003,15,13,False,False,False,0,0,47,45,16,16,7686.433225000001,1370.0,246.0,494.0,0,0,0,0,3796.4332250000007,0.0,0.0,100,28,3,137,1,1245002712,True,,9796.433225,0.0,area
14,9623.232422,9008.332576,5670.846497,614.8998459999984,0.06389743269571822,3952.3859249999987,14,7,True,False,False,18,18,114,109,14,14,7052.232421999999,2085.0,386.0,100.0,509.89984599999843,90.0,15.0,0.0,3623.232421999999,614.8998459999984,0.0,186,78,7,7,0,1245002713,True,,9623.232422,0.0,edge
12,8590.859197,1928.74925,707.0,6662.109947,0.775488201381122,7883.859197,12,12,True,True,False,208,208,80,80,12,12,6817.859197,1450.0,260.0,63.0,5440.109947,1040.0,182.0,0.0,2590.8591969999998,2590.8591969999998,0.0,248,80,0,0,0,1245002714,True,,8590.859197,0.0,cluster
14,12408.909239,12408.909239,7984.380953,0.0,0.0,4424.528286000001,10,6,False,False,False,0,0,150,139,14,14,8672.909239,2400.0,447.0,889.0,0,0,0,0,6408.9092390000005,0.0,0.0,186,78,8,273,4,1245002715,True,,12408.909239,0.0,outward
12,9636.017234,7767.352137,3118.02643,1868.665097000001,0.19392504720794285,6517.990804000001,12,9,True,False,False,56,56,114,113,12,12,7332.017234000001,1890.0,348.0,66.0,1539.665097000001,280.0,49.0,0.0,3636.017234000001,1868.665097000001,0.0,248,106,3,2,0,1245002716,True,,9636.017234,0.0,area
11,9551.35901,8404.648194,4840.091259,1146.7108160000007,0.12005734626867519,4711.267751,11,7,True,False,False,36,36,115,113,11,11,6899.35901,2180.0,405.0,67.0,934.7108160000007,180.0,32.0,0.0,3551.35901,1146.7108160000007,0.0,279,110,4,1,0,1245002717,True,,9551.35901,0.0,edge
11,10209.868785,10209.868785,1644.0,0.0,0.0,8565.868785,11,10,True,False,False,0,0,99,99,11,11,7825.868785000001,1720.0,312.0,352.0,0,0,0,0,4209.868785000001,0.0,0.0,279,99,1,97,0,1245002718,True,,10209.868785,0.0,cluster
13,9707.486208,8637.459534,4533.910694,1070.0266740000006,0.11022695794490905,5173.575514,13,7,True,False,False,28,28,120,112,13,13,6991.486208,2235.0,416.0,65.0,906.0266740000006,140.0,24.0,0.0,3707.4862080000003,1070.0266740000006,0.0,217,84,6,0,0,1245002719,True,,9707.486208,0.0,outward
15,10026.082213,7484.407731,3690.758421,2541.6744819999994,0.2535062478047924,6335.323791999999,15,10,True,False,False,45,45,70,68,15,15,8112.082213,1550.0,280.0,84.0,2279.6744819999994,225.0,37.0,0.0,4026.0822129999997,2541.6744819999994,0.0,155,65,5,0,0,1245002720,True,,10026.082213,0.0,area
13,9654.278849,9654.278849,2679.108389,0.0,0.0,6975.17046,13,10,True,False,False,0,0,93,92,13,13,7222.278849,1990.0,368.0,74.0,0,0,0,0,3654.2788490000003,0.0,0.0,217,76,3,1,0,1245002721,True,,9654.278849,0.0,edge
11,8716.271729,2992.219132,1623.444278,5724.052597,0.6567088286102237,7092.827451,11,11,True,True,False,198,198,99,99,11,11,6735.271729,1630.0,296.0,55.0,4557.052597,990.0,177.0,0.0,2716.271729,2716.271729,0.0,279,99,0,0,0,1245002722,True,,8716.271729,0.0,cluster
10,9742.26331,9742.26331,6102.238551,0.0,0.0,3640.024759,9,5,False,False,False,0,0,125,121,10,10,6843.26331,2400.0,449.0,50.0,0,0,0,0,3742.2633100000003,0.0,0.0,310,120,5,0,1,1245002723,True,,9742.26331,0.0,outward
11,9265.498316,9005.382488,8767.062152,260.11582799999996,0.028073592928166906,498.4361639999988,10,10,False,False,False,9,9,120,118,11,11,6942.498315999999,1910.0,352.0,61.0,206.11582799999996,45.0,9.0,0.0,3265.4983159999992,260.11582799999996,0.0,279,108,1,1,1,1245002724,True,,9265.498316,0.0,area
13,9196.8141,7199.386601,6597.864109,1997.4274989999994,0.21718689507924266,2598.9499909999995,12,8,False,False,False,49,49,99,92,13,13,6784.8141,1965.0,364.0,83.0,1710.4274989999994,245.0,42.0,0.0,3196.8140999999996,1997.4274989999994,0.0,217,84,5,3,1,1245002725,True,,9196.8141,0.0,edge
12,8246.961606,1340.337629,119.0,6906.623977000001,0.8374749764780219,8127.961606000001,12,12,True,True,False,224,224,72,72,12,12,6535.961606000001,1400.0,251.0,60.0,5589.623977000001,1120.0,197.0,0.0,2246.9616060000008,2246.9616060000008,0.0,248,72,0,0,0,1245002726,True,,8246.961606,0.0,cluster
11,11908.165989,11908.165989,8466.232548,0.0,0.0,3441.933440999999,4,2,False,False,False,0,0,193,179,11,11,7997.165988999999,2760.0,517.0,634.0,0,0,0,0,5908.165988999999,0.0,0.0,279,106,9,193,7,1245002727,True,,11908.165989,0.0,outward
13,9840.051573,8786.687857,4470.09698,1053.3637159999998,0.10704859707141291,5369.954593,13,11,True,False,False,35,35,86,86,13,13,7433.051573000001,1975.0,364.0,68.0,848.3637159999998,175.0,30.0,0.0,3840.0515730000006,1053.3637159999998,0.0,217,80,2,0,0,1245002728,True,,9840.051573,0.0,area
15,9479.676757,6728.22936,3545.979155,2751.447396999999,0.2902469638501408,5933.697601999999,15,10,True,False,False,50,50,74,68,15,15,7293.676756999999,1780.0,325.0,81.0,2461.447396999999,250.0,40.0,0.0,3479.6767569999993,2751.447396999999,0.0,155,63,5,1,0,1245002729,True,,9479.676757,0.0,edge
10,9260.627637,4996.316083,683.0,4264.311554,0.46047759624437645,8577.627637,10,10,True,True,False,150,150,120,120,10,10,6811.627637,2020.0,373.0,56.0,3379.311554,750.0,135.0,0.0,3260.6276369999996,3260.6276369999996,0.0,310,120,0,0,0,1245002730,True,,9260.627637,0.0,cluster
12,9755.672319,9365.804856,8897.810523,389.8674629999987,0.03996315684370607,857.8617959999992,8,6,False,False,False,16,16,138,128,12,12,6714.672318999999,2455.0,460.0,126.0,295.8674629999987,80.0,14.0,0.0,3755.6723189999993,389.8674629999987,0.0,248,96,6,9,4,1245002731,True,,9755.672319,0.0,outward
13,9277.980098,7514.995171,2981.767157,1762.9849270000004,0.19001818374023424,6296.212941,13,9,True,False,False,49,49,84,81,13,13,7257.980098,1655.0,300.0,65.0,1475.9849270000004,245.0,42.0,0.0,3277.980098,1762.9849270000004,0.0,217,77,4,0,0,1245002732,True,,9277.980098,0.0,area
12,12045.338001,12045.338001,7631.802875,0.0,0.0,4413.535126,8,6,False,False,False,0,0,172,163,12,12,8758.338001,2490.0,464.0,333.0,0,0,0,0,6045.338001,0.0,0.0,248,104,6,89,4,1245002733,True,,12045.338001,0.0,edge
12,8523.307427,2104.598065,1042.174502,6418.709362,0.7530773020889652,7481.132925,12,12,True,True,False,208,208,88,88,12,12,6706.307427,1480.0,265.0,72.0,5196.709362,1040.0,182.0,0.0,2523.3074269999997,2523.3074269999997,0.0,248,88,0,0,0,1245002734,True,,8523.307427,0.0,cluster
10,9750.444846,8246.150883,7508.906654,1504.293963,0.15427952126893144,2241.538192,9,4,False,False,False,50,50,146,138,10,10,6820.444846,2425.0,455.0,50.0,1209.293963,250.0,45.0,0.0,3750.4448460000003,1504.293963,0.0,310,124,6,0,1,1245002735,True,,9750.444846,0.0,outward
11,11693.857327,11693.857327,3861.326706,0.0,0.0,7832.530621,11,7,True,False,False,0,0,129,129,11,11,8719.857327,2075.0,382.0,517.0,0,0,0,0,5693.857327,0.0,0.0,279,101,4,153,0,1245002736,True,,11693.857327,0.0,area
11,9561.814544,7346.057758,6720.799752,2215.756786000001,0.23172973872311498,2841.014792000001,10,9,False,False,False,63,63,103,101,11,11,7018.814544000001,2095.0,390.0,58.0,1844.7567860000008,315.0,56.0,0.0,3561.8145440000008,2215.756786000001,0.0,279,99,2,1,1,1245002737,True,,9561.814544,0.0,edge
12,8135.809503,1516.238488,676.014188,6619.571015,0.8136339736763869,7459.795315,12,12,True,True,False,216,216,72,72,12,12,6402.809503,1420.0,253.0,60.0,5350.571015,1080.0,189.0,0.0,2135.8095030000004,2135.8095030000004,0.0,248,72,0,0,0,1245002738,True,,8135.809503,0.0,cluster
16,11843.402689,11843.402689,9277.275679,0.0,0.0,2566.12701,15,6,False,False,False,0,0,106,100,16,16,8861.402689,2140.0,393.0,449.0,0,0,0,0,5843.4026890000005,0.0,0.0,120,40,10,123,1,1245002739,True,,11843.402689,0.0,outward
14,9480.734361,9480.734361,3339.056458,0.0,0.0,6141.677903000001,14,11,True,False,False,0,0,67,65,14,14,7629.734361000001,1505.0,273.0,73.0,0,0,0,0,3480.7343610000007,0.0,0.0,186,60,3,0,0,1245002740,True,,9480.734361,0.0,area
13,10785.63906,8808.532673,5247.077529,1977.1063869999998,0.18330915544284865,5538.561530999999,13,9,True,False,False,28,28,116,113,13,13,8140.6390599999995,2165.0,403.0,77.0,1813.1063869999998,140.0,24.0,0.0,4785.6390599999995,1977.1063869999998,0.0,217,91,4,0,0,1245002741,True,,10785.63906,0.0,edge
13,9885.4041,9885.4041,1619.575589,0.0,0.0,8265.828511,13,11,True,False,False,0,0,105,105,13,13,7668.4041,1660.0,297.0,260.0,0,0,0,0,3885.4040999999997,0.0,0.0,217,77,2,63,0,1245002742,True,,9885.4041,0.0,cluster
12,9861.026785,9580.79955,8947.146253,280.2272350000003,0.028417652756634337,913.8805319999992,7,5,False,False,False,8,8,146,134,12,12,6766.026785,2550.0,479.0,66.0,233.2272350000003,40.0,7.0,0.0,3861.026785,280.2272350000003,0.0,248,96,7,0,5,1245002743,True,,9861.026785,0.0,outward
10,10064.107017,10064.107017,8400.74035,0.0,0.0,1663.3666670000002,8,6,False,False,False,0,0,153,145,10,10,7167.107017,2395.0,449.0,53.0,0,0,0,0,4064.1070170000003,0.0,0.0,310,120,4,0,2,1245002744,True,,10064.107017,0.0,area
11,10464.734279,10464.734279,9447.564531,0.0,0.0,1017.1697480000003,9,3,False,False,False,0,0,179,169,11,11,7147.734279,2730.0,517.0,70.0,0,0,0,0,4464.734279,0.0,0.0,279,108,8,4,2,1245002745,True,,10464.734279,0.0,edge
13,8580.659958,2988.189399,731.0,5592.470559,0.6517529638015752,7849.659958,13,13,True,True,False,161,161,77,77,13,13,6818.659958,1435.0,256.0,71.0,4649.470559,805.0,138.0,0.0,2580.659958,2580.659958,0.0,217,77,0,0,0,1245002746,True,,8580.659958,0.0,cluster
16,10323.975423,10323.975423,9272.282557,0.0,0.0,1051.6928659999994,8,6,False,False,False,0,0,97,78,16,16,7721.975423,2125.0,397.0,80.0,0,0,0,0,4323.975423,0.0,0.0,111,39,10,0,8,1245002747,True,,10323.975423,0.0,outward
11,10333.864602,10333.864602,6483.055637,0.0,0.0,3850.8089649999993,10,4,False,False,False,0,0,177,172,11,11,7288.864602,2515.0,472.0,58.0,0,0,0,0,4333.864602,0.0,0.0,279,117,7,0,1,1245002748,True,,10333.864602,0.0,area
14,9817.830493,9434.973351,7511.768418,382.85714199999893,0.03899610430970179,2306.062075,13,11,False,False,False,6,6,76,73,14,14,7507.8304929999995,1890.0,347.0,73.0,347.85714199999893,30.0,5.0,0.0,3817.8304929999995,382.85714199999893,0.0,186,66,3,1,1,1245002749,True,,9817.830493,0.0,edge
11,9423.695126,9423.695126,1260.0,0.0,0.0,8163.6951260000005,11,9,True,False,False,0,0,113,113,11,11,7051.6951260000005,1905.0,349.0,118.0,0,0,0,0,3423.6951260000005,0.0,0.0,279,90,2,20,0,1245002750,True,,9423.695126,0.0,cluster
15,11084.62902,11084.62902,7739.133952,0.0,0.0,3345.495068,9,6,False,False,False,0,0,142,128,15,15,8028.62902,2360.0,438.0,258.0,0,0,0,0,5084.62902,0.0,0.0,155,63,9,61,6,1245002751,True,,11084.62902,0.0,outward
10,9541.052548,8934.43959,2856.058474,606.6129579999997,0.06357924924406357,6684.994074,10,7,True,False,False,20,20,141,138,10,10,6952.052548,2140.0,399.0,50.0,488.6129579999997,100.0,18.0,0.0,3541.0525479999997,606.6129579999997,0.0,310,124,3,0,0,1245002752,True,,9541.052548,0.0,area
10,10314.925404,8458.836001,5770.058186,1856.089403,0.17994210624928336,4544.867217999999,10,6,True,False,False,70,70,169,165,10,10,7531.925404,2280.0,426.0,77.0,1443.089403,350.0,63.0,0.0,4314.925404,1856.089403,0.0,310,150,4,7,0,1245002753,True,,10314.925404,0.0,edge
12,9895.211091,9895.211091,2725.626683,0.0,0.0,7169.584407999999,12,10,True,False,False,0,0,131,130,12,12,7559.211090999999,1900.0,349.0,87.0,0,0,0,0,3895.211090999999,0.0,0.0,248,102,2,9,0,1245002754,True,,9895.211091,0.0,cluster
10,9659.419101,9110.183372,8107.854786,549.235729,0.056860119977933235,1551.5643149999996,8,5,False,False,False,20,20,148,140,10,10,6637.4191009999995,2500.0,469.0,53.0,431.235729,100.0,18.0,0.0,3659.4191009999995,549.235729,0.0,310,120,5,1,2,1245002755,True,,9659.419101,0.0,outward
12,9009.783913,4370.24586,3482.473391,4639.538052999999,0.5149444312760623,5527.310522,12,12,True,True,False,144,144,91,91,12,12,6921.783912999999,1705.0,311.0,72.0,3792.5380529999993,720.0,127.0,0.0,3009.7839129999993,3009.7839129999993,0.0,248,91,0,0,0,1245002756,True,,9009.783913,0.0,area
15,11137.478628,11137.478628,9705.166807,0.0,0.0,1432.3118210000011,12,8,False,False,False,0,0,118,109,15,15,8441.478628,2190.0,407.0,99.0,0,0,0,0,5137.478628000001,0.0,0.0,155,66,7,6,3,1245002757,True,,11137.478628,0.0,edge
16,1382.707051,1382.707051,413.0,0.0,0.0,969.7070510000001,16,16,True,True,False,0,0,0,0,16,16,993.7070510000001,255.0,48.0,86.0,0,0,0,0,0.0,0.0,0.0,8,0,0,0,0,1245002758,True,,1382.707051,0.0,cluster
14,9469.686749,9409.187676,8663.966852,60.49907300000086,0.006388709004169496,805.7198970000009,9,5,False,False,False,6,6,122,106,14,14,6610.686749,2350.0,439.0,70.0,25.499073000000863,30.0,5.0,0.0,3469.6867490000004,60.49907300000086,0.0,186,78,9,0,5,1245002759,True,,9469.686749,0.0,outward
12,10589.444656,10589.444656,7925.500259,0.0,0.0,2663.9443969999993,11,10,False,False,False,0,0,133,131,12,12,7969.444656,1935.0,355.0,330.0,0,0,0,0,4589.444656,0.0,0.0,248,104,2,90,1,1245002760,True,,10589.444656,0.0,area
15,9756.464145,9008.800626,8154.530528,747.6635189999997,0.07663263123691823,1601.9336169999997,14,7,False,False,False,20,20,98,86,15,15,7151.464145,2115.0,394.0,96.0,630.6635189999997,100.0,17.0,0.0,3756.464145,747.6635189999997,0.0,155,60,8,4,1,1245002761,True,,9756.464145,0.0,edge
12,9360.455271,9360.455271,1025.0,0.0,0.0,8335.455271,12,10,True,False,False,0,0,109,107,12,12,7183.455271000001,1785.0,326.0,66.0,0,0,0,0,3360.4552710000007,0.0,0.0,248,88,2,0,0,1245002762,True,,9360.455271,0.0,cluster
16,8625.923776,8625.923776,6636.990391,0.0,0.0,1988.9333849999994,15,12,False,False,False,0,0,33,31,16,16,6198.923776,1720.0,318.0,389.0,0,0,0,0,2625.9237759999996,0.0,0.0,92,12,4,103,1,1245002763,True,,8625.923776,0.0,outward
12,9718.069297,9365.750591,2216.705012,352.318706,0.036253981653409484,7501.364285,12,9,True,False,False,8,8,97,96,12,12,7671.069297,1680.0,307.0,60.0,305.318706,40.0,7.0,0.0,3718.069297,352.318706,0.0,248,96,3,0,0,1245002764,True,,9718.069297,0.0,area
13,9457.078122,8981.554086,6177.656713,475.5240360000007,0.050282341952298054,3279.4214090000005,12,9,False,False,False,14,14,115,110,13,13,6732.078122000001,2240.0,417.0,68.0,393.5240360000007,70.0,12.0,0.0,3457.078122000001,475.5240360000007,0.0,217,91,4,0,1,1245002765,True,,9457.078122,0.0,edge
11,8302.833912,1399.203932,113.0,6903.62998,0.8314787520947823,8189.833912,11,11,True,True,False,243,243,81,81,11,11,6405.833912,1560.0,282.0,55.0,5472.629980000001,1215.0,216.0,0.0,2302.833912,2302.833912,0.0,279,81,0,0,0,1245002766,True,,8302.833912,0.0,cluster
10,9411.666121,7988.341337,7322.120778,1423.3247840000004,0.15122984237872333,2089.545343,6,6,False,False,False,60,60,138,130,10,10,6511.666121,2400.0,450.0,50.0,1069.3247840000004,300.0,54.0,0.0,3411.666121,1423.3247840000004,0.0,310,120,4,0,4,1245002767,True,,9411.666121,0.0,outward
10,9939.11077,9939.11077,8073.635434,0.0,0.0,1865.4753359999995,7,3,False,False,False,0,0,129,122,10,10,7201.110769999999,2260.0,422.0,56.0,0,0,0,0,3939.1107699999993,0.0,0.0,310,110,7,2,3,1245002768,True,,9939.11077,0.0,area
12,11035.519158,11035.519158,3510.875333,0.0,0.0,7524.643824999999,12,6,True,False,False,0,0,153,150,12,12,8115.519157999999,2405.0,449.0,66.0,0,0,0,0,5035.519157999999,0.0,0.0,248,96,6,2,0,1245002769,True,,11035.519158,0.0,edge
13,8994.907977,8994.907977,2775.770686,0.0,0.0,6219.137291000001,13,12,True,False,False,0,0,84,84,13,13,7060.907977000001,1575.0,285.0,74.0,0,0,0,0,2994.9079770000008,0.0,0.0,217,84,1,0,0,1245002770,True,,8994.907977,0.0,cluster
10,10096.874069,9824.260065,8172.90244,272.6140039999991,0.026999841944844515,1923.9716289999997,6,3,False,False,False,10,10,164,153,10,10,6866.8740689999995,2670.0,504.0,56.0,213.6140039999991,50.0,9.0,0.0,4096.8740689999995,272.6140039999991,0.0,310,120,7,2,4,1245002771,True,,10096.874069,0.0,outward
13,10622.324418,10622.324418,1968.409958,0.0,0.0,8653.91446,13,7,True,False,False,0,0,128,124,13,13,8124.324418,2050.0,380.0,68.0,0,0,0,0,4622.324418,0.0,0.0,217,91,6,0,0,1245002772,True,,10622.324418,0.0,area
12,9646.933021,7247.214101,5923.842507,2399.718920000001,0.2487545953492322,3723.0905140000004,12,8,True,False,False,64,64,95,91,12,12,7009.933021000001,2165.0,403.0,69.0,2023.7189200000012,320.0,56.0,0.0,3646.9330210000007,2399.718920000001,0.0,248,88,4,3,0,1245002773,True,,9646.933021,0.0,edge
15,8170.70312,2514.753747,1541.0,5655.9493729999995,0.6922230914443015,6629.70312,15,15,True,True,False,120,120,45,45,15,15,6772.70312,1125.0,195.0,78.0,4958.949373,600.0,97.0,0.0,2170.70312,2170.70312,0.0,155,45,0,0,0,1245002774,True,,8170.70312,0.0,cluster
16,12284.124518,12284.124518,9009.59623,0.0,0.0,3274.5282880000013,11,8,False,False,False,0,0,119,109,16,16,9017.124518,2195.0,404.0,668.0,0,0,0,0,6284.1245180000005,0.0,0.0,116,44,8,196,5,1245002775,True,,12284.124518,0.0,outward
14,10367.618834,7816.126635,5025.620177,2551.492199000001,0.24610204520950668,5341.998657000001,14,10,True,False,False,54,54,86,84,14,14,7979.618834000001,1945.0,361.0,82.0,2235.492199000001,270.0,46.0,0.0,4367.618834000001,2551.492199000001,0.0,186,78,4,2,0,1245002776,True,,10367.618834,0.0,area
14,10011.541002,7831.058257,2279.0,2180.4827450000003,0.21779691503679668,7732.541002,14,8,True,False,False,36,36,97,90,14,14,7572.541002,2000.0,369.0,70.0,1970.4827450000003,180.0,30.0,0.0,4011.541002,2180.4827450000003,0.0,186,78,6,0,0,1245002777,True,,10011.541002,0.0,edge
16,3791.085271,3791.085271,983.0,0.0,0.0,2808.085271,16,16,True,True,False,0,0,0,0,16,16,2590.085271,425.0,72.0,704.0,0,0,0,0,0.0,0.0,0.0,13,0,0,0,0,1245002778,True,,3791.085271,0.0,cluster
16,8405.5334,8405.5334,6958.813058,0.0,0.0,1446.7203420000005,14,11,False,False,False,0,0,37,29,16,16,6324.5334,1655.0,304.0,122.0,0,0,0,0,2405.5334000000003,0.0,0.0,88,12,5,14,2,1245002779,True,,8405.5334,0.0,outward
11,10412.494261,10412.494261,7509.015539,0.0,0.0,2903.478722,9,6,False,False,False,0,0,129,122,11,11,7685.494261,2250.0,419.0,58.0,0,0,0,0,4412.494261,0.0,0.0,279,100,5,1,2,1245002780,True,,10412.494261,0.0,area
10,10269.856047,10269.856047,9051.886998,0.0,0.0,1217.9690489999994,9,6,False,False,False,0,0,143,139,10,10,7384.856046999999,2385.0,447.0,53.0,0,0,0,0,4269.856046999999,0.0,0.0,310,120,4,1,1,1245002781,True,,10269.856047,0.0,edge
11,8391.22393,1553.043327,383.0,6838.180603,0.81492052411477,8008.22393,11,11,True,True,False,243,243,90,90,11,11,6480.22393,1570.0,283.0,58.0,5407.180603,1215.0,216.0,0.0,2391.22393,2391.22393,0.0,279,90,0,0,0,1245002782,True,,8391.22393,0.0,cluster
16,9424.267649,9424.267649,7594.968415,0.0,0.0,1829.2992339999992,12,9,False,False,False,0,0,57,46,16,16,6932.267648999999,1905.0,351.0,236.0,0,0,0,0,3424.2676489999994,0.0,0.0,97,21,7,43,4,1245002783,True,,9424.267649,0.0,outward
14,9172.307329,6517.77128,5539.284597,2654.5360489999994,0.28940766524549144,3633.0227319999995,14,12,True,False,False,60,60,74,73,14,14,7189.307328999999,1620.0,293.0,70.0,2304.5360489999994,300.0,50.0,0.0,3172.3073289999993,2654.5360489999994,0.0,186,72,2,0,0,1245002784,True,,9172.307329,0.0,area
11,9814.878221,9441.783556,8919.693158,373.09466500000053,0.03801317312340401,895.1850630000008,9,6,False,False,False,9,9,141,131,11,11,6954.878221000001,2360.0,442.0,58.0,319.09466500000053,45.0,9.0,0.0,3814.878221000001,373.09466500000053,0.0,279,110,5,1,2,1245002785,True,,9814.878221,0.0,edge
16,2991.296741,2991.296741,1019.0,0.0,0.0,1972.296741,16,16,True,True,False,0,0,0,0,16,16,2259.296741,430.0,78.0,224.0,0,0,0,0,0.0,0.0,0.0,16,0,0,0,0,1245002786,True,,2991.296741,0.0,cluster
11,8899.509615,5738.346211,5358.313266,3161.163404000001,0.3552064710028408,3541.1963490000007,11,11,True,True,False,108,108,99,99,11,11,6466.509615000001,2005.0,370.0,58.0,2525.163404000001,540.0,96.0,0.0,2899.509615000001,2899.509615000001,0.0,279,99,0,0,0,1245002787,True,,8899.509615,0.0,outward
11,9947.52028,8256.271634,1379.0,1691.248646,0.1700171096308637,8568.52028,11,7,True,False,False,45,45,132,127,11,11,7414.520280000001,2090.0,388.0,55.0,1426.248646,225.0,40.0,0.0,3947.5202800000006,1691.248646,0.0,279,117,4,0,0,1245002788,True,,9947.52028,0.0,area
15,10006.67045,10006.67045,1997.0,0.0,0.0,8009.67045,15,12,True,False,False,0,0,71,68,15,15,7713.67045,1865.0,344.0,84.0,0,0,0,0,4006.6704499999996,0.0,0.0,155,55,3,1,0,1245002789,True,,10006.67045,0.0,edge
15,10095.245264,10095.245264,719.0,0.0,0.0,9376.245264,15,13,True,False,False,0,0,55,55,15,15,8212.245264,1270.0,220.0,393.0,0,0,0,0,4095.245263999999,0.0,0.0,155,55,2,106,0,1245002790,True,,10095.245264,0.0,cluster
12,10519.192872,10457.025041,8336.097839,62.16783099999884,0.005909943068491239,2183.0950329999996,8,5,False,False,False,8,8,171,156,12,12,7541.192872,2450.0,459.0,69.0,15.167830999998841,40.0,7.0,0.0,4519.192872,62.16783099999884,0.0,248,112,7,2,4,1245002791,True,,10519.192872,0.0,outward
16,7275.599082,7275.599082,6041.151733,0.0,0.0,1234.447349,15,9,False,False,False,0,0,7,2,16,16,5553.599082,1385.0,257.0,80.0,0,0,0,0,1275.5990819999997,0.0,0.0,76,0,7,0,1,1245002792,True,,7275.599082,0.0,area
14,11653.136072,11653.136072,5093.323734,0.0,0.0,6559.812338,14,9,True,False,False,0,0,95,94,14,14,8770.136072,2100.0,389.0,394.0,0,0,0,0,5653.136071999999,0.0,0.0,186,66,5,107,0,1245002793,True,,11653.136072,0.0,edge
13,8559.822495,2664.011642,1465.663372,5895.810853000001,0.6887772329909746,7094.159123,13,13,True,True,False,168,168,73,73,13,13,6810.822495,1425.0,256.0,68.0,4910.810853,840.0,145.0,0.0,2559.8224950000003,2559.8224950000003,0.0,217,73,0,0,0,1245002794,True,,8559.822495,0.0,cluster
12,9066.009343,7891.978284,7534.903285,1174.031059,0.12949810821742497,1531.1060579999994,11,8,False,False,False,32,32,101,96,12,12,6455.009343,2140.0,399.0,72.0,985.0310589999999,160.0,29.0,0.0,3066.0093429999997,1174.031059,0.0,248,88,4,4,1,1245002795,True,,9066.009343,0.0,outward
14,9807.344806,9807.344806,2633.935647,0.0,0.0,7173.409158999999,14,10,True,False,False,0,0,63,63,14,14,7899.344805999999,1555.0,280.0,73.0,0,0,0,0,3807.344805999999,0.0,0.0,186,60,4,0,0,1245002796,True,,9807.344806,0.0,area
12,10229.571787,10092.563239,8219.359318,137.0085480000016,0.0133933805688832,2010.212469,10,7,False,False,False,8,8,130,121,12,12,7485.571787000001,2250.0,419.0,75.0,90.00854800000161,40.0,7.0,0.0,4229.571787000001,137.0085480000016,0.0,248,96,5,3,2,1245002797,True,,10229.571787,0.0,edge
13,8215.240598,1426.658666,107.0,6788.581932,0.8263400019778703,8108.240598,13,13,True,True,False,196,196,63,63,13,13,6647.240598,1275.0,225.0,68.0,5639.581932,980.0,169.0,0.0,2215.2405980000003,2215.2405980000003,0.0,217,63,0,0,0,1245002798,True,,8215.240598,0.0,cluster
10,10180.861046,10180.861046,8328.002805,0.0,0.0,1852.858241,8,5,False,False,False,0,0,156,150,10,10,6925.861046,2605.0,489.0,161.0,0,0,0,0,4180.861046,0.0,0.0,310,120,5,37,2,1245002799,True,,10180.861046,0.0,outward
14,9002.391396,7429.854395,6590.124632,1572.5370010000006,0.17467991912668007,2412.266764000001,13,13,False,False,False,36,36,78,74,14,14,7251.391396000001,1420.0,255.0,76.0,1361.5370010000006,180.0,31.0,0.0,3002.391396000001,1572.5370010000006,0.0,186,72,1,0,1,1245002800,True,,9002.391396,0.0,area
14,9047.011866,8237.219637,3350.384486,809.7922290000006,0.08950935855885397,5696.627380000001,14,13,True,False,False,24,24,66,66,14,14,6955.011866000001,1705.0,311.0,76.0,669.7922290000006,120.0,20.0,0.0,3047.0118660000007,809.7922290000006,0.0,186,66,1,0,0,1245002801,True,,9047.011866,0.0,edge
13,8568.675069,1926.531328,755.0,6642.143741000001,0.7751657855518573,7813.675069000001,13,13,True,True,False,182,182,63,63,13,13,6935.675069000001,1330.0,235.0,68.0,5576.143741000001,910.0,156.0,0.0,2568.675069000001,2568.675069000001,0.0,217,63,0,0,0,1245002802,True,,8568.675069,0.0,cluster
15,10418.444168,9620.373512,8951.666654,798.0706559999999,0.07660171165011899,1466.7775139999994,10,4,False,False,False,10,10,134,116,15,15,7527.444168,2365.0,442.0,84.0,739.0706559999999,50.0,9.0,0.0,4418.444168,798.0706559999999,0.0,155,65,11,3,5,1245002803,True,,10418.444168,0.0,outward
10,9338.977448,5088.183714,1996.708913,4250.793734,0.45516693424613996,7342.268534999999,10,10,True,True,False,150,150,115,115,10,10,7042.977448,1895.0,348.0,53.0,3365.793734,750.0,135.0,0.0,3338.9774479999996,3338.9774479999996,0.0,310,115,0,0,0,1245002804,True,,9338.977448,0.0,area
15,9818.512511,9818.512511,8582.468826,0.0,0.0,1236.0436850000006,14,12,False,False,False,0,0,89,85,15,15,7460.512511000001,1925.0,355.0,78.0,0,0,0,0,3818.512511000001,0.0,0.0,155,60,3,1,1,1245002805,True,,9818.512511,0.0,edge
13,9014.377783,8761.402474,7653.896218,252.97530899999947,0.02806353528660398,1360.481565,12,11,False,False,False,7,7,97,92,13,13,6903.377783,1720.0,314.0,77.0,211.97530899999947,35.0,6.0,0.0,3014.377783,252.97530899999947,0.0,217,77,2,3,1,1245002806,True,,9014.377783,0.0,cluster
15,10996.746726,10996.746726,8660.533006,0.0,0.0,2336.2137199999997,8,4,False,False,False,0,0,144,125,15,15,7811.746725999999,2515.0,472.0,198.0,0,0,0,0,4996.746725999999,0.0,0.0,155,60,11,41,7,1245002807,True,,10996.746726,0.0,outward
15,10584.506968,10584.506968,1718.582543,0.0,0.0,8865.924425,15,13,True,False,False,0,0,70,69,15,15,8416.506968,1650.0,299.0,219.0,0,0,0,0,4584.506968,0.0,0.0,155,55,2,48,0,1245002808,True,,10584.506968,0.0,area
10,9354.015744,9173.483698,5240.31063,180.53204600000026,0.01929995105212432,4113.705114,10,5,True,False,False,10,10,149,139,10,10,6377.015744,2465.0,462.0,50.0,121.53204600000026,50.0,9.0,0.0,3354.0157440000003,180.53204600000026,0.0,310,120,5,0,0,1245002809,True,,9354.015744,0.0,edge
13,8510.404368,2321.00592,1063.976508,6189.398448,0.7272743080543597,7446.42786,13,13,True,True,False,168,168,67,67,13,13,6804.4043679999995,1390.0,248.0,68.0,5204.398447999999,840.0,145.0,0.0,2510.4043679999995,2510.4043679999995,0.0,217,67,0,0,0,1245002810,True,,8510.404368,0.0,cluster
16,9066.953831,9066.953831,6604.275136,0.0,0.0,2462.6786950000005,15,12,False,False,False,0,0,13,10,16,16,6268.953831000001,1640.0,304.0,854.0,0,0,0,0,3066.9538310000007,0.0,0.0,82,6,4,258,1,1245002811,True,,9066.953831,0.0,outward
14,9898.66963,7369.732712,3858.043478,2528.9369180000003,0.2554825054808906,6040.626152000001,14,10,True,False,False,54,54,94,90,14,14,7747.66963,1755.0,320.0,76.0,2213.9369180000003,270.0,45.0,0.0,3898.6696300000003,2528.9369180000003,0.0,186,84,4,1,0,1245002812,True,,9898.66963,0.0,area
12,9927.327598,9927.327598,3584.121606,0.0,0.0,6343.205991999999,12,7,True,False,False,0,0,102,99,12,12,7212.327598,2220.0,414.0,81.0,0,0,0,0,3927.327598,0.0,0.0,248,91,5,0,0,1245002813,True,,9927.327598,0.0,edge
10,11920.536657,11920.536657,707.0,0.0,0.0,11213.536657,10,0,True,False,False,0,0,175,174,10,10,8041.536657000001,2700.0,505.0,674.0,0,0,0,0,5920.536657000001,0.0,0.0,310,110,10,208,0,1245002814,True,,11920.536657,0.0,cluster
13,9878.980996,9878.980996,8102.896921,0.0,0.0,1776.0840750000007,7,5,False,False,False,0,0,137,121,13,13,7040.980996,2330.0,437.0,71.0,0,0,0,0,3878.9809960000002,0.0,0.0,217,87,8,1,6,1245002815,True,,9878.980996,0.0,outward
15,11077.451709,11077.451709,6231.279362,0.0,0.0,4846.172347000001,14,10,False,False,False,0,0,108,101,15,15,8680.451709,1825.0,332.0,240.0,0,0,0,0,5077.451709000001,0.0,0.0,155,65,5,54,1,1245002816,True,,11077.451709,0.0,area
10,10790.085832,10790.085832,10297.9519,0.0,0.0,492.13393200000064,8,2,False,False,False,0,0,206,196,10,10,7381.085832000001,2825.0,534.0,50.0,0,0,0,0,4790.085832000001,0.0,0.0,310,130,8,0,2,1245002817,True,,10790.085832,0.0,edge
15,8564.136485,2853.240294,1337.0,5710.896191000001,0.6668385307733684,7227.136485000001,15,15,True,True,False,120,120,55,55,15,15,7112.136485000001,1165.0,203.0,84.0,5014.896191000001,600.0,96.0,0.0,2564.136485000001,2564.136485000001,0.0,155,55,0,0,0,1245002818,True,,8564.136485,0.0,cluster
13,9453.305144,9453.305144,5941.993281,0.0,0.0,3511.311863,13,10,True,False,False,0,0,101,96,13,13,6887.305144,2110.0,391.0,65.0,0,0,0,0,3453.305144,0.0,0.0,217,77,3,0,0,1245002819,True,,9453.305144,0.0,outward
15,11549.639978,11549.639978,4245.983682,0.0,0.0,7303.656295999999,15,12,True,False,False,0,0,87,85,15,15,9261.639978,1580.0,282.0,426.0,0,0,0,0,5549.639977999999,0.0,0.0,155,70,3,106,0,1245002820,True,,11549.639978,0.0,area
15,9628.406039,6933.013007,5227.969625,2695.393032,0.27994177032857476,4400.436414,15,14,True,False,False,40,40,55,55,15,15,7537.4060389999995,1690.0,308.0,93.0,2463.393032,200.0,32.0,0.0,3628.4060389999995,2695.393032,0.0,155,55,1,0,0,1245002821,True,,9628.406039,0.0,edge
15,9772.450647,5613.584217,1223.0,4158.86643,0.4255704715456109,8549.450647,15,15,True,True,False,70,70,65,65,15,15,8029.450647,1415.0,253.0,75.0,3751.86643,350.0,57.0,0.0,3772.4506469999997,3772.4506469999997,0.0,155,65,0,0,0,1245002822,True,,9772.450647,0.0,cluster
10,13985.254484,13985.254484,7032.10283,0.0,0.0,6953.151653999999,8,4,False,False,False,0,0,171,164,10,10,9730.254484,2700.0,506.0,1049.0,0,0,0,0,7985.254483999999,0.0,0.0,310,120,6,333,2,1245002823,True,,13985.254484,0.0,outward
13,9354.060071,6170.174636,2002.782478,3183.885435,0.3403747047627871,7351.277593,13,12,True,False,False,77,77,84,83,13,13,7430.060071,1575.0,284.0,65.0,2732.885435,385.0,66.0,0.0,3354.060071,3183.885435,0.0,217,83,1,0,0,1245002824,True,,9354.060071,0.0,area
16,7621.972308,7621.972308,5699.755973,0.0,0.0,1922.216335,16,12,True,False,False,0,0,6,6,16,16,5490.972308,1500.0,275.0,356.0,0,0,0,0,1621.9723080000003,0.0,0.0,76,0,4,89,0,1245002825,True,,7621.972308,0.0,edge
11,9509.720827,9509.720827,119.0,0.0,0.0,9390.720827,11,10,True,False,False,0,0,106,106,11,11,7291.720826999999,1715.0,310.0,193.0,0,0,0,0,3509.720826999999,0.0,0.0,279,93,1,46,0,1245002826,True,,9509.720827,0.0,cluster
16,10226.655425,10226.655425,7815.34167,0.0,0.0,2411.313755000001,14,10,False,False,False,0,0,56,50,16,16,7703.655425000001,1950.0,361.0,212.0,0,0,0,0,4226.655425000001,0.0,0.0,103,23,6,44,2,1245002827,True,,10226.655425,0.0,outward
15,11052.614619,11052.614619,4634.372857,0.0,0.0,6418.241762,15,9,True,False,False,0,0,103,102,15,15,8663.614619,1835.0,335.0,219.0,0,0,0,0,5052.614619,0.0,0.0,155,60,6,45,0,1245002828,True,,11052.614619,0.0,area
11,9288.4341,8110.985363,2009.0,1177.4487370000006,0.12676504180613185,7279.4341,11,7,True,False,False,36,36,112,108,11,11,6496.4341,2300.0,431.0,61.0,965.4487370000006,180.0,32.0,0.0,3288.4341000000004,1177.4487370000006,0.0,279,99,4,1,0,1245002829,True,,9288.4341,0.0,edge
12,8860.395427,2116.682484,707.0,6743.7129429999995,0.7611074470164276,8153.3954269999995,12,12,True,True,False,208,208,88,88,12,12,7027.3954269999995,1500.0,270.0,63.0,5520.7129429999995,1040.0,183.0,0.0,2860.3954269999995,2860.3954269999995,0.0,248,88,0,0,0,1245002830,True,,8860.395427,0.0,cluster
12,10142.23011,10142.23011,8334.301943,0.0,0.0,1807.928167,8,5,False,False,False,0,0,135,125,12,12,7182.23011,2440.0,457.0,63.0,0,0,0,0,4142.23011,0.0,0.0,248,96,7,0,4,1245002831,True,,10142.23011,0.0,outward
16,4649.86809,4649.86809,2950.564742,0.0,0.0,1699.303348,16,16,True,True,False,0,0,0,0,16,16,3827.86809,620.0,113.0,89.0,0,0,0,0,0.0,0.0,0.0,38,0,0,0,0,1245002832,True,,4649.86809,0.0,area
13,9206.206854,8099.096161,5169.846754,1107.1106929999996,0.12025698646114731,4036.3601,13,10,True,False,False,28,28,70,70,13,13,6894.206854,1895.0,349.0,68.0,943.1106929999996,140.0,24.0,0.0,3206.206854,1107.1106929999996,0.0,217,70,3,0,0,1245002833,True,,9206.206854,0.0,edge
14,8353.222828,2627.484597,2135.911172,5725.738230999999,0.6854525910415471,6217.311656,14,14,True,True,False,144,144,60,60,14,14,6805.222828,1245.0,218.0,85.0,4885.738231,720.0,120.0,0.0,2353.222828,2353.222828,0.0,186,60,0,0,0,1245002834,True,,8353.222828,0.0,cluster
14,11862.767603,11862.767603,5405.129079,0.0,0.0,6457.638524,14,5,True,False,False,0,0,73,68,14,14,8976.767603,1955.0,360.0,571.0,0,0,0,0,5862.767603,0.0,0.0,186,60,9,167,0,1245002835,True,,11862.767603,0.0,outward
15,9462.356058,7342.569051,1990.291841,2119.787006999999,0.22402317076282643,7472.064216999999,15,14,True,False,False,40,40,70,67,15,15,7551.356057999999,1545.0,279.0,87.0,1887.787006999999,200.0,32.0,0.0,3462.3560579999994,2119.787006999999,0.0,155,65,1,0,0,1245002836,True,,9462.356058,0.0,area
14,10821.897302,10821.897302,8874.410428,0.0,0.0,1947.4868740000002,12,7,False,False,False,0,0,147,140,14,14,8050.897301999999,2255.0,422.0,94.0,0,0,0,0,4821.897301999999,0.0,0.0,186,79,7,1,2,1245002837,True,,10821.897302,0.0,edge
11,10594.628097,10594.628097,119.0,0.0,0.0,10475.628097,11,10,True,False,False,0,0,106,106,11,11,8123.628097000001,1705.0,309.0,457.0,0,0,0,0,4594.628097000001,0.0,0.0,279,92,1,134,0,1245002838,True,,10594.628097,0.0,cluster
11,9804.411226,9804.411226,8710.173685,0.0,0.0,1094.2375410000004,7,2,False,False,False,0,0,162,146,11,11,6662.411226,2595.0,489.0,58.0,0,0,0,0,3804.411226,0.0,0.0,279,107,9,1,4,1245002839,True,,9804.411226,0.0,outward
11,9619.007784,4847.160204,4441.685472,4771.84758,0.4960852186789331,5177.322311999999,11,11,True,True,False,144,144,108,108,11,11,7471.007783999999,1770.0,323.0,55.0,3923.8475799999997,720.0,128.0,0.0,3619.0077839999994,3619.0077839999994,0.0,279,108,0,0,0,1245002840,True,,9619.007784,0.0,area
15,13397.505426,13397.505426,8993.73818,0.0,0.0,4403.767245999999,11,3,False,False,False,0,0,168,156,15,15,9813.505426,2540.0,471.0,573.0,0,0,0,0,7397.505426,0.0,0.0,155,61,12,165,4,1245002841,True,,13397.505426,0.0,edge
10,8928.835253,2367.529624,1624.523649,6561.3056289999995,0.7348445170153035,7304.3116039999995,10,10,True,True,False,240,240,110,110,10,10,6806.835252999999,1750.0,319.0,53.0,5145.3056289999995,1200.0,216.0,0.0,2928.8352529999993,2928.8352529999993,0.0,310,110,0,0,0,1245002842,True,,8928.835253,0.0,cluster
15,9554.570836,9554.570836,8058.734118,0.0,0.0,1495.8367180000005,12,6,False,False,False,0,0,95,83,15,15,6876.570836000001,2195.0,408.0,75.0,0,0,0,0,3554.570836000001,0.0,0.0,155,55,9,0,3,1245002843,True,,9554.570836,0.0,outward
12,12074.253462,12074.253462,6907.770284,0.0,0.0,5166.483178,10,7,False,False,False,0,0,140,136,12,12,8777.253462,2310.0,429.0,558.0,0,0,0,0,6074.253462000001,0.0,0.0,248,96,5,161,2,1245002844,True,,12074.253462,0.0,area
16,9122.782269,9122.782269,7449.765242,0.0,0.0,1673.017026999999,14,7,False,False,False,0,0,46,37,16,16,6840.782268999999,1830.0,339.0,113.0,0,0,0,0,3122.7822689999994,0.0,0.0,95,15,9,8,2,1245002845,True,,9122.782269,0.0,edge
10,8740.102212,2247.714411,966.0,6492.387801,0.7428274456660324,7774.102212,10,10,True,True,False,250,250,110,110,10,10,6595.102212,1770.0,325.0,50.0,5017.387801,1250.0,225.0,0.0,2740.102212,2740.102212,0.0,310,110,0,0,0,1245002846,True,,8740.102212,0.0,cluster
16,7153.370134,7153.370134,2674.210601,0.0,0.0,4479.159533,16,11,True,False,False,0,0,4,0,16,16,5486.370134,1165.0,215.0,287.0,0,0,0,0,1153.3701339999998,0.0,0.0,33,0,5,0,0,1245002847,True,,7153.370134,0.0,outward
14,9629.797567,9629.797567,7798.72003,0.0,0.0,1831.0775369999992,13,12,False,False,False,0,0,88,84,14,14,7656.797567,1600.0,291.0,82.0,0,0,0,0,3629.7975669999996,0.0,0.0,186,78,2,1,1,1245002848,True,,9629.797567,0.0,area
10,9338.213476,5687.451396,5167.668103,3650.7620800000004,0.39094866372275255,4170.545373000001,10,10,True,True,False,130,130,120,120,10,10,6628.213476000001,2235.0,416.0,59.0,2883.7620800000004,650.0,117.0,0.0,3338.213476000001,3338.213476000001,0.0,310,120,0,0,0,1245002849,True,,9338.213476,0.0,edge
11,10460.495444,10460.495444,1613.0,0.0,0.0,8847.495444,11,10,True,False,False,0,0,113,113,11,11,7792.495444,1840.0,335.0,493.0,0,0,0,0,4460.495444,0.0,0.0,279,99,1,146,0,1245002850,True,,10460.495444,0.0,cluster
15,9981.688112,8787.844715,7909.267524,1193.8433970000006,0.11960335602599728,2072.420588,11,8,False,False,False,15,15,96,83,15,15,7449.688112,2065.0,383.0,84.0,1106.8433970000006,75.0,12.0,0.0,3981.688112,1193.8433970000006,0.0,155,60,7,0,4,1245002851,True,,9981.688112,0.0,outward
16,5891.207195,5891.207195,5282.762035,0.0,0.0,608.4451600000002,16,16,True,True,True,0,0,0,0,16,16,4652.207195,970.0,180.0,89.0,0,0,0,0,0.0,0.0,0.0,63,0,0,0,0,1245002852,True,,5891.207195,0.0,area
15,10917.483978,10917.483978,8254.774478,0.0,0.0,2662.709500000001,14,10,False,False,False,0,0,115,110,15,15,8378.483978,2035.0,375.0,129.0,0,0,0,0,4917.483978,0.0,0.0,155,65,5,15,1,1245002853,True,,10917.483978,0.0,edge
15,9319.707512,6878.226884,737.0,2441.480628000001,0.2619696621225897,8582.707512,15,5,True,False,False,45,45,61,56,15,15,7241.707512000001,1695.0,308.0,75.0,2180.480628000001,225.0,36.0,0.0,3319.707512000001,2441.480628000001,0.0,155,53,10,0,0,1245002854,True,,9319.707512,0.0,cluster
15,9276.896719,5323.385794,2309.0,3953.5109250000005,0.4261673967872058,6967.896719,15,15,True,True,False,70,70,55,55,15,15,7312.896719,1600.0,289.0,75.0,3547.5109250000005,350.0,56.0,0.0,3276.8967190000003,3276.8967190000003,0.0,155,55,0,0,0,1245002855,True,,9276.896719,0.0,outward
15,9498.243687,9498.243687,1759.220224,0.0,0.0,7739.023463,15,14,True,False,False,0,0,55,55,15,15,7723.243687,1440.0,257.0,78.0,0,0,0,0,3498.243687,0.0,0.0,155,55,1,0,0,1245002856,True,,9498.243687,0.0,area
10,9476.237402,8826.870512,1385.0,649.3668900000011,0.06852581488333645,8091.237402000001,10,9,True,False,False,20,20,120,120,10,10,6940.237402000001,2080.0,385.0,71.0,531.3668900000011,100.0,18.0,0.0,3476.2374020000007,649.3668900000011,0.0,310,120,1,0,0,1245002857,True,,9476.237402,0.0,edge
11,8547.229574,2553.141712,431.0,5994.087862,0.7012901443800624,8116.229574000001,11,11,True,True,False,216,216,95,95,11,11,6408.229574000001,1755.0,320.0,64.0,4722.087862000001,1080.0,192.0,0.0,2547.229574000001,2547.229574000001,0.0,279,95,0,0,0,1245002858,True,,8547.229574,0.0,cluster
12,10390.892809,10390.892809,6312.165045,0.0,0.0,4078.727764000001,11,9,False,False,False,0,0,125,122,12,12,7576.892809000001,2205.0,408.0,201.0,0,0,0,0,4390.892809000001,0.0,0.0,248,96,3,47,1,1245002859,True,,10390.892809,0.0,outward
10,10250.542037,9602.951231,4953.517614,647.5908060000002,0.06317624996439007,5297.024422999999,10,8,True,False,False,20,20,155,152,10,10,7606.542036999999,2175.0,407.0,62.0,529.5908060000002,100.0,18.0,0.0,4250.542036999999,647.5908060000002,0.0,310,140,2,1,0,1245002860,True,,10250.542037,0.0,area
15,11003.360559,11003.360559,5589.671245,0.0,0.0,5413.689314,15,10,True,False,False,0,0,88,82,15,15,8400.360559,2115.0,392.0,96.0,0,0,0,0,5003.360559000001,0.0,0.0,155,60,5,2,0,1245002861,True,,11003.360559,0.0,edge
13,8365.793067,1721.265867,425.0,6644.5272,0.794249528620333,7940.7930670000005,13,13,True,True,False,189,189,70,70,13,13,6815.7930670000005,1260.0,222.0,68.0,5537.5272,945.0,162.0,0.0,2365.7930670000005,2365.7930670000005,0.0,217,70,0,0,0,1245002862,True,,8365.793067,0.0,cluster
15,10645.743545,10645.743545,8870.376426,0.0,0.0,1775.3671189999986,8,6,False,False,False,0,0,145,128,15,15,7624.743544999999,2360.0,442.0,219.0,0,0,0,0,4645.743544999999,0.0,0.0,155,65,9,47,7,1245002863,True,,10645.743545,0.0,outward
16,6134.545903,6134.545903,4466.752097,0.0,0.0,1667.7938060000006,16,15,True,False,False,0,0,0,0,16,16,4872.545903,955.0,176.0,131.0,0,0,0,0,134.54590300000018,0.0,0.0,52,0,1,13,0,1245002864,True,,6134.545903,0.0,area
10,11241.999725,11241.999725,7056.321385,0.0,0.0,4185.6783399999995,8,4,False,False,False,0,0,161,155,10,10,8042.999725,2585.0,486.0,128.0,0,0,0,0,5241.999725,0.0,0.0,310,120,6,25,2,1245002865,True,,11241.999725,0.0,edge
15,8331.475777,2731.77093,719.0,5599.704846999999,0.672114400483361,7612.475777,15,15,True,True,False,120,120,55,55,15,15,6890.475777,1160.0,203.0,78.0,4902.704846999999,600.0,97.0,0.0,2331.4757769999997,2331.4757769999997,0.0,155,55,0,0,0,1245002866,True,,8331.475777,0.0,cluster
14,9734.111124,9734.111124,7667.893724,0.0,0.0,2066.2173999999995,11,7,False,False,False,0,0,111,100,14,14,7035.111123999999,2210.0,413.0,76.0,0,0,0,0,3734.111123999999,0.0,0.0,186,72,7,1,3,1245002867,True,,9734.111124,0.0,outward
12,13348.783474,13348.783474,3511.393732,0.0,0.0,9837.389742,12,3,True,False,False,0,0,164,162,12,12,9538.783474,2520.0,465.0,825.0,0,0,0,0,7348.783474,0.0,0.0,248,88,9,254,0,1245002868,True,,13348.783474,0.0,area
10,9135.766355,8312.265958,2021.0,823.5003969999998,0.09014026464778169,7114.766355,10,7,True,False,False,30,30,124,119,10,10,6438.766355,2210.0,413.0,74.0,646.5003969999998,150.0,27.0,0.0,3135.7663549999997,823.5003969999998,0.0,310,110,3,1,0,1245002869,True,,9135.766355,0.0,edge
16,4031.500625,4031.500625,1002.0,0.0,0.0,3029.500625,16,16,True,True,False,0,0,0,0,16,16,2753.500625,440.0,77.0,761.0,0,0,0,0,0.0,0.0,0.0,15,0,0,0,0,1245002870,True,,4031.500625,0.0,cluster
14,10562.825163,10562.825163,2633.698726,0.0,0.0,7929.126436999999,14,13,True,False,False,0,0,80,80,14,14,7856.8251629999995,1995.0,368.0,343.0,0,0,0,0,4562.8251629999995,0.0,0.0,186,66,1,91,0,1245002871,True,,10562.825163,0.0,outward
15,9674.068231,8474.644165,7753.864847,1199.4240659999996,0.12398342014546823,1920.2033839999995,14,11,False,False,False,25,25,102,93,15,15,7579.068230999999,1705.0,312.0,78.0,1054.4240659999996,125.0,20.0,0.0,3674.0682309999993,1199.4240659999996,0.0,155,71,4,0,1,1245002872,True,,9674.068231,0.0,area
16,5404.900843,5404.900843,1679.0,0.0,0.0,3725.9008430000004,16,16,True,True,True,0,0,0,0,16,16,4044.9008430000004,1050.0,200.0,110.0,0,0,0,0,0.0,0.0,0.0,23,0,0,0,0,1245002873,True,,5404.900843,0.0,edge
12,9584.918306,9584.918306,4033.175133,0.0,0.0,5551.743172999999,12,11,True,False,False,0,0,93,93,12,12,7355.918306,1595.0,286.0,348.0,0,0,0,0,3584.9183059999996,0.0,0.0,248,80,1,95,0,1245002874,True,,9584.918306,0.0,cluster
16,8605.943799,8605.943799,8132.001369,0.0,0.0,473.94243000000097,12,10,False,False,False,0,0,51,42,16,16,6213.943799000001,1885.0,349.0,158.0,0,0,0,0,2605.9437990000006,0.0,0.0,96,24,6,25,4,1245002875,True,,8605.943799,0.0,outward
10,11218.577817,11218.577817,6914.581858,0.0,0.0,4303.995959,8,3,False,False,False,0,0,161,154,10,10,7855.577816999999,2570.0,482.0,311.0,0,0,0,0,5218.577816999999,0.0,0.0,310,115,7,86,2,1245002876,True,,11218.577817,0.0,area
12,9656.96924,8865.982314,7851.77605,790.9869259999996,0.08190840276508943,1805.19319,11,5,False,False,False,24,24,144,134,12,12,6719.96924,2415.0,453.0,69.0,648.9869259999996,120.0,22.0,0.0,3656.9692400000004,790.9869259999996,0.0,248,99,7,2,1,1245002877,True,,9656.96924,0.0,edge
10,8820.291941,8497.256111,695.0,323.0358299999989,0.03662416529530141,8125.2919409999995,10,6,True,False,False,10,10,102,102,10,10,6568.2919409999995,1860.0,342.0,50.0,263.0358299999989,50.0,10.0,0.0,2820.2919409999995,323.0358299999989,0.0,310,93,4,0,0,1245002878,True,,8820.291941,0.0,cluster
14,9562.218508,8008.288382,6245.974585,1553.9301260000002,0.16250728057510314,3316.243923,11,8,False,False,False,24,24,81,71,14,14,6996.218508,2100.0,390.0,76.0,1413.9301260000002,120.0,20.0,0.0,3562.218508,1553.9301260000002,0.0,186,66,6,1,3,1245002879,True,,9562.218508,0.0,outward
16,7478.110036,7478.110036,6195.447859,0.0,0.0,1282.6621770000002,15,14,False,False,False,0,0,7,5,16,16,5870.110036,970.0,171.0,467.0,0,0,0,0,1478.110036,0.0,0.0,78,2,2,129,1,1245002880,True,,7478.110036,0.0,area
14,9118.533551,6217.7305,5469.881493,2900.803051000001,0.3181216623019256,3648.6520580000006,14,12,True,False,False,54,54,60,60,14,14,7140.533551,1595.0,289.0,94.0,2585.803051000001,270.0,45.0,0.0,3118.5335510000004,2900.803051000001,0.0,186,60,2,0,0,1245002881,True,,9118.533551,0.0,edge
12,9115.049194,4982.683186,1331.0,4132.366007999999,0.45335641311954056,7784.049193999999,12,12,True,True,False,120,120,96,96,12,12,7164.049193999999,1595.0,290.0,66.0,3427.366007999999,600.0,105.0,0.0,3115.0491939999993,3115.0491939999993,0.0,248,96,0,0,0,1245002882,True,,9115.049194,0.0,cluster
16,13225.186678,13225.186678,9837.98433,0.0,0.0,3387.2023480000007,13,5,False,False,False,0,0,115,107,16,16,9648.186678,2225.0,408.0,944.0,0,0,0,0,7225.186678,0.0,0.0,117,37,11,288,3,1245002883,True,,13225.186678,0.0,outward
11,8992.389189,6387.791431,731.0,2604.597758,0.2896446876638849,8261.389189,11,8,True,False,False,99,99,99,99,11,11,6796.3891889999995,1800.0,329.0,67.0,2021.5977579999999,495.0,88.0,0.0,2992.3891889999995,2604.597758,0.0,279,99,3,0,0,1245002884,True,,8992.389189,0.0,area
16,7025.890233,7025.890233,4225.676977,0.0,0.0,2800.213256,16,14,True,False,False,0,0,4,3,16,16,5029.890233,1450.0,268.0,278.0,0,0,0,0,1025.890233,0.0,0.0,53,0,2,60,0,1245002885,True,,7025.890233,0.0,edge
14,10470.703088,10470.703088,965.0,0.0,0.0,9505.703088,14,12,True,False,False,0,0,93,93,14,14,8134.703088,1510.0,267.0,559.0,0,0,0,0,4470.703088,0.0,0.0,186,66,2,163,0,1245002886,True,,10470.703088,0.0,cluster
11,9809.605091,8972.10965,3426.687854,837.4954409999991,0.0853750414242847,6382.917237,11,8,True,False,False,27,27,146,140,11,11,7155.605090999999,2190.0,409.0,55.0,678.4954409999991,135.0,24.0,0.0,3809.6050909999994,837.4954409999991,0.0,279,126,3,0,0,1245002887,True,,9809.605091,0.0,outward
15,11951.583043,11951.583043,9096.258071,0.0,0.0,2855.3249720000003,11,7,False,False,False,0,0,137,122,15,15,9085.583043,2155.0,399.0,312.0,0,0,0,0,5951.5830430000005,0.0,0.0,155,70,8,79,4,1245002888,True,,11951.583043,0.0,area
14,13866.490667,13866.490667,8423.805538,0.0,0.0,5442.6851289999995,8,5,False,False,False,0,0,145,133,14,14,10073.490667,2395.0,446.0,952.0,0,0,0,0,7866.490667,0.0,0.0,186,72,9,293,6,1245002889,True,,13866.490667,0.0,edge
11,8564.091119,6725.719078,682.192695,1838.3720410000005,0.2146604952534252,7881.898424000001,11,10,True,False,False,63,63,85,83,11,11,6548.091119000001,1660.0,301.0,55.0,1467.3720410000005,315.0,56.0,0.0,2564.0911190000006,1838.3720410000005,0.0,279,82,1,0,0,1245002890,True,,8564.091119,0.0,cluster
12,9594.787896,7706.740522,6055.573453,1888.0473739999998,0.1967784378836674,3539.214443,11,10,False,False,False,48,48,100,97,12,12,7027.787896,2115.0,392.0,60.0,1606.0473739999998,240.0,42.0,0.0,3594.787896,1888.0473739999998,0.0,248,96,2,0,1,1245002891,True,,9594.787896,0.0,outward
15,11394.87292,11394.87292,4432.598611,0.0,0.0,6962.274308999999,15,7,True,False,False,0,0,142,136,15,15,8692.87292,2130.0,395.0,177.0,0,0,0,0,5394.87292,0.0,0.0,155,63,8,32,0,1245002892,True,,11394.87292,0.0,area
10,10238.429427,9524.869102,6437.256467,713.5603249999986,0.0696943149423145,3801.172959999999,9,6,False,False,False,20,20,136,131,10,10,7393.429426999999,2345.0,438.0,62.0,595.5603249999986,100.0,18.0,0.0,4238.429426999999,713.5603249999986,0.0,310,120,4,0,1,1245002893,True,,10238.429427,0.0,edge
10,9085.999785,5593.191834,389.0,3492.807951,0.38441646859449047,8696.999785,10,10,True,True,False,130,130,120,120,10,10,6822.999785,1870.0,343.0,50.0,2725.807951,650.0,117.0,0.0,3085.999785,3085.999785,0.0,310,120,0,0,0,1245002894,True,,9085.999785,0.0,cluster
11,12857.583411,12857.583411,8797.659483,0.0,0.0,4059.923928,7,5,False,False,False,0,0,175,167,11,11,8937.583411,2500.0,465.0,955.0,0,0,0,0,6857.583411,0.0,0.0,279,117,6,300,4,1245002895,True,,12857.583411,0.0,outward
12,9469.27864,8619.876923,3602.749735,849.4017170000006,0.08970078390258464,5866.528905000001,12,8,True,False,False,32,32,102,100,12,12,7153.27864,1905.0,351.0,60.0,661.4017170000006,160.0,28.0,0.0,3469.2786400000005,849.4017170000006,0.0,248,88,4,0,0,1245002896,True,,9469.27864,0.0,area
15,9176.872881,6478.021146,5955.895784,2698.8517349999993,0.2940927448812941,3220.977096999999,15,13,True,False,False,45,45,51,50,15,15,6953.872880999999,1810.0,332.0,81.0,2436.8517349999993,225.0,37.0,0.0,3176.8728809999993,2698.8517349999993,0.0,155,50,2,0,0,1245002897,True,,9176.872881,0.0,edge
14,10317.798538,10317.798538,959.0,0.0,0.0,9358.798538,14,12,True,False,False,0,0,86,86,14,14,8296.798538,1495.0,264.0,262.0,0,0,0,0,4317.798537999999,0.0,0.0,186,60,2,64,0,1245002898,True,,10317.798538,0.0,cluster
16,9998.555327,9998.555327,8119.050836,0.0,0.0,1879.5044909999997,13,5,False,False,False,0,0,91,72,16,16,6836.555327,2165.0,404.0,593.0,0,0,0,0,3998.555327,0.0,0.0,104,30,11,169,3,1245002899,True,,9998.555327,0.0,outward
15,9966.688477,9966.688477,5482.531914,0.0,0.0,4484.156563,15,13,True,False,False,0,0,84,82,15,15,7989.688477,1610.0,292.0,75.0,0,0,0,0,3966.6884769999997,0.0,0.0,155,60,2,0,0,1245002900,True,,9966.688477,0.0,area
14,16159.104822,16159.104822,9463.545407,0.0,0.0,6695.559415,11,4,False,False,False,0,0,180,173,14,14,11681.104822,2725.0,507.0,1246.0,0,0,0,0,10159.104822,0.0,0.0,186,67,10,392,3,1245002901,True,,16159.104822,0.0,edge
13,8323.358185,1516.905415,389.0,6806.452769999999,0.8177531975334544,7934.358184999999,13,13,True,True,False,189,189,63,63,13,13,6759.358184999999,1275.0,224.0,65.0,5699.452769999999,945.0,162.0,0.0,2323.358184999999,2323.358184999999,0.0,217,63,0,0,0,1245002902,True,,8323.358185,0.0,cluster
14,9792.389886,8866.562073,5314.537297,925.8278130000017,0.09454564450335466,4477.852589000001,14,10,True,False,False,12,12,78,77,14,14,7221.389886000001,2105.0,390.0,76.0,855.8278130000017,60.0,10.0,0.0,3792.389886000001,925.8278130000017,0.0,186,68,4,0,0,1245002903,True,,9792.389886,0.0,outward
15,11103.904339,11103.904339,6809.880691,0.0,0.0,4294.023648,14,10,False,False,False,0,0,111,107,15,15,8703.904339,1940.0,355.0,105.0,0,0,0,0,5103.904339000001,0.0,0.0,155,65,5,10,1,1245002904,True,,11103.904339,0.0,area
10,9910.578274,8657.587491,1391.0,1252.9907829999993,0.12642963390816153,8519.578274,10,4,True,False,False,40,40,149,141,10,10,6961.5782739999995,2440.0,459.0,50.0,1016.9907829999993,200.0,36.0,0.0,3910.5782739999995,1252.9907829999993,0.0,310,120,6,0,0,1245002905,True,,9910.578274,0.0,edge
16,4168.363753,4168.363753,1908.0,0.0,0.0,2260.3637529999996,16,16,True,True,False,0,0,0,0,16,16,2869.3637529999996,645.0,121.0,533.0,0,0,0,0,0.0,0.0,0.0,26,0,0,0,0,1245002906,True,,4168.363753,0.0,cluster
13,12445.558212,12445.558212,7813.601557,0.0,0.0,4631.956655,9,4,False,False,False,0,0,146,135,13,13,8897.558212,2550.0,477.0,521.0,0,0,0,0,6445.558212,0.0,0.0,217,84,9,152,4,1245002907,True,,12445.558212,0.0,outward
11,10274.648558,10274.648558,4524.103336,0.0,0.0,5750.545222000001,11,7,True,False,False,0,0,128,121,11,11,7628.648558000001,2185.0,406.0,55.0,0,0,0,0,4274.648558000001,0.0,0.0,279,108,4,0,0,1245002908,True,,10274.648558,0.0,area
14,9972.607257,9972.607257,8519.577916,0.0,0.0,1453.0293409999995,11,7,False,False,False,0,0,112,102,14,14,7435.607257,2070.0,385.0,82.0,0,0,0,0,3972.6072569999997,0.0,0.0,186,72,7,3,3,1245002909,True,,9972.607257,0.0,edge
11,10049.979996,10049.979996,4793.063547,0.0,0.0,5256.916449,11,10,True,False,False,0,0,133,133,11,11,7611.979996,1915.0,351.0,172.0,0,0,0,0,4049.979996,0.0,0.0,279,117,1,37,0,1245002910,True,,10049.979996,0.0,cluster
12,10112.604047,9194.345278,7137.017931,918.258769,0.09080339393614548,2975.5861160000004,11,3,False,False,False,16,16,130,119,12,12,7257.604047000001,2355.0,440.0,60.0,824.258769,80.0,14.0,0.0,4112.604047000001,918.258769,0.0,248,99,9,0,1,1245002911,True,,10112.604047,0.0,outward
10,10323.841037,9406.576459,7200.629539,917.2645780000003,0.08884915747080775,3123.2114980000006,9,5,False,False,False,30,30,126,123,10,10,7553.841037,2280.0,425.0,65.0,740.2645780000003,150.0,27.0,0.0,4323.841037,917.2645780000003,0.0,310,113,5,3,1,1245002912,True,,10323.841037,0.0,area
16,5113.947306,5113.947306,1391.0,0.0,0.0,3722.947306,16,16,True,True,True,0,0,0,0,16,16,3855.947306,985.0,184.0,89.0,0,0,0,0,0.0,0.0,0.0,20,0,0,0,0,1245002913,True,,5113.947306,0.0,edge
13,8335.095065,2298.545228,419.0,6036.549837,0.7242328719618508,7916.0950649999995,13,13,True,True,False,175,175,68,68,13,13,6629.0950649999995,1390.0,248.0,68.0,5011.549837,875.0,150.0,0.0,2335.0950649999995,2335.0950649999995,0.0,217,68,0,0,0,1245002914,True,,8335.095065,0.0,cluster
14,10251.567337,9702.056198,8422.537368,549.5111390000002,0.053602646398926944,1829.029969000001,12,10,False,False,False,6,6,96,91,14,14,7827.567337,1985.0,366.0,73.0,514.5111390000002,30.0,5.0,0.0,4251.567337,549.5111390000002,0.0,186,72,4,0,2,1245002915,True,,10251.567337,0.0,outward
12,13721.440507,13721.440507,3775.988063,0.0,0.0,9945.452443999999,12,3,True,False,False,0,0,169,165,12,12,10203.440507,2455.0,454.0,609.0,0,0,0,0,7721.440506999999,0.0,0.0,248,88,9,183,0,1245002916,True,,13721.440507,0.0,area
15,8740.379252,6114.041651,1649.0,2626.337601000001,0.3004832542476958,7091.379252000001,15,14,True,False,False,50,50,50,50,15,15,6614.379252000001,1710.0,311.0,105.0,2336.337601000001,250.0,40.0,0.0,2740.3792520000006,2626.337601000001,0.0,155,50,1,1,0,1245002917,True,,8740.379252,0.0,edge
14,10481.251555,10481.251555,3465.13212,0.0,0.0,7016.1194350000005,14,13,True,False,False,0,0,83,83,14,14,8402.251555,1565.0,282.0,232.0,0,0,0,0,4481.251555000001,0.0,0.0,186,72,1,52,0,1245002918,True,,10481.251555,0.0,cluster
12,11740.831313,11740.831313,8429.095225,0.0,0.0,3311.7360880000015,9,5,False,False,False,0,0,169,159,12,12,8311.831313,2515.0,473.0,441.0,0,0,0,0,5740.831313000001,0.0,0.0,248,100,7,127,3,1245002919,True,,11740.831313,0.0,outward
10,10068.223219,7331.249163,2238.014488,2736.974055999999,0.2718428064680753,7830.208731,10,8,True,False,False,80,80,123,121,10,10,7508.2232189999995,2115.0,392.0,53.0,2264.974055999999,400.0,72.0,0.0,4068.2232189999995,2736.974055999999,0.0,310,119,2,0,0,1245002920,True,,10068.223219,0.0,area
10,11336.623803,11336.623803,3561.192078,0.0,0.0,7775.431725,10,5,True,False,False,0,0,154,151,10,10,8021.623803,2450.0,458.0,407.0,0,0,0,0,5336.623803,0.0,0.0,310,120,5,118,0,1245002921,True,,11336.623803,0.0,edge
10,9451.764145,9451.764145,678.728373,0.0,0.0,8773.035772,10,9,True,False,False,0,0,119,119,10,10,7103.764144999999,1845.0,336.0,167.0,0,0,0,0,3451.764144999999,0.0,0.0,310,106,1,38,0,1245002922,True,,9451.764145,0.0,cluster
13,10157.848315,9924.5083,7705.450751,233.34001499999977,0.02297140179337279,2452.397563999999,9,7,False,False,False,7,7,120,110,13,13,7358.848314999999,2280.0,427.0,92.0,192.34001499999977,35.0,6.0,0.0,4157.848314999999,233.34001499999977,0.0,217,85,6,3,4,1245002923,True,,10157.848315,0.0,outward
13,9133.993743,7748.389472,3098.183662,1385.604271000001,0.15169752793643893,6035.810081000001,13,10,True,False,False,35,35,75,72,13,13,7124.993743000001,1645.0,299.0,65.0,1180.604271000001,175.0,30.0,0.0,3133.993743000001,1385.604271000001,0.0,217,70,3,0,0,1245002924,True,,9133.993743,0.0,area
10,10226.435078,10226.435078,6224.809479,0.0,0.0,4001.625599000001,9,7,False,False,False,0,0,137,133,10,10,7533.435078,2220.0,414.0,59.0,0,0,0,0,4226.435078,0.0,0.0,310,120,3,2,1,1245002925,True,,10226.435078,0.0,edge
15,8850.96383,3084.572379,707.0,5766.391451,0.6514987024865065,8143.963830000001,15,15,True,True,False,115,115,55,55,15,15,7447.963830000001,1130.0,195.0,78.0,5098.391451,575.0,93.0,0.0,2850.9638300000006,2850.9638300000006,0.0,155,55,0,0,0,1245002926,True,,8850.96383,0.0,cluster
16,9566.993434,9566.993434,8355.214505,0.0,0.0,1211.778929,14,11,False,False,False,0,0,68,62,16,16,7193.993434,1860.0,343.0,170.0,0,0,0,0,3566.993434,0.0,0.0,110,30,5,30,2,1245002927,True,,9566.993434,0.0,outward
15,13286.006917,13286.006917,7967.841794,0.0,0.0,5318.165123000001,14,6,False,False,False,0,0,145,139,15,15,9981.006917,2120.0,390.0,795.0,0,0,0,0,7286.006917000001,0.0,0.0,155,60,9,238,1,1245002928,True,,13286.006917,0.0,area
16,8491.139437,8491.139437,5581.448497,0.0,0.0,2909.6909399999995,16,12,True,False,False,0,0,12,12,16,16,6274.139437,1555.0,285.0,377.0,0,0,0,0,2491.139437,0.0,0.0,75,0,4,95,0,1245002929,True,,8491.139437,0.0,edge
16,4730.613338,4730.613338,2189.972175,0.0,0.0,2540.6411630000002,16,16,True,True,False,0,0,0,0,16,16,3346.613338,780.0,143.0,461.0,0,0,0,0,0.0,0.0,0.0,28,0,0,0,0,1245002930,True,,4730.613338,0.0,cluster
12,13657.479871,13657.479871,8541.759265,0.0,0.0,5115.720605999999,8,2,False,False,False,0,0,188,178,12,12,9284.479871,2770.0,520.0,1083.0,0,0,0,0,7657.479871,0.0,0.0,248,96,10,341,4,1245002931,True,,13657.479871,0.0,outward
12,9672.813997,5619.640829,2711.827944,4053.1731679999994,0.4190273036633478,6960.986052999999,12,12,True,True,False,104,104,88,88,12,12,7530.813996999999,1760.0,322.0,60.0,3441.1731679999994,520.0,92.0,0.0,3672.8139969999993,3672.8139969999993,0.0,248,88,0,0,0,1245002932,True,,9672.813997,0.0,area
15,10264.172294,10264.172294,5277.756271,0.0,0.0,4986.416023,15,12,True,False,False,0,0,90,86,15,15,7913.172294,1910.0,351.0,90.0,0,0,0,0,4264.172294,0.0,0.0,155,60,3,2,0,1245002933,True,,10264.172294,0.0,edge
16,4139.742177,4139.742177,3122.425831,0.0,0.0,1017.3163460000001,16,16,True,True,False,0,0,0,0,16,16,3163.742177,615.0,113.0,248.0,0,0,0,0,0.0,0.0,0.0,32,0,0,0,0,1245002934,True,,4139.742177,0.0,cluster
14,9755.098129,8543.31312,5385.241474,1211.7850089999993,0.12422068881066396,4369.856655,14,12,True,False,False,12,12,68,67,14,14,7465.098129,1875.0,345.0,70.0,1141.7850089999993,60.0,10.0,0.0,3755.098129,1211.7850089999993,0.0,186,60,2,0,0,1245002935,True,,9755.098129,0.0,outward
12,9659.866306,7780.75194,6582.461604,1879.1143659999998,0.1945279889466826,3077.404702,11,9,False,False,False,56,56,114,112,12,12,7322.866306,1920.0,354.0,63.0,1550.1143659999998,280.0,49.0,0.0,3659.866306,1879.1143659999998,0.0,248,104,3,0,1,1245002936,True,,9659.866306,0.0,area
15,11920.450067,11920.450067,9328.746215,0.0,0.0,2591.7038520000006,9,6,False,False,False,0,0,122,107,15,15,8900.450067,2195.0,408.0,417.0,0,0,0,0,5920.450067,0.0,0.0,155,60,9,113,6,1245002937,True,,11920.450067,0.0,edge
15,8927.299078,2950.86646,733.714091,5976.432618,0.6694558528601364,8193.584987,15,15,True,True,False,120,120,55,55,15,15,7567.299078,1090.0,189.0,81.0,5279.432618,600.0,97.0,0.0,2927.299078,2927.299078,0.0,155,55,0,0,0,1245002938,True,,8927.299078,0.0,cluster
14,10518.011625,10518.011625,4812.637708,0.0,0.0,5705.373916999999,14,9,True,False,False,0,0,106,102,14,14,7648.011624999999,2175.0,403.0,292.0,0,0,0,0,4518.011624999999,0.0,0.0,186,72,5,74,0,1245002939,True,,10518.011625,0.0,outward
13,10009.522051,10009.522051,2014.94144,0.0,0.0,7994.580610999999,13,10,True,False,False,0,0,93,90,13,13,7761.522051,1845.0,338.0,65.0,0,0,0,0,4009.522051,0.0,0.0,217,77,3,0,0,1245002940,True,,10009.522051,0.0,area
13,9727.636989,9727.636989,5076.015662,0.0,0.0,4651.621327000001,13,11,True,False,False,0,0,99,98,13,13,7118.6369890000005,2140.0,398.0,71.0,0,0,0,0,3727.6369890000005,0.0,0.0,217,84,2,0,0,1245002941,True,,9727.636989,0.0,edge
14,8505.852724,4598.102929,1483.897542,3907.7497950000006,0.4594189344442734,7021.955182000001,14,14,True,True,False,90,90,64,64,14,14,7046.852724,1180.0,206.0,73.0,3382.7497950000006,450.0,75.0,0.0,2505.8527240000003,2505.8527240000003,0.0,186,64,0,0,0,1245002942,True,,8505.852724,0.0,cluster
15,16319.574127,16319.574127,8753.120289,0.0,0.0,7566.453837999999,9,4,False,False,False,0,0,178,167,15,15,11776.574127,2555.0,470.0,1518.0,0,0,0,0,10319.574127,0.0,0.0,155,65,11,481,6,1245002943,True,,16319.574127,0.0,outward
13,9465.791236,4551.484562,3710.501526,4914.3066739999995,0.5191649119948962,5755.289709999999,13,13,True,True,False,126,126,91,91,13,13,7532.791235999999,1565.0,282.0,86.0,4176.3066739999995,630.0,108.0,0.0,3465.791235999999,3465.791235999999,0.0,217,91,0,0,0,1245002944,True,,9465.791236,0.0,area
11,9223.891446,6764.014718,1637.0,2459.8767279999993,0.2666853510149169,7586.891446,11,10,True,False,False,72,72,99,99,11,11,6747.891446,2040.0,378.0,58.0,2035.8767279999993,360.0,64.0,0.0,3223.8914459999996,2459.8767279999993,0.0,279,99,1,0,0,1245002945,True,,9223.891446,0.0,edge
10,10828.21287,10828.21287,437.0,0.0,0.0,10391.21287,10,9,True,False,False,0,0,124,124,10,10,7988.212869999999,1925.0,352.0,563.0,0,0,0,0,4828.212869999999,0.0,0.0,310,110,1,169,0,1245002946,True,,10828.21287,0.0,cluster
12,9394.168629,7264.390439,5184.172697,2129.77819,0.2267127911058919,4209.995932,12,9,True,False,False,64,64,112,108,12,12,6898.168629,2055.0,381.0,60.0,1753.77819,320.0,56.0,0.0,3394.168629,2129.77819,0.0,248,102,3,0,0,1245002947,True,,9394.168629,0.0,outward
11,9317.412859,9317.412859,3512.91202,0.0,0.0,5804.500839,11,9,True,False,False,0,0,118,115,11,11,6941.412859,1955.0,360.0,61.0,0,0,0,0,3317.412859,0.0,0.0,279,99,2,1,0,1245002948,True,,9317.412859,0.0,area
14,13264.645028,13264.645028,9781.572124,0.0,0.0,3483.0729040000006,10,4,False,False,False,0,0,162,152,14,14,9690.645028,2420.0,448.0,706.0,0,0,0,0,7264.645028000001,0.0,0.0,186,72,10,211,4,1245002949,True,,13264.645028,0.0,edge
12,8622.518675,2940.338046,1877.456855,5682.1806289999995,0.6589931368284337,6745.061819999999,12,12,True,True,False,184,184,88,88,12,12,6696.518674999999,1560.0,282.0,84.0,4601.1806289999995,920.0,161.0,0.0,2622.5186749999993,2622.5186749999993,0.0,248,88,0,0,0,1245002950,True,,8622.518675,0.0,cluster
14,10196.277823,10033.198215,6468.594907,163.079608,0.015994033394435097,3727.6829160000007,13,8,False,False,False,6,6,99,92,14,14,7573.277823,2145.0,396.0,82.0,128.079608,30.0,5.0,0.0,4196.277823,163.079608,0.0,186,72,6,2,1,1245002951,True,,10196.277823,0.0,outward
15,10458.303141,10458.303141,3256.033238,0.0,0.0,7202.269903,15,12,True,False,False,0,0,71,68,15,15,8680.303141,1435.0,259.0,84.0,0,0,0,0,4458.303141,0.0,0.0,155,65,3,0,0,1245002952,True,,10458.303141,0.0,area
16,7041.037547,7041.037547,6471.837028,0.0,0.0,569.200519,14,14,False,False,False,0,0,15,11,16,16,4977.037547,1650.0,307.0,107.0,0,0,0,0,1041.037547,0.0,0.0,88,8,2,5,2,1245002953,True,,7041.037547,0.0,edge
10,9424.548195,4227.646361,3022.309007,5196.901833999999,0.5514218534907709,6402.239188,10,10,True,True,False,190,190,140,140,10,10,7043.548194999999,1950.0,360.0,71.0,4075.9018339999993,950.0,171.0,0.0,3424.5481949999994,3424.5481949999994,0.0,310,140,0,0,0,1245002954,True,,9424.548195,0.0,cluster
11,14252.845278,14252.845278,7462.783383,0.0,0.0,6790.061895000001,8,2,False,False,False,0,0,157,146,11,11,10160.845278,2615.0,489.0,988.0,0,0,0,0,8252.845278,0.0,0.0,279,102,9,311,3,1245002955,True,,14252.845278,0.0,outward
15,10015.727951,10015.727951,8480.02662,0.0,0.0,1535.7013310000002,14,11,False,False,False,0,0,107,98,15,15,7939.727951000001,1690.0,311.0,75.0,0,0,0,0,4015.7279510000008,0.0,0.0,155,70,4,0,1,1245002956,True,,10015.727951,0.0,area
16,8815.011748,8815.011748,4647.086204,0.0,0.0,4167.925544000001,16,13,True,False,False,0,0,6,6,16,16,6496.011748000001,1360.0,252.0,707.0,0,0,0,0,2815.011748000001,0.0,0.0,59,0,3,203,0,1245002957,True,,8815.011748,0.0,edge
14,10870.844707,10870.844707,1146.51122,0.0,0.0,9724.333487,14,12,True,False,False,0,0,86,86,14,14,8389.844707,1460.0,258.0,763.0,0,0,0,0,4870.844707,0.0,0.0,186,60,2,231,0,1245002958,True,,10870.844707,0.0,cluster
12,9977.39279,8521.283619,7324.099928,1456.109171,0.14594084864128118,2653.2928620000002,11,4,False,False,False,48,48,153,142,12,12,7071.39279,2395.0,451.0,60.0,1173.109171,240.0,43.0,0.0,3977.39279,1456.109171,0.0,248,112,8,0,1,1245002959,True,,9977.39279,0.0,outward
16,6432.446056,6432.446056,5033.698743,0.0,0.0,1398.7473129999998,16,15,True,False,False,0,0,3,3,16,16,4889.446056,1035.0,188.0,320.0,0,0,0,0,432.44605599999977,0.0,0.0,56,0,1,27,0,1245002960,True,,6432.446056,0.0,area
13,10964.344481,10964.344481,8137.324592,0.0,0.0,2827.019889,10,8,False,False,False,0,0,127,121,13,13,7994.344481,2205.0,406.0,359.0,0,0,0,0,4964.344481,0.0,0.0,217,80,5,96,3,1245002961,True,,10964.344481,0.0,edge
13,8658.051596,2517.80286,1618.535834,6140.248736,0.7091952118692364,7039.515761999999,13,13,True,True,False,168,168,70,70,13,13,7000.051595999999,1350.0,240.0,68.0,5155.248736,840.0,145.0,0.0,2658.0515959999993,2658.0515959999993,0.0,217,70,0,0,0,1245002962,True,,8658.051596,0.0,cluster
12,9464.531419,6987.941638,6616.199377,2476.5897810000006,0.26167061752558174,2848.332042000001,11,11,False,False,False,64,64,100,98,12,12,6932.531419000001,2085.0,387.0,60.0,2099.5897810000006,320.0,57.0,0.0,3464.531419000001,2476.5897810000006,0.0,248,96,1,0,1,1245002963,True,,9464.531419,0.0,outward
11,12269.024784,12269.024784,6701.688615,0.0,0.0,5567.336168999999,10,7,False,False,False,0,0,144,141,11,11,9166.024784,2175.0,402.0,526.0,0,0,0,0,6269.024783999999,0.0,0.0,279,108,4,155,1,1245002964,True,,12269.024784,0.0,area
10,9523.040611,8141.880993,5108.54791,1381.1596180000006,0.14503346928969643,4414.492701,10,7,True,False,False,40,40,127,125,10,10,6705.040611,2325.0,437.0,56.0,1144.1596180000006,200.0,37.0,0.0,3523.0406110000004,1381.1596180000006,0.0,310,113,3,1,0,1245002965,True,,9523.040611,0.0,edge
16,2393.631793,2393.631793,719.576301,0.0,0.0,1674.055492,16,16,True,True,False,0,0,0,0,16,16,1708.631793,315.0,56.0,314.0,0,0,0,0,0.0,0.0,0.0,12,0,0,0,0,1245002966,True,,2393.631793,0.0,cluster
14,16082.769412,16082.769412,10331.30099,0.0,0.0,5751.468422,11,2,False,False,False,0,0,194,185,14,14,11437.769412,2780.0,517.0,1348.0,0,0,0,0,10082.769412,0.0,0.0,186,72,12,426,3,1245002967,True,,16082.769412,0.0,outward
10,10053.098721,8240.246479,3850.468348,1812.8522420000008,0.1803277071390057,6202.630373,10,8,True,False,False,60,60,140,140,10,10,7650.098721,1980.0,367.0,56.0,1458.8522420000008,300.0,54.0,0.0,4053.0987210000003,1812.8522420000008,0.0,310,140,2,0,0,1245002968,True,,10053.098721,0.0,area
13,9588.173969,7763.804705,2309.0,1824.369264,0.19027285799136087,7279.1739689999995,13,9,True,False,False,42,42,96,94,13,13,7086.1739689999995,2045.0,380.0,77.0,1578.369264,210.0,36.0,0.0,3588.1739689999995,1824.369264,0.0,217,84,4,3,0,1245002969,True,,9588.173969,0.0,edge
14,9337.969642,9337.969642,437.0,0.0,0.0,8900.969642,14,13,True,False,False,0,0,66,66,14,14,7697.969642,1285.0,225.0,130.0,0,0,0,0,3337.969642,0.0,0.0,186,66,1,20,0,1245002970,True,,9337.969642,0.0,cluster
14,9747.256266,9747.256266,8075.041205,0.0,0.0,1672.2150609999999,10,7,False,False,False,0,0,119,107,14,14,6916.256266,2265.0,421.0,145.0,0,0,0,0,3747.2562660000003,0.0,0.0,186,73,7,23,4,1245002971,True,,9747.256266,0.0,outward
12,9102.782883,8554.921795,4137.689536,547.8610879999997,0.06018610957130083,4965.093347,12,11,True,False,False,16,16,103,101,12,12,6937.782883,1775.0,324.0,66.0,453.86108799999965,80.0,14.0,0.0,3102.782883,547.8610879999997,0.0,248,93,1,0,0,1245002972,True,,9102.782883,0.0,area
10,9927.627712,9416.780309,5460.323923,510.84740299999976,0.051457147449487255,4467.303789,10,7,True,False,False,20,20,135,135,10,10,7183.6277119999995,2265.0,423.0,56.0,392.84740299999976,100.0,18.0,0.0,3927.6277119999995,510.84740299999976,0.0,310,128,3,1,0,1245002973,True,,9927.627712,0.0,edge
11,8853.890866,8853.890866,1877.0,0.0,0.0,6976.890866,11,10,True,False,False,0,0,110,108,11,11,6594.890866,1860.0,341.0,58.0,0,0,0,0,2853.8908659999997,0.0,0.0,279,99,1,0,0,1245002974,True,,8853.890866,0.0,cluster
10,9998.414485,9998.414485,8678.132472,0.0,0.0,1320.282013,6,3,False,False,False,0,0,162,150,10,10,6859.414484999999,2600.0,489.0,50.0,0,0,0,0,3998.4144849999993,0.0,0.0,310,120,7,0,4,1245002975,True,,9998.414485,0.0,outward
11,10979.151483,10979.151483,8831.717793,0.0,0.0,2147.43369,7,5,False,False,False,0,0,163,154,11,11,7759.151483,2515.0,470.0,235.0,0,0,0,0,4979.151483,0.0,0.0,279,112,6,60,4,1245002976,True,,10979.151483,0.0,area
15,8874.041332,8334.395112,1691.0,539.6462200000005,0.06081177671034996,7183.041332000001,15,13,True,False,False,15,15,55,55,15,15,6779.041332000001,1705.0,312.0,78.0,452.64622000000054,75.0,12.0,0.0,2874.0413320000007,539.6462200000005,0.0,155,55,2,0,0,1245002977,True,,8874.041332,0.0,edge
12,8343.735234,1881.172253,687.607671,6462.562981,0.7745407542015014,7656.127563,12,12,True,True,False,208,208,80,80,12,12,6603.735234,1425.0,255.0,60.0,5239.562981,1040.0,183.0,0.0,2343.7352339999998,2343.7352339999998,0.0,248,80,0,0,0,1245002978,True,,8343.735234,0.0,cluster
15,14803.512653,14803.512653,8854.692854,0.0,0.0,5948.819798999999,9,4,False,False,False,0,0,152,139,15,15,10625.512653,2525.0,468.0,1185.0,0,0,0,0,8803.512653,0.0,0.0,155,60,11,370,6,1245002979,True,,14803.512653,0.0,outward
14,9162.824923,8127.199283,1361.0,1035.6256400000002,0.11302471112379675,7801.824923,14,12,True,False,False,30,30,93,91,14,14,7220.824923,1585.0,287.0,70.0,860.6256400000002,150.0,25.0,0.0,3162.824923,1035.6256400000002,0.0,186,78,2,0,0,1245002980,True,,9162.824923,0.0,area
11,9648.773692,7838.892729,6115.264573,1809.8809630000005,0.18757626831901036,3533.5091190000003,10,8,False,False,False,54,54,117,113,11,11,7067.773692000001,2125.0,395.0,61.0,1490.8809630000005,270.0,49.0,0.0,3648.7736920000007,1809.8809630000005,0.0,279,108,3,0,1,1245002981,True,,9648.773692,0.0,edge
16,7902.607418,7902.607418,6240.665731,0.0,0.0,1661.9416869999995,15,13,False,False,False,0,0,17,15,16,16,6127.607418,1070.0,190.0,515.0,0,0,0,0,1902.6074179999996,0.0,0.0,85,4,3,144,1,1245002982,True,,7902.607418,0.0,cluster
14,10378.709243,8337.566492,5479.618534,2041.1427509999994,0.1966663390610604,4899.090708999999,14,11,True,False,False,30,30,93,88,14,14,7962.709242999999,1975.0,365.0,76.0,1866.1427509999994,150.0,25.0,0.0,4378.709242999999,2041.1427509999994,0.0,186,78,3,0,0,1245002983,True,,10378.709243,0.0,outward
10,9600.574098,8026.931576,5344.295531,1573.6425219999992,0.16391129383896136,4256.278566999999,10,9,True,False,False,60,60,137,136,10,10,7065.574097999999,2095.0,390.0,50.0,1219.6425219999992,300.0,54.0,0.0,3600.574097999999,1573.6425219999992,0.0,310,130,1,0,0,1245002984,True,,9600.574098,0.0,area
14,10176.027595,10176.027595,5227.776613,0.0,0.0,4948.250982,14,13,True,False,False,0,0,80,80,14,14,7630.027595,1925.0,353.0,268.0,0,0,0,0,4176.027595,0.0,0.0,186,66,1,64,0,1245002985,True,,10176.027595,0.0,edge
13,8334.339534,2055.656758,437.0,6278.682776000001,0.7533509704501559,7897.339534000001,13,13,True,True,False,175,175,63,63,13,13,6792.339534000001,1255.0,222.0,65.0,5253.682776000001,875.0,150.0,0.0,2334.3395340000006,2334.3395340000006,0.0,217,63,0,0,0,1245002986,True,,8334.339534,0.0,cluster
13,11740.962454,11740.962454,8473.087609,0.0,0.0,3267.8748450000003,9,4,False,False,False,0,0,156,141,13,13,8464.962454,2550.0,478.0,248.0,0,0,0,0,5740.962454,0.0,0.0,217,84,9,61,4,1245002987,True,,11740.962454,0.0,outward
13,9275.102297,8774.550066,2740.085781,500.55223099999967,0.053967300302650206,6535.016516,13,10,True,False,False,14,14,103,102,13,13,7095.102296999999,1775.0,325.0,80.0,418.55223099999967,70.0,12.0,0.0,3275.1022969999995,500.55223099999967,0.0,217,84,3,1,0,1245002988,True,,9275.102297,0.0,area
12,9517.455382,9049.886297,7937.638673,467.569085000001,0.04912753107141396,1579.8167089999997,9,6,False,False,False,16,16,141,129,12,12,6644.455382,2365.0,442.0,66.0,373.569085000001,80.0,14.0,0.0,3517.455382,467.569085000001,0.0,248,104,6,1,3,1245002989,True,,9517.455382,0.0,edge
13,9016.929248,3732.9029,2613.77161,5284.026348,0.5860117344462943,6403.157638000001,13,13,True,True,False,147,147,91,91,13,13,7168.929248,1510.0,273.0,65.0,4422.026348,735.0,127.0,0.0,3016.9292480000004,3016.9292480000004,0.0,217,91,0,0,0,1245002990,True,,9016.929248,0.0,cluster
16,15613.602043,15613.602043,9702.873587,0.0,0.0,5910.728456000001,8,1,False,False,False,0,0,145,127,16,16,11143.602043,2560.0,474.0,1436.0,0,0,0,0,9613.602043,0.0,0.0,111,37,15,452,8,1245002991,True,,15613.602043,0.0,outward
16,6918.074157,6918.074157,4662.860554,0.0,0.0,2255.213603,16,15,True,False,False,0,0,2,2,16,16,5167.074157,1100.0,205.0,446.0,0,0,0,0,918.074157,0.0,0.0,52,0,1,116,0,1245002992,True,,6918.074157,0.0,area
10,9883.056471,9343.357959,7819.226489,539.698511999999,0.054608461823894706,2063.829982,8,5,False,False,False,20,20,151,144,10,10,6878.056471,2480.0,466.0,59.0,421.698511999999,100.0,18.0,0.0,3883.056471,539.698511999999,0.0,310,120,5,3,2,1245002993,True,,9883.056471,0.0,edge
11,10386.766919,10386.766919,3560.62556,0.0,0.0,6826.141358999999,11,9,True,False,False,0,0,108,108,11,11,7803.766919,1890.0,344.0,349.0,0,0,0,0,4386.766919,0.0,0.0,279,108,2,98,0,1245002994,True,,10386.766919,0.0,cluster
13,9697.472992,9345.857252,6542.549834,351.6157400000011,0.03625849128840771,3154.9231580000005,11,6,False,False,False,14,14,137,122,13,13,6911.472992000001,2285.0,427.0,74.0,268.6157400000011,70.0,13.0,0.0,3697.472992000001,351.6157400000011,0.0,217,91,7,3,2,1245002995,True,,9697.472992,0.0,outward
10,10582.726068,10582.726068,8509.15573,0.0,0.0,2073.5703379999995,8,6,False,False,False,0,0,163,158,10,10,7661.726068,2395.0,449.0,77.0,0,0,0,0,4582.726068,0.0,0.0,310,120,4,3,2,1245002996,True,,10582.726068,0.0,area
12,11095.389784,11095.389784,5615.882506,0.0,0.0,5479.507278000001,12,3,True,False,False,0,0,147,141,12,12,7896.389784000001,2455.0,459.0,285.0,0,0,0,0,5095.389784000001,0.0,0.0,248,96,9,74,0,1245002997,True,,11095.389784,0.0,edge
15,7700.290509,1860.917793,119.0,5839.372716,0.7583314823220002,7581.290509,15,15,True,True,False,130,130,40,40,15,15,6461.290509,990.0,168.0,81.0,5085.372716,650.0,104.0,0.0,1700.2905090000004,1700.2905090000004,0.0,155,40,0,0,0,1245002998,True,,7700.290509,0.0,cluster
12,10240.206445,10240.206445,7199.417995,0.0,0.0,3040.78845,11,8,False,False,False,0,0,127,120,12,12,7420.206445,2325.0,435.0,60.0,0,0,0,0,4240.206445,0.0,0.0,248,96,4,0,1,1245002999,True,,10240.206445,0.0,outward
